{"type":"FeatureCollection","features":[{"type":"Feature","geometry":{"type":"Polygon","coordinates":[[[13.53886698551302,52.598161048005814],[13.538866980995774,52.598161050932966],[13.538866987474828,52.5981610569538],[13.53886699369596,52.598161059975084],[13.859402386099653,52.752824154354755],[13.859402425321512,52.75282417786106],[13.70807983740751,52.783938876238416],[13.706357803110714,52.78475375559331],[13.62016408138126,52.82731544910116],[13.598342726115707,52.945765496284835],[13.41959048650462,52.91128355687433],[13.251941097804247,52.79578439091827],[13.250011309265004,52.79531339710552],[13.248292478075617,52.79493293688187],[13.101988755814727,52.803219160454134],[13.0404467435895,52.76593489188101],[13.038568411370983,52.76606526301715],[13.036521962619364,52.76617923311928],[12.931374334180846,52.736347915605386],[12.93137433399504,52.73634791555257],[12.931374316369052,52.73634789762433],[12.849057499076618,52.62502586389853],[12.829553224245686,52.60210588020991],[12.82955322302918,52.60210587877948],[12.829553222885163,52.602105878610125],[12.829553221348647,52.602105876803435],[12.829553218275684,52.60210587319006],[12.829553216222237,52.602105870775524],[12.846213104720075,52.56530800891462],[12.845633653168493,52.56417373574651],[12.845751596410546,52.56400934950834],[12.84520489684701,52.563113842638515],[12.794805211750225,52.47361881846126],[12.794805211565702,52.4736188181329],[12.90290472274299,52.43806720347183],[12.902904725095363,52.438067181284005],[12.903381839613646,52.41958007706428],[12.903329461000396,52.402697487164545],[12.902429564659267,52.40165056319938],[12.901535314310511,52.400681727558464],[12.834112127399372,52.31818290194744],[12.834112126379798,52.31818290069716],[12.834112124340676,52.31818289819663],[12.599056522259811,52.2533401977151],[12.597220388351289,52.25340705284745],[12.595239354241057,52.25351189827033],[12.468682168596578,52.20085561119389],[12.468682167051679,52.20085561054946],[12.468682166970959,52.200855610515774],[12.468682163719725,52.200855609159625],[12.470033544226062,52.10577311719266],[12.470033544233319,52.10577311668279],[12.470033544307576,52.10577311146569],[12.470759952365754,52.104803226608325],[12.471535358641137,52.103220877408965],[12.531788488034378,52.07418313463666],[12.531788490129093,52.07418313362595],[12.531788492009884,52.07418313271851],[12.615180974745389,52.033882123433976],[12.795256440833088,52.023104263110305],[13.001617259786663,51.97184069793001],[13.001925236308338,51.97067574187539],[13.002313843398653,51.96939794656285],[13.010428981233597,51.85555528362501],[13.010428981643857,51.85555527786077],[13.079483372032053,51.86742770997288],[13.081219353552951,51.86763914959299],[13.309078213925998,51.82926702759968],[13.309078214089896,51.82926702798083],[13.309078214556349,51.82926702906551],[13.309078216322382,51.82926703317227],[13.356695660501735,51.93969268186918],[13.356695663393984,51.939692682062166],[13.356695665999085,51.93969268223601],[13.58134040653324,51.95446208101307],[13.584805481088237,51.95492317318619],[13.586768749083015,51.95515915728653],[13.74893509554463,51.95960479767589],[13.748935102292931,51.95960480113049],[13.790210610983777,51.98071699061089],[13.791830212565946,51.98163371471022],[13.792877916100394,51.98231550514842],[13.941539734411515,52.09742649871153],[13.990795155409923,52.135387774728294],[14.002899057045038,52.21040211131392],[14.00289905736617,52.21040211148248],[14.002899059091067,52.21040211238781],[14.004449694531106,52.21121594962707],[14.00449900602643,52.21124182948087],[14.004499008792727,52.21124183093265],[14.004499017470387,52.21124183534905],[14.004499020265577,52.21124183677164],[14.006105097405628,52.21205919683208],[14.006105096497729,52.21205919818542],[14.006105095437938,52.21205919976523],[13.937030113314778,52.31478123047344],[13.644817445925309,52.426511900593596],[13.644817445706616,52.42651190980817],[13.644143107994342,52.45493072662138],[13.644468724491096,52.45613149083256],[13.644468729755362,52.45613149944517],[13.644468736388745,52.456131499291104],[13.645419752780183,52.45610940489239],[13.645419764459028,52.45610941166705],[13.645419764900963,52.45610941381194],[13.645627955795016,52.457119820668964],[13.640719315430976,52.51368123746634],[13.640190331562746,52.51596854668608],[13.610768249979888,52.552819970342526],[13.572759762292229,52.57739767953449],[13.570826393608971,52.57795130151455],[13.569280074985686,52.57844107989944],[13.53886698551302,52.598161048005814]]]},"properties":{"art":"Netz","bezeichnung":"Berlin","standort":"Berlin"}},{"type":"Feature","geometry":{"type":"Polygon","coordinates":[[[9.575958073065634,52.71891088081853],[9.575958073065415,52.71891088081862],[9.575958071693123,52.71891087998469],[9.57478591585661,52.716015753082125],[9.574785913843398,52.71601574810933],[9.574785897906922,52.716015738083726],[9.353941389151997,52.59132879631049],[9.353941381125074,52.59132877939358],[9.353439432950635,52.590150783929786],[9.352968586976381,52.5891320229272],[9.352968577560095,52.58913202144615],[9.248590469270033,52.594346956505326],[9.17066789831911,52.596189490258794],[9.170667896624058,52.59618949029834],[9.170667909799867,52.59618946680621],[9.337722117008889,52.36614986292817],[9.338523194385491,52.36481932735469],[9.339038640566226,52.363986313825265],[9.339038641051426,52.36398631304111],[9.339038641053794,52.36398631303727],[9.339038622695957,52.363986296393094],[9.146064752166893,52.19648691975545],[9.146064752162602,52.196486919751706],[9.146064751556333,52.196486919222984],[9.145858892873433,52.19547573774655],[9.145637907288313,52.19420797038284],[9.145637907204385,52.194207969901385],[9.14563790720434,52.19420796990112],[9.093661038350989,52.18965281939656],[9.093661036688902,52.189652819250526],[9.09366103442845,52.18965281905188],[9.093661033403523,52.18965281896184],[9.256123446225539,52.048964096629504],[9.257883953957538,52.04823028340542],[9.25923123004911,52.04771167136806],[9.259231231116013,52.04771167095738],[9.244525511819187,51.99714563797493],[9.24452551156768,51.99714563710912],[9.035717733488253,51.93895362860353],[9.031780079858086,51.81542298939037],[9.031780079745998,51.81542298586422],[9.033167443523885,51.81365590393749],[9.034163771901923,51.812323479561464],[9.210804383684748,51.80170159971271],[9.422121341712334,51.789157453178255],[9.424935602483732,51.78846273304536],[9.430277524159553,51.79115361154742],[9.432465444411019,51.79059253989909],[9.458447329719139,51.747136241763315],[9.458447329882139,51.74713624149041],[9.410717095186545,51.69666904221138],[9.41071709516379,51.69666904218731],[9.404687369866744,51.6919327191411],[9.402443147736168,51.69199427517579],[9.398416816706575,51.69217845166284],[9.39133573253478,51.68939769711853],[9.391335732526816,51.68939769711541],[9.368131378003437,51.62916796999436],[9.368131375807732,51.6291679642873],[9.368131375806694,51.629167964284605],[9.368131375802475,51.62916796427366],[9.482750338601873,51.64852067025768],[9.566366726881174,51.50054851100059],[9.723413539453764,51.454868507097856],[9.724881720013192,51.45375111944461],[9.725879244920826,51.4530245068111],[9.789296565233712,51.442558794230415],[9.79066438980731,51.4417349243803],[9.792215483939074,51.44099263391186],[9.802895159346539,51.38530959642812],[9.802895160385127,51.38530959100669],[9.802895160385937,51.38530959100247],[9.802895160388585,51.38530959098866],[9.80075277925553,51.38455996970538],[9.79966725009015,51.3841562393136],[9.799667250043841,51.38415623929636],[9.799667250028874,51.3841562392908],[9.784120367533118,51.29125682116321],[9.801766615960807,51.26962889622691],[9.80284323749696,51.258706957234494],[9.80487776908921,51.25867093843013],[9.80680088520784,51.25850178322159],[9.808467284919233,51.25815275701672],[9.812723199013368,51.257116834546785],[9.818598967899769,51.25399819588462],[9.825023254374155,51.25393776274808],[9.875736490691052,51.25479760338132],[9.875736490726618,51.25479760338155],[9.980896144397112,51.255421102388944],[9.98089614439719,51.255421102389306],[9.98089614873173,51.255421121284186],[9.981463091874756,51.25789236460368],[9.981569591843625,51.25916609531662],[9.98185450530895,51.26157131833109],[9.981854505375237,51.26157131836292],[9.981854505383211,51.261571318366784],[10.051604308582839,51.295063323410844],[10.051604317946309,51.29506332834974],[10.051604317918903,51.295063328370595],[10.051604317874673,51.295063328404254],[10.051604313048928,51.29506333207712],[9.946321216299804,51.37500430319302],[9.94629316807043,51.376085333109245],[9.946315101239534,51.37732404087334],[9.946315100493285,51.37732404200694],[9.941479249631548,51.38466878879139],[9.941479249671001,51.38466878880406],[9.941479249686349,51.38466878880896],[9.941479251445042,51.384668789372874],[9.941479253120793,51.38466878991019],[10.226677931246718,51.47558379252743],[10.257975386099082,51.48555022495892],[10.27987429664919,51.497221595304794],[10.368909551360447,51.55743994675866],[10.3689095513403,51.55743994677655],[10.368909551264364,51.557439946844056],[10.368909547544114,51.5574399501505],[10.368909544711967,51.55743995266762],[10.324006377157767,51.59730539890691],[10.324006377246874,51.59730539894498],[10.324006377270088,51.5973053989549],[10.324006377882874,51.59730539921671],[10.324006377887928,51.597305399218854],[10.324006379083103,51.597305399729485],[10.324006381118394,51.59730540059904],[10.344761752064688,51.606169247153574],[10.344761752062352,51.60616924716659],[10.344761752047933,51.60616924724714],[10.344761751178657,51.60616925210071],[10.34476175049529,51.60616925591632],[10.339908263846949,51.63325320065516],[10.339908264175085,51.633253201396315],[10.340340310180915,51.6342290387014],[10.340340310400538,51.634229038816166],[10.340340310445377,51.63422903883961],[10.343510319080309,51.635885712600036],[10.355084195609528,51.64139118720562],[10.355084195642572,51.64139118724491],[10.3550841956809,51.64139118729049],[10.449068365150984,51.7528195960304],[10.449068371666383,51.752819603358006],[10.449068372008817,51.752819603598766],[10.449068372408565,51.75281960387987],[10.449068372468416,51.75281960392195],[10.44906837250209,51.75281960394561],[10.449068374029121,51.75281960501933],[10.449068374085451,51.75281960505897],[10.509748669069374,51.79543022311559],[10.556716527874254,51.828334502565646],[10.642698568640078,51.88839629690578],[10.649498645800227,51.89313679464878],[10.649636089874583,51.89324332484546],[10.651328800917543,51.894555256633616],[10.653283722921996,51.89607028731696],[10.654871941855493,51.89730102917647],[10.654871955445595,51.89730103986985],[10.654871955442841,51.89730103987632],[10.654871953535162,51.89730104434683],[10.654871952177302,51.8973010475289],[10.632582636509591,51.94947273129492],[10.632421068577534,51.94953583725997],[10.60077237712177,52.041902715697454],[10.600772373828338,52.04190272839361],[10.600772374028338,52.04190272840528],[10.600772374760101,52.041902728447965],[10.600772375104352,52.04190272846807],[10.896983869156863,52.05880707550791],[10.896983871208464,52.05880707726212],[10.899573219863614,52.061305992665524],[10.899732743291759,52.06518180156429],[10.899732741235054,52.0651818018201],[10.894975075826695,52.06577353614516],[10.8944959383631,52.06580425000567],[10.894470670968731,52.06584936728756],[10.8944706711359,52.06584936760144],[10.89447570497948,52.065858818459105],[10.894475713573902,52.06585883379445],[10.894475714184635,52.06585883376362],[10.897302035838049,52.06570473078852],[10.899801524399566,52.0655486447619],[10.900519529518212,52.06551559250903],[10.902166004187187,52.06542306631224],[10.906267582469596,52.06526356360958],[10.920391377323192,52.06451058014557],[11.036308424733535,52.09276417570308],[11.036308441595056,52.09276418049997],[11.036308441590213,52.092764181123215],[11.035392772221613,52.210865349145394],[11.035392773154708,52.2108653606996],[11.037963005120472,52.21169271609298],[11.040437238683152,52.21249687322376],[11.040437256592947,52.21249687972069],[11.04058583594834,52.21957584009085],[11.042318796965148,52.30186691556173],[11.042318794690454,52.301866918941606],[10.957637901979888,52.42731262360814],[10.954630793227395,52.428111055025894],[10.954630794069391,52.42811105614446],[10.954834183461967,52.42840524111817],[10.955036595150393,52.428725597469736],[10.955476704339889,52.4298228982053],[10.95594763218114,52.43297541382915],[10.955947635494011,52.432975429582946],[10.955947638713718,52.43297543028624],[10.96281897210582,52.43447612671495],[10.962818999496184,52.43447613358574],[10.962818998086785,52.43447613592935],[10.962818996929299,52.43447613785403],[10.962818995642364,52.434476139994004],[10.962740218146989,52.434607137263946],[10.962740218311852,52.43460713869243],[10.962752726430521,52.43471552087388],[10.962752724222167,52.43471552407382],[10.96211962812644,52.435632880480526],[10.952999588129504,52.55434290289699],[10.949110390733473,52.60384065202985],[10.681607789043042,52.57094083154203],[10.613618401700599,52.56232783855143],[10.60982023422125,52.562269113747945],[10.39705150197249,52.58552137377164],[10.15661748118932,52.69116393471395],[10.155213181363012,52.69190975348678],[10.153893693609536,52.6927980414043],[10.077124881739515,52.846955009004475],[9.6424215462713,52.706941675369926],[9.639744498386332,52.707274525969375],[9.58037294498324,52.71682469786731],[9.575958073065634,52.71891088081853]]]},"properties":{"art":"Netz","bezeichnung":"Hannover","standort":"Hannover"}},{"type":"Feature","geometry":{"type":"Polygon","coordinates":[[[7.340531780991417,51.48446227191942],[7.340531780961451,51.484462271903254],[7.340531780283661,51.48446227153792],[7.34086400177333,51.48488318645058],[7.341205154718941,51.48522669314261],[7.341205154809983,51.485226693234246],[7.341205155175093,51.4852266936019],[7.3411678632231565,51.485261467459324],[7.34083065835841,51.485690334633894],[7.3295950066714415,51.49310493717071],[7.323094656571351,51.50152241592429],[7.323094656501422,51.50152241601481],[7.323094656161466,51.50152241645494],[7.337753268210536,51.50585832269596],[7.3578217213116295,51.499309820179896],[7.383610772691405,51.513415986893065],[7.383610772781687,51.5134159869424],[7.383610772891408,51.5134159870024],[7.381902621222013,51.51725450821347],[7.379614702868272,51.518529777944316],[7.3777144114615405,51.5196822080098],[7.332820731461262,51.558111785387275],[7.29416001123,51.56138592979178],[7.264159655469393,51.56022670972139],[7.262817265038268,51.56110428844243],[7.261580108206298,51.562029680510925],[7.259487015416686,51.57281618971452],[7.259487015411607,51.57281618974066],[7.259487015365548,51.572816189977964],[7.33940045895697,51.606803896169986],[7.457552708276897,51.61557255009597],[7.459678646865203,51.6174174289051],[7.460941908662186,51.618544389943025],[7.462967559700431,51.62654749841085],[7.462967559844268,51.62654749897905],[7.4629675599275735,51.62654749930814],[7.292982216202491,51.675401754260974],[7.157017193842648,51.69918846321314],[7.15571167504342,51.70123483931662],[7.155711674922353,51.70123483950637],[7.155711674889644,51.7012348401838],[7.156636997796703,51.70534506474386],[7.156636997873285,51.705345065084046],[7.156636997905639,51.705345066332306],[7.153315572604935,51.70592605846583],[7.1530481188683295,51.705621622548065],[7.1525826131761026,51.704828668492574],[7.152515186584272,51.704713809941126],[7.152051365310702,51.703923692115104],[7.151273477473332,51.702070921008605],[7.15002957801578,51.69696981843985],[7.1500295777708684,51.69696981805249],[7.147365161422153,51.6927555726825],[7.143989156350652,51.69371405952219],[7.096771882271054,51.706353914964104],[7.007499765888826,51.60472445708445],[6.997749719792486,51.5933947931259],[6.990193240179354,51.58599893623642],[6.987810042690083,51.58374980033057],[6.9878100424609215,51.58374980011429],[6.987810042937675,51.58374979871898],[6.9882083530176144,51.58283313335866],[6.99082310053164,51.58265502375599],[7.012376469833889,51.56562522941782],[7.01656170330695,51.56029422097358],[7.01656170341561,51.56029422083518],[7.016561702918097,51.56029421959492],[7.015776456350798,51.55926676528763],[7.01356278064608,51.558359122657784],[7.006815712101901,51.561390246710815],[6.985589714995236,51.579598465391946],[6.985589714421022,51.57959846633993],[6.985589714635989,51.57959846668005],[6.986436732556037,51.58093868520072],[6.987439849677233,51.58276029188698],[6.9874398499752335,51.58276029319619],[6.987439849959947,51.58276029322571],[6.987030539810923,51.58355113385993],[6.983348978756259,51.58214996049984],[6.981631996529197,51.580880680334964],[6.979044102281867,51.57806154086738],[6.977623907133681,51.57855241237056],[6.977623906885364,51.578552412948994],[6.9776239069939985,51.578552413366914],[6.980025279400805,51.58778830048436],[6.9800252796014775,51.587788302085094],[6.980025279529366,51.587788302216545],[6.969326157428865,51.60727921561001],[6.967780000294865,51.61538222391587],[6.964867856584457,51.6306355060213],[6.964867856523461,51.6306355065261],[6.9648678565495015,51.6306355070788],[6.965386253036339,51.641639140866516],[6.970761027124181,51.65028767241106],[6.970878147492635,51.651587767679445],[6.970878147490036,51.6515877686627],[6.9706971660572625,51.654249452117675],[6.970604911845592,51.655606084092916],[6.970298908100613,51.65617083217434],[6.965632980948809,51.65674674954686],[6.869644780512354,51.680188533763705],[6.86950782826235,51.68147866079215],[6.86935666281446,51.682540078902036],[6.844016060913316,51.68662942280297],[6.81852902875333,51.690736122074675],[6.740573900851207,51.69344770334703],[6.637792117040506,51.81159031284702],[6.623399612465715,51.83429018658672],[6.621079372284624,51.83488957540998],[6.621079372678906,51.834889575863315],[6.621307124135145,51.83515143897438],[6.621647565018878,51.83545906554096],[6.621987636509442,51.83572678961881],[6.623178596250324,51.83669797026278],[6.624794354515884,51.837975774529625],[6.626271602342141,51.83913376266575],[6.6279450792410195,51.840424194810055],[6.628664890277195,51.84099425625508],[6.629139807307488,51.84138436001568],[6.630745047536295,51.84260931422468],[6.634202785895747,51.84530711648331],[6.641752528042825,51.85000406156854],[6.642934810439042,51.84979441123866],[6.702772141030982,51.86338992187607],[6.707067652746037,51.86870882334805],[6.721859022248924,51.88701358503389],[6.721859022154977,51.88701358573311],[6.719973496886802,51.901042477447774],[6.685573622443723,51.92558877315719],[6.4714735029857176,51.86055503740486],[6.389052081701198,51.87751934177377],[6.378062376643999,51.8450397613632],[6.164943974048298,51.90464885476434],[6.122485839477963,51.90821035710975],[6.10096912174049,51.89205527236743],[6.100969120638669,51.89205527153977],[6.160234023715214,51.844555251374054],[6.160234027162857,51.84455524860696],[6.0634586391798875,51.86545570164753],[6.0582737928960215,51.862978631954924],[6.000493242437521,51.83534037027238],[5.965954871564816,51.83994808432289],[5.941228475342525,51.82296991188015],[5.944586488617788,51.802502996291445],[5.95512743144063,51.738121079167975],[6.02129497654687,51.722911327741656],[6.024434895775124,51.66987785356388],[6.102146508342651,51.6489391653119],[6.102146508968741,51.64893916447172],[6.080167438521984,51.60362036739627],[6.080167437829745,51.60362036566933],[6.197912184589364,51.5177319630022],[6.2026218182872475,51.39545237636212],[6.417260698561499,51.40962276712768],[6.6645125697867,51.40392114254127],[6.682487303255346,51.38547001708891],[6.689849167772639,51.389463877385566],[6.694009243606038,51.39086360423214],[6.6947857007065545,51.39094866638349],[6.694785700911135,51.39094866640593],[6.694785701374666,51.39094866645666],[6.6946121830430565,51.3912941489452],[6.689109084999096,51.39381640168259],[6.683922716985627,51.395577086832404],[6.680496399927177,51.39671647981119],[6.676617092768871,51.39798634917568],[6.674217447070745,51.398671417046074],[6.672889172723752,51.399126516735215],[6.671496297661629,51.39975476621674],[6.670462841446067,51.40033432357073],[6.669549468303044,51.400965106534166],[6.668460184923181,51.401983146910375],[6.667961952733116,51.40256635574541],[6.667435127649643,51.40328479859831],[6.667101612550046,51.403839399438844],[6.667101612458416,51.40383939959121],[6.6671016124544,51.403839399597885],[6.667142891753061,51.403890877980274],[6.669076692546618,51.40420943101916],[6.69470768486746,51.39424231541806],[6.694949162186814,51.39130787946599],[6.695133348638498,51.390961646481166],[6.697369065639518,51.389545472537016],[6.697369065054798,51.38954547222695],[6.69736906493916,51.38954547216561],[6.694936051098686,51.38825508176078],[6.692202268371201,51.38620857854069],[6.688080435190264,51.38413302577564],[6.665549527097738,51.37375877330998],[6.662215132832016,51.37236564373288],[6.661396624745448,51.37192505163267],[6.6613304005523135,51.37183176160936],[6.661330400576519,51.371831761586144],[6.661330400680028,51.37183176148691],[6.665349878516512,51.36797815505128],[6.665349879841531,51.36797815378081],[6.708724733743277,51.32634223029196],[6.778658896854688,51.34262591384079],[6.780494102795498,51.34270982475384],[6.7824442271901,51.34277745127155],[6.832919842750668,51.30894082884126],[6.835054486620972,51.30922685420035],[6.837502994535259,51.30502022004087],[6.839271282614119,51.304266437798915],[6.8392477587781295,51.30400677545931],[6.838926645840617,51.30046200398586],[6.83872407544366,51.299563683065905],[6.838881489264657,51.29902646316479],[6.8412477211069085,51.29898879620878],[6.865726061476351,51.30505959147639],[6.866846525586396,51.30496953292142],[6.868338824235403,51.30814684144322],[6.87017631819032,51.30780733658692],[6.8701763169717065,51.30780733441377],[6.870176316860366,51.30780733421522],[6.868498715192158,51.30481549266775],[6.868498715901546,51.30481549256024],[6.868498716121564,51.30481549252689],[6.869583441874748,51.30465110413891],[6.9058844841933835,51.30264285246337],[7.046826813187914,51.260491924384425],[7.046826813240143,51.26049192440355],[7.066787291642939,51.26780052038837],[7.070175223851538,51.26646967147315],[7.0720759602087355,51.265800964822965],[7.121044591711323,51.2810846596055],[7.236389969745045,51.31442837402774],[7.238253721687357,51.31466881894982],[7.240064959262159,51.31487646403809],[7.290648538471961,51.31740792907622],[7.307120512186874,51.318227500335276],[7.309917742335957,51.3183664450755],[7.318947811866993,51.318814527684054],[7.320150728111146,51.31914412201405],[7.321333200689841,51.31946809828193],[7.321369843790864,51.31948066501139],[7.33721749754494,51.32511762367999],[7.337217497550517,51.32511762368198],[7.337217498117815,51.325117623883706],[7.338084495411712,51.32893579122482],[7.340177241265973,51.33814951788256],[7.340759910382665,51.340714201190764],[7.341145806092413,51.342412612711584],[7.36289943454494,51.39135252416154],[7.363691466283151,51.39239782643879],[7.364582161680738,51.39343262124246],[7.369866154194338,51.393260764216556],[7.370907329722515,51.39405428365122],[7.444728121913206,51.45143169335479],[7.446980142498986,51.45181551701866],[7.446980142806867,51.45181551707111],[7.44698014380367,51.45181551724097],[7.444540363744124,51.45330419331793],[7.405033962256588,51.45403437499312],[7.403975335075773,51.45503859570988],[7.402793105027148,51.45640361234581],[7.3595705024198095,51.48835547004384],[7.359636055892875,51.48958342487987],[7.359640978364565,51.48967563099671],[7.359654396412966,51.48978446175918],[7.359800957237532,51.490973146560734],[7.359800957308442,51.49097314713587],[7.351867678014293,51.49035162997985],[7.3474428433573316,51.488788539074356],[7.345537542856214,51.48779407345918],[7.342900397492978,51.48626145467453],[7.3414609499656045,51.48533924834291],[7.341376927982282,51.48526748166818],[7.341217737908571,51.48483199698579],[7.340531780991417,51.48446227191942]]]},"properties":{"art":"Netz","bezeichnung":"Duisburg","standort":"Duisburg"}},{"type":"Feature","geometry":{"type":"Polygon","coordinates":[[[13.010428871825708,51.85555525982655],[13.002313734299424,51.969397858150614],[13.00192512579548,51.970675657898724],[13.001617149228402,51.97184061391102],[12.79525633422024,52.02310418015094],[12.615180872984833,52.03388204279649],[12.531788392175745,52.07418305100704],[12.386810225378964,52.04348655891936],[12.38498899239861,52.04376005622696],[12.30688236030567,52.05722504577071],[12.030594765873737,51.97855396390819],[12.030594743692925,51.978553947512935],[12.030594699376943,51.978553914756134],[12.028190545006563,51.97676440932577],[12.028190502700358,51.97676437760615],[12.028190481546442,51.97676436174575],[11.962254100151723,51.97894279010243],[11.962254093682352,51.97894279031441],[11.96225408721296,51.97894279052644],[12.20224919429647,51.83760731575212],[12.211460478577445,51.831394131276554],[12.212244713687774,51.8303315754065],[12.213121080071412,51.829114337740435],[12.213121080439072,51.82911433722975],[12.213121080806975,51.829114336718725],[12.141404861060005,51.79112060651052],[12.006837905691343,51.71540583821447],[12.006837904315354,51.71540583743816],[12.031266481856793,51.70422595652359],[12.09500465220324,51.68319797113109],[12.07565930765182,51.61204656000323],[12.075825752432769,51.610572031875904],[12.076301040353309,51.60941671055247],[12.285171973758782,51.58693191892324],[12.286806570545501,51.586251716550684],[12.287608180583122,51.585833399248216],[12.287305072127557,51.5846386951365],[12.286386138084621,51.583682748640925],[12.269937168513081,51.55660381732451],[12.269937168275245,51.55660381693271],[12.177304939694707,51.50573104139344],[12.177304938647485,51.50573104081726],[12.17736029805852,51.50458852878655],[12.184926913906606,51.42806515165388],[12.18467038615005,51.4269722924591],[12.18399139042601,51.42266392616947],[12.181625252029756,51.41122420156551],[12.181625252004476,51.41122420144327],[12.181490672607548,51.41113372089365],[12.181488720982642,51.411132408876696],[12.18039790393366,51.41039906915364],[12.179315025241051,51.40977457267758],[12.179310481692745,51.4097719523538],[12.178997150293343,51.40959124886257],[12.178997149271279,51.40959124827313],[12.191577259085193,51.36191327876401],[12.191714348052319,51.36077370750073],[12.191828017817864,51.359598271372455],[12.191828017848765,51.35959827105287],[12.064047264264413,51.30519906265388],[12.064047263280708,51.305199062234045],[12.064565382197223,51.30401334348243],[12.064952293720275,51.30298381646989],[12.065598439802491,51.22432598398334],[12.066509213016332,51.22347035677342],[12.136013415959695,51.17112539693086],[12.118221595814145,51.13674455689883],[12.11822157856517,51.13674452353961],[12.050971096919529,51.1230571231848],[12.049839127596233,51.12425228324304],[12.049098498312965,51.125134159131164],[12.046178832995539,51.1240538813443],[12.046178821026427,51.124053876915475],[12.046178820278223,51.12405387663862],[12.044703265538526,51.12273878305517],[12.046950998632074,51.11903908053138],[12.046090080720921,51.11803695732029],[12.046090051871035,51.118036923737655],[12.046090050067928,51.11803692163878],[11.827069143286144,51.08221501919943],[11.827069120689307,51.08221501547937],[11.827069119277025,51.08221501524684],[11.75932685669321,50.982296621165325],[11.759326846941907,50.982296606747575],[12.10357659630494,51.04700847329633],[12.105278426428011,51.04646575132366],[12.107021405382751,51.04587630248626],[12.233038422833422,51.02764671090244],[12.241202290786452,51.026460556658684],[12.263797133367605,51.02076002513631],[12.275181846452854,51.017885567894574],[12.158940203526264,50.912945868581176],[12.159716129239207,50.86755263505349],[12.157347417031431,50.865664544740135],[12.156326120173107,50.854841675210096],[12.194372360151142,50.8523389638971],[12.31604571028407,50.801753971474874],[12.316045715668462,50.801753971536584],[12.316045727204424,50.801753976720015],[12.36404375874534,50.8233004914496],[12.382502797496851,50.831576067031754],[12.382502803645632,50.83157606978737],[12.382502809199234,50.831576072648986],[12.397259082352448,50.84362075967914],[12.397259099609453,50.84362077376015],[12.397259109001363,50.84362078127631],[12.400242075281056,50.841944618411574],[12.405107614452222,50.83956126113668],[12.4277642699461,50.851051916366096],[12.427764285036506,50.85105192401601],[12.42776429770299,50.85105193073789],[12.432640414750672,50.87654407147525],[12.433887515530353,50.87745534876187],[12.433910275837162,50.87747196142335],[12.435163094072808,50.878385254106426],[12.435163110641541,50.87838526618456],[12.435163121025276,50.878385273732356],[12.671453847357286,50.936242889861504],[12.68915310968297,50.945436263779925],[12.689153145001018,50.94543628245206],[12.68747162479113,50.956981342518006],[12.68725763795149,50.958450203688294],[12.687091296518451,50.959793021890974],[12.687112031054733,50.96073700082239],[12.687112032958664,50.96073700726049],[12.687112038267845,50.96073700824747],[12.688965058638852,50.96125721580919],[12.704240582706063,50.965578350188736],[12.704240619966338,50.96557836149547],[12.703401976196675,50.9950883352948],[12.703402032586013,50.99508837138428],[12.704478243500237,50.99577713702859],[12.707029702511322,50.996630525957904],[12.707029739172649,50.99663053891558],[12.707029745458152,50.996630562252314],[12.707823393559261,50.999577004575855],[12.705334162800357,50.99956983868452],[12.703448099313787,51.00832932930761],[12.710394895401425,51.014398642188056],[12.710394903641534,51.01439864908338],[12.710394921967547,51.01439865585912],[12.719768118494732,51.017863588757],[12.72171085232235,51.0180630826425],[12.721946050819799,51.01808723218972],[12.722131468460228,51.01809074453154],[12.7237895148673,51.01812213954443],[12.72378954284611,51.01812214138303],[12.723789569307336,51.01812218180799],[12.730916958071738,51.0290078253004],[12.708569472347078,51.07108378406996],[12.726069054681696,51.105956849738426],[12.67661768883245,51.15331673168011],[12.65448429092501,51.17725914680516],[12.654484289998447,51.17725915148525],[12.654484366332202,51.17725918115185],[12.713064252344102,51.19999947993945],[12.723159631890272,51.1980500365291],[12.724991207964713,51.19638934148517],[12.727996471510478,51.19075053430434],[12.729792964688576,51.189625228596306],[12.730572840104363,51.18926909086499],[12.732816413380746,51.18884797849805],[12.732816471229143,51.18884802830075],[12.732816474009946,51.18884803355612],[12.732839417379227,51.18889139372805],[12.73286751293265,51.18891955690142],[12.731933810070176,51.18907877810417],[12.730886222423608,51.189353984229584],[12.730165539099378,51.18963946607332],[12.72968945262077,51.18986878576093],[12.729168880795932,51.19018240895573],[12.728606975047525,51.190619374884136],[12.728284661703865,51.190938178858346],[12.727917973541992,51.191433378482046],[12.727669226668242,51.19184653328692],[12.727176159785525,51.193317365682546],[12.726230285732882,51.195760404231606],[12.726230362124623,51.195760427196376],[12.726230370186773,51.195760427351644],[12.732546853769856,51.19588188800394],[12.732546889364107,51.19588193582708],[12.732546887987446,51.195881940290164],[12.717688736933036,51.24400393721852],[12.717688743544215,51.24400394161614],[12.738006444627091,51.25751303136813],[12.760601467678557,51.25339999856258],[12.77330270776033,51.247414408149154],[12.785180752038244,51.2376601298633],[12.825303317554257,51.237412659021196],[12.825303312416132,51.237412663971824],[12.77652318339912,51.28435614884339],[12.774678362411695,51.284305205466445],[12.774116708112413,51.28962803149595],[12.77411671593913,51.2896280314685],[12.774116717905974,51.28962803146162],[12.776250648525716,51.28962058145204],[12.776250652224325,51.28962058811104],[12.776250653827798,51.289620590997934],[12.809718319436804,51.349787971660774],[12.809905356504002,51.35082282413281],[12.810287327932166,51.35212709960927],[12.824167945142063,51.39946822574906],[12.824167949818086,51.399468226497426],[12.824167953230582,51.399468227043585],[13.05117055250546,51.43554514564843],[13.305034590879867,51.41752537627644],[13.306856510650885,51.417555076130235],[13.309317586488119,51.41745892675784],[13.30931759226848,51.417458935211336],[13.309317593819227,51.41745893747923],[13.380566549304271,51.52138320489337],[13.380575463893228,51.52139606597889],[13.380898432041146,51.52186200685941],[13.381419161772984,51.52258209833317],[13.381430215507217,51.52259738371556],[13.381806382768168,51.52311748573291],[13.381806385477155,51.523117487579064],[13.38180639484512,51.523117493963355],[13.43982568119236,51.56260801834274],[13.43982568147701,51.56260801887182],[13.439825685162747,51.562608025722824],[13.460198909982836,51.600442305193035],[13.460206188608813,51.601920668145766],[13.460170513234331,51.602764593148635],[13.422082541326947,51.747700780414036],[13.421463854259136,51.75004818158468],[13.419818574437953,51.75121065247787],[13.309078097782114,51.82926693877198],[13.081219245354097,51.867639068658015],[13.079483263898197,51.86742762907402],[13.010428871825708,51.85555525982655]]]},"properties":{"art":"Netz","bezeichnung":"Leipzig","standort":"Leipzig"}},{"type":"Feature","geometry":{"type":"Polygon","coordinates":[[[8.251744270623139,50.891759852801336],[8.25174427062143,50.89175985278079],[8.241990456790841,50.77445884515244],[8.234631297670427,50.74356527186956],[8.235756036646322,50.74232790239419],[8.236834022525672,50.74134579056768],[8.236834023048964,50.741345790090904],[8.212308953838662,50.68923362496587],[8.206037781861209,50.67501232066309],[8.206037780435148,50.675012319398924],[8.206037780354867,50.67501231940681],[7.836374650068676,50.710639691833364],[7.763712683312043,50.70627805224606],[7.72204378094016,50.7037559404764],[7.715703821057351,50.703370891489975],[7.7141541163551395,50.70146596404832],[7.71373404453387,50.70094957525919],[7.712565919588899,50.69951354830738],[7.707834609702034,50.693696209532156],[7.707834608492346,50.69369620804457],[7.707834607587461,50.69369620693182],[7.707834606938999,50.69369620575109],[7.7078346074491275,50.69369620561117],[7.716163018890346,50.69141175948582],[7.7191719790853295,50.69058620680241],[7.719171980830386,50.69058620632359],[7.689232391591619,50.57277462578954],[7.689232385439156,50.5727746015219],[7.6892323819064705,50.57277459558709],[7.656551248684953,50.54661665365277],[7.6547933014272305,50.54600165292049],[7.653226896758943,50.54563608774822],[7.5152533397763825,50.5715854939191],[7.513258507185244,50.569938816055064],[7.511889304219319,50.56884183557494],[7.4441214039783095,50.572871197227585],[7.444121400929372,50.5728711915235],[7.5471558727053685,50.50492571197532],[7.687349382823755,50.491663379230125],[7.7498693706024415,50.46772411194872],[7.750596593257898,50.46641234942498],[7.751110611284108,50.46550935216692],[7.818078293750824,50.312566490575364],[7.818078291906,50.312566478672316],[7.818078291900591,50.31256647866938],[7.816416652807091,50.31166526737103],[7.816416652803903,50.311665267365704],[7.8158615088724535,50.310739327520416],[7.885507901140305,50.165672880785166],[7.8855079049563805,50.16567287281087],[8.050715298957384,50.19547051204355],[8.052138952832784,50.19643489346534],[8.054873139372623,50.19795951108068],[8.247694411083428,50.163235244034645],[8.31039573463795,50.1490682168186],[8.310395736322254,50.149068216437385],[8.310395733789449,50.14906820965858],[8.310395732276715,50.149068208164834],[8.308275038839653,50.146974738481994],[8.308275032481347,50.14697473220608],[8.308275019985798,50.14697471770059],[8.324633649805786,50.13794473547948],[8.328292360137048,50.14166857675751],[8.328292366183673,50.1416685868035],[8.328292366421804,50.14166858885889],[8.328541503661349,50.143818901873956],[8.326174707882549,50.14913289060444],[8.326174719930448,50.14913290358646],[8.326174725891859,50.149132908459876],[8.327151321715988,50.14993125420815],[8.334572461637629,50.147215103444296],[8.328935039324142,50.13753594293351],[8.333373278430816,50.134054457174436],[8.34254702671243,50.12138394634193],[8.338376449410974,50.05571357069025],[8.33841648399341,50.05437083261297],[8.338560948150791,50.053388318235044],[8.407236465084358,50.00447897097904],[8.408172039672577,50.003488505481954],[8.411470122406318,50.00012865190207],[8.440671057461975,50.003359380290206],[8.44191823720107,50.002565284455045],[8.443355971512403,50.00176111505642],[8.504317729022004,49.95175213285901],[8.504556266047075,49.951556243663674],[8.519486074425805,49.939291554158046],[8.610311573998631,49.926576680679005],[8.612898874140159,49.92632112631969],[8.622810625825426,49.925341557251606],[8.622810626248441,49.92534155720978],[8.622810637629907,49.92534158160089],[8.631050936850382,49.94621387505317],[8.658402930417918,50.01536224213067],[8.658402937585171,50.01536224550587],[8.65840294009132,50.015362245335204],[8.659999493001633,50.015253485167726],[8.660138579863718,50.015229244945594],[8.668348722911096,50.01438695131163],[8.735180094025234,49.96799916534686],[8.830363840924196,49.96652234626362],[8.832318583569654,49.966751876857245],[8.833806917962363,49.96705215032637],[8.930774552501218,50.01508377568075],[8.930774554870604,50.015083789210344],[8.930774551768389,50.015083874739936],[8.92728298465491,50.11115268846485],[8.927282988380737,50.11115269185115],[8.927283000150627,50.1111526941491],[8.937396762358983,50.113126793844415],[8.938610926029675,50.11310603062447],[8.938798617104704,50.11252721539363],[8.9397772746492,50.108513425856565],[8.940679401474085,50.09399961016901],[9.010707937284565,50.0464225447186],[9.012226576464432,50.004032828786464],[9.01222657377851,50.00403282454887],[9.01222657066541,50.004032820919264],[8.979146242772766,49.965428429367584],[8.97477041916969,49.963488741567055],[8.974770397715902,49.96348872984465],[8.974770398714348,49.96348872775948],[9.045439030625765,49.8154291532573],[9.047827798986269,49.813525299333556],[9.044959335251999,49.79238833736974],[9.036618533982526,49.679607333945576],[9.144619660645125,49.544427269995516],[9.144619670796125,49.54442725725003],[9.144619678289537,49.54442724784138],[9.272588019722418,49.63516612819712],[9.483966288666625,49.75931681509625],[9.483966288677786,49.75931681510277],[9.483966289195989,49.75931681540587],[9.483966292678941,49.75931681744312],[9.483966286921042,49.759316838427125],[9.483966279256588,49.75931685331376],[9.473322720734497,49.779980569625806],[9.470199200666123,49.78042093136818],[9.468364775815408,49.78095830832944],[9.459152173790159,49.79144045110575],[9.376115111339463,49.88521970302504],[9.3139048421077,49.95523624158325],[9.313904839242184,49.9552362448029],[9.26836503688471,50.0063408766675],[9.267284915433905,50.00770116818647],[9.264182821177249,50.052480657139846],[9.264182821046424,50.05248065902657],[9.26418283678512,50.052480669189855],[9.597055642973627,50.24287698105883],[9.597055642979434,50.24287698106212],[9.597055640744356,50.2428769862395],[9.597055620586158,50.24287698893161],[9.597055512509982,50.242877003365074],[9.495019205401972,50.2564551786862],[9.384614922741461,50.292187258861794],[9.3829205146472,50.29297267547441],[9.381771068667446,50.29360220917208],[9.007403251441623,50.331940443550565],[9.007767795576147,50.33325380097952],[9.009167845633058,50.33327825675217],[9.043886227130937,50.360949511769284],[9.043886227136014,50.36094951177333],[9.043886234293353,50.36094952295837],[9.170093593318438,50.59412280887749],[9.070165375322784,50.70097564295786],[9.068722590186804,50.70194390860782],[9.06746193378838,50.70273254807072],[9.02332780250746,50.74823453819348],[9.02332780250728,50.74823453819364],[8.9866131481284,50.73703343867236],[8.985394313771614,50.73644090827176],[8.983499407819025,50.73562143335493],[8.723042300449046,50.74650500695779],[8.721643834144936,50.74700446835166],[8.71996476972817,50.747744126378656],[8.456519557797796,50.82668077455077],[8.448543523450287,50.82923265749353],[8.251744274506027,50.891759855591744],[8.251744274093452,50.8917598557223],[8.251744271448358,50.89175985655938],[8.251744270623139,50.891759852801336]]]},"properties":{"art":"Netz","bezeichnung":"Frankfurt (Main)","standort":"Frankfurt (Main)"}},{"type":"Feature","geometry":{"type":"Polygon","coordinates":[[[8.514826738903809,49.6189443402706],[8.512722749898733,49.62024544193883],[8.511558100965827,49.62030216337067],[8.499292209001963,49.62089882439006],[8.499292203702407,49.620898824647554],[8.499292187609406,49.620898804655425],[8.4992921871304,49.620898803272],[8.48373356185535,49.575897880132764],[8.483733556962651,49.57589786595475],[8.483733551657103,49.57589785242765],[8.483733551018954,49.575897852431616],[8.48187902095447,49.57590940280395],[8.477395202317808,49.57623425188389],[8.384359167476958,49.64932355258308],[8.383999345900103,49.651588576496415],[8.383999345748082,49.65158857745331],[8.383999359341795,49.65158861179376],[8.38400536360115,49.651603669626446],[8.384846324651596,49.65371258913719],[8.384846328775764,49.65371261047549],[8.384846323232122,49.65371262041718],[8.382683361596753,49.65759123930271],[8.366577604652637,49.686446742766066],[8.366577603206055,49.686446745356186],[8.359148140868834,49.70129818552354],[8.357288598784526,49.70222243891485],[8.329175025698445,49.71911443094494],[8.327589063614534,49.719621990744734],[8.325562546083665,49.720173833653234],[8.316002778086334,49.72476201275808],[8.310223093435356,49.72767517193891],[8.241638107924793,49.74198682765144],[8.241638107798785,49.74198682767768],[8.241638104106391,49.741986828446855],[8.240813913295172,49.74117856914965],[8.239471252278072,49.74002057577176],[8.156004213958397,49.70580455586164],[8.15226428280789,49.703165473057794],[8.019866525384202,49.657644685037994],[8.01986652410229,49.65764468459612],[8.019866521111837,49.65764468356532],[8.019866520570002,49.657644682836214],[8.019866520454984,49.657644682252204],[8.01950927336992,49.65583073236422],[8.018677528487217,49.651606955254444],[8.018677526122898,49.65160694324687],[8.018677523507288,49.65160692996302],[8.018677515569205,49.65160690478544],[8.01867751212077,49.65160689960265],[8.018677504025515,49.65160688743591],[7.977279026461637,49.58930027266665],[7.977279026946735,49.58930027119004],[7.978064684800804,49.58694993157029],[7.990563507769584,49.57015754174921],[7.978214047344134,49.519378283492415],[7.983331660003258,49.5161204988596],[7.991325417622351,49.5112908021081],[7.991325408321639,49.51129079084637],[7.9321627825761825,49.43953498335051],[7.931296472468738,49.43853159643475],[7.931296470120194,49.43853158909311],[7.855980899628564,49.201959639558524],[7.856566374445636,49.20080333640185],[7.857271630447482,49.19961496017804],[7.8664070308198975,49.03023470535039],[7.889707734929215,49.04429943005171],[7.917966251327847,49.038897058097895],[7.9399451291738625,49.048415477166245],[7.974875567273611,49.02294214983017],[8.029038114206232,49.01496312919488],[8.029038129509797,49.014963126209445],[8.051949163323613,49.01049027830643],[8.07392810674892,48.99117829725102],[8.152473441773976,48.97517655877285],[8.194174423033868,48.976529087178825],[8.196234958090308,48.972487637890936],[8.195253773821758,48.96934763693961],[8.198945412961129,48.966592592242705],[8.221304575134779,48.97498342816281],[8.230282547747729,48.96664231556408],[8.230282533170406,48.966642294493],[8.197657635421619,48.95946006135151],[8.179945092038732,48.9398710488602],[8.139075445880412,48.89940141342517],[8.11125888147393,48.855100680092654],[8.107002823152312,48.84424306742818],[8.101643511366937,48.818158874869006],[8.101643489913052,48.81815883315578],[8.083982076887665,48.80097025375491],[8.061414563977053,48.79062834506425],[8.046255000778796,48.79163021052594],[8.032959785428533,48.78965851681126],[8.15034175960503,48.74411877271411],[8.152046409694796,48.743742361372895],[8.3524840957756,48.620668982905116],[8.361467147821601,48.6164781957662],[8.363439948233925,48.61754139273379],[8.36450306711638,48.61806063447036],[8.457114125340722,48.70443660902688],[8.457114129058459,48.70443661248692],[8.457114132518088,48.704436615706754],[8.56016362279524,48.95643632608537],[8.560163624118648,48.956436329304935],[8.560163624771864,48.95643633089408],[8.561859147052632,48.95717619351105],[8.700248861992263,49.03061156675665],[8.702071665434975,49.03082700813762],[8.703727549396186,49.03086459791684],[8.720009483812467,49.022983582505425],[8.775162360240397,49.060537253982446],[8.81970811481511,49.087102908299094],[8.81970811582255,49.087102908899354],[8.819708116441292,49.087102909268054],[8.824125220513071,49.10909494413311],[8.823602287907478,49.10981326452252],[8.823602287848438,49.10981326460361],[8.823602287783935,49.109813264692214],[8.91251411156807,49.23140262899256],[8.918298631719656,49.230399639041856],[8.918298632375986,49.23039963892803],[8.918298633029021,49.23039963881477],[8.918292023950455,49.23164798966828],[8.91835046093778,49.233070125898806],[8.91835046094656,49.233070126112345],[8.918350460955436,49.233070126328556],[9.003529253426796,49.30141577598418],[9.003529254089377,49.30141577651485],[9.003529254751971,49.30141577704553],[8.992607106887071,49.34890409362867],[8.99162555683481,49.35041564596532],[8.964597974964406,49.40088228030665],[8.964597974911136,49.400882280406016],[8.964597974857872,49.40088228050532],[9.006261265949941,49.43800305375929],[9.008119887902502,49.43807696938358],[9.010666872004732,49.43809482947219],[9.02600236386754,49.46390342736739],[9.026002366242931,49.463903431362766],[8.983253705398928,49.4679468058314],[8.981288134396808,49.468619076069636],[8.964165954322972,49.47332511699439],[8.67594965212932,49.55202668858838],[8.668359322987062,49.55609271463805],[8.66723244447434,49.55710841317549],[8.64543510257321,49.618070826725706],[8.643565555740304,49.621348144674094],[8.642159971442885,49.621193842885454],[8.639978764533803,49.62083367357532],[8.564529695802495,49.59914032660803],[8.533656897028752,49.607295001569575],[8.514826738903809,49.6189443402706]]]},"properties":{"art":"Netz","bezeichnung":"Karlsruhe","standort":"Karlsruhe"}},{"type":"Feature","geometry":{"type":"Polygon","coordinates":[[[10.96970706236401,47.42947678598468],[10.962642587744721,47.40916123731319],[10.970400258554262,47.394672384456044],[11.037016573683891,47.38923666751055],[11.123757034294792,47.39156639113103],[11.131210254967515,47.40756796152507],[11.165355389011111,47.41872297169068],[11.239925544444786,47.42748581844193],[11.217174731836755,47.3940751990217],[11.274463804455237,47.395613616115725],[11.3427538632859,47.44261818101947],[11.42478192401748,47.44129080361065],[11.424781924115296,47.441290806135655],[11.409867177000578,47.48268483589714],[11.409867178279848,47.482684839947204],[11.433023209147365,47.50522547598772],[11.552284041123691,47.50457644012056],[11.552284046995437,47.50457644190026],[11.59825703621067,47.52298600745442],[11.617880774773049,47.572789587380456],[11.617880778408077,47.57278958746529],[11.849149701451866,47.57795335319554],[11.90821208684287,47.604399345335565],[11.90821208806367,47.604399345345314],[11.976976326467074,47.604928693512036],[12.099653295170809,47.605770445959806],[12.099918845471842,47.60573170910233],[12.182865324476937,47.59359923250749],[12.184526378464689,47.59335560790164],[12.221111172064289,47.613451179446024],[12.221111172784905,47.61345118052406],[12.17579108210647,47.69299843076621],[12.17579108333777,47.692998432994905],[12.223673571274054,47.70567762043253],[12.253405783156502,47.67639867413608],[12.266453967339887,47.677541905484425],[12.279209537604105,47.68560115992603],[12.32669957401267,47.69247044976321],[12.363604987478352,47.68258663557381],[12.38405752423219,47.681856063858646],[12.384057524987883,47.681856064013154],[12.416596348540692,47.68850303323712],[12.433454028227594,47.69194234245655],[12.433235740930911,47.68420507278808],[12.43286539269282,47.67106761325716],[12.497232273349177,47.61924123231779],[12.584362730147781,47.62506114606573],[12.614191061723393,47.665253135493685],[12.737429595825201,47.671596621653315],[12.771182967139936,47.63352551940823],[12.79904908965155,47.61606701658413],[12.774545454011896,47.58563990066278],[12.77634105236881,47.5600505717258],[12.90347635067681,47.495037393089696],[12.998505590416757,47.458041936623104],[13.058549522102503,47.490174572930414],[13.05854952200988,47.490174573638775],[13.047881169290903,47.53637251095762],[13.06632750969111,47.57345544515302],[13.103220193708257,47.6319403269086],[13.085018754993184,47.68803127824824],[13.052835494426239,47.71246433849558],[13.017904970873966,47.72711864108376],[12.98415176819901,47.711275531139684],[12.931952019285513,47.715104328261916],[12.913897990440926,47.72724998647127],[12.922054999767948,47.73750736320045],[12.92292504080828,47.73860114722097],[12.933363566550387,47.7423063615876],[12.937054313541468,47.74361605242979],[12.937054314299406,47.74361605338978],[12.938534516559498,47.745532333510205],[12.951046838836088,47.76172416388307],[12.948436302422431,47.778970040837336],[13.015272041490705,47.84814807409399],[13.002584871703474,47.864313815442905],[12.94053594664605,47.94330204361657],[12.903613420144907,47.97727310772045],[12.797440952643308,48.10340170801863],[12.797440955201642,48.10340171332769],[13.085728376852357,48.25483806628377],[13.273634821161048,48.28551750592639],[13.423638559492256,48.37364015819679],[13.437558289787424,48.404474467372566],[13.437558289886907,48.40447446759281],[13.437558288945947,48.40447447127635],[13.326238589760425,48.41131316280418],[13.324760099642148,48.411889866498605],[13.32315132570116,48.412547241699244],[12.678296120729401,48.54496222716351],[12.662692466326165,48.640440843397705],[12.640212685597305,48.675176793410216],[12.639363088780787,48.67535413024035],[12.636056109129083,48.67399665580721],[12.636056109199943,48.673996655615014],[12.636246766198584,48.67347947429066],[12.636246766129174,48.67347947425791],[12.546530116013539,48.63109403795369],[12.546530115953184,48.631094037881034],[12.379074454236884,48.428541343667845],[12.377988690135352,48.42773174566249],[12.376704541955634,48.42675635803383],[12.027573573320211,48.37758773822076],[11.78474587766032,48.406945493357746],[11.784628506848852,48.40799237825029],[11.78453824691784,48.409222583137286],[11.774090321434437,48.43307471508881],[11.774090321049263,48.4330747159677],[11.77409032074226,48.43307471666827],[11.77409032070914,48.43307471674386],[11.488851684773113,48.43772871159238],[11.484038844233833,48.44023520825387],[11.478575408609332,48.44254652495959],[11.14623477222137,48.37479371096553],[11.146234772194765,48.37479371096005],[11.146234771177863,48.37479370700745],[11.146234771178705,48.37479370691277],[11.146234771178932,48.37479370688739],[11.147610527613017,48.22132213529187],[11.14731652870216,48.2178233864944],[11.147277977877208,48.21666771418746],[11.146037848740326,48.20534593315525],[10.994393204654742,48.13699123056026],[10.992914521305947,48.13645059934576],[10.991302964730904,48.135841259235036],[10.968340063784972,48.123600675220764],[10.968340064974878,48.12360067304789],[10.968340066187395,48.123600672562056],[11.007913708956409,48.107732094092725],[11.008669733878305,48.10560842008477],[11.008884557292232,48.10381593913627],[11.008884557388553,48.10381593594777],[11.011281422368466,47.92928875570637],[11.011281422362286,47.92928875570066],[10.899543411532255,47.826373152545656],[10.899543412113852,47.82637315040828],[10.899543412170484,47.82637315036556],[10.899805742320458,47.82617522954148],[10.900223929771288,47.8258278789708],[10.900612395591738,47.82547833233865],[10.90098304059728,47.82506229855007],[10.901201318947354,47.824761245782504],[10.901201321336691,47.82476124368514],[10.90120724062019,47.82475537876766],[10.901207240076019,47.82475537690844],[10.901207240025105,47.82475537689943],[10.901201322228697,47.824761240549726],[10.90120132215638,47.82476124066994],[10.901201318483945,47.82476124383088],[10.90120131843915,47.82476124381529],[10.899315042106519,47.82410463976988],[10.896645150285234,47.81773691695821],[10.891488331945476,47.80978397918471],[10.891488332086725,47.80978397674297],[10.891488332095543,47.809783976655034],[10.914205802320414,47.582540151165524],[10.914205802417555,47.582540147953644],[10.915774482624142,47.4898569530981],[10.916027917607384,47.47488215881876],[10.916027917635446,47.4748821571602],[10.96970706236401,47.42947678598468]]]},"properties":{"art":"Netz","bezeichnung":"München","standort":"München"}},{"type":"Feature","geometry":{"type":"Polygon","coordinates":[[[14.776725678234095,51.60979273503009],[14.746979566489586,51.682786136622305],[14.679355965406138,51.71867564453811],[14.65348086080081,51.78179078532995],[14.641173393923296,51.79441882332372],[14.606188647912948,51.81621186569923],[14.603833888257713,51.836102736733686],[14.701168780891788,51.899113277264],[14.720299857912893,51.93535115213641],[14.720560907784005,51.99816439440826],[14.720560912130955,51.99816439919381],[14.722476317238216,52.00025529072729],[14.75156667583087,52.03198163274478],[14.7637335065838,52.06746230038141],[14.729389660852533,52.091348863404484],[14.683980612503206,52.12629198111574],[14.708394172841432,52.201647829321765],[14.71131509623923,52.238927187574554],[14.681705931792695,52.26270404639754],[14.598500742198121,52.27951578955557],[14.547710956632084,52.3966723558691],[14.574460837009012,52.42669755188412],[14.635252187527778,52.49474954560805],[14.616555643154504,52.53427034763571],[14.647561674657018,52.57173655107786],[14.60272124094405,52.61179244280546],[14.492729386767516,52.65883510444814],[14.346764513156282,52.754994574852475],[14.261988611219861,52.788160662580474],[14.22270446604333,52.81899466995331],[14.155394154785798,52.83642461753683],[14.15110652787196,52.833238834319346],[14.149892165047023,52.832336424389474],[14.108178778841639,52.80130732458088],[14.09457557954273,52.79117523959181],[14.065629459707832,52.776214693735305],[14.064448185398561,52.77547384284447],[14.062856431603224,52.774490847201264],[13.859402425321512,52.75282417786106],[13.859402379240505,52.752824155770504],[13.538866988372327,52.59816106203265],[13.538866987474828,52.5981610569538],[13.538866990010213,52.59816105531088],[13.538866994527453,52.59816105238372],[13.569280079907086,52.57844108692039],[13.570826398531066,52.57795130853649],[13.572759767215834,52.57739768655826],[13.610768254906887,52.55281997736385],[13.640190336463641,52.515968553681304],[13.640719320328767,52.513681244459164],[13.64562796060697,52.45711982760553],[13.645419768266256,52.456109413733714],[13.645419764459028,52.45610941166705],[13.645419754225038,52.45610941190486],[13.644468738287568,52.45613150629311],[13.644468729755362,52.45613149944517],[13.644468727401431,52.45613149076495],[13.644143112801292,52.454930733554235],[13.644817450658547,52.42651190870875],[13.937030120228826,52.31478123635907],[13.93703012052136,52.314781235925054],[14.006105099000346,52.21205920157817],[14.006105098092448,52.212059201116126],[14.006105095437938,52.21205919976523],[14.004672102949431,52.21132992449256],[14.004499020265577,52.21124183677164],[14.004499017470387,52.21124183534905],[14.004449694531106,52.21121594962707],[14.004399577040092,52.21118964685406],[14.004293393716523,52.21113391930809],[14.002899059489359,52.21040211485119],[14.00289905916821,52.21040211286495],[14.002899059091067,52.21040211238781],[13.990795157785376,52.13538777655696],[13.990795157448355,52.13538777629753],[13.990795155409923,52.135387774728294],[13.79287791938561,51.982315510958905],[13.791830216794121,51.981633721259605],[13.790210615208744,51.98071699715601],[13.748935091485562,51.95960479997984],[13.58676875304961,51.95515916370452],[13.584805485052428,51.95492317960278],[13.581340410493024,51.95446208742705],[13.356695668688586,51.939692688455644],[13.35669566347833,51.93969268810797],[13.356695660501735,51.93969268186918],[13.309078217106945,51.82926703303929],[13.309078215340914,51.82926702893255],[13.309078215788679,51.829267027283954],[13.309078217016438,51.82926702642061],[13.343905441172428,51.80475908823354],[13.393167772037609,51.770029546805546],[13.421463856006085,51.75004818283907],[13.433556450290686,51.704127264897735],[13.460170624498055,51.60276467550309],[13.46020629983874,51.60192075046671],[13.460199021139044,51.60044238745379],[13.43982578961613,51.56260809827956],[13.439825788076492,51.56260809541771],[13.439825790661367,51.56260809462254],[13.439825791648216,51.5626080945864],[13.5750093824834,51.557578711187205],[13.577050473919778,51.55751887300578],[13.776403734485333,51.51660821808093],[13.903698454652659,51.54947331532184],[14.016278070383416,51.62449980878013],[14.018422994478925,51.62452482335179],[14.01996775572779,51.6244921956777],[14.064470877302604,51.60968296806645],[14.122312752011327,51.59100066123178],[14.126160331790254,51.588696352590574],[14.131320307279523,51.58592319737918],[14.167974710496281,51.57801278637102],[14.167974711935356,51.57801278688217],[14.170421903560658,51.57888200581388],[14.172220007775788,51.57964452178485],[14.172220009243844,51.579644521584775],[14.461351532787754,51.539852086639186],[14.463100774844326,51.53931264584532],[14.46576302089602,51.5384165875111],[14.465763022086941,51.538416587936226],[14.483066735563275,51.54459135239474],[14.48413703775673,51.545781958870734],[14.484137037654367,51.545781959062914],[14.484121293063446,51.54581150944522],[14.481571715916457,51.5463447233988],[14.478079059327865,51.54695510847149],[14.474792473479454,51.546732583309996],[14.46725876156125,51.54859041985867],[14.464918134537823,51.54996064458499],[14.461832482059453,51.551121951535535],[14.458804422668484,51.55190697467432],[14.458797186654508,51.55192887330002],[14.458797191433408,51.55192887645246],[14.460767778689185,51.553681494548975],[14.460767780722042,51.55368149430103],[14.578163716871728,51.539299673588474],[14.620252884049293,51.5107018785504],[14.626079040583619,51.50976096275128],[14.629640853236108,51.50819527671159],[14.631374203933417,51.508953170459264],[14.652890248210198,51.52198433763117],[14.720338572438274,51.5627579225485],[14.776725678234095,51.60979273503009]]]},"properties":{"art":"Netz","bezeichnung":"Cottbus","standort":"Cottbus"}},{"type":"Feature","geometry":{"type":"Polygon","coordinates":[[[12.886059291202361,53.84387332403817],[12.856799382795613,53.93443328177489],[12.665754825394403,54.03203743756995],[12.66575482222881,54.032037439181046],[12.595549026499192,54.131715164967694],[12.466331022995352,54.24468733722866],[12.46520326060033,54.24546920192996],[12.463892512990979,54.246598702980265],[12.25853307917792,54.451215004126816],[12.158811557813062,54.38538058952724],[11.951591185459227,54.33371327058246],[11.852741125188293,54.33286419734951],[11.719339332011613,54.33158972719563],[11.644421182595211,54.33080923197314],[11.521481790794576,54.25763188488444],[11.504896418158836,54.247729875290645],[11.160582608139551,54.04054232924986],[11.073226876352216,53.98748319973259],[11.073226875846167,53.98748319936992],[11.11610071712604,53.85603234451948],[11.116332059274866,53.85485500366032],[11.116481442178003,53.853706441842625],[11.116481442379882,53.853706440243364],[11.116481442366318,53.85370644022244],[11.096432761702413,53.82275162360866],[10.905766889608975,53.76753232835195],[10.822495134469337,53.6017724366311],[10.70371537580092,53.50454854391604],[10.70371537575246,53.50454854387584],[10.703715369247163,53.50454853848095],[10.651416006306599,53.461120049404684],[10.649778762720622,53.46021114871144],[10.648671965833579,53.459550548920554],[10.63693864165014,53.42284999662275],[10.636938641559606,53.422849996208356],[10.636938641601724,53.42284999615171],[10.74136052396978,53.28184869481119],[11.187254294854872,53.15339099343563],[11.255928072372814,53.13559325715031],[11.298799849405794,53.10088394292549],[11.298799851319464,53.10088394118519],[11.277175818897142,52.91091168882113],[11.27717581859332,52.910911686137844],[11.277175818491934,52.910911685048646],[11.622317847742432,52.955048140047154],[11.73698771159475,52.953346442028796],[11.736987713705787,52.95334644180383],[11.736597565850587,52.94919547333508],[11.736597559968697,52.94919547320974],[11.73521385151557,52.949165977604444],[11.650184502266752,52.86796522259367],[11.650184500527654,52.867965220874844],[11.650184500623363,52.86796522082591],[11.739476497373937,52.82223796326365],[11.743381053265667,52.822786026938104],[11.982550929671548,52.809590538071035],[12.057025896951686,52.79891050511646],[12.226491865736547,52.774415316952094],[12.361568323733598,52.77272599028559],[12.363392287419417,52.77249017032962],[12.365388604111054,52.772261544925264],[12.45287614204169,52.72882191169391],[12.51355172514579,52.671676278217056],[12.829553217027305,52.60210588011087],[12.82955322302918,52.60210587877948],[12.829553225102217,52.60210587831964],[12.84905750962405,52.62502587263566],[12.931374321856273,52.736347899184665],[12.93137433399504,52.73634791555257],[13.036521974205947,52.76617924261319],[13.038568422962559,52.76606527251326],[13.040446755185586,52.76593490137884],[13.101988767528558,52.80321917005175],[12.986153710263705,52.84863163883166],[12.963273449219711,52.908227819756526],[12.96327344983946,52.90822782069879],[12.964074764325453,52.909195959064036],[12.964952131534982,52.91031439054145],[12.9649521306869,52.91031439201244],[12.92529903075732,52.96994297408468],[12.721839861453661,53.12844016361848],[12.571824688456934,53.184514924471756],[12.570685912910378,53.18553441149858],[12.569803185345394,53.18650299006538],[12.48236726768641,53.26439743308296],[12.482367269710645,53.26439743372772],[12.626317414277889,53.296937874229044],[12.667731585748239,53.380299720883585],[12.667731585487994,53.380299722768726],[12.657652288373185,53.446158145548175],[12.562491212042174,53.54355207258803],[12.562491212440216,53.543552074544515],[12.562785356022658,53.54486538637947],[12.563044049138464,53.54583730291805],[12.631157868138308,53.54601663172154],[12.632706413733848,53.5468573250848],[12.633959006541458,53.54767464654023],[12.633959006513054,53.54767464888387],[12.632217147000933,53.680682355327484],[12.632217147028891,53.680682355507656],[12.741692310131198,53.696902711436806],[12.743645692661937,53.69631382983308],[12.745303290586154,53.695868981832064],[12.848728972142187,53.71731222452664],[12.886059289707234,53.84387331671326],[12.88605929152643,53.843873322860425],[12.886059291202361,53.84387332403817]]]},"properties":{"art":"Netz","bezeichnung":"Schwerin","standort":"Schwerin"}},{"type":"Feature","geometry":{"type":"Polygon","coordinates":[[[12.665754824698976,54.03203744014217],[12.66575482786456,54.032037438531106],[12.856799382795616,53.93443328402167],[12.886059291202361,53.84387332403817],[12.886059291175709,53.84387332394811],[12.886059289079355,53.84387331686446],[12.848728972142181,53.717312226834],[12.745303290586158,53.69586898415135],[12.743645692661937,53.69631383215177],[12.741692310131203,53.69690271375499],[12.632217147028891,53.680682355507656],[12.632217147031195,53.680682355331975],[12.633959006513054,53.54767464888387],[12.633959006510716,53.54767464888235],[12.632706413733857,53.546857327447576],[12.631157868138313,53.54601663408503],[12.563044049138464,53.54583730528134],[12.562785356022665,53.54486538874088],[12.562491212440216,53.543552074544515],[12.562491212472885,53.54355207451118],[12.65765228837318,53.44615814794035],[12.667731585487994,53.380299722768726],[12.667731585466626,53.380299722725844],[12.626317414277896,53.29693787666445],[12.482367269710645,53.26439743372772],[12.482367269876992,53.264397433579866],[12.56980318534538,53.18650299253208],[12.570685912910362,53.18553441396569],[12.571824688456921,53.18451492694137],[12.721839864078255,53.128440164068415],[12.925299030757342,52.96994297662127],[12.9649521306869,52.91031439201244],[12.964952130617187,52.91031439192359],[12.964074764325467,52.90919596161622],[12.96327344983946,52.90822782069879],[12.963273449890242,52.90822782056667],[12.986153710263691,52.84863164140277],[13.101988767724944,52.803219172756364],[13.248292490354187,52.79493294933881],[13.250011321550074,52.79531340956538],[13.25194111009671,52.79578440338471],[13.419590499747642,52.911283569963956],[13.598342740280973,52.94576550836743],[13.59834274039946,52.94576550772575],[13.62016409485923,52.82731546215314],[13.706357816665792,52.784753768607615],[13.70807985096459,52.783938889253214],[13.859402446061587,52.75282418954409],[14.062856434264754,52.77449084937946],[14.06444819416579,52.775473848793574],[14.065629468479264,52.776214699686996],[14.09457557954273,52.79117523959181],[14.108178778841639,52.80130732458088],[14.155394183816782,52.83642464116424],[14.176980411666992,52.86380031663952],[14.151862259845048,52.95847468338681],[14.151862259790446,52.95847468359223],[14.35485929209235,53.04670064560232],[14.386172508957063,53.10363285573323],[14.386957838971309,53.19120067153879],[14.454102654912006,53.261243398034836],[14.445169567354585,53.2758856833735],[14.428855253667134,53.284866341197954],[14.427567493890615,53.33285991036454],[14.386994347669528,53.417267925769664],[14.31656062662762,53.62020287037023],[14.28720692890965,53.63242643295261],[14.274565808119277,53.75175757119203],[14.283576444567696,53.772277680306324],[14.213836271439973,53.8653993269057],[14.24896100003245,53.896056585661206],[14.253335268510412,53.92662809056225],[14.242188879750824,53.98770684354024],[14.168001355675925,54.23877780985183],[14.073436820544504,54.34978034874924],[14.075523393222971,54.44936591236507],[14.017589792727309,54.61648449982234],[13.922520306971089,54.711162543327866],[13.649812724207198,54.838936682508894],[13.487299313280028,54.882078023309425],[13.37518411600452,54.88299665375082],[13.134712641938572,54.852264342591184],[12.9715654908821,54.78575347752753],[12.74880796999435,54.74399690777935],[12.521707209454418,54.65594103076298],[12.322144150430839,54.57788364722981],[12.2961718981608,54.514966241305714],[12.2585330799612,54.45121500545581],[12.463892512990995,54.24659870513859],[12.465203260600346,54.245469204090135],[12.466331022995364,54.24468733938874],[12.595549026499201,54.131715167157004],[12.665754824698976,54.03203744014217]]]},"properties":{"art":"Netz","bezeichnung":"Neustrelitz","standort":"Neustrelitz"}},{"type":"Feature","geometry":{"type":"Polygon","coordinates":[[[10.821962112600962,52.79976080704733],[10.819053885002107,52.81083224116644],[10.804479166851584,52.866235177435875],[10.806113448506808,52.86706312315335],[10.80887527085643,52.86844142790757],[10.825871061244802,52.877608904458896],[10.850962615459006,52.89113161629565],[10.857004449793328,52.894385699285976],[10.857004450897387,52.894385699853515],[11.050639875395783,52.91391463635181],[11.130064232924052,52.92182871283094],[11.132314970358266,52.92160759072055],[11.13391341002816,52.9214405212398],[11.277175812207373,52.91091168531633],[11.277175812233159,52.91091168531439],[11.277175817055866,52.91091168495697],[11.277175818469688,52.910911684852195],[11.277175818491934,52.910911685048646],[11.277175818615586,52.910911686140714],[11.277175818919408,52.910911688824015],[11.298799851339295,53.10088394116913],[11.298799851319464,53.10088394118519],[11.298799849385961,53.10088394275216],[11.255928072372816,53.13559325696212],[11.187254294854878,53.15339099324752],[10.741360523952176,53.2818486946264],[10.636938641559606,53.422849996208356],[10.636938641679404,53.422849996583395],[10.64867196588402,53.45955054895066],[10.649778762703225,53.460211148530426],[10.651416006300495,53.46112004923469],[10.663885555001515,53.47148477156472],[10.692381451316827,53.49514661997179],[10.70371536934059,53.50454853845404],[10.70371537575246,53.50454854387584],[10.703715372807903,53.504548544724],[10.703715371860415,53.50454854499693],[10.632909770013143,53.52491318555812],[10.631422116961154,53.52571736273902],[10.62998581972448,53.526523752413844],[10.427275809860932,53.60547814900235],[10.425883044630952,53.60487888036447],[10.424069815701987,53.60400715639579],[10.289842070734414,53.62370956888766],[10.25425023787491,53.69019750694143],[10.252462879174157,53.690428938807585],[10.101563556057824,53.70797420715542],[9.97683553270363,53.72232239123243],[9.75469227230747,53.679371186693615],[9.752969553752974,53.67846098140493],[9.751730142366785,53.67781941372913],[9.574109568321658,53.66196576193679],[9.411730594357483,53.71196040157893],[9.362999886014613,53.61325703539819],[9.362367171071915,53.611848610163456],[9.362367170700512,53.61184860933669],[9.45005607542457,53.538928842213274],[9.450056076244836,53.53892884152967],[9.450056075407968,53.53892883938602],[9.448069925061418,53.53665534013103],[9.44514106500989,53.53428302662355],[9.441136334476447,53.530335351769445],[9.441136330699294,53.53033534804568],[9.441136327623504,53.53033534466298],[9.447619371111756,53.534945495821155],[9.453613500055422,53.53768368565931],[9.783910407085617,53.421292384882946],[9.810145160167256,53.35539702011679],[9.810145158525357,53.355397019077195],[9.705101506824631,53.368080383446745],[9.497873404978861,53.32126229587906],[9.540026597698638,53.191892321122815],[9.540799242004557,53.19096722435106],[9.540821134979474,53.190901311071265],[9.541696185619411,53.18982340241151],[9.85732999847683,52.982585365455726],[9.85923862613276,52.98223171644752],[9.861289875289073,52.98285735763611],[10.004020815980287,53.014938348873876],[10.190149183871503,53.023926979577176],[10.216098645118896,52.999466728643384],[10.21636276024762,52.99826036163188],[10.21656691964144,52.99717725575218],[10.177328639571366,52.93225282126686],[10.077124886620574,52.8469550136205],[10.153893698016292,52.69279804604479],[10.155213185768167,52.69190975812806],[10.156617485603475,52.69116393935013],[10.397051506460642,52.5855213782976],[10.609820238971913,52.56226911837776],[10.611938353790796,52.5622991742274],[10.61361840645625,52.56232784318743],[10.681607793915695,52.57094083625875],[10.949110389649574,52.60384065626505],[10.949110390393253,52.603840656355615],[10.949110392852885,52.603840656655095],[10.841597596732326,52.67079129418819],[10.842990591957406,52.7195430191226],[10.821962112600962,52.79976080704733]]]},"properties":{"art":"Netz","bezeichnung":"Hamburg","standort":"Hamburg"}},{"type":"Feature","geometry":{"type":"Polygon","coordinates":[[[11.09643276322692,53.822751625964365],[11.116481442159346,53.85370644181382],[11.116481442172908,53.85370644183476],[11.116481442178003,53.853706441842625],[11.11633205927487,53.854855005568616],[11.116100717125939,53.856032346426986],[11.073226876367146,53.98748319968698],[11.073226876352216,53.98748319973259],[11.073226876294,53.987483199910514],[11.073226876238893,53.98748320007899],[11.346167150011816,54.15259926850819],[11.644421182127159,54.330809232254175],[11.644421195035259,54.330809239916995],[11.311062332498457,54.5295532470476],[11.141341940628033,54.57705534559618],[10.824936966627426,54.54760314837992],[10.743662313210377,54.512106502956485],[10.317212367872006,54.590555448739565],[10.1694062650131,54.73817549390249],[10.084696295812142,54.7616162760313],[10.05111516809886,54.76324810702324],[9.983216997429574,54.795617088233556],[9.893340304542352,54.841522959912346],[9.613961668285883,54.901992369064814],[9.314069456667752,54.842763556176365],[9.212582009189017,54.856861927984546],[9.1421498562886,54.873029646904044],[9.107683163982568,54.873498246933586],[9.047657162772428,54.87206209046759],[8.994757539265224,54.89014013553104],[8.952223691978428,54.90179900217379],[8.891998109667547,54.90494796213565],[8.872712498879084,54.89936223891916],[8.8656074476495,54.89984341027802],[8.859865760992557,54.89676116630917],[8.84882104701617,54.897358732567405],[8.834224798733969,54.90621896049948],[8.799624396085889,54.9046078052456],[8.776965887228725,54.892940761645605],[8.750527269811998,54.8971783406801],[8.729287366798285,54.89132898984882],[8.681139711423283,54.910393296669135],[8.660064673395452,54.908671984412926],[8.555463599543117,54.920842330469966],[8.55728209529974,54.99282016685913],[8.519216135245422,54.9926405587076],[8.47219884453753,55.025341888188464],[8.290072734119272,55.06476717001739],[8.044417421140635,55.099167538144094],[7.955483865643563,54.94712885254707],[7.936467335183515,54.827724129983956],[7.930937894029118,54.7535550945978],[7.946487570256649,54.64820279888785],[7.971781149691352,54.59044028323856],[8.162427034852323,54.33747552017723],[8.17088537957999,54.333705419610396],[8.183605383001646,54.32803336318638],[8.190182286082681,54.3250994708951],[8.26355339782817,54.29231640382453],[8.403770947578066,54.22939459429626],[8.5645839872281,54.156790721922405],[8.890143841120286,54.01368438953741],[8.89014384144364,54.0136843892666],[8.956224893928608,53.95825085784635],[9.099632287450522,53.8513510304938],[9.411730595355063,53.71196040568008],[9.574109568343346,53.661965764068356],[9.751730142382218,53.677819415855645],[9.752969553781105,53.67846098353299],[9.754692272324194,53.679371188819076],[9.976835534792817,53.72232239311915],[9.97683553480876,53.72232239311734],[10.252462879223398,53.69042894093428],[10.254250237922538,53.69019750907223],[10.28984207078365,53.62370957102903],[10.42406981572849,53.60400715854103],[10.425883044688389,53.604878882513255],[10.427275809885895,53.60547815116104],[10.629985819761728,53.52652375459288],[10.631422117025004,53.525717364907564],[10.632909770046385,53.52491318773583],[10.703715373825895,53.504548546626914],[10.703715374788215,53.504548546349724],[10.822495134517357,53.60177243860701],[10.905766888532098,53.7675323280388],[11.09643276322692,53.822751625964365]]]},"properties":{"art":"Netz","bezeichnung":"Kiel","standort":"Kiel"}},{"type":"Feature","geometry":{"type":"Polygon","coordinates":[[[9.411730593747965,53.711960404300704],[9.09963228645572,53.85135102917163],[8.956224892511822,53.95825085662876],[8.890143839844608,54.01368438814767],[8.564583985887156,54.15679072055062],[8.45445816731817,54.20656118207499],[8.403770947578066,54.22939459429626],[8.171214088921735,54.33355887952755],[8.17088537957999,54.333705419610396],[8.16242703199997,54.33747552015858],[8.162427021769211,54.33747552418775],[8.0803994669191,54.369727015302715],[7.954806534959731,54.39441359458952],[7.785254576023484,54.38801574961812],[7.626689516728244,54.34685769140699],[7.538770750611129,54.26441795196784],[7.515219612573484,54.18916236723238],[7.554857969925336,54.111008549247806],[7.641474764105751,54.033842055773064],[7.728332753094147,53.994193874542376],[7.72833274275464,53.99419387305696],[7.011270604944313,53.89833456866635],[7.011270604230981,53.89833456856863],[6.907263099825676,53.8742772511014],[6.731431814534954,53.8608550437249],[6.663795715818022,53.83928847558941],[6.592032864330933,53.81634046435377],[6.519231594429796,53.798580617916336],[6.4527700559979815,53.78231589669418],[6.360969877520614,53.73269644005465],[6.34591815525515,53.72454303428308],[6.412614329319616,53.60428471243793],[6.551673117141322,53.57844704145901],[6.607405088471503,53.553739084335106],[6.627538838360967,53.53023335665288],[6.686685466151637,53.4926067572738],[6.881355100394969,53.440270588595396],[6.8789997226001764,53.39348789389692],[6.895483402909098,53.34384197401371],[7.0461954081793525,53.29976748841196],[7.181208724240916,53.30821027889801],[7.19847697643872,53.219943072296864],[7.17571223271893,53.13149370548262],[7.182384297664757,53.12136683551399],[7.197298460056415,53.11217990885132],[7.209856790515784,53.007216175886555],[7.208429572203421,53.00440841031772],[7.1843826009617775,52.957044598350606],[7.184382600942929,52.95704459831343],[7.234245054462894,52.93743851107853],[7.258177072418402,52.92801450115129],[7.336510894950438,52.89710505754743],[7.338412558673109,52.896729813786756],[7.340148547563344,52.89643804737472],[7.526786842619887,53.04799637172526],[7.526786843087552,53.047996371304265],[7.924260051811372,52.6864916180942],[7.936412850455439,52.68609508774314],[7.937930029211521,52.68684706230989],[7.939309840162919,52.68758745381306],[8.195173089628605,52.84270583187638],[8.207662409407428,52.892968523710806],[8.20889890563223,52.89592362436286],[8.209397435331264,52.89807736538049],[8.209603872563045,52.89983649899396],[8.211198760843379,52.899730526364834],[8.39114027787469,52.813751479134375],[8.393259474689764,52.813779957884535],[8.394936448940731,52.813832230835295],[8.54763528843927,52.837683162904995],[8.547635288930561,52.837683162876246],[8.702487299005101,52.82852038782057],[8.70503164706932,52.826747507876824],[8.735695883885674,52.753303762097815],[8.809949813940156,52.697171545085794],[8.812049735068605,52.69585424739695],[8.814274027711368,52.69576466034785],[8.814274027756829,52.695764660035906],[8.814521092841995,52.69406937571928],[8.815739589273155,52.69403935313692],[8.838393577556909,52.59162746966864],[9.049231253789408,52.57288654150384],[9.16753849839087,52.598158845818865],[9.168583301358712,52.59748598691389],[9.170667894820792,52.5961894964536],[9.248590471581696,52.59434696260302],[9.352968580388422,52.58913202756587],[9.353439435343647,52.59015079007435],[9.353941380833776,52.59132877922837],[9.574785900480205,52.7160157444399],[9.57478591585661,52.716015753082125],[9.575957712355024,52.718909989955684],[9.575958072561827,52.71891087957423],[9.575958073065634,52.71891088081853],[9.575958074097985,52.71891088336817],[9.580372947757175,52.71682470435939],[9.639744501228774,52.7072745324743],[9.64242154912004,52.706941681873424],[10.077124885268193,52.846955016014874],[10.17732863997004,52.93225282449943],[10.216566916759934,52.99717725486847],[10.216362758970037,52.99826036339829],[10.216098645118896,52.999466728643384],[10.216098645108472,52.99946672869096],[10.190149185346728,53.02392698019766],[10.190149183709046,53.023926981378295],[10.00402081475709,53.01493835066509],[9.861289874130696,52.982857359489714],[9.859238624981968,52.98223171830602],[9.857329997322978,52.982585367314435],[9.541696184448265,53.18982340408465],[9.540821134979474,53.190901311071265],[9.540799242004557,53.19096722435106],[9.540026597698638,53.191892321122815],[9.497873404296163,53.321262295724054],[9.497873403473335,53.32126229824166],[9.705101505493031,53.36808038487407],[9.810145157997985,53.355397020403885],[9.783910407085617,53.421292384882946],[9.453613499564229,53.537683686634],[9.447619369769487,53.534945497097546],[9.44113633575219,53.530335352676744],[9.441136334476447,53.530335351769445],[9.441136330141317,53.53033534868622],[9.445141063670333,53.53428302790045],[9.448069923719608,53.536655341405854],[9.450056073988208,53.538928840569206],[9.45005607542457,53.538928842213274],[9.362367170700512,53.61184860933669],[9.362367170268588,53.61184860969508],[9.362999884658214,53.6132570365888],[9.411730593747965,53.711960404300704]]]},"properties":{"art":"Netz","bezeichnung":"Bremen","standort":"Bremen"}},{"type":"Feature","geometry":{"type":"Polygon","coordinates":[[[9.093661030906283,52.18965282111588],[9.09366103540226,52.18965282194002],[9.145637907288313,52.19420797038284],[9.145858893966855,52.19547574066553],[9.146064751556333,52.196486919222984],[9.339038621891818,52.36398629769267],[9.339038640566226,52.363986313825265],[9.338523195753567,52.36481933053138],[9.337722118378377,52.36614986610488],[9.170667913851155,52.596189466711756],[9.170667896624058,52.59618949029834],[9.170667895245481,52.596189492185815],[9.168583300616026,52.59748598424617],[9.167538497727596,52.59815884310004],[9.049231254066115,52.57288653908206],[8.838393577347126,52.591627467021645],[8.838393577346752,52.59162746702167],[8.815739588042295,52.694039352848655],[8.814521091780108,52.694069373071954],[8.814274026850054,52.695764658762485],[8.812049734364255,52.69585424474284],[8.809949813234995,52.69717154242838],[8.735695883170468,52.753303759428434],[8.705031646325521,52.82674750517054],[8.702487298263033,52.82852038511517],[8.547635285422858,52.83768316035782],[8.39493644827797,52.813832228188005],[8.393259474024594,52.81377995523791],[8.391140277211328,52.8137514764868],[8.211198760182356,52.899730523699034],[8.209603873478477,52.899836498933134],[8.209603873407346,52.89983649893785],[8.209603872563045,52.89983649899396],[8.209397434671667,52.89807736271858],[8.20889890563223,52.89592362436286],[8.207662408750226,52.89296852105249],[8.195173089021049,52.84270582935749],[8.058186040112494,52.75986200365915],[7.939309839654603,52.68758745130197],[7.937930029385906,52.686847060165704],[7.936412850011294,52.686095085257605],[7.924260052270478,52.68649161555025],[7.924260051086169,52.68649161577738],[7.5267868413163015,53.047996369724615],[7.340148547076099,52.89643804484094],[7.33841255818314,52.89672981124716],[7.336510894466573,52.897105055005916],[7.184382599629636,52.95704459779931],[7.06973977240311,52.849646841869955],[7.069739772060622,52.8496468411012],[7.044226561759874,52.63866064580478],[7.044226561095586,52.63866064521036],[6.770125368218972,52.656276512153646],[6.7051236479537994,52.631516076210154],[6.7051236478154665,52.631516075442796],[6.71846784314604,52.61674442529701],[6.711008972731635,52.58752749701966],[6.749865789371442,52.56619728440616],[6.749865788262137,52.56619728361366],[6.71532742449494,52.55522195481127],[6.677649314130543,52.55426756871032],[6.677649314052773,52.554267567856044],[6.698057967094505,52.52084632531299],[6.694132827073526,52.485965724345064],[6.755137830784856,52.463607070609505],[6.773021071851837,52.45871065667701],[6.848769738854746,52.45823208598396],[6.852275425511799,52.44935177171115],[6.954739127283515,52.43430984359429],[6.98849272744841,52.465883848886165],[7.03096087255573,52.4046416863173],[7.056979834054367,52.398043096185575],[7.070029535740244,52.376903836548095],[7.070912308021109,52.35191897076556],[7.0709123076622165,52.3519189701591],[7.056194129312238,52.338911716910886],[7.0243649046775785,52.29282103846603],[7.024364904551932,52.29282103803315],[7.03178961351346,52.266467250707244],[7.058939361650152,52.24102455371355],[7.259537355466292,52.20353547151325],[7.265910154951501,52.19670960468947],[7.275840458851238,52.18606831836258],[7.277470705301099,52.18432077636875],[7.393546997726871,52.20289854806547],[7.3949563736920405,52.202256752230134],[7.3966018683736285,52.2015471154547],[7.518527720158927,52.189098707099575],[7.5203210627780175,52.18967463848438],[7.521816335749791,52.19018927025431],[7.609812656962896,52.22918769427234],[7.717178096560643,52.2764115903849],[7.727713917495942,52.27138649672802],[7.892816890279804,52.20133036264934],[7.895059314768222,52.19918870043493],[7.8974759671788135,52.19707866335675],[8.072088796394691,52.14988535326997],[8.154601096244493,52.12635843104713],[8.155450712624837,52.12698386155718],[8.15546271555104,52.12699269713633],[8.155464892454892,52.12699429959561],[8.155761058316793,52.12721231133201],[8.156174673578391,52.12744212677626],[8.156176444125032,52.12744311053006],[8.156288129744397,52.127505165320564],[8.15725123829099,52.12804027640416],[8.464151972985041,52.1548958387682],[8.464151974505668,52.15489583889943],[8.663398812151152,52.172101075604154],[8.664908058040627,52.172528560878234],[8.66672229916859,52.17213363438386],[8.666722302001505,52.17213363339257],[8.667989133685763,52.170292999101285],[8.667989134272814,52.170292998911485],[8.668106770371715,52.170268131709186],[8.89887278061522,52.13608640641881],[9.093661030906283,52.18965282111588]]]},"properties":{"art":"Netz","bezeichnung":"Osnabrück","standort":"Osnabrück"}},{"type":"Feature","geometry":{"type":"Polygon","coordinates":[[[8.897637486173545,51.72196339181411],[8.951769497464122,51.750421099076625],[8.951769510387258,51.75042110504617],[8.951769510387885,51.75042110504613],[8.951769510390287,51.75042110504592],[8.953266211232377,51.75029616924438],[8.955489586889417,51.750126480513664],[8.970493605276184,51.75013882909501],[9.106753308187516,51.54054481100461],[9.108455830686042,51.539212986515054],[9.109248332861721,51.538640195097855],[9.109248336356668,51.53864019374858],[9.10924833635744,51.53864019374883],[9.109248336358638,51.53864019374926],[9.320711469279216,51.61265566883367],[9.36813137597043,51.629167969649984],[9.391335729728521,51.68939769726801],[9.398416815681559,51.692178452176144],[9.398416815684085,51.69217845217605],[9.402443145949734,51.69199427571568],[9.404687369342609,51.69193272067395],[9.404687369346547,51.69193272067704],[9.410717092108113,51.69666904138298],[9.458447328787676,51.747136240334704],[9.458447328624683,51.74713624060761],[9.43246544236235,51.79059254009791],[9.430277524159553,51.79115361154742],[9.430277522985476,51.79115361184846],[9.430277522976812,51.7911536118507],[9.424935605311147,51.788462734469746],[9.424935605306889,51.7884627344676],[9.424935602483732,51.78846273304536],[9.422121341712334,51.789157453178255],[9.21080438185452,51.80170160006723],[9.034163771901923,51.812323479561464],[9.033167441827606,51.81365590440081],[9.031780077971318,51.81542298394835],[9.035717730241043,51.93895362830119],[9.03571773176454,51.93895362872765],[9.035717733507825,51.93895362921567],[9.244525509125397,51.997145636431526],[9.244525509376897,51.997145637297365],[9.244525510779445,51.99714564212561],[9.25923122966911,52.04771167006292],[9.257883951483741,52.048230282904335],[9.256123443757307,52.04896409612252],[9.0936610295245,52.18965281800542],[8.898872777410329,52.13608640314881],[8.668106767403318,52.170268128545466],[8.66798913076602,52.170292995864],[8.666722298722249,52.17213363066662],[8.664908055069768,52.17252855770784],[8.663398809159514,52.17210107243547],[8.464151971646144,52.1548958360116],[8.157251237077116,52.1280402740676],[8.157251237063658,52.12804027406641],[8.156957894510734,52.12787729315283],[8.156954490362333,52.12787540179386],[8.155776966806844,52.127221149352074],[8.155718414709487,52.127180920132446],[8.15504927361858,52.126688351258466],[8.155045478957947,52.126685557887036],[8.15460109538089,52.126358429626755],[8.154601095380215,52.126358429626244],[8.072088797958429,52.14988534979656],[8.072088796901376,52.14988535009742],[7.897475966270698,52.197078659875515],[7.8950593127409245,52.199188697961134],[7.892816889197275,52.2013303597656],[7.7277139153866,52.27138649412644],[7.717178094533011,52.276411587733804],[7.661291266025177,52.25185477714899],[7.609812658020997,52.229187693193325],[7.521816334096566,52.190189268150725],[7.520321061201742,52.18967463641975],[7.5185277184763,52.189098705049034],[7.39660187119424,52.20154711301558],[7.39660186903669,52.20154711323468],[7.394956372216796,52.20225675022561],[7.39354699613597,52.20289854603927],[7.2774707039901925,52.184320774550855],[7.264411620123974,52.198314905350685],[7.259537354126234,52.20353546962533],[7.123445125620761,52.22901358966967],[7.058939361615068,52.24102455110699],[6.986624274283114,52.2309297084305],[6.95090679324382,52.18120198030588],[6.90969600004869,52.17759208982483],[6.904944453244022,52.17422855031275],[6.9049444518206124,52.17422854930505],[6.905182240293842,52.169769437156724],[6.905182240360658,52.16976943590355],[6.880455517585837,52.15688918985999],[6.87221273863778,52.13039462030065],[6.855728292305591,52.12111782607081],[6.821778569708312,52.118226046842175],[6.75994802320973,52.119588227861335],[6.759948022442743,52.11958822787803],[6.754859931468993,52.09629017645408],[6.7548599311759565,52.096290175111676],[6.744404466268008,52.093228033915615],[6.744404465049124,52.09322803355854],[6.744802409480001,52.089839892792384],[6.750297076997973,52.0870665467925],[6.747549582594023,52.08254446788885],[6.7336653411625775,52.075006685756826],[6.695594527709814,52.070905723102115],[6.68951073731844,52.05811748950914],[6.68480092501145,52.05666954920292],[6.684800923938933,52.05666954887317],[6.6878356994531885,52.039859714558226],[6.7142856408100355,52.03995418078758],[6.75392590322154,52.02800210486395],[6.809166736624919,51.998410171028894],[6.807498632092922,51.99502701623028],[6.826926396877076,51.99345609741227],[6.8321264043285925,51.97290924888554],[6.828495813112421,51.964808806675144],[6.814072119633811,51.963901997876306],[6.812011557031435,51.961846390245896],[6.798274668951443,51.95900469743305],[6.793956943462813,51.935780332685],[6.786107233726717,51.93136394356813],[6.769426524315584,51.918354221782224],[6.75223655682876,51.914570592578634],[6.747839837215918,51.90806481300599],[6.71997349753473,51.90104247761115],[6.7199734974475644,51.901042477589165],[6.719973496886802,51.901042477447774],[6.721859022096621,51.887013585660924],[6.7070579978091525,51.86869687052765],[6.702772141028511,51.86338992269145],[6.642934810321967,51.84979441192196],[6.641752527925968,51.850004062249035],[6.634202785782734,51.845307117176134],[6.630745047425388,51.84260931491886],[6.6291398071974905,51.8413843607144],[6.628664890167315,51.840994256954296],[6.627945079131665,51.84042419550935],[6.626271602233694,51.839133763367066],[6.624794354408524,51.837975775233666],[6.62317859614399,51.83669797096767],[6.621987636403838,51.83572679032589],[6.621647564913415,51.83545906624808],[6.621307124066255,51.83515143971508],[6.621079372284624,51.83488957540998],[6.621079372304058,51.834889575404965],[6.6233996125624115,51.83429018697727],[6.637792117229414,51.811590313255294],[6.740573900831691,51.69344770420183],[6.818529028763294,51.69073612291518],[6.8693566627878,51.68254007971101],[6.869436992264118,51.68197604794904],[6.869461095898909,51.681806801733174],[6.869554383663835,51.68104010644336],[6.869583536323823,51.68076548147433],[6.869644780562669,51.68018853458856],[6.965632980920399,51.65674675039765],[6.9702989080833575,51.656170833021456],[6.9706049118291675,51.655606084939556],[6.970878147490036,51.6515877686627],[6.9708781474534165,51.65158776825625],[6.9707610271105604,51.650287673264764],[6.965386253028642,51.64163914173161],[6.9648678565495015,51.6306355070788],[6.964867856617501,51.63063550672277],[6.969326157555114,51.607279215923775],[6.9800252796014775,51.587788302085094],[6.980025279254524,51.58778830075094],[6.9776239069939985,51.578552413366914],[6.977623907359822,51.57855241324048],[6.9790441023486,51.57806154179749],[6.981631996598219,51.58088068127066],[6.983348978813409,51.58214996142433],[6.9870305398660335,51.58355113478217],[6.987439850052425,51.58276029339367],[6.987439849959947,51.58276029322571],[6.987439849457018,51.582760292312464],[6.986436732612977,51.5809386861267],[6.985589714335201,51.57959846693794],[6.985589714635989,51.57959846668005],[6.985589715396965,51.57959846602763],[7.006815712179131,51.56139024766371],[7.013562780680835,51.558359123630204],[7.015776456300294,51.55926676623963],[7.016561702581238,51.56029422002406],[7.01656170330695,51.56029422097358],[7.016561703488295,51.56029422121087],[7.012376469886941,51.56562523037853],[6.990823100585408,51.58265502467732],[6.988208353071426,51.58283313428317],[6.987810043258714,51.58374979902196],[6.987810042690083,51.58374980033057],[6.9878100424809855,51.583749800811766],[6.990193240224667,51.58599893715632],[6.997749719820329,51.59339479405253],[7.00749976589567,51.60472445798046],[7.048212974407175,51.65113728453616],[7.096771881972166,51.70635391548684],[7.1439891563139835,51.69371406027171],[7.14736516135213,51.69275557344189],[7.150029578012158,51.69696981930371],[7.150181051731679,51.69759105846628],[7.150545648642361,51.69908631048535],[7.151273477367387,51.70207092163898],[7.1513566164278295,51.702268949341594],[7.152051364902803,51.70392369207429],[7.152051365041335,51.70392369240423],[7.153048118785909,51.705621623286575],[7.153315572525291,51.70592605920803],[7.156636997905639,51.705345066332306],[7.156636997634015,51.70534506512587],[7.156636997557434,51.70534506478572],[7.155711674889644,51.7012348401838],[7.155711675026539,51.701234839969224],[7.155711675147614,51.70123483977947],[7.157017193766523,51.699188463962436],[7.292982216117565,51.67540175500711],[7.462967560140309,51.62654750124383],[7.5220884694590255,51.61954909058948],[7.523662296984322,51.62046866216666],[7.52590865399065,51.62213783057834],[7.5389604282116345,51.634568525253144],[7.554141440670283,51.635362255917215],[7.555269814481574,51.6347594212386],[7.557162183517765,51.633871320473624],[7.684425566668976,51.65497897122338],[7.68442556667039,51.654978971209665],[7.684425565973583,51.65497896937811],[7.684425565857263,51.6549789690724],[7.6844255654167775,51.6549789679146],[7.6769239925496295,51.635252896955706],[7.6769239927641495,51.635252895957784],[7.676923992769005,51.63525289593525],[7.677232028523541,51.6338199745901],[7.677392856915392,51.63286480445142],[7.6773928569026175,51.63286480443952],[7.677392855863583,51.63286480347016],[7.605936310604214,51.56608161528248],[7.60593631066773,51.56608161521894],[7.605936310674663,51.566081615212006],[7.6069062497449975,51.565111379182035],[7.608509613985893,51.56404093043757],[7.714516299373582,51.56329077605204],[7.751374398031889,51.56969137171906],[7.751374398033997,51.569691371717404],[7.754810774519582,51.567024653270515],[7.755322599865185,51.565994324953174],[7.756919420698966,51.56277952956208],[7.756919420700477,51.56277952955903],[7.756919420870677,51.56277952921635],[7.755921213904948,51.56254382873267],[7.744084960075755,51.559748176139706],[7.743981805091168,51.559723804809664],[7.671732059461471,51.54262551517734],[7.669943985622702,51.54266485564446],[7.668039324463133,51.542694110908506],[7.578576864589941,51.49352667492706],[7.578576864712134,51.493526674660416],[7.5785768647149645,51.493526674654255],[7.579187023668669,51.492195480366135],[7.580518604590298,51.489667214199144],[7.581918616029993,51.48874518787283],[7.583033892937451,51.48796698131863],[7.6131962215365,51.472475871691564],[7.665492600176555,51.50204060946847],[7.703086630871946,51.5291534894314],[7.704102483480019,51.53821853544011],[7.704342682627607,51.53824720219877],[7.732367384346096,51.53611855410959],[7.73986263564855,51.52696935227515],[8.188154295890156,51.5039443077311],[8.19016394128087,51.60537126887577],[8.19016394133649,51.60537127167766],[8.190163941353298,51.60537127252468],[8.191693929992454,51.60469955861135],[8.599848211267833,51.48131845431417],[8.603898633150402,51.48177415676027],[8.605297468508768,51.48194442320208],[8.825877374916123,51.53731482691598],[9.053866659963662,51.52894871335803],[8.897637486173545,51.72196339181411]]]},"properties":{"art":"Netz","bezeichnung":"Hamm","standort":"Hamm"}},{"type":"Feature","geometry":{"type":"Polygon","coordinates":[[[7.462967559992654,51.62654749837636],[7.462967559953697,51.62654749838095],[7.462967559700431,51.62654749841085],[7.460941908662186,51.618544389943025],[7.459678646188841,51.6174174269181],[7.457552708312501,51.615572548627824],[7.457552708193381,51.61557254852443],[7.339400458450432,51.60680389443945],[7.3316059990050215,51.603493470260275],[7.259487015365548,51.572816189977964],[7.261282387919244,51.56356427915821],[7.261580108014693,51.56202967912034],[7.262817264775615,51.56110428712113],[7.26415965532315,51.56022670839868],[7.294160011063922,51.56138592841624],[7.332820731147523,51.558111783979804],[7.37771441129793,51.5196822067444],[7.379614702669984,51.518529776715226],[7.381902621046979,51.517254506962864],[7.383610772891408,51.5134159870024],[7.383610773176548,51.51341598605504],[7.38361077308626,51.51341598600568],[7.357821721209165,51.499309819105086],[7.337753268100126,51.50585832161018],[7.323094656161466,51.50152241645494],[7.3230946557852326,51.50152241580289],[7.323094655855161,51.50152241571235],[7.329595006658689,51.49310493613639],[7.340830658382779,51.4856903336223],[7.34116786327262,51.485261466496254],[7.341205155175093,51.4852266936019],[7.341205155338654,51.4852266927413],[7.341205155247618,51.48522669264962],[7.340864001795167,51.48488318544828],[7.340531780283661,51.48446227153792],[7.340531779667901,51.48446227026435],[7.340531779697865,51.48446227028051],[7.3412177379232935,51.484831996061644],[7.3413769280406544,51.48526748070418],[7.341460950029015,51.485339247378725],[7.3429003974612765,51.486261453705744],[7.345537542822228,51.48779407248042],[7.347442843319279,51.48878853808747],[7.351867677952516,51.49035162896904],[7.359800957308442,51.49097314713587],[7.359800957293471,51.49097314656512],[7.359759435090086,51.49063638553346],[7.359640978364565,51.48967563099671],[7.359636055892875,51.48958342487987],[7.3595705024198095,51.48835547004384],[7.402793105106622,51.45640361143029],[7.403975335108526,51.45503859483878],[7.405033962422489,51.45403437412254],[7.444540363747369,51.453304192396615],[7.44698014380367,51.45181551724097],[7.4469801439836525,51.451815516353044],[7.446980143675765,51.45181551630058],[7.444728121965342,51.45143169247248],[7.370907330023885,51.3940542832063],[7.369866154593635,51.393260763799965],[7.3645821620914775,51.39343262082679],[7.363691466597067,51.39239782601493],[7.362899434366628,51.39135252262849],[7.341145806607133,51.34241261257542],[7.338084495411712,51.32893579122482],[7.337217498117815,51.325117623883706],[7.3386381386324615,51.323760535612486],[7.340225375240271,51.32211614861405],[7.34022537490835,51.32211614833711],[7.3185653232250125,51.30403426104603],[7.304391462870103,51.292192111435185],[7.30395024081082,51.29194636025076],[7.303950240686288,51.29194635904374],[7.303950240647877,51.29194635867154],[7.303813274025591,51.29061888375676],[7.303809547954744,51.289655057860884],[7.39279011104136,51.119256199450454],[7.392303001018066,51.118216043303896],[7.392303000873222,51.11821604309503],[7.3915011309067005,51.11705964772454],[7.337873829655183,51.070441443977764],[7.337873831094424,51.07044144406151],[7.3378738316086265,51.07044144409141],[7.37437797714861,51.072559582189434],[7.528321049859653,51.08136469582661],[7.53156011537236,51.08067755459887],[7.533969014279978,51.084121176502485],[7.536324152630578,51.08527042178535],[7.5370145644657836,51.0843459390061],[7.537983483709263,51.08302032283266],[7.542523689793643,51.0777206080107],[7.658055282951132,51.04125869289184],[7.658055282800838,51.0412586915707],[7.655725044584941,51.020767103302994],[7.655967607567549,51.01957382309701],[7.656278129945666,51.01846577595559],[7.767094429921294,50.87183329804425],[7.7670944271667794,50.871833295670136],[7.675932604973239,50.79309359993042],[7.6759326029146235,50.7930935968],[7.6759326029615975,50.79309359539727],[7.676311616202033,50.781771607597676],[7.676296259503497,50.7807192938534],[7.706812002531378,50.719502268996905],[7.715703825276169,50.703370898195054],[7.7294140653890855,50.70420313567677],[7.792034606510619,50.70798353073755],[7.836374651030673,50.71063969328995],[8.206037780948089,50.67501232075262],[8.20603778102837,50.67501232074475],[8.206037781861209,50.67501232066309],[8.21230895424389,50.68923362495866],[8.23683402367312,50.74134579141569],[8.236834023149818,50.74134579189248],[8.23575603744177,50.742327903575806],[8.234631298054698,50.74356527144683],[8.241990457539467,50.774458846273156],[8.25174427112026,50.89175985262292],[8.251744271121977,50.89175985264347],[8.251744271448358,50.89175985655938],[8.260820223244016,50.99705398804055],[8.259276616673834,50.997791323443515],[8.259276616637262,50.99779132346097],[8.259276616417017,50.9977913235662],[8.259276618180781,50.99779132656001],[8.25927663437742,50.997791336214284],[8.262256033047803,50.999574050594696],[8.300277967299499,51.01018773099728],[8.493581843980918,50.989028473252674],[8.498220870703964,50.99475359179173],[8.499170163638087,50.99566868940785],[8.568610105922819,51.06030329246924],[8.568610106327778,51.06030329284552],[8.625335569238715,51.11293943015424],[8.625335569246214,51.112939430161184],[8.62533556946794,51.11293943036665],[8.62533556766853,51.112939434327195],[8.62533556405597,51.11293943999602],[8.562947335474558,51.210613690094014],[8.562947335470819,51.210613690099876],[8.560839283070475,51.21390620245215],[8.550632306644596,51.229840975049854],[8.548910872390088,51.23252723544307],[8.5455304982476,51.23780124893968],[8.54553049927956,51.23780125291754],[8.572138326428915,51.34013699946482],[8.572138326785003,51.34013699951195],[8.57213832678681,51.340136999512175],[8.575191514980983,51.340540949285284],[8.577848216059781,51.34078444774703],[9.146581666689817,51.49907430568449],[9.146581666201513,51.49907430650734],[9.146581666200898,51.49907430650837],[9.146581663820527,51.49907431051949],[9.146529052956511,51.49916296396186],[9.145120923037771,51.500418488546416],[9.142930680778914,51.50233439204853],[9.127283549700229,51.51569672358423],[9.125267869234191,51.517265473691225],[9.122035764792372,51.51872323728205],[9.100805198477977,51.52402295632057],[9.053721104672192,51.52462778201903],[9.053866660593073,51.52894870860876],[8.825877373072633,51.537314822594894],[8.605297467232667,51.4819444195248],[8.60389863184371,51.48177415307768],[8.59984820999981,51.48131845063215],[8.19169392877438,51.60469955489025],[8.190163941789374,51.60537126865253],[8.19016394156681,51.605371268750254],[8.19016394128087,51.60537126887577],[8.188154295890156,51.5039443077311],[8.188154295849321,51.50394430566675],[8.188154295846292,51.50394430551388],[7.7398626351213675,51.52696934961496],[7.732367383850041,51.53611855139377],[7.704342682094004,51.538247199527966],[7.704102483748299,51.53821853547211],[7.704102483684254,51.53821853546449],[7.704102483480019,51.53821853544011],[7.703086630871946,51.5291534894314],[7.665492599806982,51.50204060704034],[7.61319622130989,51.47247586948406],[7.583033892762173,51.48796697902652],[7.581918615772096,51.488745185623145],[7.580518604357513,51.48966721191044],[7.579517642058081,51.49156776233918],[7.579205739332506,51.49215994446777],[7.578576864589941,51.49352667492706],[7.660292840431028,51.538443582608856],[7.6621113845854225,51.53944154047508],[7.668039324016441,51.542694108307366],[7.669943985103022,51.54266485299955],[7.6717320590498845,51.542625512557635],[7.755921213904948,51.56254382873267],[7.756919420870677,51.56277952921635],[7.75691942077187,51.562779529575906],[7.7569194207703624,51.562779529578926],[7.755322599865185,51.565994324953174],[7.754810774497437,51.56702465326363],[7.751374398146969,51.56969137125585],[7.714516298741362,51.56329077324082],[7.6085096135790415,51.56404092776146],[7.606906249201852,51.56511137650501],[7.605936310604214,51.56608161528248],[7.638816663356195,51.596841154615696],[7.642272484249056,51.60007114054926],[7.677392856184243,51.63286480156577],[7.677392856182432,51.6328648015765],[7.677392855863583,51.63286480347016],[7.677232027674585,51.63381997146049],[7.6769239925496295,51.635252896955706],[7.6844255654167775,51.6549789679146],[7.557162182909365,51.63387131752197],[7.555269813740496,51.63475941826798],[7.554141440067928,51.6353622529453],[7.538960427485752,51.63456852230244],[7.531149612341529,51.62713037465683],[7.527360706191335,51.623521188053815],[7.525908654189598,51.62213782853386],[7.525908654080931,51.62213782843033],[7.523662296429469,51.62046865930746],[7.522088468941988,51.619549087722774],[7.462967559992654,51.62654749837636]]]},"properties":{"art":"Netz","bezeichnung":"Hagen","standort":"Hagen"}},{"type":"Feature","geometry":{"type":"Polygon","coordinates":[[[7.675932601669936,50.793093594279256],[7.675932601622953,50.79309359568197],[7.675932604954167,50.79309360050001],[7.767094426847104,50.87183329609469],[7.767094429601626,50.87183329846883],[7.656278129065029,51.01846577595849],[7.655967606675087,51.0195738231214],[7.655725043694621,51.0207671033334],[7.658055281926556,51.04125869143351],[7.658055282076853,51.04125869275464],[7.542523688968557,51.07772060809971],[7.53798348290818,51.08302032291307],[7.5370145636493255,51.084345939110115],[7.536324152630578,51.08527042178535],[7.533969013539917,51.084121176608875],[7.53156011537236,51.08067755459887],[7.528321049859653,51.08136469582661],[7.37437797714861,51.072559582189434],[7.337873831568671,51.070441444056634],[7.337873831054476,51.07044144402671],[7.3378738296152415,51.070441443942975],[7.034358225864953,51.009607212864765],[7.032522940630841,51.00937027153814],[7.030604642320129,51.009102061418204],[7.020445852811799,50.9885422437142],[7.018242421785915,50.9885354136366],[7.016614062854587,50.98855098620641],[7.016614061993995,50.98855098670144],[7.002240335226973,50.99681646032127],[7.000455198118687,50.996699606503476],[7.000397157635242,50.99665379924515],[7.000397157718554,50.996653798909996],[7.000397158154323,50.996653797156874],[7.002023092856067,50.99011229653764],[7.002364779171414,50.98783515246253],[7.0023647784175465,50.98783515245313],[7.0023647765335735,50.98783515242967],[7.000370689275327,50.987810282678936],[6.89346403475453,51.08666409689578],[6.893464032232083,51.086664095747416],[6.846656078136212,51.065335051935094],[6.844803306619463,51.064960523948905],[6.843112035400113,51.064668158590955],[6.754759875141719,51.05509230559253],[6.716107107017516,51.050880805871344],[6.702814413366734,51.04942934687834],[6.701311972424056,51.04908596562321],[6.696791730674183,51.04805272288832],[6.685775765254798,51.04553375897506],[6.684458357794995,51.04507519331864],[6.682040607724739,51.044189853155714],[6.572471205506617,51.002693101114296],[6.571078390180525,51.00346784705164],[6.56961759078248,51.00424197507781],[6.562885562932792,51.00603467221571],[6.5031129833193155,51.025504401182225],[6.4759281732042755,51.07633623186521],[6.474640168846375,51.07624524461264],[6.47409711090415,51.07620687753997],[6.473916040164683,51.07619408430856],[6.471800020083745,51.07634722196521],[6.456412147720768,51.069195002597745],[6.419468399797712,51.052006594585755],[6.272106239414611,50.98319454438576],[6.2508317528699555,51.01862319341317],[6.249552362834436,51.01947672608386],[6.247979350723942,51.02030593448444],[6.062373328472781,51.11685096792525],[6.0623733278171255,51.11685096826504],[6.037974709601937,51.10089030625928],[5.98891423560608,51.08166250433853],[5.945741097064829,51.041455490246214],[5.9175587841665145,51.06970583649665],[5.864104555884643,51.051819108396515],[5.864104557278813,51.05181910449305],[5.87921516452991,51.01282070748395],[5.8994280633874014,50.99948458622548],[5.894326002677145,50.97378935420341],[5.995979150016023,50.979720079404956],[6.011654101478315,50.941762964976355],[6.016633906563772,50.929670307774636],[6.078820560031772,50.91766085027752],[6.067046872030768,50.860465929618734],[6.03161520193634,50.853416270649966],[6.016414570105433,50.848821390503204],[6.011705323099926,50.83395149155224],[6.022103762004538,50.81680901527509],[6.022103759171999,50.81680901025196],[6.004642428177453,50.80444443510063],[5.9830289937790395,50.813367245331264],[5.972739598029347,50.796927375506534],[5.972739598269655,50.79692737381329],[6.017986361354277,50.77355355188905],[6.018180682287066,50.751458519453315],[6.0366311016675,50.74264242329452],[6.036631100179773,50.74264241650197],[6.029977273834427,50.730803005808966],[6.037391758154515,50.717804428293206],[6.111984239225616,50.7151299857519],[6.128250035046501,50.68926747797321],[6.173211163202283,50.61761232439095],[6.257987221783709,50.62010339005514],[6.257987216892818,50.62010338328698],[6.168109435684608,50.55207216505875],[6.168109438062254,50.55207216218125],[6.223150246903163,50.49183213996017],[6.295736751944422,50.48889401319076],[6.3412026508412085,50.48703120846053],[6.341202651452474,50.4870312084438],[6.341202657714807,50.487031208272576],[6.381625958876122,50.48591560275381],[6.405074404348365,50.485260644247944],[6.4518739650953325,50.48394381400759],[6.590821147444342,50.500427510519096],[6.591230592031466,50.500589919044124],[6.62325459551875,50.50169947977267],[6.635001759795586,50.50212113401011],[6.635001760039899,50.5021211340189],[6.636058770686099,50.48461365088261],[6.636058767290724,50.48461362910916],[6.6206105803506246,50.46111888811781],[6.607721369458328,50.44823393784735],[6.599964725642185,50.442696909266736],[6.589336464475435,50.43617823522532],[6.5887338900365995,50.43489206936275],[6.588733875099856,50.43489203748012],[6.588733872850106,50.43489203267802],[6.588733872360219,50.43489203155311],[6.5903177128614,50.43429655599902],[6.601056820618338,50.434788655195945],[6.626306297661653,50.441100921442896],[6.641246376358769,50.43452896239587],[6.745313685437105,50.362561095966775],[6.79861833880941,50.36535099457773],[6.798618341147612,50.36535099469954],[6.798618343909559,50.365351002815615],[6.798618328419359,50.36535103265865],[6.723871837043918,50.5088819202219],[6.7238718347808835,50.508881924559624],[6.723871835013877,50.50888192810423],[6.723871864155995,50.50888193151121],[6.856497027556831,50.52429508759605],[6.92522761828357,50.53133765001858],[6.986256222069544,50.52759193277707],[7.03489670372844,50.52155455347565],[7.036581934574412,50.521124646552636],[7.03706250428408,50.521106188279404],[7.037062504965077,50.52110618825324],[7.03706251405775,50.521106223861814],[7.039424580159114,50.532416018696004],[7.039424580213771,50.53241601895773],[7.0394245887291556,50.53241603093496],[7.044870065332099,50.53743668269794],[7.073584469164523,50.53478477698145],[7.092210895382346,50.545293268181304],[7.096244323873323,50.54704118518092],[7.123037815290837,50.56225708082658],[7.200704882687208,50.64613514789381],[7.202637120199858,50.646607036200855],[7.204222664572777,50.647048754689834],[7.209540677500966,50.64556311348833],[7.2159349812731,50.627002825774085],[7.218807482571659,50.62683921708642],[7.315079478125513,50.62461310744998],[7.315079478365722,50.62461310744434],[7.316329375841702,50.614873220510546],[7.316329378647225,50.61487319864336],[7.316329375765409,50.61487319333049],[7.315153896682343,50.61437369370963],[7.314457388304969,50.61407771376404],[7.314252550042498,50.61399066660998],[7.314035593388486,50.61389846892811],[7.313871478994938,50.613872675758124],[7.313674205483765,50.61384167076274],[7.313114907722572,50.61375376524696],[7.312418008404443,50.61364422847545],[7.312417993846607,50.61364422618726],[7.312417988596805,50.61364422536209],[7.3124179895824115,50.61364421965472],[7.326261822402038,50.56596903112518],[7.444121402975601,50.572871197887395],[7.511889303666012,50.56884183622487],[7.5132585066097795,50.569938816703655],[7.51525333922338,50.57158549456789],[7.653226896198068,50.54563608841564],[7.654793300847791,50.54600165359214],[7.656551248114366,50.54661665433188],[7.689232382270405,50.572774597022566],[7.6892323845148,50.57277460078259],[7.689232390667259,50.57277462505023],[7.719171980830386,50.69058620632359],[7.719171979241288,50.690586207414576],[7.716163018890346,50.69141175948582],[7.707834606243884,50.69369620412908],[7.707834606938999,50.69369620575109],[7.7078346078423685,50.693696206861915],[7.707834608747255,50.693696207974654],[7.707834609956951,50.69369620946226],[7.713094910563496,50.70016387199835],[7.713967106895063,50.70123607731304],[7.7141541163551395,50.70146596404832],[7.715703821026476,50.703370891546015],[7.715703824212811,50.70337089688798],[7.706812001052236,50.71950226829191],[7.676296258164115,50.7807192932584],[7.676311614858698,50.781771607020275],[7.675932601669936,50.793093594279256]]]},"properties":{"art":"Netz","bezeichnung":"Köln","standort":"Köln"}},{"type":"Feature","geometry":{"type":"Polygon","coordinates":[[[7.3378738296152415,51.070441443942975],[7.337873829655183,51.070441443977764],[7.3915011309067005,51.11705964772454],[7.392303000442853,51.11821604296161],[7.392790108751001,51.11925619607539],[7.392790109101247,51.119256196823265],[7.303809547023417,51.28965505701268],[7.303813273092126,51.29061888292443],[7.303950239769813,51.291946358182464],[7.3039502398082154,51.29194635855469],[7.30395024081082,51.29194636025076],[7.304391461961301,51.29219211063079],[7.3185653232250125,51.30403426104603],[7.340225374871733,51.32211614837504],[7.340225375203662,51.322116148651965],[7.338638137854297,51.32376053503339],[7.337217497273221,51.32511762246071],[7.337217497269012,51.32511762246473],[7.321369843790864,51.31948066501139],[7.318947811988719,51.31881452797014],[7.290648538471961,51.31740792907622],[7.240064959255877,51.3148764635371],[7.238253721678517,51.31466881844923],[7.236389969736338,51.31442837352823],[7.121044591701496,51.28108465910727],[7.072075960198671,51.26580096432465],[7.070175223726291,51.26646967094264],[7.066787291638961,51.26780051988805],[7.046826812916492,51.260491923807514],[7.046826812864261,51.26049192378841],[6.905884483969203,51.302642851912054],[6.86958344190646,51.30465110357279],[6.868498715818843,51.30481549198701],[6.868498715598826,51.30481549202033],[6.868498715192158,51.30481549266775],[6.870176317135283,51.30780733416442],[6.8701763172466315,51.307807334363],[6.87017631819032,51.30780733658692],[6.868338824226117,51.30814684089222],[6.866846525358758,51.30496953237034],[6.865726061507189,51.30505959094331],[6.841247721115167,51.29898879570766],[6.838881489033937,51.2990264626137],[6.8387240752843335,51.29956368235932],[6.838926645876516,51.30046200438217],[6.8392477587781295,51.30400677545931],[6.839271282614119,51.304266437798915],[6.8375029943042644,51.305020219489656],[6.835054486389395,51.30922685364911],[6.832919842641936,51.30894082821196],[6.782444227092763,51.34277745063613],[6.780494102557353,51.34270982420536],[6.778658896861241,51.34262591334678],[6.708724733746282,51.326342229742934],[6.66534987939533,51.36797815366197],[6.665349878070312,51.36797815493244],[6.66133040044892,51.371831761161374],[6.661330400576519,51.371831761586144],[6.661396624335102,51.371925050507265],[6.662215132832007,51.372365643185155],[6.6655495270977285,51.37375877276358],[6.688080435190302,51.38413302522955],[6.692202268371259,51.38620857799457],[6.6949360510987015,51.38825508121477],[6.697369065408215,51.389545471868495],[6.697369065523853,51.38954547192982],[6.697369065639518,51.389545472537016],[6.695133348638525,51.39096164593516],[6.694949162186907,51.39130787891988],[6.694707684867417,51.39424231487209],[6.669076692546652,51.404209430473294],[6.667142891343078,51.403890876923164],[6.667101612458416,51.40383939959121],[6.6671016123629165,51.40383939920549],[6.667435127649831,51.40328479805277],[6.667961952733177,51.40256635520022],[6.668460184923177,51.40198314636447],[6.6695494683030425,51.40096510598848],[6.670462841446053,51.400334323025426],[6.671496297661648,51.399754765670835],[6.672889172723754,51.3991265161892],[6.674217447070757,51.39867141650008],[6.67661709276891,51.39798634862998],[6.680496399927197,51.39671647926549],[6.68392271698566,51.395577086286416],[6.68910908499915,51.39381640113657],[6.694612183043146,51.39129414839901],[6.694785701374666,51.39094866645666],[6.694785701171022,51.39094866588847],[6.694785700966442,51.39094866586604],[6.694009243606024,51.39086360368602],[6.689849167772771,51.389463876839535],[6.682487303255359,51.38547001654295],[6.66451256978682,51.40392114199492],[6.4172606985614955,51.40962276658188],[6.20262181871228,51.39545237508863],[6.202621817486671,51.39545237496357],[6.2026218176921395,51.39545237434792],[6.212630139534946,51.365443900828126],[6.212630140166589,51.365443897331055],[6.072513562460835,51.245090423661374],[6.0630939246630176,51.22198970453858],[6.063093924301715,51.221989703650145],[6.075653316080885,51.17107806447058],[6.099202337229447,51.165417730184274],[6.1376657861249635,51.18362670366272],[6.138774906406073,51.17333728530302],[6.167102031633278,51.15827976910715],[6.167102034913256,51.15827976606704],[6.141983058877802,51.1518793309423],[6.092530060857321,51.13833702437662],[6.0623733278171255,51.11685096826504],[6.062373327028508,51.1168509668956],[6.247979349629596,51.02030593162933],[6.249552361738941,51.01947672322702],[6.2508317517732435,51.01862319055483],[6.272106238266426,50.9831945414401],[6.419468399797712,51.052006594585755],[6.471800020580241,51.07634722304763],[6.4739160408266825,51.076194085751354],[6.474640168846375,51.07624524461264],[6.47592817221169,51.076336229312],[6.503112982249835,51.02550439849989],[6.56288556238689,51.00603466936957],[6.569617589686249,51.00424197237759],[6.571078389083029,51.00346784434982],[6.572471204408098,51.00269309841127],[6.6820406066973765,51.0441898506427],[6.684458356775747,51.045075190810124],[6.685775764218266,51.04553375646884],[6.6871312460173185,51.045843778182345],[6.696791730674183,51.04805272288832],[6.7028144140416,51.04942934827295],[6.754759875141719,51.05509230559253],[6.833267568005513,51.063604693511174],[6.843112034422109,51.06466815624016],[6.844803305676537,51.064960521607006],[6.846656077778754,51.06533504985834],[6.8934640338249284,51.086664094633],[6.893464036347373,51.0866640957814],[6.893464037491242,51.08666409615135],[7.00037068821901,50.987810280230114],[7.002364776899478,50.98783514999061],[7.002364778746694,50.98783515025913],[7.0023647784175465,50.98783515245313],[7.002023091807116,50.99011229408985],[7.000397156760989,50.99665379605725],[7.000397157635242,50.99665379924515],[7.000455197603209,50.996699604105736],[7.002240334165772,50.99681645789071],[7.016614062810972,50.988550983187245],[7.0166140636715575,50.988550982692225],[7.018242420744568,50.98853541119305],[7.020445851899211,50.98854224153431],[7.030604641946604,51.00910205912459],[7.032522939628644,51.00937026916476],[7.034358224835648,51.00960721048714],[7.119215068936696,51.026710335298134],[7.3378738296152415,51.070441443942975]]]},"properties":{"art":"Netz","bezeichnung":"Düsseldorf","standort":"Düsseldorf"}},{"type":"Feature","geometry":{"type":"Polygon","coordinates":[[[15.03345538024435,51.24096815636828],[15.023464482457237,51.223264768377156],[15.038501552133779,51.289108331082396],[14.983444344953549,51.3334830974589],[14.966190003445208,51.4710944210647],[14.76201497577022,51.537604996791956],[14.720338574264435,51.56275792144728],[14.718657982049407,51.56174338288775],[14.712485420394703,51.55801651959309],[14.652890248210198,51.52198433763117],[14.631374201193328,51.508953169503684],[14.629640854795534,51.50819527809805],[14.629640852432564,51.50819527706482],[14.629640842381248,51.50819527793028],[14.626079038385972,51.50976096381056],[14.620252885407075,51.51070187833117],[14.578163715611064,51.5392996744443],[14.46076778141317,51.55368149491722],[14.460767779380323,51.55368149516517],[14.458797191243056,51.55192887702847],[14.458797186654508,51.55192887330002],[14.458804422922832,51.55190697460533],[14.461832481256089,51.5511219524438],[14.464918138118556,51.54996064393847],[14.46725876363071,51.548590419348415],[14.47479247347945,51.546732584011885],[14.478079059327872,51.54695510917207],[14.481571715916454,51.54634472409972],[14.484121292642767,51.54581151023497],[14.484137037654367,51.545781959062914],[14.483066739501185,51.54459135747711],[14.46576302107479,51.53841658827692],[14.46576301988386,51.53841658785181],[14.463100774844433,51.53931264654811],[14.46135153278775,51.5398520873422],[14.172220010490426,51.57964452211339],[14.172220009022372,51.579644522313465],[14.170421903560657,51.57888200651359],[14.167974710710766,51.57801278714668],[14.167974709271707,51.57801278663554],[14.13132030944961,51.58592319691127],[14.126160331790254,51.58869635328806],[14.122312749480662,51.5910006627473],[14.06447087748402,51.60968296870458],[14.019967756671429,51.624492196059045],[14.018422994478891,51.62452482404747],[14.016278064796147,51.624499809409976],[13.903698454652657,51.54947331602264],[13.77640373448542,51.516608218785024],[13.577050473919742,51.55751887370606],[13.57500938248326,51.5575787118874],[13.439825792017793,51.56260809527334],[13.439825791030945,51.562608095309486],[13.439825788076492,51.56260809541771],[13.439825685162747,51.562608025722824],[13.38180638893547,51.52311749236061],[13.381806385477155,51.523117487579064],[13.381419161772984,51.52258209833317],[13.380898437447454,51.52186210373099],[13.380575463893228,51.52139606597889],[13.30931763871278,51.417458935723644],[13.309317593819227,51.41745893747923],[13.306856608296552,51.41755514946591],[13.305034688465232,51.417525449576324],[13.051170643096285,51.43554521557873],[12.82416796645823,51.399468280985985],[12.824167963085639,51.39946827169568],[12.824167949818086,51.399468226497426],[12.810287385231087,51.35212708561609],[12.80990543628734,51.3508228870859],[12.80971839916654,51.34978803457339],[12.776250694988954,51.28962059085289],[12.776250653827798,51.289620590997934],[12.774116710571196,51.28962808232952],[12.77411671593913,51.2896280314685],[12.774678440275402,51.284305265475126],[12.776523259363518,51.284356208825855],[12.825303446819426,51.23741266607314],[12.983818438180036,51.20442461932452],[13.065823697677391,51.22250748847294],[13.067382823352865,51.22303429545402],[13.06746025402444,51.22308401726275],[13.068837375877436,51.22396830696003],[13.092139140904324,51.22697256963915],[13.277213805495585,51.299534703659596],[13.281082303763297,51.299412213995026],[13.282710379997882,51.29849526538651],[13.2002849008835,51.14057337849473],[13.20040429663266,51.13955951421958],[13.200708631054658,51.13825546036396],[13.227947673283277,51.128589163285234],[13.284207623067365,51.10642670030379],[13.28547183886746,51.105540351900345],[13.28694326856214,51.10479109050692],[13.29076943252343,51.10387169339409],[13.311110615283164,51.10615164529134],[13.354657254687186,51.138754007674194],[13.39002595481698,51.12472087819554],[13.422170518687206,51.123930831047645],[13.425027428664663,51.123601476853025],[13.426238104143899,51.12381345800118],[13.426238223044075,51.1238134788191],[13.4262382297112,51.12381348391658],[13.426836410685766,51.12621166426348],[13.426836443092006,51.126211794176314],[13.426836448658328,51.12621180528008],[13.429292787220499,51.12505547526895],[13.429110710972136,51.12428919788691],[13.429110704069952,51.12428919207843],[13.429110577139582,51.12428914112863],[13.427388566989492,51.123597903384365],[13.426042351864169,51.12319454244206],[13.42604235096844,51.12319453454189],[13.426042354096037,51.12319453117492],[13.426042372049386,51.1231945118475],[13.426042381190536,51.123194502006726],[13.495683104672871,51.04808649866814],[13.581375790999346,50.96824050325581],[13.583860573137661,50.96799876868667],[13.58527600986295,50.967847630754505],[13.6080341082058,50.945856481819256],[13.598717605482104,50.8880905747906],[13.603877337090003,50.78667034046759],[13.682228283666047,50.76851224501154],[13.728785189464716,50.73062832377453],[13.797296251558665,50.72897382274388],[13.879821829682932,50.72692715581856],[13.922209589410242,50.749778414605096],[13.902585824855336,50.77510061602089],[13.988931008970077,50.804377600223226],[14.063501892711672,50.80388146529637],[14.213821420298018,50.84949781228347],[14.27504819274234,50.87278470238467],[14.393576727481125,50.900020700555025],[14.41397067287362,50.93547494115795],[14.324500857409202,50.9890448843661],[14.279758338538597,50.997443965615176],[14.309390481459278,51.04188401536901],[14.558613855278859,50.98879815946709],[14.560738119140458,50.91960072722985],[14.581916305304954,50.913246592588095],[14.584208016393626,50.91506696832972],[14.593004426190273,50.9162929789242],[14.59813719238649,50.91918380210719],[14.599262741128504,50.91981764111095],[14.611732906152813,50.90474693748079],[14.637657848025114,50.8988452211546],[14.615853788135428,50.857697788971954],[14.705279896767523,50.83725985667854],[14.714411683412342,50.82104490392471],[14.801713576526744,50.81924698690605],[14.831934512610125,50.8868903033138],[14.898067238885497,50.937619561036875],[14.986571467029163,51.077641722219624],[15.03345538024435,51.24096815636828]]]},"properties":{"art":"Netz","bezeichnung":"Dresden","standort":"Dresden"}},{"type":"Feature","geometry":{"type":"Polygon","coordinates":[[[13.354657258307952,51.138754006238564],[13.354657254687186,51.138754007674194],[13.354657253206785,51.13875400826118],[13.31111062170979,51.10615165010751],[13.311110615283164,51.10615164529134],[13.311110601247444,51.10615163477276],[13.290769298637915,51.1038716062452],[13.286943134804524,51.10479100340637],[13.285471705121736,51.10554026479037],[13.284207489320549,51.10642661317669],[13.227947540696421,51.12858907629345],[13.20070851067818,51.13825536792939],[13.200708504694564,51.13825537005164],[13.200407233461945,51.13954689998923],[13.200407065205635,51.139547621286574],[13.20040321626215,51.139568633089624],[13.200400870609188,51.139588528978216],[13.200284768781243,51.14057329151055],[13.282710232536155,51.29849516682059],[13.281082156321899,51.29941211541577],[13.277213658237786,51.299534605168546],[13.092139007862869,51.226972480283216],[13.06883724622675,51.22396821863757],[13.068837245919857,51.223968218597975],[13.06746025402444,51.22308401726275],[13.067382823352865,51.22303429545402],[13.067382820398924,51.223034293557156],[13.067363961859241,51.223027920755264],[13.065823566194158,51.22250740004557],[12.983818311820226,51.204424534042126],[12.825303325416998,51.23741258280188],[12.785180706630916,51.2376601060049],[12.773302662299795,51.24741438416373],[12.76060142227533,51.25339997455817],[12.738006444627091,51.25751303136813],[12.738006439274766,51.25751303234183],[12.738006438765135,51.257513032434545],[12.717688623080095,51.24400386766374],[12.732546837938235,51.19588193932913],[12.7325468393149,51.19588193486605],[12.732546853769856,51.19588188800394],[12.726230378447363,51.195760406016944],[12.726230370385215,51.1957604058617],[12.726230285732882,51.195760404231606],[12.727176116507751,51.193317343405624],[12.727669183421567,51.19184651103429],[12.72791793029942,51.191433356243834],[12.728284618469495,51.19093815662673],[12.728606931817238,51.190619352652064],[12.729168837565657,51.19018238672231],[12.729689409390495,51.18986876353492],[12.730165495868007,51.18963944385262],[12.730886179184926,51.1893539620057],[12.731933766823502,51.18907875588017],[12.732867469673774,51.1889195346723],[12.732839374120552,51.18889137149774],[12.732816445359497,51.18884803893407],[12.732816442578695,51.188848033678674],[12.732816413380746,51.18884797849805],[12.73057279687409,51.18926906864599],[12.729792921462405,51.18962520637955],[12.72799642828431,51.19075051207493],[12.724991164644235,51.19638931915477],[12.723159588557492,51.1980500141644],[12.713064209130309,51.19999945762973],[12.65448436976151,51.177259177444434],[12.65448429342776,51.177259147777846],[12.65448429092501,51.17725914680516],[12.676617647422571,51.15331671078989],[12.726069013669608,51.10595682947427],[12.7085694325118,51.071083764744905],[12.730916918941725,51.029007806719115],[12.723789542195739,51.01812218129424],[12.72378951573489,51.018122140869856],[12.7237895148673,51.01812213954443],[12.722131468460228,51.01809074453154],[12.722119808792028,51.01809052379608],[12.721966339535667,51.018087618277974],[12.721921505739163,51.0180847135354],[12.721726634633184,51.01806470325907],[12.72171085232235,51.0180630826425],[12.719768079828047,51.01786357053818],[12.710394914328296,51.01439864918595],[12.71039489600228,51.014398642410214],[12.710394895401425,51.014398642188056],[12.703448061151441,51.008329311444484],[12.705334124830436,50.999569820992704],[12.707823355548621,50.999576986860134],[12.707029709002938,50.996630550059784],[12.707029702717422,50.9966305267231],[12.707029702511322,50.996630525957904],[12.704478243500237,50.99577713702859],[12.704478242764583,50.995777136782515],[12.704478228547277,50.99577713202703],[12.703401936521637,50.99508831653662],[12.704240582684355,50.965578350952605],[12.704240582706063,50.965578350188736],[12.688965058638852,50.96125721580919],[12.68715595022752,50.96074526846235],[12.6871120382885,50.96073700918746],[12.687112038267845,50.96073700824747],[12.687112038133643,50.960737002138984],[12.687091299202327,50.95979302379309],[12.687257642419752,50.95845020685451],[12.68738605660273,50.957568727490504],[12.68747162479113,50.956981342518006],[12.689077395868159,50.94595621223899],[12.689153108691844,50.945436265796914],[12.671453850295668,50.9362428913883],[12.671453847357286,50.936242889861504],[12.43516311068635,50.878385266195586],[12.435163110641541,50.87838526618456],[12.433928062879449,50.8774849285037],[12.433910275837162,50.87747196142335],[12.433907578536012,50.87746999504037],[12.433890502968174,50.87745753164821],[12.433887515530353,50.87745534876187],[12.433867702948696,50.8774408719298],[12.432640384049908,50.87654405896598],[12.431770653725897,50.87199945780934],[12.427764285100166,50.85105192434904],[12.427764285036506,50.85105192401601],[12.427764269372972,50.85105191336793],[12.405107600842587,50.83956125144185],[12.400242060217023,50.84194460767127],[12.397259099716358,50.84362077370008],[12.397259099609453,50.84362077376015],[12.39725908160362,50.84362076009992],[12.382502804657467,50.83157607061358],[12.382502803645632,50.83157606978737],[12.382502795038704,50.83157606502462],[12.36404375874534,50.8233004914496],[12.358186726469409,50.82067341208065],[12.316045730171144,50.80175398041062],[12.316045715475335,50.80175397380739],[12.316045712014459,50.80175397225234],[12.31604571028407,50.801753971474874],[12.26594734478716,50.73933337816473],[12.265947337439323,50.7393333689953],[12.26241000915553,50.73847936932099],[12.260991466078016,50.7381576361018],[12.260991454183161,50.738157633403894],[12.241053483967407,50.69487727672789],[12.241053481703425,50.69487727180837],[12.24105347811625,50.694877264013684],[12.183941346412874,50.681126124860164],[12.181021160247337,50.68136686600107],[12.02631135662153,50.697745181860924],[12.023602481738282,50.69800528978737],[11.827883024521952,50.62487157237061],[11.76728600829032,50.60211381634256],[11.767285998366866,50.602113812611265],[11.767285995665487,50.60211381159554],[11.694905844166435,50.501830357689684],[11.735702365901487,50.395317825825614],[11.735702367200217,50.39531782242753],[11.735702370085463,50.395317814878325],[11.735702370225804,50.39531781451108],[11.735702383886048,50.3953178083213],[11.95097604230091,50.40491351479342],[11.952564988205708,50.40398904003427],[12.12827766754008,50.31114019700843],[12.128277668397926,50.311140197149484],[12.176355270773154,50.31903511750071],[12.199119885109841,50.273403272824936],[12.251319015207146,50.26474853690295],[12.235228205995352,50.2436689522711],[12.274868192337701,50.22760235150647],[12.28193286688524,50.21818573295607],[12.281933170835284,50.20386884729147],[12.27369150457524,50.19658309980287],[12.27781269072108,50.18992452612981],[12.28919461034599,50.18288808211982],[12.29017614625425,50.17409097987862],[12.336455891857547,50.16992277109412],[12.336455895977554,50.16992278056024],[12.355610366999471,50.21388616787297],[12.340410989732174,50.22283183852494],[12.336486033469175,50.239151227953315],[12.336486044428943,50.23915122521134],[12.354539964769188,50.2346326086097],[12.354539972032118,50.23463261874135],[12.362081745552352,50.245150569342975],[12.355717101373976,50.25697066513421],[12.374948224739033,50.28255872003146],[12.374948227116423,50.282558720826415],[12.400459191765115,50.291084976822596],[12.400459192561012,50.291084984326794],[12.403599075466058,50.32066424725933],[12.403599084643018,50.32066424773375],[12.434665236255116,50.322266040471774],[12.434665242245421,50.322266051347114],[12.44323950980635,50.33782676964466],[12.465218339096255,50.3500997736671],[12.485234746709741,50.34433933341746],[12.48523475596887,50.344339345584984],[12.495243008895443,50.357487080289275],[12.492103253085029,50.37163254291303],[12.513885950747406,50.3942814851475],[12.513885950936626,50.39428148516761],[12.670288508560388,50.41079182363969],[12.709928721801885,50.394781533032344],[12.709928755357529,50.394781562719295],[12.709928760169113,50.39478156838171],[12.709928767316795,50.39478157679338],[12.739070367843752,50.42904688147108],[12.790877508797045,50.44404573502185],[12.812071283634982,50.429296883838866],[12.823453297562093,50.454042314741585],[12.846216946029378,50.44504541344681],[12.944925011795704,50.4027869927946],[12.98986387336213,50.41466804282501],[12.989863876352114,50.41466804577778],[13.025972026494063,50.45029344331867],[13.033821837692889,50.49887586863144],[13.043633899799731,50.50848651992582],[13.043633900276,50.5084865195225],[13.054625878505126,50.49917590492979],[13.098596517995455,50.499810042330445],[13.116635023929906,50.50773775286965],[13.116635029515352,50.507737756915226],[13.130077447912662,50.517471343181676],[13.130077448048935,50.51747134307066],[13.136357067951417,50.51235519574621],[13.135964540095104,50.50586562251906],[13.14420659626244,50.50561600412001],[13.154803542051358,50.50748809563974],[13.178344652908907,50.50283170598795],[13.198445821342467,50.50437060290666],[13.198445821533916,50.5043706063165],[13.199055578140774,50.51522530590414],[13.199055583430322,50.51522530923411],[13.208769360789368,50.521339228233124],[13.208769360947747,50.521339228531225],[13.213675401412273,50.53057109042328],[13.230748323904669,50.54915408685408],[13.227804853228431,50.563740991721325],[13.2376168460715,50.57022260061861],[13.239383072899987,50.580192578914456],[13.254689826151054,50.59377326045922],[13.254689826806038,50.593773260135876],[13.2599882383298,50.591157102116874],[13.279023404083324,50.590658752314624],[13.281264072784337,50.58483245334063],[13.290858930102237,50.574071564974915],[13.302571970321843,50.57832330668564],[13.32631687800835,50.58006793634193],[13.326316877555657,50.580067939600475],[13.323373460130314,50.60124714625384],[13.328279490588695,50.60685179906453],[13.328279492768218,50.60685179872215],[13.335913709278167,50.60565243769813],[13.335913713016547,50.60565244175593],[13.341035056596906,50.61121052160923],[13.341035059417202,50.61121052235699],[13.368205089983874,50.618409989315744],[13.368205091166956,50.61840999210894],[13.370667239467114,50.62422199778031],[13.370667244321984,50.62422200004617],[13.379288602900175,50.628245080368046],[13.379288602189343,50.628245081457],[13.376063757849264,50.633184712738974],[13.3737090781057,50.64886538027557],[13.373709084934651,50.648865376593406],[13.401967313779995,50.63362031950158],[13.413541483561763,50.6151131941663],[13.421198653418962,50.61451027453691],[13.429242035285176,50.61028620769702],[13.441067835526544,50.61068107608382],[13.44798524601801,50.607629962732304],[13.450241985636948,50.60576184007949],[13.45917085084856,50.60386249290755],[13.463387490388193,50.60124326427395],[13.463387495476121,50.60124326867931],[13.497952764524303,50.631146266998485],[13.497952766373556,50.631146267500874],[13.52574504630825,50.638692044965666],[13.525745044297992,50.6386920470457],[13.523121948923949,50.64140597996506],[13.525622483169412,50.64968957586655],[13.516602163688871,50.64815086618667],[13.510904599482044,50.65404435123239],[13.531224735595362,50.668836388754166],[13.531224736047005,50.668836388677896],[13.54073292429985,50.667230652128545],[13.54073292260102,50.66723065765633],[13.538591440952121,50.67419784316827],[13.543970946762071,50.6781126290213],[13.539948116563068,50.69079484087707],[13.525917092650774,50.700428553122734],[13.5258681527968,50.70393971545826],[13.525868159304675,50.703939716588756],[13.538034936221392,50.706052525540635],[13.53803494208839,50.706052529875876],[13.545099467170639,50.71127183715424],[13.545099467785787,50.71127183731467],[13.55510762382911,50.71388129370839],[13.567673314782768,50.712792634985405],[13.58944940003613,50.71276292552626],[13.602090473347626,50.709810691844126],[13.610692243445692,50.713011419802015],[13.618642280873564,50.71356652746722],[13.627666901602954,50.71568294983454],[13.62766690157815,50.715682952849406],[13.627617981380046,50.7216466834675],[13.627617988073823,50.72164668604771],[13.645671850339076,50.72860334533472],[13.665982572288378,50.730590766670474],[13.691809063599973,50.71678388947039],[13.708419285566286,50.71652159668559],[13.708419292140205,50.71652160124008],[13.712892869028105,50.71962065321115],[13.712932826628691,50.72416232359375],[13.712932833724977,50.724162326489136],[13.72878503746998,50.73062826019221],[13.72878503615686,50.730628261261806],[13.682228151324036,50.76851216893199],[13.603877210093222,50.78667026322407],[13.59871747143185,50.88809049570674],[13.608033970425929,50.94585639971607],[13.58527587100789,50.96784754388848],[13.583860434347395,50.96799868185027],[13.581375652317076,50.96824041646629],[13.495682964611513,51.04808640950255],[13.426042377815095,51.123194500995325],[13.426042381190536,51.123194502006726],[13.426042387014727,51.12319450375184],[13.42604238763191,51.12319450393676],[13.426042398453543,51.12319450717931],[13.427388424948433,51.12359781157289],[13.429110575344849,51.12428913357525],[13.429110577139582,51.12428914112863],[13.429110577937521,51.12428914448689],[13.429292644974234,51.12505538331969],[13.426836413188438,51.12621166308541],[13.426836410685766,51.12621166426348],[13.426836405849256,51.126211666540186],[13.426238105168911,51.1238134621108],[13.426238104143899,51.12381345800118],[13.426238101897047,51.123813448992706],[13.425027286741798,51.12360138509867],[13.422170376883736,51.12393073934666],[13.390025814557895,51.12472078727924],[13.354657258307952,51.138754006238564]]]},"properties":{"art":"Netz","bezeichnung":"Zwickau","standort":"Zwickau"}},{"type":"Feature","geometry":{"type":"Polygon","coordinates":[[[12.260991468220706,50.73815764074833],[12.262410028788098,50.738479382842854],[12.265947337439323,50.7393333689953],[12.265947346862223,50.73933337127],[12.265947369699802,50.739333384178764],[12.316045708025195,50.80175396202829],[12.316045715668462,50.801753971536584],[12.316045716108066,50.80175397208347],[12.316045715475335,50.80175397380739],[12.19437236405353,50.85233896672408],[12.156326124006407,50.854841677994806],[12.15734742090382,50.865664547558325],[12.159716133123005,50.86755263788021],[12.158940207564807,50.91294587154222],[12.2502789903331,50.995454931844705],[12.275181846452854,51.017885567894574],[12.266874079286678,51.01998328921125],[12.24120229110854,51.026460557425885],[12.24063475713486,51.0265430365647],[12.226030582679279,51.02866440236628],[12.107021409776504,51.045876305784276],[12.105278430819956,51.04646575462118],[12.103576600695689,51.04700847659336],[11.759326848886387,50.982296607127914],[11.759326858637687,50.98229662154563],[11.827069120689307,51.08221501547937],[11.82706912130093,51.08221501637931],[11.827069145121044,51.0822150218993],[12.046090051871035,51.118036923737655],[12.046090052476272,51.118036923836],[12.046090082536633,51.11803695761531],[12.046951003157863,51.119039083978976],[12.044703270072217,51.12273878651154],[12.046178821026427,51.124053876915475],[12.046178822166214,51.12405387793126],[12.046178836414711,51.124053884391564],[12.04909849439158,51.12513417851313],[11.995588022818442,51.22540539709555],[11.99544595064477,51.22544074570588],[11.992669695214772,51.227313006706055],[11.678048076170487,51.29141168308239],[11.65120450417464,51.28781509299089],[11.64771451554885,51.28568437802445],[11.647011063514533,51.28162448568345],[11.610688435383258,51.25386456294596],[11.590342018878076,51.228766052524406],[11.572532616862091,51.21508434901573],[11.56767963564341,51.20971746231045],[11.559515179674984,51.206287118839],[11.554077619898921,51.20909872529572],[11.548954404333028,51.20692710309183],[11.550408272312712,51.20628963830556],[11.518804602684504,51.190552875564386],[11.484744695182073,51.15371557075578],[11.468834666326165,51.14236541342696],[11.457830355736581,51.14041592712372],[11.454198279443638,51.143097051680755],[11.45165943655049,51.145210825793804],[11.474884603369127,51.16060307423335],[11.512261440725688,51.1966845183306],[11.545925384257858,51.20827786290944],[11.547160098222712,51.207702749978765],[11.553583960042552,51.21006707561887],[11.552393222029197,51.21108323481685],[11.554929227659759,51.21353645952268],[11.574094260595436,51.22912471064768],[11.604469716873792,51.2617072184904],[11.624788132709524,51.280439009562905],[11.633681853520722,51.28534615985587],[11.638330383289404,51.287399259991915],[11.646287782502608,51.28674784461236],[11.649271839100779,51.2882517182591],[11.643441975835978,51.29309772867337],[11.65086705810831,51.29690160985218],[11.611149974745409,51.3049098658993],[11.607007914660675,51.30019688329124],[11.601236079169595,51.29856576326493],[11.597644070512452,51.29852846683102],[11.594013075653935,51.298719579362924],[11.591991336250256,51.29884648937274],[11.588072848111704,51.2989838756832],[11.587863598291795,51.30014894835628],[11.58138116136233,51.30066400947983],[11.569087063112478,51.300103246103646],[11.560774275028006,51.297423033988146],[11.560264363000377,51.29077020167508],[11.567121454167264,51.28022679931026],[11.568548792708283,51.27948964852658],[11.570436953470374,51.2786072025695],[11.570099857585026,51.26299296544408],[11.469149083715612,51.24866747668724],[11.3509004662692,51.25178772523425],[11.163869915861216,51.18527220370061],[11.163869915607899,51.18527220361019],[11.14946385971897,51.18505605347555],[11.14773706300392,51.18540977894961],[11.145989402260787,51.18594847342531],[11.035008648443155,51.236808511982666],[10.94465149217376,51.22276196548944],[10.943356521801785,51.22282438951094],[10.939246304982559,51.2229928606456],[10.80643343267332,51.21346326579455],[10.531053150431468,51.16218666159274],[10.529491865278487,51.16142155086411],[10.528097196352137,51.16075848216328],[10.413966110861686,51.1642263765033],[10.26494272304314,51.148953424046546],[10.264942722896869,51.14895342403145],[10.264942722735388,51.14895342401476],[10.242469832095422,51.12011025571896],[10.242469832030439,51.12011025563551],[10.242469832024149,51.12011025562745],[10.125249501341838,51.073377120014804],[10.125249501192021,51.07337711995494],[10.125249501174684,51.07337711994801],[10.042812642282941,50.95503563302264],[10.042812637439663,50.95503562605017],[10.043553490227444,50.9536679260487],[10.044565884706856,50.951754883098765],[10.044565885043465,50.95175488246267],[10.044565889722579,50.951754873620544],[10.044565889746622,50.95175487357513],[10.044565889750036,50.951754873568646],[9.992160045091596,50.91973912639937],[9.991262895945532,50.91919044784138],[9.986792857377681,50.916456363354],[9.908631366382943,50.868568958625765],[9.908631363645535,50.86856895694599],[9.908631358282236,50.86856895271477],[9.908631358313219,50.86856895265729],[9.942095592496212,50.80638151738549],[10.004123123944616,50.71178380497284],[10.005104551439768,50.710283723928285],[10.00707240775503,50.707275606566384],[10.112406829008185,50.545652060563285],[10.112406831851171,50.54565205618494],[10.112406836812385,50.545652051911304],[10.112406836861664,50.5456520518917],[10.359715636229218,50.44688197808593],[10.362292167415871,50.4441238798908],[10.453779264287055,50.371053920723114],[10.515040503789617,50.32196034489794],[10.948648270498527,50.37654953403679],[10.956300067197551,50.377497170481455],[10.956300065673666,50.377497178302676],[10.956300064891998,50.37749718231446],[10.953638797297542,50.39115224060341],[10.914138077325518,50.40329076694897],[10.91218290933298,50.41304268876087],[10.912182909701164,50.41304268892311],[10.914169089662998,50.41391775275115],[10.914169090053761,50.41391775253254],[10.914169090084908,50.4139177525151],[10.91435454756279,50.4138139881349],[10.915930236553763,50.41174713286086],[10.915930236610055,50.41174713287977],[10.915930236732097,50.41174713292075],[10.942776253192758,50.42075678828055],[10.974274884265467,50.431315512757706],[10.97486244956909,50.431512344942625],[10.980353342145001,50.43335154895399],[11.029523049901979,50.39425313423561],[11.030604447085889,50.3945509699243],[11.031351654563766,50.39227812444136],[11.031351655800538,50.39227812067917],[11.031351658202235,50.392278113373386],[11.03135165831764,50.392278113022336],[11.031351658325171,50.392278112999406],[11.031351295861825,50.39227800868885],[11.031314595815678,50.392267447080016],[11.030908197938098,50.392150492030694],[11.03090819556258,50.39215049134703],[11.030908193923452,50.39215049087531],[11.0232485893219,50.36233192068715],[11.027621420825474,50.361135202405556],[11.03576293548775,50.35965806127354],[11.035762935491409,50.35965806128589],[11.035762935589318,50.359658061616464],[11.035762937829809,50.35965806918072],[11.040326563463415,50.37506025930897],[11.042667891117661,50.38295805624498],[11.03518581983538,50.393356286050825],[11.034709052092659,50.393226213759895],[11.033892010619542,50.39545193026574],[11.033953317883366,50.405409818918166],[11.03446205691835,50.44912093259763],[11.03446205757377,50.44912093281381],[11.034462057859997,50.44912093290822],[11.034462057924571,50.44912093292952],[11.034462058085193,50.449120932982474],[11.145759027771863,50.48574853181411],[11.16177913801453,50.48734837688289],[11.164234328881912,50.48731095786902],[11.16650753267876,50.48721395740279],[11.351158744925527,50.5181163325078],[11.393200664723762,50.51825998291912],[11.39522899841671,50.517862498818474],[11.39804334465804,50.51720602865304],[11.645454630588475,50.413258182073804],[11.64545463089911,50.4132581819427],[11.688120754300483,50.395234040214945],[11.690148183197262,50.39451159137739],[11.694122172735852,50.39323782769076],[11.735702383886048,50.3953178083213],[11.735702381309228,50.39531781506353],[11.735702381168887,50.39531781543075],[11.735702378283627,50.39531782297998],[11.735702376984905,50.39531782637806],[11.694905858365038,50.501830357370444],[11.767285994343958,50.60211380705101],[11.76728600426741,50.60211381078231],[12.023602481738282,50.69800528978737],[12.026311378444042,50.6977451973709],[12.181021185164148,50.68136688418365],[12.183941372255116,50.681126133381795],[12.24105347811625,50.694877264013684],[12.24105348358421,50.69487726532847],[12.24105350730202,50.69487727796374],[12.241053509566,50.694877282883205],[12.260991449935126,50.73815762419186],[12.260991454183161,50.738157633403894],[12.260991468220706,50.73815764074833]]]},"properties":{"art":"Netz","bezeichnung":"Erfurt","standort":"Erfurt"}},{"type":"Feature","geometry":{"type":"Polygon","coordinates":[[[12.118221595814145,51.13674455689883],[12.118221596886093,51.136744557116614],[12.136013461635573,51.171125418299525],[12.136013472932762,51.17112544011224],[12.066509270612322,51.223470401174346],[12.065598497412577,51.22432602840419],[12.06495235460626,51.30298386386671],[12.06456544311811,51.30401339091434],[12.064047264264413,51.30519906265388],[12.064047256474467,51.305199080478005],[12.191828017817864,51.359598271372455],[12.191828085541726,51.35959830013182],[12.191714484047184,51.36077376247218],[12.191577325718132,51.361913330397094],[12.178997150293343,51.40959124886257],[12.178997147156528,51.40959126073935],[12.179315025241051,51.40977457267758],[12.180398024274343,51.41039909125127],[12.181488720982642,51.411132408876696],[12.181625252029756,51.41122420156551],[12.181625317809889,51.41122424579074],[12.183991459480827,51.42266398007026],[12.184670455407844,51.42697234654098],[12.184926983220402,51.428065205784584],[12.181726814282328,51.46045385653786],[12.177360370501257,51.50458858585731],[12.177304939694707,51.50573104139344],[12.177304938892199,51.505731057933374],[12.269937168513081,51.55660381732451],[12.269937228230535,51.55660385005946],[12.286386216973757,51.58368281064487],[12.28730515108039,51.58463875719297],[12.287608259598954,51.58583346135896],[12.286806649560429,51.58625177866664],[12.285172052755417,51.586931981041005],[12.076301114707093,51.60941677031634],[12.075825826821548,51.610572091677405],[12.0756593821036,51.61204661986549],[12.095004730308988,51.68319803425117],[12.03126655919266,51.704226019530445],[12.006837905691343,51.71540583821447],[12.006837887920524,51.715405846343515],[12.00683788737373,51.71540584659364],[12.006837886826935,51.715405846843765],[12.005014942907659,51.71518647888247],[12.003215282501026,51.71501978367081],[11.836843316071327,51.723617356892554],[11.836843315508897,51.72361735507739],[11.813731588809329,51.648894069729074],[11.813731587004195,51.648894068656624],[11.81244090261574,51.64812724027253],[11.811173619162568,51.6472612614512],[11.81117361765421,51.64726126013545],[11.736883819174393,51.58233819397425],[11.736883819094784,51.58233819399247],[11.616217124233499,51.609896877266266],[11.614273037746779,51.60951680735328],[11.612329138072534,51.609486347943076],[11.57755792523391,51.605621394154554],[11.474489308164012,51.5236827333006],[11.455640703908532,51.521112191179],[11.455640702946354,51.52111218992763],[11.452419257366788,51.51692204128961],[11.450918712130576,51.51416262667206],[11.449749825323112,51.51292795503238],[11.449749824618461,51.512927954621226],[11.449041122721368,51.512514408840545],[11.447943138514326,51.512018124344785],[11.446307690556512,51.51158496862317],[11.44559925394067,51.51152297754625],[11.444169756623719,51.51312339987369],[11.427570986350984,51.51803788719684],[11.451041942657238,51.56856247031502],[11.451041943030718,51.56856247111804],[11.467653956698255,51.5762707209508],[11.488629835630299,51.57656328335091],[11.496059377884935,51.576532540167484],[11.496650179047705,51.575684294973],[11.496724344988518,51.57568000887617],[11.497847505089588,51.57606383090484],[11.498926749358267,51.576543614830705],[11.499827037971361,51.5770793206983],[11.500546178497256,51.57763114265262],[11.500546179491302,51.57763114341539],[11.501366926395727,51.578419921442546],[11.503845532905512,51.58099127044316],[11.505043612328498,51.582464813487704],[11.505162471555947,51.582836289585074],[11.505796886917905,51.58539353166935],[11.491867185634964,51.6069428969033],[11.148130579274959,51.64949514055513],[11.079909047005117,51.651563767993714],[11.062147740856002,51.652095800107084],[11.062147738892948,51.65209580017423],[11.062147736085453,51.652095800270445],[10.777858453914924,51.66148902867124],[10.449068376834417,51.75281960424553],[10.449068374029121,51.75281960501933],[10.449068373767906,51.7528196050914],[10.44906837372817,51.752819605102374],[10.449068373527371,51.752819605157754],[10.449068373496639,51.75281960516624],[10.449068372623767,51.752819604325786],[10.449068372542586,51.752819604229835],[10.449068372317406,51.752819603963594],[10.449068372008817,51.752819603598766],[10.449068371778898,51.75281960332698],[10.449068366276526,51.7528195968218],[10.3550841956809,51.64139118729049],[10.3435103212125,51.6358857146503],[10.340340310180915,51.6342290387014],[10.339908265501288,51.63325320166835],[10.344761752047933,51.60616924724714],[10.324006380306258,51.59730540131926],[10.324006378270964,51.59730540044975],[10.324006377157767,51.59730539890691],[10.368909547055159,51.55743995424941],[10.368909549887308,51.55743995173228],[10.368909551264364,51.557439946844056],[10.279874298440781,51.49722159698207],[10.257975387853373,51.4855502265963],[10.226677932954605,51.47558379412015],[9.941479252699478,51.38466879054995],[9.94147925102373,51.38466879001267],[9.941479249631548,51.38466878879139],[9.946315100546482,51.37732404501055],[9.946315101292717,51.377324043876946],[9.946293169263642,51.37608533095847],[9.946321217608556,51.3750043022016],[9.946321217704755,51.375004298493685],[10.05160431463779,51.295063332838986],[10.051604319510306,51.29506332913371],[10.051604319542566,51.29506332911518],[10.087969169187353,51.274151666814845],[10.167574681250242,51.22826899366802],[10.167574689065262,51.228268989156504],[10.167555717413089,51.228252145705326],[10.166352733564619,51.22718407843111],[10.16550626203104,51.22630429111292],[10.165505614330497,51.22630361790455],[10.264942727895393,51.14895344276881],[10.264942733885027,51.148953438135564],[10.264942734002043,51.14895343814763],[10.413966130986656,51.16422639354229],[10.413966130988536,51.16422639354226],[10.528097217958805,51.16075850048411],[10.52949188686938,51.16142156921916],[10.531053172112856,51.16218668000067],[10.806433399537406,51.21346328490958],[10.806433399550766,51.21346328491055],[10.939246335271536,51.222992886160654],[10.940593833356822,51.22293767044129],[10.94165386007064,51.22289422329494],[10.943711691247968,51.222807297043644],[10.944070589558443,51.22278999671533],[10.944651522543028,51.2227619910728],[11.035008680815679,51.23680853917859],[11.0350086808738,51.236808539152],[11.145989434893394,51.185948500326305],[11.147737095609427,51.1854098058742],[11.14879059545598,51.18519400549659],[11.149463892399575,51.18505608041299],[11.150188389597007,51.18506699328266],[11.158510518128235,51.18519202438565],[11.163869946419737,51.185272229997665],[11.350900505001746,51.25178775706346],[11.469149124643327,51.248667509980265],[11.570099857585026,51.26299296544408],[11.570436997514967,51.278607238249975],[11.568548836746473,51.279489684212955],[11.567121498205466,51.28022683500308],[11.560264407281771,51.29077023763893],[11.560774275028006,51.297423033988146],[11.569087107918762,51.300103282512616],[11.58138120643742,51.300664046072306],[11.58786364348209,51.30014898501895],[11.5880728932636,51.29898391230819],[11.591991381478957,51.29884652604492],[11.594013120920941,51.298719616060325],[11.597644115843469,51.29852850356928],[11.60123612457741,51.29856580005263],[11.607007914660675,51.30019688329124],[11.611149974745409,51.3049098658993],[11.611150009379022,51.30490990530201],[11.65086705810831,51.29690160985218],[11.643441975835978,51.29309772867337],[11.649271839100779,51.2882517182591],[11.646287828409628,51.286747881600846],[11.638330429055626,51.287399296894414],[11.63368189911414,51.28534619662398],[11.624788132709524,51.280439009562905],[11.60446976099519,51.26170725404845],[11.574094302912027,51.22912474467749],[11.554929269029131,51.21353649276444],[11.552393263257768,51.21108326794319],[11.553583960042552,51.21006707561887],[11.54716013922728,51.207702782919334],[11.545925425256026,51.208277895851396],[11.512261440725688,51.1966845183306],[11.474884603369127,51.16060307423335],[11.45165943655049,51.145210825793804],[11.45419831630726,51.14309708120786],[11.457830392574609,51.140415956608805],[11.46883470344578,51.142365443123296],[11.484744695182073,51.15371557075578],[11.518804602684504,51.190552875564386],[11.550408272312712,51.20628963830556],[11.548954404333028,51.20692710309183],[11.554077661089089,51.209098758377166],[11.559515220871555,51.20628715189554],[11.56767963564341,51.20971746231045],[11.572532616862091,51.21508434901573],[11.590342018878076,51.228766052524406],[11.610688435383258,51.25386456294596],[11.647011063514533,51.28162448568345],[11.64771451554885,51.28568437802445],[11.651204550222463,51.2878151300847],[11.678048122909672,51.291411720663106],[11.992669746358553,51.22731304640457],[11.995446001780754,51.22544078537898],[11.995588073954726,51.225405436768845],[12.049098551414815,51.12513419961054],[12.049839180677088,51.124252323701526],[12.050971149979393,51.12305716361649],[12.118221595814145,51.13674455689883]]]},"properties":{"art":"Netz","bezeichnung":"Halle","standort":"Halle"}},{"type":"Feature","geometry":{"type":"Polygon","coordinates":[[[12.471535358968005,52.10322088557166],[12.470759951300332,52.104803234677455],[12.470033547431507,52.10577311241274],[12.470033547382135,52.1057731158818],[12.468682163719725,52.200855609159625],[12.468682166952876,52.20085561179291],[12.468682167033595,52.20085561182659],[12.468682168578498,52.20085561247099],[12.59523935766388,52.25351190103492],[12.597220391775915,52.253407055612826],[12.599056525686034,52.25334020048128],[12.834112124340676,52.31818289819663],[12.834112128083754,52.3181829011648],[12.834112129103321,52.31818290241508],[12.901535318242532,52.400681730675046],[12.902429568593696,52.40165056631775],[12.903329464941745,52.40269749174969],[12.903381843575872,52.419580080208455],[12.902904729186309,52.43806718052759],[12.902904722626246,52.43806720799542],[12.794805213385459,52.473618817535694],[12.794805213779698,52.47361881823731],[12.794805216623246,52.473618823298],[12.845204900967598,52.56311384596037],[12.84575160363958,52.564009348502374],[12.845633660075539,52.5641737445209],[12.846213111580791,52.56530800619263],[12.829553218275684,52.60210587319006],[12.829553214776421,52.602105873966316],[12.829553212273813,52.60210587452146],[12.513551714579751,52.67167627740558],[12.452876133563278,52.728821907676156],[12.36538859816474,52.77226153962819],[12.363392281475415,52.772490165033645],[12.361568317791598,52.772725984990174],[12.226491859982257,52.774415311749074],[11.982550933253671,52.80959053166184],[11.982550930227845,52.809590532094695],[11.743381052462947,52.822786022574704],[11.739476494001165,52.822237957354126],[11.650184497578719,52.86796521471883],[11.650184496635386,52.86796521714913],[11.650184500527654,52.867965220874844],[11.65018450230363,52.867965222574824],[11.735213847036881,52.94916597314482],[11.73659756583231,52.9491954731421],[11.736597565850587,52.94919547333508],[11.73659756617255,52.94919547673488],[11.736987702390497,52.953346436817306],[11.622317849776511,52.95504813578308],[11.277175813663987,52.910911680183226],[11.133913405092557,52.92144051664067],[11.132314965425865,52.921607586121866],[11.130064231927571,52.92182870862368],[10.857004446275695,52.89438569548715],[10.808875266255592,52.8684414237328],[10.806113444056162,52.86706311888767],[10.804479166851584,52.866235177435875],[10.804479166819773,52.86623517741975],[10.804479166813435,52.86623517741654],[10.842990587748584,52.71954301516403],[10.84159759273017,52.67079129374343],[10.841597592726838,52.67079129362644],[10.949110389649574,52.60384065626505],[10.949110389659824,52.60384065625867],[10.949110390439131,52.603840655772274],[10.949110393050509,52.603840654142466],[10.952999589332714,52.5543429041202],[10.96211962935718,52.4356328803454],[10.96211962949931,52.43563287849131],[10.962752724529132,52.4347155267336],[10.96275272673749,52.434715523533626],[10.962740219149602,52.43460713729937],[10.962740218984734,52.43460713587091],[10.962818997248146,52.43447614034466],[10.96281899853508,52.43447613820468],[10.962818999692566,52.43447613627999],[10.962818999496184,52.43447613358574],[10.962818971632846,52.434476127501426],[10.955947638851004,52.4329754312052],[10.955947635494011,52.432975429582946],[10.955947633172856,52.43297541404578],[10.955476705467493,52.429822899337296],[10.955036596277306,52.42872559860078],[10.954834184588483,52.428405242249084],[10.954630794298945,52.42811105608351],[10.954630793456943,52.42811105496492],[10.957637903106795,52.42731262473862],[11.042318794744943,52.301866921521565],[11.04231879701964,52.301866918141705],[11.041546066661304,52.26523535168385],[11.040437256592947,52.21249687972069],[11.040437256569513,52.21249687971307],[11.04043723869744,52.21249687390471],[11.035392773154708,52.2108653606996],[11.035392773155131,52.21086536064442],[11.035392773241549,52.210865349473714],[11.036308442539733,52.09276418135402],[11.036308441872237,52.09276418056734],[11.036308441595056,52.09276418049997],[11.036308424728132,52.09276417639976],[10.920391378229798,52.064510581033765],[10.906267583372095,52.065263564495346],[10.902166005025382,52.06542306719961],[10.90051953042122,52.06551559339234],[10.899801525297471,52.065548645644895],[10.897302036674947,52.065704731674295],[10.894475714664988,52.065858834665455],[10.894475713573902,52.06585883379445],[10.894475705394633,52.06585881843815],[10.894470671354707,52.06584936721077],[10.89447067118755,52.06584936689695],[10.894495939200707,52.06580425089317],[10.8949750766643,52.06577353703266],[10.899732741275692,52.0651818028073],[10.899732743332395,52.06518180255146],[10.899573219863614,52.061305992665524],[10.896983871182742,52.05880707726069],[10.896983870066684,52.058807076386],[10.600772374848482,52.041902729213305],[10.60077237450423,52.04190272919323],[10.600772373772463,52.041902729150536],[10.600772373828338,52.04190272839361],[10.600772378166544,52.04190271575843],[10.632421069325646,51.94953583800857],[10.632582637255698,51.94947273204919],[10.654871952966092,51.897301048140115],[10.654871954323944,51.897301044958056],[10.654871955442841,51.89730103987632],[10.654871941800623,51.89730102930506],[10.654847866392664,51.897282373469956],[10.653283722921996,51.89607028731696],[10.651600179235007,51.894765578089945],[10.64949864352829,51.89313679247998],[10.548205221972063,51.82237674464765],[10.509748669069374,51.79543022311559],[10.449068373824238,51.75281960513102],[10.449068373767906,51.7528196050914],[10.449068373035852,51.75281960457665],[10.449068372942332,51.7528196045109],[10.449068372542586,51.752819604229835],[10.449068372207202,51.752819603994],[10.449068371666383,51.752819603358006],[10.449068371778898,51.75281960332698],[10.449068371910252,51.752819603290725],[10.449068371940987,51.75281960328224],[10.449068374471674,51.75281960258416],[10.777858451899904,51.661489026842105],[11.02845615671362,51.65324528056738],[11.062147736453936,51.65209579896664],[11.062147739260546,51.65209579887357],[11.06214774114038,51.65209579881738],[11.062147741215195,51.65209579881515],[11.148130576923858,51.64949513852142],[11.49186718307507,51.60694289472802],[11.505796884382299,51.58539352952266],[11.505162469025448,51.58283628744329],[11.505043609798898,51.582464811346654],[11.50384553037981,51.58099126830537],[11.501366923876928,51.57841991931072],[11.500546179491302,51.57763114341539],[11.500546177472485,51.57763114166774],[11.499827035456468,51.577079318569915],[11.498926746845163,51.57654361270373],[11.497847502578388,51.57606382877952],[11.49672434247902,51.57568000675217],[11.496650176538514,51.57568429284898],[11.496059375374834,51.57653253804258],[11.488629833127405,51.57656328123055],[11.467653954216653,51.576270718844235],[11.451041943030718,51.56856247111804],[11.451041940765577,51.56856246943699],[11.427570984010384,51.51803788521594],[11.444169754275624,51.51312339789071],[11.445599251594071,51.51152297556509],[11.446307688209016,51.511584966641706],[11.447943136164426,51.512018122361404],[11.44904112036967,51.51251440685558],[11.449749823322238,51.512927953251996],[11.449749825323112,51.51292795503238],[11.450918709774077,51.51416262468309],[11.452419255003988,51.51692203929493],[11.45564070201607,51.52111218980068],[11.455640703908532,51.521112191179],[11.474489305767905,51.523682731280424],[11.577557925749343,51.60562139227843],[11.61232913538633,51.609486345686165],[11.614273035058575,51.6095168050949],[11.616217121542803,51.6098968750061],[11.736883816447948,51.582338191675134],[11.736883819174393,51.58233819397425],[11.81117361695244,51.6472612596559],[11.811173619162568,51.6472612614512],[11.812440899649046,51.648127237817455],[11.813731586742167,51.64889406780794],[11.813731588809329,51.648894069729074],[11.83684331321935,51.723617355194065],[11.836843316071327,51.723617356892554],[12.003215279198331,51.71501978096961],[12.005014939602571,51.71518647617975],[12.006837885997745,51.7154058458173],[12.00683788737373,51.71540584659364],[12.141404941653935,51.79112067200928],[12.213121080439072,51.82911433722975],[12.213121174044094,51.829114386748124],[12.213121176556635,51.82911438878246],[12.212244719970757,51.830331580495475],[12.21146056279634,51.83139419950245],[12.202249278542059,51.83760738409365],[11.962254093682352,51.97894279031441],[11.962253962963025,51.97894286692727],[11.962253967451783,51.978942867876036],[12.028190502700358,51.97676437760615],[12.030594743692925,51.978553947512935],[12.306882457247834,52.05722512508238],[12.384989070643293,52.04376009303659],[12.386810323982733,52.04348663887035],[12.531788490129093,52.07418313362595],[12.53178849301062,52.07418313423386],[12.531788495021981,52.0741831361108],[12.471535358968005,52.10322088557166]]]},"properties":{"art":"Netz","bezeichnung":"Magdeburg","standort":"Magdeburg"}},{"type":"Feature","geometry":{"type":"Polygon","coordinates":[[[10.112406831446673,50.545652048012315],[10.112406828558072,50.54565205246087],[10.112406825856699,50.545652056621115],[10.005104551439768,50.710283723928285],[9.942095595626057,50.80638151773131],[9.908631362443836,50.86856895521767],[9.90863136402866,50.868568956234995],[9.908631366766068,50.86856895791483],[9.986792857377681,50.916456363354],[10.044565889722579,50.951754873620544],[10.044565893855683,50.9517548878405],[10.04355349882384,50.953667932013374],[10.042812644238843,50.95503562941198],[10.11611471536883,51.06029679261279],[10.125249501192021,51.07337711995494],[10.134576393317396,51.077103375189786],[10.242469832095422,51.12011025571896],[10.251544275153236,51.13176190845823],[10.264942722896869,51.14895342403145],[10.264942733885027,51.148953438135564],[10.264942727912969,51.14895344279136],[10.165505614336302,51.22630361790001],[10.16550636441019,51.2263043975134],[10.16635273361111,51.22718407843109],[10.167555717413089,51.228252145705326],[10.167574689065262,51.228268989156504],[10.167574681268894,51.22826899368459],[10.107826760768116,51.262719791808365],[10.051604319562834,51.29506332912492],[10.051604319510306,51.29506332913371],[10.051604319468233,51.29506332911353],[10.051604317918903,51.295063328370595],[10.051604308124732,51.2950633236741],[10.006514623770537,51.2734228778009],[9.98185450530895,51.26157131833109],[9.98156959374212,51.25916610587313],[9.981463092966294,51.25789236554138],[9.980896145567666,51.255421103687496],[9.98089614439719,51.255421102389306],[9.980896130469223,51.25542110231298],[9.962495381430305,51.2553188244013],[9.94515414894822,51.255219787327555],[9.875736490612507,51.25479760423066],[9.87221795152861,51.25473865720192],[9.825023255296848,51.253937763564956],[9.819289924919921,51.2539917121064],[9.81859897043771,51.2539981958608],[9.814783197356755,51.256023547339154],[9.812723199974753,51.257116835362105],[9.80846728587904,51.25815275783111],[9.80787354273771,51.258277120401765],[9.806800877812078,51.258501784770566],[9.805536492563201,51.25861300242166],[9.804877770046927,51.25867093924292],[9.804216207563508,51.2586826546575],[9.802843238635095,51.25870695620832],[9.802843238535036,51.258706957216134],[9.802843238070759,51.25870696192708],[9.801766616455659,51.26962889764919],[9.784120368234467,51.29125682030405],[9.799667250028874,51.3841562392908],[9.80075278043418,51.38455997078415],[9.802895160385127,51.38530959100669],[9.792215484890983,51.44099263526504],[9.790664391086128,51.44173492557578],[9.789296566488048,51.44255879543129],[9.786123234959863,51.44308341233305],[9.725998196393968,51.45300491414251],[9.725879246178296,51.45302450798333],[9.725099535038433,51.45359246435036],[9.724424768683907,51.45409890111181],[9.723413540684835,51.45486850827655],[9.62170559504329,51.484486438979445],[9.59403075000411,51.492523722641984],[9.58811273222463,51.49424121059517],[9.56642081040666,51.50053283314488],[9.566366728083764,51.50054851216657],[9.48275034001545,51.64852067169239],[9.482750340013107,51.64852067169653],[9.36813137673865,51.629167964604655],[9.368131376731787,51.6291679646035],[9.368131375807732,51.6291679642873],[9.359773995086517,51.62626007482756],[9.109248337342642,51.538640193038034],[9.10924833734144,51.538640193037615],[9.109248336356668,51.53864019374858],[9.10924833395713,51.5386401954829],[9.108455832764314,51.53921298619105],[9.106753310250323,51.540544810686306],[9.106611338055224,51.54076428236182],[9.106233791494319,51.54134791210679],[9.01377900746593,51.68378405703978],[8.970493607967544,51.7501388297016],[8.970493607612088,51.75013882970134],[8.955489589556587,51.75012648109705],[8.953266213893375,51.75029616982674],[8.952950964839395,51.75032248661037],[8.951769510387258,51.75042110504617],[8.951769498806515,51.75042109896459],[8.947556702852761,51.74820857464842],[8.914699507410434,51.73093962110387],[8.897637486711174,51.72196339115306],[9.053866671036019,51.52894871471816],[9.053866672832475,51.52894871248809],[9.053721108744528,51.524627786205436],[9.100805202692701,51.52402296060176],[9.12203576903096,51.518723241575415],[9.125267881143907,51.517265474518645],[9.127283553932655,51.515696727860586],[9.14293068495044,51.50233439623447],[9.145120927198175,51.500418492720875],[9.146529057110941,51.49916296812762],[9.146581669516973,51.49907431208064],[9.146581671897346,51.499074308069524],[9.146581670107981,51.49907430757795],[9.146581666201513,51.49907430650734],[8.577848217346084,51.34078444857821],[8.575191516254797,51.340540950104405],[8.572138326959301,51.340137000174074],[8.572138326905922,51.340136999969225],[8.57213832678681,51.340136999512175],[8.545530499640877,51.237801252353876],[8.545530498608915,51.23780124837605],[8.560839283070475,51.21390620245215],[8.5629473354391,51.21061369009322],[8.56294733544285,51.21061369008738],[8.602687029784676,51.14844966889831],[8.624238331375539,51.11466113759437],[8.625335563371198,51.1129394393615],[8.625335566983766,51.11293943369266],[8.625335569238715,51.11293943015424],[8.625335569507058,51.11293942973315],[8.599946338917718,51.08939868792077],[8.499170162218574,50.99566868673454],[8.498220869246031,50.994753589121586],[8.493581842456054,50.98902847050826],[8.300277965586506,51.010187727895406],[8.262256031115083,50.999574047296285],[8.25927663644319,50.99779133522735],[8.259276620246553,50.99779132557308],[8.259276616673834,50.997791323443515],[8.259276613134436,50.99779132133378],[8.260820222861202,50.997053984066454],[8.260425023060723,50.99248927449491],[8.251744269131208,50.89175985327346],[8.251744269385231,50.891759853193086],[8.251744270623139,50.891759852801336],[8.251744271121977,50.89175985264347],[8.251744273767073,50.89175985180642],[8.251744274176437,50.89175985167687],[8.448543521359198,50.829232654108516],[8.456519555703366,50.82668077116605],[8.719964767572415,50.74774412304965],[8.721643831986059,50.747004465021725],[8.723042298291352,50.74650500362768],[8.983499406012767,50.73562143055595],[8.98539431197345,50.73644090548204],[8.986613146335674,50.73703343588976],[9.023327798996826,50.74823453747585],[9.023327798997085,50.7482345374756],[9.067461931934712,50.702732545250825],[9.06872258833055,50.70194390578488],[9.07016537346331,50.70097564013267],[9.170093591006644,50.59412280559091],[9.043886233216448,50.360949523066154],[9.043886227136014,50.36094951177333],[9.009167841583581,50.333278251469274],[9.007767795576147,50.33325380097952],[9.007403248922236,50.331940443804314],[9.007403221224807,50.331940344014896],[9.381771064966564,50.293602204535745],[9.38292051094623,50.292972670836676],[9.384614919037528,50.292187254224295],[9.495019201682695,50.25645517410658],[9.542918275370843,50.250093266868156],[9.597055505552353,50.24287699941129],[9.597055613628521,50.24287698497783],[9.597055633786724,50.242876982285736],[9.597055642973627,50.24287698105883],[9.597055644037066,50.24287698091679],[9.597055646142344,50.242876980635664],[9.597488758032698,50.24279193248526],[9.600623819566957,50.242176257954156],[9.60077033384955,50.2421996729374],[9.60079859191629,50.242204188940256],[9.600934427639745,50.24233870155179],[9.601835840560451,50.24323131082409],[9.604920133955194,50.24569402268943],[9.608138890158441,50.24809942848325],[9.60847639996,50.24835163329865],[9.60880462687214,50.24854531515239],[9.611857016552895,50.25034636441745],[9.646883768501963,50.260700352711005],[9.646883769220388,50.260700354830554],[9.6468837782014,50.26070038132706],[9.655057709328236,50.284803076436624],[9.655057709502284,50.284803076429135],[9.655057710602621,50.28480307636949],[9.655057711420975,50.284803076325126],[9.65855043383354,50.284613695327835],[9.659118027489981,50.28457232321905],[9.66046632340077,50.28447403404032],[10.033198751084935,50.44633334283791],[10.03319875110891,50.44633334286805],[10.03319875124532,50.44633334303949],[10.112406831446673,50.545652048012315]]]},"properties":{"art":"Netz","bezeichnung":"Kassel","standort":"Kassel"}},{"type":"Feature","geometry":{"type":"Polygon","coordinates":[[[6.563419834021637,49.35630940877009],[6.565873728897093,49.346509848067576],[6.57135933816596,49.34302103615291],[6.575685122041452,49.34145995265248],[6.576018592568451,49.33956967578395],[6.577794566529073,49.33855123521382],[6.5777945779958165,49.33855122689676],[6.57642101908768,49.33728862023631],[6.576420990107344,49.337288591828546],[6.57828516203803,49.33449150875358],[6.581621036209086,49.33401199863383],[6.585790865476731,49.336697234967026],[6.587999452304883,49.3344599783696],[6.588734289409297,49.334971033010476],[6.592609797404443,49.33298901858215],[6.595307939145877,49.33007979577554],[6.5953079453565735,49.330079787342754],[6.591768776807147,49.326245360769505],[6.588781487747049,49.32210785652917],[6.588781462606863,49.32210781991588],[6.5945633034797,49.3174068895983],[6.601587354474143,49.31441174987066],[6.60919265701431,49.30654084133217],[6.612430428217275,49.30554927877795],[6.615471942162248,49.30142136093828],[6.618072161132382,49.30244663515656],[6.623027972593922,49.302511479579884],[6.631631437334126,49.29585501806187],[6.63633194192707,49.29494739252987],[6.650402292266101,49.28710482601766],[6.653149573631304,49.280880569486655],[6.659626909265382,49.2824959047318],[6.6676718614074595,49.28019171811595],[6.669388749446729,49.27998366943239],[6.669388771577962,49.27998366496897],[6.665464440467772,49.276943174669356],[6.6654644122963065,49.27694315102476],[6.667622834515002,49.270733535235614],[6.6676228416706635,49.27073351293165],[6.666690801172435,49.27020534578911],[6.659234493195024,49.26047319785149],[6.6592344670888775,49.2604731619247],[6.665599612010113,49.25346541034494],[6.674932099666222,49.256326858653274],[6.682682838597568,49.25312482780475],[6.689550799940365,49.24825729516256],[6.6895508076582875,49.24825728797684],[6.683958331440399,49.24236458119682],[6.683958302688474,49.242364549101914],[6.687785066102485,49.237559911723565],[6.687572183930461,49.23039811726843],[6.687324105694744,49.22215521777181],[6.695159630923371,49.21465168793375],[6.702259109457602,49.216590168405084],[6.706139914144517,49.215930348193105],[6.720119187949595,49.220148513607185],[6.730419681161808,49.20623821322875],[6.730419690132653,49.20623819878973],[6.7270833782956965,49.203577262802],[6.7102064903499565,49.18857332436919],[6.710206459500869,49.188573295307464],[6.719628217519096,49.17446204217126],[6.72679059600799,49.17147925782191],[6.728949132801351,49.168528407969895],[6.7382700158245035,49.16349231379652],[6.750975804095739,49.16612268996357],[6.761375926615249,49.16439053994339],[6.780410113712075,49.16775873554165],[6.789142607639401,49.16615513798326],[6.793005459662837,49.16329141500594],[6.801409805977341,49.1620504555819],[6.8090643837349445,49.15749398877895],[6.817797452288513,49.15665927950161],[6.834181884408928,49.15081973733504],[6.848604077526886,49.15672350703764],[6.848604065875934,49.15672353265461],[6.845464525563077,49.16307570412999],[6.845955057934393,49.16763081377718],[6.845955034651151,49.17263454599078],[6.845955058246757,49.17263454981472],[6.860086064433516,49.17443170036791],[6.862538831281506,49.177318038480685],[6.86253883263436,49.1773180518945],[6.862879189790428,49.18162644478821],[6.851549620122089,49.19392749866697],[6.852726773631437,49.1993850896567],[6.843062122119982,49.21284083487123],[6.843062161185016,49.21284085307623],[6.860723789250005,49.22027500609062],[6.890551807055924,49.20719905773246],[6.934312587557502,49.221430313749295],[6.959595760812316,49.200857925763025],[6.974395350249511,49.20918723539211],[6.997453403572363,49.193799585625854],[7.008149227328744,49.193030195657215],[7.008320282233818,49.19265427264291],[7.010738900608021,49.187336690391476],[7.019776038664068,49.19216416869504],[7.02335731953853,49.1887335702455],[7.034149887103886,49.19113798067943],[7.03277631879713,49.188220411943384],[7.0329270870659,49.18406394488957],[7.033021713710037,49.18145478463361],[7.0330217136921815,49.18145477704824],[7.0278504802413,49.17478781716057],[7.027478552693457,49.16913954958336],[7.029882364375273,49.16588380163297],[7.032482364215032,49.16432802059968],[7.032772954795296,49.161505126419065],[7.032825794785776,49.16099176733998],[7.031618073449108,49.15884768541519],[7.031354187075944,49.157174025039566],[7.041070308491879,49.14645557982874],[7.0463684096402295,49.13624997560155],[7.043864588494063,49.12093683863884],[7.047248153685828,49.115060528961195],[7.057749364840231,49.11101572621247],[7.068836512955013,49.11461262089217],[7.073398793499154,49.1246299409497],[7.091402690060739,49.13008729787125],[7.091402678851007,49.130087326673944],[7.083062920919687,49.15004957191438],[7.083062957497566,49.15004958259298],[7.104059261333651,49.1550549794475],[7.108964946206923,49.15107641154308],[7.108964955628034,49.15107640200106],[7.101704597527571,49.14472284783619],[7.101704568710765,49.14472282062706],[7.104157453983951,49.13753396707571],[7.122406554280012,49.14106430554897],[7.135311622873402,49.12809527930236],[7.159450151793389,49.120037899044064],[7.165483873398189,49.12745427651221],[7.185451616907132,49.128962149539305],[7.189177029393814,49.124840146404956],[7.1981575670678914,49.11489978499391],[7.2093925462240165,49.12276659623919],[7.242851977822371,49.12861062616505],[7.242851978248066,49.12861062610267],[7.266301374091759,49.121740510755274],[7.281312914109825,49.12141935173177],[7.2819032429714055,49.116602397603714],[7.295051959672322,49.11457868484585],[7.3155107597768465,49.134901398135064],[7.335133316653268,49.14311799025341],[7.363736417325046,49.14260343266321],[7.363736432279306,49.14260347087458],[7.370572327800417,49.16360315891927],[7.373596398469389,49.172892032918085],[7.433253442083338,49.18161538279476],[7.434038389783042,49.16416694939079],[7.455987306574439,49.160117535351226],[7.486238326466493,49.16673321582292],[7.487415725050829,49.13900974515359],[7.52391642805442,49.09482514153613],[7.570491897883938,49.07643832157709],[7.598487135645215,49.08043089748556],[7.626746319822447,49.069633464261116],[7.6287074633634875,49.05420297507792],[7.677375537388357,49.043399148319324],[7.704457027441341,49.05111637193399],[7.7283983091963515,49.05137358218168],[7.730755796097153,49.043062549448905],[7.759011763847825,49.04288440801094],[7.772403469609506,49.046517149695255],[7.796689892001477,49.06243292115206],[7.866407016512315,49.03023466145625],[7.8664070197958464,49.03023471044903],[7.857271620460154,49.19961495053446],[7.856566364462406,49.20080332676273],[7.855980890385577,49.201959628461594],[7.9312964666933405,49.438531598024454],[7.932162773537724,49.43953497473539],[7.991325407020751,49.511290791632476],[7.991325416321466,49.51129080289418],[7.983331651255033,49.51612049065873],[7.978214042151398,49.51937827304318],[7.978214038766768,49.519378275197546],[7.99056349509709,49.57015751660803],[7.990563499054794,49.570157532865274],[7.978064678382396,49.586949920941635],[7.9772790195731025,49.58930026007702],[8.018677501376096,49.65160688811027],[8.018677509471344,49.65160690027699],[7.916250169213065,49.6776185210136],[7.916250163724023,49.677618522404366],[7.806425567085233,49.70187151286892],[7.805471091829975,49.70217823400984],[7.802898673320497,49.70321117367933],[7.6149367098273295,49.65995587192208],[7.595069292724145,49.66062704109726],[7.58137887283566,49.661178490102735],[7.451334557961461,49.60462490401549],[7.40028239903363,49.572227941396484],[7.158963505069511,49.59999533806061],[7.158963503000709,49.599995338296374],[7.159403298989047,49.60227557296172],[7.159667281875933,49.60373559625353],[7.159667283744007,49.603735606585026],[7.149333085592275,49.6057330478512],[7.104571476032806,49.580230513732914],[7.104571474962832,49.580230513122814],[7.10457147130953,49.58023051103971],[7.104571446358106,49.58023049334256],[7.104571447417515,49.580230483180145],[7.104846331240634,49.57759349492689],[7.1050972021337,49.57559955015204],[7.105097203772444,49.57559953712652],[7.105097205533167,49.5755995231315],[7.1050972085922375,49.57559949506934],[7.105097207297096,49.57559949503049],[7.088560984289625,49.57510216933253],[6.99503480756777,49.53401007459966],[6.9824192904845965,49.52845575074497],[6.977593212988392,49.52633030938365],[6.905242122895001,49.51758027336656],[6.899244091360036,49.52649875967932],[6.8891440027991875,49.5833125282689],[6.8825994336348755,49.620039630077116],[6.879513009617492,49.637344272235595],[6.879513009138528,49.637344274920004],[6.879513009099738,49.6373442751374],[6.60941934773951,49.528330129192256],[6.60844430318449,49.527934574461504],[6.607424073681664,49.5275161410451],[6.448908329108309,49.46230907623451],[6.448908222662374,49.46230903021747],[6.448908240532934,49.462309031840256],[6.448908250873715,49.46230903277928],[6.4640733616570305,49.46368617258831],[6.4747691963015335,49.458201252190534],[6.483797013353794,49.451312204256105],[6.498513536700919,49.44863319022733],[6.5263774762142,49.43424480884758],[6.533689282977256,49.434724009069],[6.551058479021105,49.42432422783253],[6.551892425405487,49.42106940293478],[6.551892430648622,49.42106938074348],[6.536138160573046,49.41131428929341],[6.536138131497988,49.41131426962324],[6.54055840232871,49.400575117662235],[6.544188728048203,49.40121362569947],[6.548309537704833,49.39945777014507],[6.5510567353025,49.39958547488626],[6.551890734599905,49.39390245436001],[6.559004019640729,49.39157159616286],[6.563224168840182,49.38722627525507],[6.575390559759662,49.38882238466838],[6.579118921109926,49.38473489295226],[6.585790690066243,49.38422393895435],[6.582847328754221,49.368062044906196],[6.594522885485558,49.37119266620769],[6.598300278321711,49.36911629516481],[6.599673877508455,49.36489936510436],[6.599673877865103,49.36489936220895],[6.597417264685772,49.36122520679324],[6.591383281090121,49.35822177660484],[6.588538014300266,49.34997744630072],[6.581530638208433,49.35632510243285],[6.577500166164091,49.35739098573397],[6.575161027395883,49.359253290775484],[6.563419863238111,49.356309417816895],[6.563419834021637,49.35630940877009]]]},"properties":{"art":"Netz","bezeichnung":"Saarbrücken","standort":"Saarbrücken"}},{"type":"Feature","geometry":{"type":"Polygon","coordinates":[[[9.130576674491389,48.14933970402154],[9.130576673555305,48.149339703617265],[9.130576673211054,48.14933970346858],[9.130576673209156,48.14933970346779],[9.111661066093633,48.14116786859918],[9.110876491140466,48.13991511189989],[9.109977630642746,48.13901427946188],[9.096329197488517,48.133488479491916],[8.915245397600811,48.17154405610714],[8.848552996348598,48.171939959018],[8.757020922255622,48.20111963059881],[8.754939688550232,48.20106522125281],[8.753480743881125,48.201001549183545],[8.68471132864303,48.2040949931412],[8.684711327862377,48.204094993176106],[8.684711327855679,48.2040949931764],[8.71381439078213,48.38684801116432],[8.713814390784297,48.386848011177875],[8.713814391198301,48.386848013768414],[8.697433443617426,48.44284201544014],[8.696799073341223,48.4436779915512],[8.696799073258964,48.44367799165958],[8.696799073255686,48.44367799166392],[8.69973756860798,48.44753304025718],[8.704617817317336,48.447019681197894],[8.710372111955744,48.44511307228758],[8.721237693304209,48.45003454714572],[8.733350037132816,48.451332281071686],[8.870263460036407,48.487960338802274],[8.879134748246505,48.576499715394384],[8.87913474831201,48.576499716046975],[8.87913474870494,48.576499719961774],[8.863333210541544,48.571710718449026],[8.853544586692552,48.58609827955169],[8.850735509813132,48.58920780112444],[8.849375475145841,48.58948785780807],[8.811231216183971,48.68957016675728],[8.731470773579616,48.68371117243507],[8.728716658071953,48.68394670292782],[8.457114125443052,48.70443659831565],[8.457114123356316,48.704436598470565],[8.457114121113914,48.704436598637],[8.364503048874237,48.61806061382029],[8.363439929989303,48.61754137207844],[8.361467129573589,48.616478175100035],[8.352484077554253,48.62066896223243],[8.152046392264731,48.74374234069335],[8.150341742181975,48.744118752030445],[8.04567621339237,48.784734813877854],[8.032959734758053,48.78965850929369],[8.026532942157404,48.7851978548826],[8.026532917893297,48.785197838039416],[8.019615672612384,48.76696330561823],[8.019615653290316,48.76696325466463],[8.00960747199969,48.761271630306055],[7.996851873742626,48.760883473202796],[7.9823301003747025,48.7629531425821],[7.970154081524977,48.7593915972708],[7.970154071308814,48.75939159428175],[7.964080002091353,48.744581014211306],[7.965208571329649,48.72778805525297],[7.955632798225387,48.717459449281236],[7.924783549582032,48.69256579217044],[7.922452317327121,48.69096069269929],[7.888675647132236,48.6676881173554],[7.84628800651032,48.65005891512317],[7.832158843688516,48.63994533253744],[7.822739522829949,48.61919330507186],[7.804685574698734,48.60154723301017],[7.804024822492059,48.60040750855914],[7.795658708229752,48.585972187008664],[7.800761399808185,48.53194142059526],[7.799280597650872,48.5104259495516],[7.7749318229750655,48.49526608073385],[7.766704975590005,48.4901407599695],[7.766704941903337,48.49014073897945],[7.764350351239633,48.4583966230179],[7.734129885877435,48.40865890053647],[7.729602781346468,48.3846935095651],[7.743157561043187,48.3335697668314],[7.736996733222445,48.32174591608045],[7.736996698683265,48.321745849776924],[7.70837941879124,48.31388570082385],[7.707834517515378,48.31373594363342],[7.685745382130865,48.30132774947114],[7.68507088510115,48.277179962770994],[7.6635705403265515,48.22333479415171],[7.640806722420467,48.20921264910112],[7.627070038273202,48.184358963981225],[7.597437886460705,48.15739853328696],[7.594494344401206,48.13291263992159],[7.575459129950394,48.1243986298256],[7.567010008173877,48.08064122812397],[7.571883044777542,48.06411370415752],[7.573698125694522,48.05795475056303],[7.566040934805474,48.03393333004662],[7.606210933357435,48.00269084776474],[7.621915000942827,47.97521015545123],[7.621915011683636,47.975210136635845],[7.579863979245474,47.93339072879002],[7.581584481960742,47.89774420907282],[7.551914291970256,47.87596069681257],[7.560156643537793,47.848048517857464],[7.5269928024938535,47.783608659676226],[7.545636065451242,47.741924173643646],[7.541417122145883,47.72278560152306],[7.517083459270514,47.710110442249665],[7.508056598969361,47.6971682725515],[7.508056552631524,47.69716820105408],[7.51909969544318,47.684502300938064],[7.519097575491467,47.68366404388905],[7.5190464485211805,47.66347728879306],[7.564133042679221,47.6317154353479],[7.573258414670542,47.61567835790605],[7.589104937610314,47.605226858096266],[7.589644691653732,47.59784996389085],[7.583679617801434,47.586184061132116],[7.610643029154744,47.548930195082036],[7.6310519601673965,47.55184419484438],[7.679327338892036,47.52852867003751],[7.7880352694940145,47.55159010490191],[7.823367054914969,47.57859268916854],[7.900719143611465,47.5818756991827],[7.913245542129163,47.54071896300891],[8.091280089950871,47.554961687551696],[8.09981797779992,47.563348189905724],[8.104385137060277,47.57805602591114],[8.113994771794546,47.58370945322978],[8.138332816488669,47.58329338825672],[8.13833280821517,47.583293460617725],[8.137626391843979,47.589137371705746],[8.137626444334874,47.589137403508914],[8.151628162636598,47.595967696964834],[8.1635859804761,47.59378556673658],[8.186215393148286,47.605394262297004],[8.200933349087355,47.61862378989367],[8.21682893875023,47.61663963600131],[8.227818662187435,47.602615780485756],[8.256862267869717,47.61306800371449],[8.268244364599656,47.60777608286707],[8.280803790887656,47.61002527130812],[8.294933255508559,47.60605616009915],[8.29375598760467,47.590044247122115],[8.330060801928418,47.56926133433435],[8.381573840088159,47.563237046049295],[8.40188462455761,47.57164502929888],[8.40188462555083,47.571645029096445],[8.435637937448577,47.56476021011612],[8.49568752932132,47.580146226115744],[8.495687498660981,47.58014627587981],[8.48902772516928,47.5891477631235],[8.469587292107317,47.58594236656751],[8.461345117806413,47.59957362789166],[8.461345187389147,47.59957366288683],[8.508296239924785,47.617537393691144],[8.522988448807318,47.63008302225043],[8.559292972069576,47.618444166880444],[8.568099289780958,47.61373161243773],[8.56005368022896,47.5986482474102],[8.569865703016907,47.59322261030783],[8.583823228416495,47.59476120650674],[8.596186256585591,47.600980859775525],[8.632882496057375,47.65004989235963],[8.632882497667099,47.65004989911731],[8.608548475731443,47.67291499104987],[8.608548555873137,47.67291502996738],[8.655449666162644,47.690619265212035],[8.669382802170487,47.68308938876045],[8.69195037409877,47.69114793898189],[8.711770687395921,47.688374034703564],[8.754354857587547,47.689299058258094],[8.797135475518722,47.67159518575336],[8.812095477962517,47.69705662145032],[8.80766106896021,47.69898295426389],[8.775594654144468,47.712903499202085],[8.79992826446005,47.7253138524328],[8.824608752272438,47.70858246992179],[8.848596168945086,47.70075501079331],[8.848557073348152,47.70033931883309],[8.846633948211213,47.67988376451501],[8.887210050015426,47.64383827722169],[9.038118770694195,47.67873243345627],[9.173917734854447,47.644104960583356],[9.275570309185243,47.64595672615096],[9.309154473754313,47.756668352575275],[9.310728812269307,47.75742529204121],[9.312291175935037,47.758124408078295],[9.312291175942775,47.75812440808172],[9.312291177353723,47.75812440871309],[9.2225679953602,47.921558273195544],[9.2219187804739,47.92267188843529],[9.221918780471073,47.922671888440114],[9.221918779398846,47.92267189027931],[9.325723448971333,48.05002755248159],[9.325723448974944,48.050027552486],[9.32572345024218,48.05002755403632],[9.324646099683564,48.05137048142799],[9.3246460996801,48.051370481432315],[9.324646099673142,48.051370481440976],[9.324647233293769,48.0525007710219],[9.324647233297464,48.05250077470776],[9.324647959077431,48.053274935313894],[9.325201417582035,48.05439476271652],[9.32520141767097,48.05439476289647],[9.32520141767774,48.05439476291017],[9.30921785076928,48.11476007643578],[9.309217850639179,48.11476007692654],[9.130576674491389,48.14933970402154]]]},"properties":{"art":"Netz","bezeichnung":"Freiburg","standort":"Freiburg"}},{"type":"Feature","geometry":{"type":"Polygon","coordinates":[[[9.619678033989478,49.51002733702378],[9.619678003756855,49.51002737258817],[9.542231635511095,49.60093782767971],[9.483966289968759,49.75931681259534],[9.483966289957591,49.759316812588814],[9.272588012772955,49.635166120357034],[9.144619675034175,49.54442723271559],[9.050843632279786,49.47762784841675],[9.02600236631901,49.4639034266101],[9.026002365747464,49.46390342595978],[9.010666860222836,49.438094805183155],[9.010666859643097,49.43809480452406],[9.008119875726196,49.438076944431266],[9.006261253770786,49.438003028797446],[8.964597974911136,49.400882280406016],[8.96459795792377,49.40088226525621],[8.964597957329762,49.400882264579636],[8.99162554405096,49.35041562034029],[8.992607094092516,49.34890406798306],[9.003529254089377,49.30141577651485],[9.003529257050056,49.301415763629564],[9.003529256426152,49.30141576293055],[8.91835046094656,49.233070126112345],[8.918350448627647,49.23307011620964],[8.91835044797948,49.23307011548213],[8.918292010317405,49.231647963002864],[8.918298632375986,49.23039963892803],[8.918298632525678,49.23039961070871],[8.918298631873823,49.2303996099788],[8.912514098027156,49.23140260229377],[8.912514097377782,49.2314026015623],[8.823602287848438,49.10981326460361],[8.823602271470047,49.10981324214441],[8.823602271078311,49.10981324160723],[8.824125204914687,49.109094917916764],[8.819708116441292,49.087102909268054],[8.819708112483324,49.08710288955321],[8.819708111445639,49.08710288709775],[8.775162345428955,49.060537225770965],[8.720009468747252,49.02298355390063],[8.703727534372751,49.03086456932385],[8.70207165041122,49.030826979533835],[8.700248846966215,49.0306115381518],[8.561859131555037,48.95717616406523],[8.56016362279524,48.95643632608537],[8.560163621008016,48.956436325305475],[8.457114129058459,48.70443661248692],[8.457114123356316,48.704436598470565],[8.728716658893749,48.68394669169464],[8.731470774398584,48.68371116120336],[8.811231214314764,48.6895701625459],[8.849375472091753,48.589487847259726],[8.85073550532953,48.589207795674696],[8.853544587537133,48.58609826819799],[8.863333209877212,48.57171070663153],[8.87913474831201,48.576499716046975],[8.879134750245678,48.57649971663284],[8.870263460108657,48.48796032715613],[8.870263460105976,48.48796032715542],[8.73335003801877,48.45133226961959],[8.721237694187954,48.45003453569618],[8.710372112841737,48.44511306083488],[8.704617818201907,48.447019669743604],[8.699737568767599,48.447533027854924],[8.699737568767114,48.447533027854305],[8.696799073341223,48.4436779915512],[8.697433444503933,48.44284200398748],[8.713814391198301,48.386848013768414],[8.68471132864303,48.2040949931412],[8.753480744829384,48.20100153747501],[8.754939689500892,48.201065209555786],[8.757020923203699,48.20111961889451],[8.848552997302917,48.171939947277],[8.915245398558655,48.171544044361504],[9.09632919844875,48.13348846767671],[9.10997763155714,48.13901426764368],[9.109977631561701,48.13901426764554],[9.110876492102618,48.13991510009958],[9.111661066607564,48.14116785608671],[9.111661066608924,48.14116785608887],[9.130576680883859,48.14933969456827],[9.130576680885751,48.14933969456908],[9.130576681264008,48.149339694732454],[9.130576674491389,48.14933970402154],[9.116892981782426,48.16520143123909],[9.297674487348617,48.38220307181808],[9.29261286980715,48.39281783398908],[9.28983056990364,48.4026605942169],[9.289830569903085,48.40266059421889],[9.478099942599346,48.47387660883513],[9.47809994261109,48.47387660883955],[9.478099943080073,48.47387660901632],[9.478099943109942,48.47387660902757],[9.561218465961945,48.61947431357392],[9.547423194084734,48.630683550300915],[9.547088827368594,48.633171703368824],[9.547088827367086,48.63317170338025],[9.549385977603976,48.63505888716671],[9.576213110524002,48.63511791078526],[9.668005670372768,48.62754956724122],[9.77039660086477,48.67659822576372],[9.771880912855282,48.677362099839726],[9.869466753327886,48.67674194991045],[9.869466753621055,48.67674194990848],[9.86946675366669,48.67674194990815],[9.893170215107219,48.716284440607026],[9.726197558723168,48.75636835251343],[9.649828230288534,48.7915732666585],[9.64894265283708,48.79244689252312],[9.648099642523572,48.7937195400436],[9.634818769257647,48.8303813602958],[9.63106897453061,48.90752152719069],[9.621125595285994,48.972893020028636],[9.621192182155735,48.97401341044753],[9.629183119305733,49.05221538695604],[9.629183119305802,49.0522153869567],[9.712080616877733,49.12604562788432],[9.714688689546389,49.12787127408569],[9.714688689547156,49.1278712740862],[9.757770271902984,49.396444871327844],[9.757770271903372,49.396444871330246],[9.757770271979565,49.39644487180251],[9.608596277195222,49.42262780444925],[9.590312399870603,49.50235885667657],[9.590312399870093,49.50235885667873],[9.590312402388248,49.502358857517784],[9.590312435540273,49.502358862341886],[9.590629654546472,49.50240502198987],[9.590631172500041,49.50240524287033],[9.597960016463295,49.503471421658794],[9.599626316690332,49.50374383621307],[9.59962670829626,49.503743900231456],[9.599697677943011,49.503755502079706],[9.619678039626008,49.51002732925076],[9.619678039638972,49.51002732925481],[9.619678033989478,49.51002733702378]]]},"properties":{"art":"Netz","bezeichnung":"Stuttgart","standort":"Stuttgart"}},{"type":"Feature","geometry":{"type":"Polygon","coordinates":[[[9.870973546477964,47.792906902841985],[9.871202282052577,47.79405341204234],[9.871385676259024,47.79521256797824],[9.924664655331487,47.90983458053093],[10.038976876873377,48.15555322422735],[10.038976877125549,48.1555532247584],[10.038976883559577,48.15555322752929],[10.102825654197696,48.18301756157508],[10.106210864671949,48.18341946371809],[10.237192687081775,48.21991818507393],[10.237192686828621,48.21991818844905],[10.237192686698917,48.21991819004975],[10.237192686245752,48.21991819564236],[10.237192681962044,48.219918248508556],[10.219747431392465,48.43442199656745],[10.219747431437538,48.434421997129355],[10.219747431698153,48.43442199722101],[10.21974743376779,48.43442199794876],[10.219747473291912,48.43442201184684],[10.260614385414652,48.44878090151743],[10.263145315827204,48.44936000506104],[10.265825464359901,48.449951339653104],[10.3096642964492,48.46550005173829],[10.358558641077199,48.48281085860397],[10.35855864108537,48.482810858606875],[10.358558640174097,48.4828108632526],[10.358558639095433,48.48281086827647],[10.358558629348424,48.48281091367295],[10.3573905821051,48.48825050931672],[10.357390582105031,48.488250509317034],[10.357390582980397,48.48825050992879],[10.357390582988799,48.48825050992954],[10.357390582997947,48.488250509930346],[10.357390582180091,48.488250514806474],[10.357194657995894,48.48932855632949],[10.357194657995285,48.4893285563328],[10.350562694955691,48.49029698677513],[10.301771400826595,48.54495522134344],[10.30177140082305,48.544955221347415],[10.301771402187441,48.54495522469336],[10.301771404617508,48.54495522963932],[10.302816709462483,48.54708265981208],[10.349068263552025,48.64102238048337],[10.453098728661919,48.85164774063389],[10.453098728675533,48.851647740661335],[10.453098727821528,48.85164774384615],[10.45309872755307,48.85164774472552],[10.453098727255721,48.85164774569945],[10.452551356385264,48.853440593174646],[10.451957481959761,48.855492649186985],[10.451957481955958,48.85549264920015],[10.451957482908092,48.855492650492856],[10.451957485291848,48.855492652395],[10.451957521462177,48.85549268125768],[10.457501561166689,48.859916101482796],[10.457501561173927,48.8599161014886],[10.457501561324552,48.85991610160876],[10.457501558872778,48.85991610448669],[10.457501556461706,48.85991610713661],[10.457501539034553,48.859916126290194],[10.155010337768251,49.18981308289394],[10.154654978520556,49.19125376061042],[10.154233065637571,49.192865513419605],[10.027388169705329,49.35996153030379],[10.027388169695794,49.359961530316305],[10.027388169495532,49.35996153057915],[10.027388169487127,49.35996153058061],[10.01565046152813,49.35921737095554],[9.984574928293169,49.357241322768864],[9.982308623634493,49.356618432122076],[9.98041602083705,49.35622995791432],[9.757770271979565,49.39644487180251],[9.757770271391115,49.39644487142172],[9.757770271390767,49.39644487141956],[9.714688689487462,49.12787127435257],[9.712080616242654,49.12604562774892],[9.629183118595897,49.05221538637638],[9.629183118594897,49.05221538636667],[9.621192181462135,48.97401341026613],[9.621125594612899,48.972893019717006],[9.6211255946221,48.972893019656574],[9.631068973815463,48.907521526997705],[9.634818768518128,48.83038136008879],[9.648099641773422,48.793719539831606],[9.648942652086285,48.792446892311034],[9.649828229539095,48.79157326644631],[9.726197557966001,48.756368352307206],[9.89317021407798,48.716284439967524],[9.89317021407217,48.716284439957846],[9.869466753327886,48.67674194991045],[9.771880912855282,48.677362099839726],[9.770396600084945,48.676598225550315],[9.668005670372768,48.62754956724122],[9.576213109725233,48.63511791053799],[9.549385977603976,48.63505888716671],[9.547088826612306,48.633171702760144],[9.54708882661382,48.633171702748726],[9.547423193283795,48.63068355004671],[9.56121846494994,48.61947431296594],[9.561218464944996,48.619474312957315],[9.478099942602576,48.47387660887108],[9.47809994259083,48.47387660886666],[9.289830569020841,48.402660593883994],[9.289830569021403,48.40266059388199],[9.2926128689196,48.3928178336616],[9.297674486297883,48.38220307129967],[9.297674486294056,48.382203071295116],[9.116892981061516,48.1652014305908],[9.116892981062728,48.165201430589384],[9.130576673555305,48.149339703617265],[9.130576681264008,48.149339694732454],[9.309217847880511,48.114760075095475],[9.32520141767097,48.05439476289647],[9.325201419696324,48.054394754722026],[9.324647959072918,48.05327492303615],[9.324647233307026,48.05250077470922],[9.32464723330353,48.052500771023404],[9.324646099673142,48.051370481440976],[9.325723448971333,48.05002755248159],[9.325723452680386,48.050027547858136],[9.221918780471073,47.922671888440114],[9.221918777328916,47.9226718845741],[9.22256799535763,47.92155826076441],[9.312291175935037,47.758124408078295],[9.312291180063852,47.75812440053226],[9.310728812265058,47.757425279440945],[9.309154473751978,47.756668339974695],[9.292273240685576,47.70107837544664],[9.275570312759697,47.645956726214514],[9.336387262751963,47.62765905777964],[9.445143136905587,47.59482664953133],[9.514698163028312,47.53692346654209],[9.548296938500094,47.535547648615726],[9.548296938636707,47.53554764873854],[9.54829694092982,47.535547650800254],[9.550721340920251,47.537727310784696],[9.603483037552873,47.58510496984887],[9.60513162667871,47.58557458166698],[9.606761097087528,47.58601496114989],[9.681233512514778,47.684270307439476],[9.870973546477964,47.792906902841985]]]},"properties":{"art":"Netz","bezeichnung":"Ulm","standort":"Ulm"}},{"type":"Feature","geometry":{"type":"Polygon","coordinates":[[[11.643410926921753,49.06093881257241],[11.643410926856568,49.06093881249061],[11.643410926767217,49.06093881237853],[11.61701028360559,49.027793420617705],[11.547253263013626,48.989056877097866],[11.479310759859242,49.01694710716453],[11.472073835403476,49.03843780918122],[11.46972682936423,49.04172540300596],[11.469143682024063,49.04263279287629],[11.328444997805452,49.03882742543442],[11.305606713110505,49.065455144432754],[11.303193413431396,49.0682294679135],[11.300954107464731,49.0707301122453],[11.289062149910098,49.09466976280189],[11.285290032903015,49.09412893899673],[11.281416162957637,49.09364267639379],[11.281416153625754,49.093642670473464],[11.281416153792303,49.09364267003629],[11.287601226884306,49.07740200521036],[11.293212870683686,49.07393172678916],[11.296627629413985,49.07012864104547],[11.298148357022146,49.06827198981741],[11.29814835681154,49.06827198972472],[11.027116669485519,48.948372002922895],[10.915643837397035,48.97245381873093],[10.913985278625574,48.973034354035256],[10.912239058643571,48.97403532471774],[10.91129855246638,48.97380357168209],[10.910127171898608,48.97269137882382],[10.908453949148193,48.97271727715903],[10.793887284476142,49.0193457458223],[10.724099694626956,49.07863161924413],[10.722711393065714,49.09307896240358],[10.722711393064785,49.093078962413344],[10.72271139301433,49.0930789629382],[10.732243520053537,49.103819055658576],[10.733365190300512,49.105612999987386],[10.733414689508992,49.106237339211],[10.733979463859995,49.10705646996193],[10.737349079878348,49.109451780242345],[10.737349079895397,49.109451780254474],[10.737349079901527,49.10945178025881],[10.737327380332024,49.10954484990327],[10.670571679418046,49.14661763062604],[10.595261881829112,49.073354501422095],[10.502395463423973,48.91531326031656],[10.496114339174822,48.85973510233653],[10.495748804714678,48.85961237920276],[10.457501558872778,48.85991610448669],[10.457501558776155,48.8599161044096],[10.457501558625529,48.859916104289425],[10.457501558618292,48.859916104283656],[10.451957520325594,48.85549268518484],[10.451957484155267,48.855492656322184],[10.451957482908092,48.855492650492856],[10.4519574830334,48.855492650059894],[10.451957483037202,48.855492650046756],[10.452551356326223,48.85344059796106],[10.45309872812393,48.85164774744932],[10.45309872842128,48.85164774647538],[10.453098727821528,48.85164774384615],[10.453098727748284,48.85164774369855],[10.453098727734666,48.8516477436711],[10.421332514076393,48.78753429614485],[10.349068261087833,48.641022380469934],[10.301771403025487,48.54495523142055],[10.301771402187441,48.54495522469336],[10.301771402367825,48.544955224491524],[10.301771402371372,48.544955224487545],[10.350562694902534,48.49029699172165],[10.35719465864342,48.48932855742576],[10.357194658644024,48.48932855742243],[10.357390582180091,48.488250514806474],[10.357390582112915,48.488250514800214],[10.357390582103761,48.48825051479937],[10.357390582980397,48.48825050992879],[10.357390583035922,48.4882505096702],[10.357390583093451,48.488250509402306],[10.358558630285463,48.482810914004375],[10.358558640032467,48.48281086860791],[10.358558640174097,48.4828108632526],[10.358558640093992,48.482810863224245],[10.358558640085805,48.48281086322135],[10.26582546431107,48.4499513446161],[10.26314531577837,48.44936001002445],[10.260614385365919,48.44878090648113],[10.219747472895676,48.43442201670115],[10.21974743337155,48.43442200280304],[10.219747431633749,48.434421998010016],[10.219747431698153,48.43442199722101],[10.21974743174148,48.4344219966902],[10.237192682317518,48.219918248607314],[10.237192686601222,48.219918195741116],[10.237192686778787,48.219918190071944],[10.237192686698917,48.21991819004975],[10.237192686679036,48.219918190044226],[10.106210864650278,48.18341946881277],[10.102825654171923,48.18301756667067],[10.038976886555057,48.15555323393548],[10.038976874790807,48.1555532249503],[10.03897687454236,48.155553224418924],[9.924664655298896,47.90983458574771],[9.871385677540212,47.79521257607597],[9.87120228072112,47.79405340910436],[9.8709735452672,47.79290690215121],[9.870973534994379,47.79290685065885],[9.681233512487292,47.684270312754485],[9.606761097067471,47.58601496651328],[9.60513162665552,47.585574587030614],[9.603483037535085,47.58510497521659],[9.548296940809234,47.5355476507992],[9.548296938636707,47.53554764873854],[9.548296938653673,47.53554764873871],[9.548296938825455,47.53554764874024],[9.598959019113765,47.53599251043083],[9.7365150161066,47.530939659319955],[9.769487487401735,47.5809579489579],[9.814597915487699,47.580834131535624],[9.805203308522564,47.5420264795021],[9.84091891590074,47.53513782837882],[9.877027092965543,47.52453795447377],[9.881540421610955,47.54321914375507],[9.903323036244016,47.540304900915366],[9.920003521045281,47.52758589400235],[9.941589801569469,47.53447589260297],[9.96297992907204,47.53262111494691],[9.964096132395571,47.519883992874725],[9.986528960691713,47.50452496105034],[9.987577521567262,47.49824751674555],[9.995654298041826,47.48284606590728],[10.005862408802642,47.47900440714621],[10.038238066668535,47.48715624077252],[10.052536755857526,47.47547035532542],[10.052536756198604,47.47547035336229],[10.0497182212999,47.47037851518124],[10.04971821875005,47.47037850881577],[10.053446811602893,47.465536509633885],[10.063847508136728,47.46255152799177],[10.06762513708729,47.46009706181043],[10.069538524571529,47.45538679658646],[10.080626039004231,47.45445800793202],[10.08984921327837,47.45883670326029],[10.093528794031272,47.45137288081062],[10.09235148416491,47.44214942844872],[10.093232694009332,47.43989091012302],[10.105598957801535,47.428720111172424],[10.105598961289292,47.42872010635362],[10.10033928796365,47.42689775075042],[10.090978141261001,47.41739073781352],[10.07321850537687,47.4153324473689],[10.068191712683586,47.409764334348715],[10.06819170950834,47.40976432902719],[10.069980657191758,47.40709876377083],[10.081664003710486,47.401405352767156],[10.082863557881343,47.393968146908826],[10.099865625289107,47.354765570667006],[10.119349269401225,47.37561674085078],[10.137934963524506,47.36789105602317],[10.145212721405567,47.36565918838312],[10.170259279202083,47.36856975292911],[10.17133852558464,47.38252331539259],[10.18586014569297,47.388768068517344],[10.193905926937084,47.38850239043931],[10.198840873666581,47.38199759168042],[10.212352391274395,47.37979953167655],[10.22834580022388,47.386443207131705],[10.233742377662784,47.382590046906316],[10.23374237793839,47.38259004500932],[10.231797313953662,47.37882462832531],[10.23179731156613,47.37882462179905],[10.236293521430053,47.373354554584424],[10.236293523186935,47.3733545507777],[10.229228961635572,47.36817129533048],[10.224013345947373,47.36173697601515],[10.215982922667912,47.355210947643094],[10.194897879408735,47.32580384556068],[10.194897876306497,47.3258038393656],[10.21039032394427,47.313184424148766],[10.21039032600919,47.313184420752755],[10.189785350277464,47.297083045804655],[10.175428629246156,47.298554041294274],[10.169744024682945,47.26957734244741],[10.179876154803678,47.26984509595983],[10.201657811779794,47.274386592623436],[10.220890886566655,47.274332868337474],[10.232859750372334,47.268860886106445],[10.282508079410693,47.2863021663634],[10.340594595035816,47.307197492953236],[10.352070227942011,47.31537338750091],[10.402212844283895,47.373687531573076],[10.441067841048097,47.378737500918426],[10.445678837774215,47.404556669294195],[10.446145233514773,47.40716680495982],[10.446145234643557,47.407166805649574],[10.48292762415852,47.42952523118764],[10.482927623190458,47.42952523592301],[10.466416745726583,47.48443366680735],[10.442243714484993,47.50005249089307],[10.451662633438962,47.53345118083198],[10.461866810069175,47.54669876092086],[10.481490726607598,47.53716093758844],[10.574828122303815,47.53166511903726],[10.599135560016688,47.56596860126694],[10.613364147636302,47.56411729820672],[10.613364148555583,47.56411729808706],[10.625235417057478,47.55908295642711],[10.68783567144445,47.555540731190966],[10.694677467460327,47.544774308650304],[10.721343565512445,47.536069163356224],[10.73939752349249,47.53673169253587],[10.75627407019245,47.53288961730923],[10.761180057389714,47.52825216526042],[10.759840225794354,47.52025957703581],[10.759718913859201,47.51953577504706],[10.778395562175048,47.51228627922643],[10.795521852326122,47.51857858639368],[10.813575802078827,47.51871122096268],[10.881473921257589,47.527457819473724],[10.888399077076063,47.51989301845849],[10.891997122288842,47.515961628942065],[10.869209127782101,47.50426386502009],[10.860511577704745,47.47595109680951],[10.915654397019878,47.47488943908881],[10.916027917634414,47.47488215716012],[10.916027917635446,47.4748821571602],[10.916027917607384,47.47488215881876],[10.915990091981763,47.477117226372144],[10.914900702709014,47.541486444109694],[10.91420580237128,47.58254014816024],[10.914205802366023,47.58254014847111],[10.914205802320414,47.582540151165524],[10.891488332185409,47.809783976793675],[10.89148833217658,47.80978397688156],[10.891488331945476,47.80978397918471],[10.896645150220616,47.8177369187329],[10.899315042042797,47.824104641543954],[10.90120131741356,47.82476124524863],[10.901201317458357,47.82476124526422],[10.901201318947354,47.824761245782504],[10.901201321336691,47.82476124368514],[10.901201323561777,47.82476123998629],[10.9012013236341,47.82476123986602],[10.901207238878097,47.82475537845973],[10.901207238929015,47.82475537846873],[10.90120724062019,47.82475537876766],[10.90098304053126,47.825062300299656],[10.900612395527721,47.825478334089034],[10.900223929707078,47.825827880720986],[10.899805742256445,47.82617523129135],[10.899543413231125,47.8263731512639],[10.89954341317449,47.82637315130664],[10.899543411532255,47.826373152545656],[11.011281422309017,47.929288757472726],[11.011147035592826,47.93906352802689],[11.008884557335909,48.10381593595138],[11.008884557329159,48.103815936443446],[11.008884557292232,48.10381593913627],[11.008669733798119,48.105608421801584],[11.00791370957858,48.107732093843076],[10.968340068003364,48.12360067353047],[10.968340066790844,48.12360067401631],[10.968340063784972,48.123600675220764],[10.991302964699614,48.13584126097163],[10.99291452123126,48.136450601057575],[10.99439320462785,48.13699123229316],[11.14603784867181,48.20534593486482],[11.147277977793596,48.21666771589102],[11.147317548464128,48.21785302994811],[11.14731879789284,48.217889344389384],[11.147610527157143,48.22132213263164],[11.146414351968302,48.3547231499965],[11.146234772654612,48.374793712747454],[11.146234772681227,48.37479371275291],[11.47857540854053,48.44254652662898],[11.48403884413623,48.44023520992025],[11.48885168470671,48.43772871326074],[11.774090320179134,48.43307471962144],[11.778427084508806,48.452797014273074],[11.82056155383221,48.51320623495158],[11.944844805266149,48.83379582759734],[11.944844805327623,48.83379582775476],[11.889153051754167,48.88855564397455],[11.889153051727869,48.88855564400035],[11.88940191434531,48.890362891906534],[11.889604432464772,48.89269536904618],[11.88960443248272,48.89269536925284],[11.817602195105346,48.93329608518142],[11.643410933717936,49.06093881217174],[11.643410926921753,49.06093881257241]]]},"properties":{"art":"Netz","bezeichnung":"Augsburg","standort":"Augsburg"}},{"type":"Feature","geometry":{"type":"Polygon","coordinates":[[[11.662742259143462,49.656445055512314],[11.662742258302035,49.656445052186676],[11.613578208055298,49.52729066199042],[11.612745874721185,49.52630570312817],[11.611828811658222,49.525261118492445],[11.602719011155926,49.43480859125603],[11.576488139717458,49.301040858397016],[11.502902077041066,49.20501048073254],[11.500717974988396,49.202066920539934],[11.51336871046008,49.16977598217471],[11.643410926856568,49.06093881249061],[11.643410929114685,49.060938810595395],[11.643410931221483,49.060938809039925],[11.817602195105364,48.933296080132635],[11.88960443248272,48.89269536925284],[11.889604432884235,48.89269536880933],[11.889401914345347,48.89036288683894],[11.889153051727869,48.88855564400035],[11.889153051139457,48.88855563951035],[11.944844805327623,48.83379582775476],[11.944844806701868,48.83379582618378],[11.820561553832208,48.513206229700714],[11.778427084508827,48.452797008999376],[11.77409032070914,48.43307471674386],[11.7740903205405,48.43307471597665],[11.77409032021229,48.433074714257096],[11.774090320224934,48.43307471422825],[11.774090320247304,48.4330747141772],[11.78453824674409,48.40922258188253],[11.784628506848865,48.40799237462513],[11.78474587741606,48.40694548976294],[12.027573573932667,48.37758773467263],[12.37670454195566,48.42675635441203],[12.377988690135378,48.42773174204261],[12.379074454236912,48.428541340045754],[12.546530116920085,48.63109403548896],[12.54653011698047,48.63109403556166],[12.636246767240053,48.67347947124452],[12.636246767309464,48.67347947127725],[12.636246766198584,48.67347947429066],[12.6360561080672,48.67399665515002],[12.636056109129083,48.67399665580721],[12.639363088780847,48.67535412670443],[12.64021268559735,48.6751767898747],[12.662692466437417,48.64044083998677],[12.678296120729451,48.54496222358004],[13.32315132570118,48.412547238076655],[13.32476009964218,48.41188986287616],[13.326238589760443,48.41131315918174],[13.437558287352802,48.4044744677497],[13.437558289886907,48.40447446759281],[13.46913285043586,48.540159212193785],[13.469701906078816,48.54259685699377],[13.524648760939,48.57376888198397],[13.734237768421831,48.50557705324105],[13.83170379571584,48.57562820874452],[13.845596230104235,48.769543095646654],[13.748309617422922,48.895864423803125],[13.185544126403471,49.1772708902385],[13.031002599122512,49.30678776052958],[12.957447464055356,49.35112542188539],[12.831436833230999,49.35475197253646],[12.460826290188631,49.746442700446714],[12.460826293200725,49.74644270561668],[12.466644790118039,49.75604189900196],[12.564124942774914,49.91547767404558],[12.564124939774247,49.91547767830881],[12.517499038344791,49.97858323379805],[12.330719174739057,50.05984873388739],[12.293053148458421,50.03344064357613],[12.202372595855186,49.92990447385791],[12.201763802899203,49.92881435582499],[12.200372203949112,49.92726333934496],[12.195779565120883,49.923006228542604],[12.195705296914817,49.92302318201194],[12.184511250728846,49.923621125491614],[11.875405110766135,49.83190157979593],[11.873652772294033,49.83131184504986],[11.688309908800903,49.76054958337885],[11.662742259143462,49.656445055512314]]]},"properties":{"art":"Netz","bezeichnung":"Regensburg","standort":"Regensburg"}},{"type":"Feature","geometry":{"type":"Polygon","coordinates":[[[10.112406831712375,50.545652047939456],[10.112406831663098,50.54565204795906],[10.112406831621561,50.54565204792718],[10.112406831614926,50.545652047918864],[10.112406831580607,50.54565204787594],[10.033198751128609,50.44633334287652],[10.03319875110891,50.44633334286805],[10.033198751105449,50.44633334286656],[10.033198750990941,50.44633334281714],[9.660466323659566,50.284474034303706],[9.658550434101112,50.28461369559517],[9.655057711515031,50.28480307660234],[9.655057710696667,50.28480307664668],[9.655057709502284,50.284803076429135],[9.655057709501637,50.28480307642724],[9.646883778405204,50.26070038138725],[9.646883769424194,50.26070035489077],[9.646883768501963,50.260700352711005],[9.646883768462525,50.26070035269936],[9.611857016836241,50.25034636470595],[9.608476400242257,50.24835163358696],[9.604920134238592,50.24569402297921],[9.60183584062763,50.243231310899965],[9.601267478331906,50.24266850425329],[9.600798592201807,50.242204189232446],[9.60062381988044,50.24217625824249],[9.597055646148158,50.242876980638925],[9.597055646142344,50.242876980635664],[9.264182836989445,50.052480666243056],[9.264182821177249,50.052480657139846],[9.264182819376586,50.05248065610316],[9.264182817020856,50.05248065474695],[9.26728491033607,50.00770116209456],[9.268365031781222,50.006340870571876],[9.313904832790909,49.9552362398423],[9.376115105760151,49.88521969657295],[9.459152167852865,49.791440444383056],[9.468364771013855,49.78095830023855],[9.470199194685875,49.78042092462017],[9.473322719308559,49.77998056223978],[9.483966271895678,49.759316849008236],[9.483966279560128,49.759316834121606],[9.483966289195989,49.75931681540587],[9.542231635518005,49.600937827679715],[9.619678003763084,49.5100273725901],[9.6196780339957,49.51002733702573],[9.61967803964062,49.51002732925284],[9.61967803962766,49.51002732924879],[9.59969767795426,49.50375550208082],[9.599626813670715,49.503743917457015],[9.59962642278464,49.503743853556315],[9.597960016463295,49.503471421658794],[9.590630461469527,49.50240513940579],[9.590628943961626,49.50240491859022],[9.590312435540511,49.50235886234084],[9.590312402388488,49.50235885751671],[9.590312399877353,49.5023588566798],[9.590312399877861,49.50235885667761],[9.608596277202885,49.42262780444925],[9.757770272012102,49.39644487196286],[9.98041602083705,49.35622995791432],[9.982308624175731,49.356618432162065],[9.984574928293169,49.357241322768864],[10.01565046152813,49.35921737095554],[10.0273881694853,49.3599615305785],[10.027388169495532,49.35996153057915],[10.02738816994875,49.35996153060784],[10.02738816997033,49.359961530609226],[10.027388174244374,49.35996153546944],[10.027388207154601,49.35996157339856],[10.063211060212781,49.40120679967562],[10.205521311001174,49.56450153305221],[10.20552131100364,49.56450153305502],[10.209746129523118,49.565697068296274],[10.215098417448548,49.566916445418144],[10.215098417461125,49.56691644542099],[10.25808920838642,49.60833704414467],[10.275437807973086,49.62502729950133],[10.304358474412133,49.672760005950636],[10.304649210072528,49.67413701502453],[10.304958972377236,49.675405187077565],[10.314314557371606,49.69900336000142],[10.388184389786645,49.707181720646155],[10.38818439026963,49.70718172354174],[10.38818439052657,49.707181727683164],[10.393216925668844,49.788139572471856],[10.433002001382514,49.861368608818864],[10.433002002887545,49.86136860964402],[10.697974340394929,49.97247304706882],[10.698763506681235,49.97346785070035],[10.699571458557596,49.97457977804304],[10.615544474606848,50.21902512201547],[10.61554447460113,50.21902512203202],[10.615544474347743,50.21902512239186],[10.51504050279058,50.3219603361415],[10.515040502783846,50.3219603361484],[10.362292165206812,50.44412387486471],[10.359715634062358,50.446881973103324],[10.112406831712375,50.545652047939456]]]},"properties":{"art":"Netz","bezeichnung":"Würzburg","standort":"Würzburg"}},{"type":"Feature","geometry":{"type":"Polygon","coordinates":[[[6.341202672172654,50.48703123542242],[6.341202671561395,50.487031235439126],[6.341202659924457,50.487031220287314],[6.341202659727955,50.48703121921885],[6.341202657714807,50.487031208272576],[6.341202657518227,50.48703120720365],[6.341202656899225,50.48703120383791],[6.3412026562056525,50.48703120006667],[6.341202656194385,50.48703120000539],[6.336851385610933,50.46332091985968],[6.368253353221645,50.44457958774447],[6.363540257891108,50.40782462799773],[6.363540256967206,50.40782462700474],[6.33783241336126,50.380175285399716],[6.337832417170554,50.38017528240837],[6.402003214476629,50.32971751572879],[6.4020032042241395,50.329717512277924],[6.355886875126894,50.314181102128806],[6.330571960963254,50.32458108107184],[6.307219392755948,50.32169937551393],[6.296230118079204,50.311048266468724],[6.282727319582011,50.28509034147482],[6.282727321506553,50.285090339573806],[6.2899500095394805,50.27795142823398],[6.2899500030460445,50.277951422723625],[6.277390641312223,50.26729046304354],[6.262360839602952,50.26810612101598],[6.206718843955035,50.254160314550475],[6.196932586936954,50.24056410500537],[6.173126578047967,50.234547108759905],[6.1731265818146035,50.23454710031076],[6.176786712289927,50.22633522306043],[6.176786706141778,50.2263352223987],[6.166711388073012,50.2252502736086],[6.16671138680495,50.225250263873605],[6.165936266949036,50.21929889945926],[6.178761383488115,50.215076956160374],[6.184765722825979,50.20515832899889],[6.1835883655956945,50.192470508981565],[6.190217968120011,50.18645879797624],[6.19021795977532,50.18645879356448],[6.185845053932846,50.18414663282989],[6.1858450642042815,50.18414662931531],[6.191368545090295,50.18225644955874],[6.191368532026048,50.182256443157165],[6.183198078296574,50.17825227040606],[6.17824533079749,50.18044299863515],[6.164994502181585,50.18075380298205],[6.158322349846348,50.174093075194286],[6.146498878505894,50.17927723454947],[6.13820725783356,50.16784050344923],[6.1382072610043945,50.16784050052383],[6.146449792579594,50.16023446095011],[6.1464497848304,50.16023445631271],[6.138992717731617,50.155771234725286],[6.1315537781000335,50.156347988790074],[6.129376178799165,50.15300502117926],[6.129376182282951,50.15300501946329],[6.140857031898076,50.14734647826857],[6.150570872059151,50.148038060783705],[6.15057086423273,50.148038050347814],[6.128875292917895,50.11908975296143],[6.128875289659424,50.11908974139651],[6.112274989360985,50.06011311911285],[6.13114287542866,50.04033644396401],[6.128689591262061,50.030000544961084],[6.1456424602127955,50.02202351913421],[6.145642450128906,50.02202351243274],[6.138011374667015,50.01695136020223],[6.13133923112054,50.01991452532923],[6.129599135787823,50.01807615414811],[6.129599139556921,50.01807615056426],[6.138207591958334,50.00988946265631],[6.147823352877939,50.00963723962101],[6.144389110636787,49.99872705002323],[6.144389110057536,49.998727050323915],[6.13949081206708,50.001269395005664],[6.136833896540284,49.99860088967856],[6.13683390111082,49.99860088644355],[6.14246536588626,49.99461444199405],[6.15008009107756,49.99368103491394],[6.156751990431493,49.986300180309954],[6.163081052255412,49.9866156829639],[6.169998493360015,49.985085749355505],[6.169998488482393,49.98508573970145],[6.16344900186136,49.97211907395851],[6.163449002040814,49.97211907370072],[6.170920607098655,49.961383055129836],[6.175076252569854,49.96123192201543],[6.177921213099735,49.95132079312566],[6.191266175924003,49.95586629577308],[6.197663176352977,49.94865313939777],[6.204545429142974,49.9550255119065],[6.210694085036421,49.949553065193875],[6.222351446677086,49.950112442568646],[6.222351441901603,49.95011243863337],[6.216164001540076,49.945012927324605],[6.216164002760155,49.94501292592014],[6.2247473431272535,49.935129877062025],[6.224747341163625,49.93512987355102],[6.21799304423637,49.923049996173056],[6.217993044462268,49.92304999581039],[6.233248342296218,49.898547179570265],[6.249080860731288,49.89283321903353],[6.260342323721412,49.88093751244512],[6.273923941625584,49.87534364548133],[6.282125181652402,49.877397296393625],[6.295799231077574,49.86633093109374],[6.299058733911892,49.864988379339785],[6.31062173263061,49.869802628161494],[6.3140032427915145,49.8600853145781],[6.320784897517236,49.85159206018268],[6.31970169350184,49.84092417848485],[6.327165644766707,49.83593966734223],[6.339819849796516,49.8388109266778],[6.3398198504932735,49.83881092683583],[6.342370974624394,49.84728985642323],[6.342370975771818,49.84728986023617],[6.363172555387582,49.84944101945762],[6.397778253212782,49.820616031631864],[6.409299903090418,49.816925739059094],[6.42479180148656,49.81539100012088],[6.4255206153036735,49.81172645955403],[6.431404445098152,49.81027761990618],[6.440854779631601,49.814157113437766],[6.443670264593864,49.811278087314],[6.453980221310318,49.811321657111336],[6.4703081318710565,49.82226498611561],[6.485429865761653,49.81203538062559],[6.500834679763783,49.80893274851731],[6.511550561217557,49.80136687124563],[6.515194458842092,49.80361584881917],[6.521538007243957,49.8114021687389],[6.527032712704437,49.80962925500784],[6.52879885242162,49.80532332168271],[6.528798849644649,49.80532332000041],[6.504780057159975,49.79076581520028],[6.504780057959799,49.79076581292842],[6.513210164439052,49.76680629866122],[6.513210162092285,49.766806296044244],[6.5004464640949475,49.75256821219496],[6.500446464126683,49.75256821042173],[6.500814450530973,49.731984396129725],[6.5170447075986555,49.72392445465343],[6.517044704259626,49.72392445141941],[6.514685881034987,49.72163968291087],[6.510814827112103,49.72138438709644],[6.505896215839775,49.72649741063928],[6.501631982776748,49.727481493739056],[6.496529731056668,49.727100935523694],[6.494773407438612,49.724334326690396],[6.494773407815121,49.72433432635746],[6.504967982731847,49.715317751508536],[6.504967978653664,49.715317749387836],[6.493433725912277,49.70931845298196],[6.479509448284604,49.697180926946054],[6.458797107928955,49.691298549395455],[6.44565446704546,49.67812607241396],[6.432536523599335,49.671078100808124],[6.4244972473159505,49.66488623514669],[6.424497247835308,49.664886232982596],[6.425785030221592,49.659519448027964],[6.437461325919289,49.65774095827599],[6.422375223631808,49.62579658346833],[6.421489035528746,49.621452865805516],[6.421489034081919,49.62145286432776],[6.417542849771854,49.61742187719132],[6.410506864188628,49.614474568869504],[6.397519707365485,49.60178539344952],[6.380748026079335,49.60003232448474],[6.372965002610578,49.59194390892331],[6.372965002814497,49.59194390704987],[6.373618510301104,49.58593872806224],[6.381590235301646,49.581114188915826],[6.381060196352177,49.577151008038214],[6.381060194915392,49.57715100839841],[6.3709340562705625,49.57968896370782],[6.36141827403359,49.5775151228396],[6.357757158765835,49.57492239271375],[6.3577571570633085,49.57492238873089],[6.356785969890486,49.57265031228065],[6.357789905742055,49.57029457008288],[6.380355269854338,49.55651518560158],[6.380355266597566,49.55651518209436],[6.355799530642085,49.5300516787367],[6.35579953124701,49.530051677354976],[6.367337675714873,49.50368286873178],[6.366118701436851,49.49420352566067],[6.3686140878719,49.4894428173615],[6.366446459361459,49.47982102308518],[6.366679352515906,49.469599547037895],[6.3749703956585915,49.46437084562145],[6.399784419105008,49.464644126857955],[6.412735438689367,49.46949009095373],[6.420682663930392,49.47561063997528],[6.42813933213874,49.47446312563494],[6.4489082421734905,49.462309070095564],[6.457372229166516,49.46580070707741],[6.608444327111852,49.527934616973596],[6.732759780594092,49.5782500958925],[6.8795130288620685,49.637344315698996],[6.879513038563887,49.63734428681413],[6.8795130386026795,49.63734428659673],[6.87951303908164,49.63734428391231],[6.899244115334442,49.52649879757485],[6.904149761088573,49.519204851889185],[6.90524214681865,49.517580312190546],[6.97759323769791,49.5263303471954],[7.004126516586144,49.53801145600278],[7.088561011673636,49.57510221245419],[7.10509720200763,49.575599537073586],[7.105097203302771,49.57559953711244],[7.105097203772444,49.57559953712652],[7.105097234999942,49.575599538063564],[7.1048463585635915,49.57759353792365],[7.104571477433632,49.58023050029551],[7.104571476374224,49.58023051045788],[7.104571476032806,49.580230513732914],[7.104571474737296,49.580230526160065],[7.149333112704013,49.60573309018985],[7.159667303166509,49.603735653903556],[7.159667309076243,49.60373563881485],[7.1594033261047265,49.60227561530636],[7.158963531846299,49.599995392722406],[7.158963532492162,49.59999538041107],[7.400282426826267,49.57222798283026],[7.451334585376448,49.60462494468348],[7.581378899623803,49.661178529174286],[7.5950693194995615,49.66062708009804],[7.614936736641997,49.65995591081654],[7.80289869955592,49.7032112107778],[7.805471118084517,49.702178271102156],[7.806425593278395,49.701871549975365],[7.916250167608119,49.67761856423574],[7.91625017311312,49.677618563016836],[8.018677523284596,49.65160694396929],[8.018677526122898,49.65160694324687],[8.01867752701061,49.651606943020916],[8.01954305618569,49.65600223884204],[8.019866525154596,49.65764468387219],[8.019866525269622,49.65764468445622],[8.019866525384202,49.657644685037994],[8.019866525499014,49.65764468562092],[8.01986652570181,49.65764468665062],[8.04578259370241,49.66657366028778],[8.152264300870396,49.7031655008374],[8.156004231989403,49.70580458360699],[8.239471257438288,49.74002059203145],[8.240813930817806,49.74117859609517],[8.241638111958572,49.74198684604047],[8.241638119135308,49.74198685307834],[8.310223111039813,49.72767519874476],[8.316002795760822,49.72476203955754],[8.325562563797055,49.72017386047299],[8.327589081359411,49.71962201754845],[8.32917504342318,49.71911445776177],[8.357288616676765,49.70222246578237],[8.359148158763777,49.70129821239647],[8.366577629131916,49.6864467582343],[8.366577630578487,49.68644675564416],[8.38484634277359,49.65371264557705],[8.384846346600787,49.65371262543946],[8.383999365837782,49.65158859400652],[8.384359184066346,49.64932359131103],[8.477395221368447,49.57623427956707],[8.481879040005165,49.575909430469416],[8.48373356058109,49.575897880140715],[8.483733561219237,49.575897880136736],[8.48373356185535,49.575897880132764],[8.499292196149579,49.62089880283375],[8.499292196628579,49.620898804217184],[8.499292203702407,49.620898824647554],[8.511025121441527,49.62032812596408],[8.512722754784983,49.62024544801926],[8.517216919527936,49.61746614265645],[8.533656915680103,49.60729502864623],[8.564529714499319,49.59914035362507],[8.639978782879037,49.62083369999054],[8.642159989803098,49.62119386929708],[8.643565574095662,49.621348171082],[8.645435119377312,49.61807085593454],[8.667232458513737,49.55710845406561],[8.668359341995544,49.55609274162549],[8.675949671166483,49.552026715582855],[8.964166005028657,49.47332513480661],[8.981288153331139,49.46861910168203],[8.983253698415341,49.467946841244675],[9.026002397417566,49.46390347738427],[9.05084366332352,49.47762789888694],[9.144619661026068,49.54442725030403],[9.144619666237167,49.54442725400885],[9.144619670796125,49.54442725725003],[9.144619698242865,49.54442727676325],[9.272588040050909,49.63516616611535],[9.483966279030769,49.75931683381196],[9.483966279041937,49.75931683381848],[9.483966279560128,49.759316834121606],[9.48396628358704,49.759316836477],[9.483966286921042,49.759316838427125],[9.483966306636194,49.759316869328636],[9.47332274277471,49.779980603478734],[9.470199218155251,49.78042096588984],[9.468364794490805,49.78095834149669],[9.459152191171325,49.79144048550101],[9.376115127657492,49.88521973651143],[9.313904880426072,49.95523624874342],[9.313904877560562,49.95523625196304],[9.268365051813026,50.00634090893096],[9.267284930350469,50.00770120043211],[9.264182836989445,50.052480666243056],[9.264182836858621,50.052480668129796],[9.26418283678512,50.052480669189855],[9.26418283639651,50.05248067479441],[9.597055613628521,50.24287698497783],[9.59705561363434,50.24287698498113],[9.597055620586158,50.24287698893161],[9.600623832909871,50.242176288454814],[9.600798605242378,50.2422042194539],[9.601835853855881,50.24323134130514],[9.604920147177943,50.24569405308587],[9.608476413098177,50.24835166360109],[9.611857029608922,50.25034639463918],[9.646883775300882,50.26070038047029],[9.64688377816196,50.26070038131541],[9.6468837782014,50.26070038132706],[9.646883778405204,50.26070038138725],[9.646883779721353,50.26070038177602],[9.655057711420323,50.28480307632322],[9.655057711420975,50.284803076325126],[9.655057711515031,50.28480307660234],[9.65505771235322,50.28480307907261],[9.655057714423526,50.28480308517416],[9.658550445780676,50.284613724305316],[9.660466335370597,50.284474063011466],[10.033198756050723,50.44633336424406],[10.11240682582492,50.545652056581375],[10.112406825856699,50.545652056621115],[10.112406825916079,50.54565205669538],[10.112406829008185,50.545652060563285],[10.11240683049005,50.54565206241694],[9.98517921493995,50.74071872314705],[9.94209559273667,50.80638153070108],[9.908631364052436,50.868568956190884],[9.908631364046673,50.86856895620158],[9.90863136402866,50.868568956234995],[9.908631363645535,50.86856895694599],[10.044565884706856,50.951754883098765],[10.043553491141433,50.95366793984636],[10.042812637439663,50.95503562605017],[10.125249502367561,51.07337713406186],[10.242469830688673,51.120110266048336],[10.264942718462013,51.148953438013834],[10.165505593425523,51.22630361160473],[10.16635271733056,51.22718407696565],[10.167574672768346,51.22826898765135],[10.051604308582839,51.295063323410844],[10.051604308156978,51.29506332365555],[10.051604308124732,51.2950633236741],[10.05160430807268,51.29506332370401],[10.020418283771246,51.280099892831835],[9.981854490300032,51.261571318135445],[9.98156956581078,51.259165950562036],[9.981463078007895,51.25789236501892],[9.980896199167454,51.25542140177796],[9.980896131758367,51.25542110793256],[9.980896130469223,51.25542110231298],[9.980896130469139,51.25542110231263],[9.94515414894822,51.255219787327555],[9.945121581488063,51.25521959891504],[9.87573647696339,51.254797604858254],[9.825023242289037,51.25393776472514],[9.818598970480927,51.25399819586041],[9.81859897043771,51.2539981958608],[9.818598970425038,51.25399819586091],[9.818598967899769,51.25399819588462],[9.812723187001803,51.25711683654915],[9.808467272926041,51.25815275902827],[9.80680088520784,51.25850178322159],[9.806800877870838,51.25850178475827],[9.806800877812078,51.258501784770566],[9.80680087775713,51.25850178478207],[9.80487775711997,51.258670940457286],[9.802843238572096,51.25870695721548],[9.80284323853577,51.258706957216134],[9.802843238535036,51.258706957216134],[9.80284323749696,51.258706957234494],[9.80176660375287,51.269628897982464],[9.784120354031796,51.29125681706649],[9.799667248515133,51.38415624276997],[9.800752764205502,51.38455996813786],[9.802895144911334,51.38530959137744],[9.792215467588496,51.440992630764114],[9.790664373454305,51.441734921228445],[9.789296548904758,51.44255879106107],[9.725879229010273,51.45302450391063],[9.724881704066503,51.4537511165402],[9.723413523521232,51.45486850416731],[9.566366711444102,51.5005485081423],[9.482750320433269,51.648520663631984],[9.368131358889892,51.629167958281364],[9.360577668519074,51.62653974931889],[9.359931517172244,51.626314892464016],[9.359773995086517,51.62626007482756],[9.320711469279216,51.61265566883367],[9.109248333959096,51.538640195483595],[9.109248333957892,51.538640195483154],[9.10924833395713,51.5386401954829],[9.109248332861721,51.538640195097855],[9.108455819880103,51.53921298527579],[9.106753297354757,51.5405448097548],[8.97049359122124,51.75013882307814],[8.95548957295773,51.7501264746136],[8.953266197319888,51.7502961633563],[8.951769498809528,51.75042109896435],[8.951769498807128,51.75042109896453],[8.951769498806515,51.75042109896459],[8.951769497464122,51.750421099076625],[8.897637484980638,51.721963393280845],[9.053866659963662,51.52894871335803],[9.053866660283623,51.52894871296083],[9.053866660693117,51.52894871157467],[9.053866660593073,51.52894870860876],[9.053721104672192,51.52462778201903],[9.053721107445845,51.52462778198395],[9.100805193907172,51.524022959346894],[9.122035756526838,51.51872324119682],[9.125267869234191,51.517265473691225],[9.127283541451375,51.51569672752433],[9.142930672648795,51.50233439619598],[9.145120914920618,51.50041849270939],[9.146529044847496,51.49916296815081],[9.14658165900135,51.49907430919878],[9.035917618207625,51.46857879538923],[8.577848213577946,51.340784458636364],[8.575191512544043,51.34054096020375],[8.572138323276423,51.34013701030742],[8.545530498356392,51.23780125435767],[8.54553049927956,51.23780125291754],[8.545530499505363,51.237801252565276],[8.545530499635484,51.2378012523623],[8.545530499640877,51.237801252353876],[8.562947342728119,51.21061369161889],[8.56294734273186,51.21061369161302],[8.625335566141823,51.112939441928795],[8.62533556405597,51.11293943999602],[8.62533556360043,51.11293943957389],[8.625335563378703,51.11293943936843],[8.625335563371198,51.1129394393615],[8.568610091574296,51.06030329422056],[8.568610091169347,51.06030329384427],[8.499170166450181,50.995668707608225],[8.498220873474203,50.99475361002102],[8.493581846902801,50.9890284916192],[8.300277970669761,51.01018775001557],[8.262256036605049,50.999574070008045],[8.259276629745504,50.99779133842724],[8.25927663437742,50.997791336214284],[8.259276636186373,50.997791335350044],[8.25927663640662,50.99779133524481],[8.25927663644319,50.99779133522735],[8.26082022831752,50.997054006864175],[8.25174427513395,50.89175986289708],[8.251744274506027,50.891759855591744],[8.251744274176437,50.89175985167687],[8.251744274174726,50.89175985165631],[8.24199046255159,50.77445886298777],[8.234631306152021,50.74356529368472],[8.235756044545889,50.74232792785106],[8.236834026838867,50.74134579972255],[8.236834023578107,50.74134579280152],[8.236834023149818,50.74134579189248],[8.236834022525672,50.74134579056768],[8.236834020509994,50.74134578628937],[8.212308958441335,50.689233642229745],[8.206037789856428,50.675012346296334],[7.836374659546438,50.71063972016534],[7.7294140653890855,50.70420313567677],[7.72204378094016,50.7037559404764],[7.715703821088828,50.70337089143286],[7.713967106895063,50.70123607731304],[7.71373404453387,50.70094957525919],[7.711784980507587,50.69855345472522],[7.707834609511142,50.693696209584516],[7.707834608301447,50.693696208096945],[7.707834607587461,50.69369620693182],[7.7078346078423685,50.693696206861915],[7.707834608352465,50.69369620672205],[7.7083474494822335,50.69355556219552],[7.70908361442689,50.693353666566445],[7.719171991289413,50.6905862354991],[7.689232394455532,50.57277462808013],[7.689232391591619,50.57277462578954],[7.689232390667259,50.57277462505023],[7.689232389047723,50.57277462375489],[7.689232388158681,50.57277462304383],[7.656551260600171,50.54661668599776],[7.654793313403256,50.54600168532535],[7.653226908624975,50.54563612018888],[7.515253351525836,50.571585526591],[7.5132585190929495,50.56993884874523],[7.511889316000058,50.56884186830459],[7.4441214030731775,50.572871230984475],[7.326261835771731,50.56596906170934],[7.312418010034087,50.61364422286936],[7.312418008404443,50.61364422847545],[7.312418007626496,50.61364423115164],[7.312418006935108,50.61364423353008],[7.312418005919744,50.61364423702299],[7.313565130718593,50.61382453398624],[7.313871478994938,50.613872675758124],[7.313973371217688,50.61388868763304],[7.3140355911768316,50.613898465152104],[7.31412389796595,50.613935993164084],[7.314252550042498,50.61399066660998],[7.314653813846023,50.61416119048473],[7.316329372462485,50.61487321907459],[7.316329374844188,50.61487322008666],[7.316329375148847,50.61487322021611],[7.316329375841702,50.614873220510546],[7.316329380758935,50.614873222600075],[7.3150794911261485,50.62461313947601],[7.218807494736431,50.62683924958974],[7.21593499429944,50.627002855773455],[7.209540689828656,50.645563145567706],[7.204222664736572,50.64704878368446],[7.204222652244125,50.64704878020426],[7.2026371321413425,50.64660706839629],[7.200704894581948,50.646135180068455],[7.1230378282298545,50.56225711500922],[7.09624433702145,50.54704121979408],[7.09221090855532,50.54529330284776],[7.073584482462706,50.53478481192332],[7.044870078616449,50.53743671773363],[7.039424591355487,50.532416043509805],[7.039424589664503,50.53241603541341],[7.0394245887291556,50.53241603093496],[7.039424587662082,50.53241602582583],[7.039424587607423,50.53241602556413],[7.03706251405775,50.521106223861814],[7.037062512413656,50.521106223924946],[7.037062512153539,50.52110622393495],[7.03706251173266,50.52110622395111],[7.037062510322422,50.521106224005266],[7.0365819480757485,50.52112468197836],[7.034896717207879,50.5215545888681],[6.986256235500408,50.527591968292334],[6.925227631807862,50.5313376857949],[6.856497040951422,50.524295123824984],[6.7238718600878045,50.50888193930898],[6.723871863037168,50.5088819336557],[6.723871864155995,50.50888193151121],[6.723871865885553,50.508881928196004],[6.723871868148594,50.50888192385829],[6.798618330081284,50.36535103274527],[6.798618328419359,50.36535103265865],[6.798618327732948,50.36535103262292],[6.798618321628382,50.36535103230484],[6.798618319290187,50.365351032183014],[6.745313700626176,50.36256113565854],[6.641246390750184,50.43452900128551],[6.626306311955594,50.44110096026116],[6.601056834748269,50.43478869425558],[6.59031772698291,50.43429659510518],[6.588733890068166,50.43489206935089],[6.5887338900365995,50.43489206936275],[6.588733888224657,50.434892070043965],[6.588733887894229,50.434892070168196],[6.589336465886802,50.43617824721166],[6.5999647397006935,50.44269694817852],[6.60772138344308,50.44823397660944],[6.6206105980136405,50.461118930396694],[6.636058766372457,50.484613644324625],[6.636058766623403,50.484613644706144],[6.636058769241535,50.484613648686434],[6.6360587694870325,50.48461364905967],[6.636058770686099,50.48461365088261],[6.635001775138491,50.50212117177396],[6.623254608927942,50.501699517541624],[6.591230605414794,50.5005899569835],[6.590821160828848,50.500427548463605],[6.451873978584919,50.483943848410576],[6.341202672172654,50.48703123542242]]]},"properties":{"art":"Region","bezeichnung":"Mitte","standort":"Frankfurt"}},{"type":"Feature","geometry":{"type":"Polygon","coordinates":[[[6.705123648434053,52.63151607567875],[6.7051236478154665,52.631516075442796],[6.718467842165578,52.61674442431063],[6.71100897181889,52.58752749607886],[6.749865787754299,52.566197283892656],[6.749865788262137,52.56619728361366],[6.715327423682718,52.55522195396179],[6.6776493146434355,52.55426756787111],[6.677649314052773,52.554267567856044],[6.698057966476926,52.52084632444687],[6.694132826548114,52.48596572349005],[6.755137830221715,52.463607069782505],[6.77302107128048,52.45871065583779],[6.848769738281952,52.45823208514434],[6.852275424940438,52.449351770892555],[6.954739126708201,52.43430984278181],[6.988492726848938,52.465883848045586],[7.0309608719774195,52.40464168553898],[7.056979833651753,52.39804309534317],[7.070029535358792,52.37690383576019],[7.070912307652309,52.35191897043976],[7.0709123076622165,52.3519189701591],[7.056194128993347,52.33891171622448],[7.02436490472776,52.292821038288025],[7.024364904551932,52.29282103803315],[7.031789613135309,52.26646725004615],[7.058939360692457,52.241024553580196],[7.259537354770759,52.20353547044155],[7.265910154951501,52.19670960468947],[7.267430039333924,52.19508129070816],[7.270327420214784,52.19197681873899],[7.2774707050683904,52.18432077991646],[7.393546997417356,52.20289855154587],[7.394956373404074,52.20225675571731],[7.396601866352707,52.20154711911601],[7.5185277198116625,52.189098710579266],[7.520321062449929,52.189674641961595],[7.521816335407073,52.19018927372133],[7.609812654532113,52.229187696751126],[7.6098126561341735,52.22918769745994],[7.717178096088372,52.27641159365251],[7.7277139170105675,52.27138650000483],[7.892816890784742,52.20133036557798],[7.895059314279831,52.199188703782006],[7.897475967863689,52.19707866568173],[8.072088795858518,52.14988535666797],[8.154601095681507,52.126358434454545],[8.155685404802659,52.12715662244863],[8.155685888788376,52.127156978714474],[8.155761058018186,52.12721231130493],[8.155887849129261,52.1272827604671],[8.155888301084863,52.1272830115873],[8.15725123772243,52.12804027980016],[8.464151970319657,52.154895841864054],[8.464151971840453,52.154895841995064],[8.663398811325282,52.172101078767774],[8.664908057219204,52.17252856404073],[8.666722300875987,52.17213363699841],[8.66798913291527,52.17029300219321],[8.668106769550384,52.17026813487428],[8.898872779707416,52.136086409573906],[9.09366103540226,52.18965282194002],[9.093661035927175,52.18965282148724],[9.09366103592735,52.18965282148708],[9.093661038350989,52.18965281939656],[9.256123446219704,52.048964102614214],[9.257883953949857,52.04823028939192],[9.259231231902328,52.04771167365802],[9.259231231510036,52.047711672310626],[9.259231231116013,52.04771167095738],[9.244525510779445,51.99714564212561],[9.244525510094999,51.99714564193574],[9.03571773188262,51.93895363242167],[9.035717731789665,51.93895362951372],[9.035717731767303,51.938953628814126],[9.03571773176454,51.93895362872765],[9.031780079858086,51.81542298939037],[9.031780081116375,51.81542298778774],[9.031780081116647,51.815422987787414],[9.03316744352141,51.8136559100796],[9.034163772185156,51.81232348532073],[9.210804401359699,51.80170160483809],[9.210804401364497,51.801701604837795],[9.422121343241125,51.78915745925517],[9.424935604126697,51.78846273880733],[9.430277524573778,51.791153617927975],[9.43246544440161,51.79059254606675],[9.458447331316377,51.74713624344992],[9.458447331307845,51.74713624344091],[9.458447330274701,51.74713624234997],[9.458447329719139,51.747136241763315],[9.458447328624683,51.74713624060761],[9.410717093900612,51.69666904709188],[9.404687369857319,51.69193272537582],[9.402443147724737,51.69199428140781],[9.398416816703836,51.692178457897974],[9.39133573087227,51.68939770135026],[9.36813137597043,51.629167969649984],[9.368131378003437,51.62916796999436],[9.368131378861781,51.62916797013981],[9.36813137886865,51.62916797014096],[9.482750338589572,51.648520676520064],[9.566366726866637,51.50054851736521],[9.588109903546675,51.49424203141396],[9.58811273222463,51.49424121059517],[9.621644241298869,51.484504267559],[9.62170559504329,51.484486438979445],[9.723413539451272,51.45486851349501],[9.7248817199948,51.453751125846864],[9.72587924492028,51.45302451321365],[9.789296565232998,51.442558800638544],[9.790664389788112,51.4417349307943],[9.792215484886075,51.440992635290606],[9.792215484890582,51.44099263526714],[9.792215484890983,51.44099263526504],[9.802895159346539,51.38530959642812],[9.802895144911334,51.38530959137744],[9.80075277923653,51.384559976153355],[9.799667248515133,51.38415624276997],[9.784120367533118,51.29125682116321],[9.784120368234467,51.29125682030405],[9.784120368245818,51.29125682029016],[9.784120368281172,51.29125682024683],[9.80176661643445,51.269628897864365],[9.801766616450067,51.26962889770588],[9.801766616455659,51.26962889764919],[9.802843238070759,51.25870696192708],[9.802843238071492,51.25870696192706],[9.802843238107815,51.258706961926435],[9.804877769081937,51.25867094496689],[9.806800889281183,51.25850178940017],[9.808467284911272,51.25815276355458],[9.812723199005488,51.25711684108526],[9.818598971569882,51.25399820047116],[9.825023254374821,51.25393776929025],[9.875736489559815,51.25479760991396],[9.980896131758367,51.25542110793256],[9.980896154260678,51.25542115203289],[9.981463091849866,51.25789237114507],[9.981569590776973,51.25916608938553],[9.981854504237592,51.261571324366706],[10.020418283771246,51.280099892831835],[10.051604313048928,51.29506333207712],[10.05160431463779,51.295063332838986],[10.051604314704123,51.295063332870804],[10.051604314725648,51.29506333288112],[9.94632121777734,51.3750042984387],[9.946321217749412,51.37500429845988],[9.946321217704755,51.375004298493685],[9.946321216456885,51.37500430307406],[9.94629316807043,51.376085333109245],[9.946315101239534,51.37732404087334],[9.946315101292717,51.377324043876946],[9.94631510129398,51.377324043947795],[9.946315101294472,51.377324043975534],[9.946315100604542,51.37732404828931],[9.941479251445042,51.384668789372874],[9.941479251036807,51.384668789992794],[9.941479251030685,51.38466879000211],[9.94147925102373,51.38466879001267],[9.941479249610408,51.38466879524087],[10.22667793124199,51.4755837989201],[10.257975386093477,51.485550231346785],[10.279874296620592,51.49722160167436],[10.368909547544114,51.5574399501505],[10.368909549887308,51.55743995173228],[10.368909549966085,51.55743995178546],[10.36890954998964,51.55743995180136],[10.368909548743344,51.55743995538905],[10.324006380518231,51.59730539845673],[10.324006380512213,51.59730539846208],[10.324006379083103,51.597305399729485],[10.324006378340282,51.59730540038825],[10.324006378331351,51.59730540039618],[10.324006378270964,51.59730540044975],[10.324006376312637,51.597305404861025],[10.344761751178657,51.60616925210071],[10.339908264175085,51.633253201396315],[10.340340308545716,51.63422904413807],[10.34351031906829,51.63588571887607],[10.355084194021401,51.641391191819814],[10.449068357551893,51.75281959328414],[10.449068368618697,51.752819606367815],[10.606070941492787,51.8628380593142],[10.611787062450837,51.86682938118654],[10.629730377527705,51.879351954563646],[10.649498648829471,51.89313679754043],[10.64989698797263,51.89344554093045],[10.650238672713705,51.89371036830583],[10.65036631985653,51.893809301880715],[10.654871939892939,51.89730103377558],[10.654871953535162,51.89730104434683],[10.654871954323944,51.897301044958056],[10.654871955252915,51.897301045677914],[10.632582636035261,51.949472737513716],[10.632421068766805,51.94953584321825],[10.632421067633185,51.94953584595568],[10.600772379098299,52.041902715812796],[10.600772374760101,52.041902728447965],[10.60077237450423,52.04190272919323],[10.896983869359635,52.05880708150549],[10.899573204387094,52.06130598372785],[10.899732743291759,52.06518180156429],[10.899732743332395,52.06518180255146],[10.899732743374326,52.065181803570056],[10.899732741479609,52.06518180776125],[10.894975075827594,52.06577354211374],[10.89449593690048,52.06580425858871],[10.894470671674037,52.065849366640656],[10.894470671354707,52.06584936721077],[10.8944706711359,52.06584936760144],[10.894475701861738,52.0658588186165],[10.897302035840749,52.065704736767465],[10.89980152438287,52.06554865074196],[10.900519529517226,52.06551559848669],[10.902166004190285,52.06542307229001],[10.9062675824618,52.065263569590016],[10.9203913773155,52.064510586135015],[11.036308424687236,52.09276418166041],[11.035392772215639,52.210865349143454],[11.040437238807492,52.21249687914924],[11.042318796965148,52.30186691556173],[11.04231879701964,52.301866918141705],[10.957637900776632,52.42731262963902],[10.954630793456943,52.42811105496492],[10.954630793227395,52.428111055025894],[10.954630790452352,52.42811105710477],[10.954834183420319,52.428405246829975],[10.955036595108945,52.42872560318096],[10.955476704298345,52.42982290391987],[10.955947631256025,52.432975413627055],[10.962818969065957,52.43447613176972],[10.962818996929299,52.43447613785403],[10.96281899853508,52.43447613820468],[10.962740219149602,52.43460713729937],[10.962740218311852,52.43460713869243],[10.962752726430521,52.43471552087388],[10.96275272673749,52.434715523533626],[10.96211962935718,52.4356328803454],[10.952999588081656,52.55434290854265],[10.949110393050509,52.603840654142466],[10.949110392853486,52.60384065664753],[10.949110392852885,52.603840656655095],[10.84159759273017,52.67079129374343],[10.842990586434349,52.719543019372416],[10.804479160543218,52.866235178959144],[10.806113442661097,52.867063122899566],[10.808875265012519,52.8684414276521],[10.857004450087281,52.894385699978244],[10.85700445098931,52.89438570007001],[11.050639875395783,52.91391463635181],[11.052465178608728,52.914097144476095],[11.130064230369417,52.92182871249241],[11.132314963866813,52.92160758998834],[11.133913403532715,52.92144052051043],[11.277175812206758,52.91091168531098],[11.277175812207373,52.91091168531633],[11.29879984437291,53.10088393961162],[11.255928065381632,53.13559325530273],[11.187254287928488,53.15339099158934],[10.741360517116883,53.28184869284516],[10.636938636511816,53.4228499910993],[10.636938635369109,53.422849992636806],[10.64867196415928,53.45955055223218],[10.649778755534049,53.460211146118624],[10.651415999136916,53.46112004683589],[10.703715366270586,53.50454853933835],[10.703715372807903,53.504548544724],[10.703715372856735,53.50454854476409],[10.703715374788215,53.504548546349724],[10.822495127569676,53.601772435257416],[10.90576688569169,53.7675323272128],[10.905766888532098,53.7675323280388],[10.905766889608975,53.76753232835195],[10.905766889773947,53.76753232839991],[10.905766889774998,53.76753232840022],[11.096432761564927,53.8227516233962],[11.096432761702413,53.82275162360866],[11.09643276322692,53.822751625964365],[11.096432763986085,53.822751627137464],[11.116481433567008,53.85370643563653],[11.1163320504537,53.854854999039134],[11.11610070830177,53.856032339892195],[11.07322687436038,53.98748319893581],[11.073226875211487,53.987483199453784],[11.073226875645048,53.98748319971763],[11.073226876238893,53.98748320007899],[11.119154361083558,54.015404414237224],[11.160582608139551,54.04054232924986],[11.16961429326082,54.04601656904912],[11.644421183499555,54.33080923143016],[11.644421182595211,54.33080923197314],[11.644421182587255,54.33080923197793],[11.644421182582859,54.33080923198057],[11.644421182127159,54.330809232254175],[11.31106232059816,54.52955323679149],[11.141341929342225,54.57705533552724],[10.824936955939856,54.54760313896051],[10.74366230314563,54.51210649348351],[10.743662302910462,54.51210649349897],[10.317212358488582,54.590555436740736],[10.169406255116716,54.73817548441076],[10.084696286142007,54.761616263935046],[10.051115158474634,54.76324809498519],[9.983216994170776,54.795617073003605],[9.983216991107827,54.79561707446181],[9.893340295075802,54.841522947491136],[9.61396165902938,54.90199235925926],[9.31406944807662,54.84276354686423],[9.21258200177798,54.85686191856078],[9.212582000320356,54.85686191880726],[9.142149848275237,54.87302963755466],[9.107683156016849,54.873498237609546],[9.047657154910016,54.87206208119796],[8.994757531444325,54.89014012621887],[8.952223684156971,54.90179899284726],[8.891998101897455,54.904947952845625],[8.872712491149048,54.89936222966754],[8.865607439831209,54.89984340060369],[8.859865753190237,54.896761156651316],[8.848821039234684,54.89735872292915],[8.834224790935071,54.90621895086622],[8.799624388310866,54.90460779567706],[8.77696587948577,54.89294075218148],[8.750527262160892,54.89717833124795],[8.729287359256459,54.89132898049366],[8.681139704052994,54.910393287286034],[8.660064665956172,54.90867197511871],[8.555463592214629,54.920842321350534],[8.557282087868769,54.992820157400224],[8.519216128082341,54.9926405492223],[8.472198837409815,55.02534187856519],[8.29007272688077,55.06476716041304],[8.044417421620983,55.09916753807737],[8.044417421140635,55.099167538144094],[7.955483859438291,54.947128844841906],[7.9364673291072245,54.82772412170238],[7.930937888109894,54.75355508657152],[7.946487564519203,54.64820279132867],[7.97178114401122,54.590440275999484],[8.162427020557102,54.33747552580712],[8.162427021769211,54.33747552418775],[8.08039946284092,54.36972700946681],[7.9548065309634115,54.394413588723246],[7.78525457219731,54.38801574383281],[7.62668951230619,54.34685768552763],[7.5387707518226135,54.26441795310654],[7.538770750611129,54.26441795196784],[7.515219609347777,54.18916236206553],[7.554857966707788,54.11100854427232],[7.641474761002338,54.03384205092406],[7.728332742521329,53.99419387316365],[7.72833274275464,53.99419387305696],[7.011270608852694,53.89833456523495],[7.011270608139362,53.89833456513723],[6.90726309757539,53.874277247013104],[6.731431812348653,53.860855039853675],[6.592032862188767,53.81634046075019],[6.452770053980552,53.78231589328177],[6.360969877520614,53.73269644005465],[6.345918155091822,53.72454303457667],[6.412614326999845,53.60428470914654],[6.551673114959025,53.578447038273815],[6.6074050862170415,53.55373908131952],[6.627538836149332,53.530233353705476],[6.686685464150632,53.4926067543648],[6.8813550985050345,53.440270585847806],[6.878999721123672,53.39348789145591],[6.895483401587202,53.34384197193319],[7.046195406391208,53.29976748616999],[7.1812087223336265,53.308210276340226],[7.198476974702132,53.21994307006929],[7.175712231174891,53.131493703595424],[7.182384296132054,53.12136683363824],[7.197298458526658,53.112179906995834],[7.209856789110557,53.00721617426055],[7.184382600084071,52.957044598695376],[7.184382599629636,52.95704459779931],[7.06973977234183,52.849646841365406],[7.069739772060622,52.8496468411012],[7.044226561171782,52.63866064584328],[7.044226561095586,52.63866064521036],[6.770125367561065,52.65627651106254],[6.705123648434053,52.63151607567875]]]},"properties":{"art":"Region","bezeichnung":"Nord","standort":"Hannover"}},{"type":"Feature","geometry":{"type":"Polygon","coordinates":[[[11.644421183499555,54.33080923143016],[11.505149850637157,54.24788123608972],[11.504896418158836,54.247729875290645],[11.49698906387172,54.24300640576851],[11.346167150011816,54.15259926850819],[11.07322687391806,53.98748320028783],[11.073226874067338,53.98748319983155],[11.07322687436038,53.98748319893581],[11.116100714919849,53.85603234670935],[11.116332057069581,53.85485500585265],[11.11648144018049,53.85370644244771],[11.096432763986085,53.822751627137464],[10.90576688569169,53.7675323272128],[10.822495127569676,53.601772435257416],[10.703715373825895,53.504548546626914],[10.703715371908874,53.5045485450371],[10.703715371860415,53.50454854499693],[10.703715365355116,53.504548539602055],[10.651416004506999,53.461120052298874],[10.649778760905228,53.4602111515888],[10.64867196415928,53.45955055223218],[10.648671962454113,53.45955054690344],[10.63693864165014,53.42284999662275],[10.636938641679404,53.422849996583395],[10.636938641721505,53.42284999652672],[10.74136052223779,53.28184869791546],[11.187254293123273,53.15339099663322],[11.255928070625027,53.13559326034931],[11.298799849405794,53.10088394292549],[11.298799849385961,53.10088394275216],[11.298799849059153,53.10088393989608],[11.277175817472509,52.910911688636695],[11.277175818897142,52.91091168882113],[11.277175818919408,52.910911688824015],[11.622317853329978,52.95504814435135],[11.73698771159475,52.953346442028796],[11.736987711577177,52.95334644183645],[11.73659756617255,52.94919547673488],[11.736597560290656,52.94919547660955],[11.73521384605165,52.94916597748796],[11.650184502266752,52.86796522259367],[11.65018450230363,52.867965222574824],[11.65018450239934,52.867965222525896],[11.739476497468248,52.822237965860545],[11.743381055934236,52.82278603108284],[11.982550927839752,52.80959054156083],[12.057025898078503,52.79891050817421],[12.226491863818445,52.774415320438194],[12.361568321752905,52.772725993741474],[12.363392285438126,52.77249017378523],[12.365388602128958,52.77226154838124],[12.452876140050025,52.72882191518912],[12.513551723167529,52.671676281772726],[12.829553219258802,52.60210588273477],[12.829553224245686,52.60210588020991],[12.829553225102217,52.60210587831964],[12.82955322520362,52.60210587809585],[12.846213114566453,52.56530801203683],[12.846213111580791,52.56530800619263],[12.845633660075539,52.5641737445209],[12.845633661491881,52.56417374254693],[12.845751606631032,52.56400935340224],[12.84575160363958,52.564009348502374],[12.845204905088208,52.56311385476795],[12.794805216623246,52.473618823298],[12.794805218443013,52.473618822700814],[12.902904733421702,52.43806717974448],[12.903381847522624,52.4195800839522],[12.903329464941745,52.40269749174969],[12.903329461000396,52.402697487164545],[12.902429572528163,52.401650575027006],[12.901535322174595,52.400681739385384],[12.834112120901121,52.31818290484487],[12.599056529112318,52.253340208935114],[12.5972203952006,52.253407064071176],[12.595239354831437,52.25351190689279],[12.468682167015517,52.200855613103606],[12.468682167033595,52.20085561182659],[12.468682167051679,52.20085561054946],[12.470033552053172,52.10577311834603],[12.470759958567456,52.10480323741698],[12.471535364839946,52.10322088821743],[12.615180981007677,52.03388213422825],[12.795256450836183,52.02310427321031],[13.0016172677702,51.97184070452303],[13.001925243109136,51.97067575292689],[13.002313851559967,51.969397953132],[13.010428989671745,51.85555528514452],[13.079483378686442,51.8674277209025],[13.08121936021134,51.86763916052369],[13.309078216322382,51.82926703317227],[13.309078217106945,51.82926703303929],[13.309078219450088,51.829267032079834],[13.30907822129155,51.829267030784955],[13.379999391922677,51.77932029724109],[13.388511853225426,51.773315050275365],[13.393167772037609,51.770029546805546],[13.421463854259136,51.75004818158468],[13.433556450290686,51.704127264897735],[13.44226652949396,51.67099898902393],[13.443288480458211,51.66710919395015],[13.460170627819371,51.60276468026997],[13.460206303132003,51.60192074974145],[13.46019902281905,51.600442389178575],[13.43982579321442,51.5626080993681],[13.439825794201267,51.56260809933194],[13.575009385854944,51.55757871596913],[13.577050477293323,51.55751887778729],[13.77640373563988,51.51660822341194],[13.903698458353803,51.54947332025795],[14.01627806606006,51.62449981200526],[14.018422998414852,51.62452482841897],[14.019967759665322,51.62449220074598],[14.064470878957517,51.60968297388773],[14.064470881683503,51.60968297300831],[14.122312757409874,51.59100066586451],[14.126160335792058,51.588696357674955],[14.13132031724613,51.5859231992584],[14.167974708774313,51.57801279111966],[14.170421907597055,51.57888201091728],[14.172220003371661,51.579644524757946],[14.461351537098544,51.53985209185397],[14.463100779156532,51.539312651060406],[14.465763018977777,51.53841659221759],[14.483066739501185,51.54459135747711],[14.48413703775673,51.545781958870734],[14.484121305015524,51.54581150959272],[14.484121303779768,51.54581151191279],[14.48157172026105,51.546344728625385],[14.478079063669275,51.54695511369628],[14.47479247781675,51.54673258853612],[14.46725877017791,51.548590422572296],[14.46491814244916,51.54996064846019],[14.461832486388241,51.551121956756724],[14.458804429156137,51.55190697801918],[14.458804428408058,51.55190697822208],[14.458797191433408,51.55192887645246],[14.458797191243056,51.55192887702847],[14.460767777150467,51.55368149698832],[14.578163724097092,51.53929967851519],[14.62025289227263,51.51070188125378],[14.626079045043818,51.50976096801998],[14.629640849825405,51.50819528118529],[14.63137420565852,51.5089531740695],[14.720338571461921,51.562757923137305],[14.776725678234095,51.60979273503009],[14.746979571694666,51.6827861423778],[14.679355971896827,51.71867564761077],[14.653480866509643,51.781790789623734],[14.64117339943099,51.7944188280151],[14.606188655259581,51.81621186926189],[14.603833888257713,51.836102736733686],[14.701168780891788,51.899113277264],[14.720299863449405,51.93535115681561],[14.720560913579519,51.99816439884449],[14.751566681286054,52.03198163757144],[14.763733512268582,52.0674623052553],[14.729389666687213,52.09134886828775],[14.683980618330992,52.126291986114914],[14.708394178814846,52.20164783427243],[14.711315102343043,52.23892719263642],[14.681705937005109,52.26270405114821],[14.598500748110816,52.27951579472415],[14.547710962494362,52.39667236122895],[14.635252193193494,52.49474955122793],[14.616555649490017,52.534270352980805],[14.647561680893732,52.571736556449856],[14.602721247403043,52.61179244846302],[14.492729393009725,52.6588351101604],[14.346764519341681,52.754994580592765],[14.26198861733796,52.78816066831105],[14.222704472168392,52.81899467568821],[14.155394182675654,52.83642463844588],[14.155394183816782,52.83642464116424],[14.176980409523534,52.86380031432597],[14.151862259301982,52.95847468314982],[14.151862259845048,52.95847468338681],[14.354859291010502,53.04670064363242],[14.35485929209235,53.04670064560232],[14.386172505537766,53.10363285294229],[14.386957834760334,53.191200668651334],[14.454102651985247,53.2612433957395],[14.445169564055067,53.27588568043425],[14.428855249655328,53.2848663381174],[14.42756748952563,53.332859908825576],[14.386994344639955,53.4172679228948],[14.316560622502745,53.62020286743375],[14.287206925065268,53.632426432300306],[14.274565804483078,53.75175756822723],[14.27638512426437,53.75590255039025],[14.283576439408847,53.77227767688442],[14.213836268594516,53.865399324419826],[14.248960999790139,53.89605658810758],[14.253335264488346,53.926628087020134],[14.242188875569054,53.98770684442592],[14.168001351291636,54.23877781035055],[14.073436816137983,54.34978034800875],[14.075523388725868,54.449365912586494],[14.017589788059116,54.616484498054966],[13.922520302274577,54.7111625414603],[13.649812719581915,54.83893668054609],[13.48729930873086,54.882078021330344],[13.375184114561112,54.88299665177835],[13.134712637677005,54.8522643407456],[12.971565486801916,54.78575347581391],[12.748807966106666,54.74399690618086],[12.521707209454418,54.65594103076298],[12.32214414697435,54.57788364595922],[12.296171894777729,54.51496624012554],[12.25853307583779,54.45121500518281],[12.158811554628482,54.385380590671254],[11.951591182439355,54.33371327185745],[11.852741125188293,54.33286419734951],[11.850780125664103,54.33284653275823],[11.644421183499555,54.33080923143016]]]},"properties":{"art":"Region","bezeichnung":"Ost","standort":"Berlin"}},{"type":"Feature","geometry":{"type":"Polygon","coordinates":[[[11.277175818615586,52.910911686140714],[11.27717581859332,52.910911686137844],[11.277175817168688,52.910911685953394],[11.277175812233159,52.91091168531439],[11.277175812206758,52.91091168531098],[11.133913400454622,52.921440521404115],[11.132314960617531,52.92160759088355],[11.13006423292721,52.92182871283063],[11.130064232924052,52.92182871283094],[10.85700445159294,52.89438570149161],[10.857004450690912,52.894385701399855],[10.808875262138729,52.86844142882873],[10.80611343982401,52.8670631240378],[10.80447915780952,52.866235180101256],[10.842990583758287,52.71954302078339],[10.841597592726838,52.67079129362644],[10.949110390393253,52.603840656355615],[10.949110390393853,52.603840656348034],[10.949110390439131,52.603840655772274],[10.949110390733473,52.60384065202985],[10.952999585519372,52.55434291023416],[10.96211962812644,52.435632880480526],[10.96211962949931,52.43563287849131],[10.962752724529132,52.4347155267336],[10.962752724222167,52.43471552407382],[10.962740218146989,52.434607137263946],[10.962740218984734,52.43460713587091],[10.962818997248146,52.43447614034466],[10.962818995642364,52.434476139994004],[10.962818967779018,52.43447613390967],[10.955947628639858,52.432975413055594],[10.955476702035957,52.429822905861286],[10.95503659284666,52.428725605127156],[10.95483417335186,52.42840523721908],[10.954630789640227,52.428111057320386],[10.954630790452352,52.42811105710477],[10.954630794069391,52.42811105614446],[10.954630794298945,52.42811105608351],[10.954630795245988,52.428111055832076],[10.95763790070027,52.427312629751796],[10.957637900776632,52.42731262963902],[11.042318794744943,52.301866921521565],[11.042318794690454,52.301866918941606],[11.040437238870126,52.21249688213402],[11.035392770336323,52.2108653485385],[11.036308424663922,52.092764184660716],[10.920391375430505,52.06451058872096],[10.906267580547393,52.06526357218944],[10.90216600222249,52.06542307488781],[10.900519527623224,52.06551560108363],[10.899801522487474,52.065548653351065],[10.897302033874741,52.06570473938699],[10.894475698604719,52.06585881878092],[10.894470670968731,52.06584936728756],[10.89447067118755,52.06584936689695],[10.894470671506872,52.065849366326816],[10.89447671386106,52.065838578376386],[10.89449593642976,52.0658042586189],[10.89449593690048,52.06580425858871],[10.894975073872397,52.06577354475284],[10.899732741479609,52.06518180776125],[10.899732741317623,52.065181803825915],[10.899732741275692,52.0651818028073],[10.899732741235054,52.0651818018201],[10.899573204573375,52.06130598825413],[10.89698386761383,52.058807084134926],[10.600772373772463,52.041902729150536],[10.600772374028338,52.04190272840528],[10.600772378366537,52.04190271577011],[10.632421067633185,51.94953584595568],[10.632421067861221,51.9495358458666],[10.632582636035261,51.949472737513716],[10.632582638015723,51.949472732883564],[10.652201962715841,51.903557044069444],[10.654871953895052,51.897301048859944],[10.654871952966092,51.897301048140115],[10.654871952177302,51.8973010475289],[10.654871938535079,51.897301036957614],[10.65036631985653,51.893809301880715],[10.650292573135324,51.893752144106514],[10.650063683823625,51.89357474103765],[10.649636089874583,51.89324332484546],[10.649498644285606,51.893136793202984],[10.642698568640078,51.88839629690578],[10.621372822580263,51.87352046871583],[10.609348135146233,51.86512650477322],[10.606070941492787,51.8628380593142],[10.449068365188655,51.75281960718213],[10.44906835412185,51.752819594098455],[10.355084192927391,51.641391195346586],[10.343510317972388,51.635885722457644],[10.34034030744261,51.63422904771845],[10.339908263846949,51.63325320065516],[10.34476175049529,51.60616925591632],[10.324006376312637,51.597305404861025],[10.324006380306258,51.59730540131926],[10.324006380366654,51.59730540126572],[10.324006380375582,51.597305401257785],[10.324006381118394,51.59730540059904],[10.324006384981129,51.597305397173365],[10.324006384987158,51.59730539716801],[10.368909548743344,51.55743995538905],[10.368909547157502,51.557439954318525],[10.368909547133937,51.5574399543026],[10.368909547055159,51.55743995424941],[10.368909544711967,51.55743995266762],[10.279874295691224,51.49722160550177],[10.257975385139899,51.485550235200876],[9.941479249610408,51.38466879524087],[9.941479252699478,51.38466879054995],[9.941479252706426,51.38466879053939],[9.941479252712558,51.3846687905301],[9.941479253120793,51.38466878991019],[9.946315100604542,51.37732404828931],[9.94631510054823,51.37732404510912],[9.946315100547736,51.377324045081366],[9.946315100546482,51.37732404501055],[9.946315100493285,51.37732404200694],[9.946293167285887,51.37608534039645],[9.946321216299804,51.37500430319302],[9.946321216456885,51.37500430307406],[9.946321217608556,51.3750043022016],[9.9463212176532,51.375004302167795],[9.946321217681138,51.37500430214662],[10.051604317666113,51.29506333882508],[10.167574681321328,51.228268993731156],[10.167574681316712,51.22826899372705],[10.167574681268894,51.22826899368459],[10.167574681250242,51.22826899366802],[10.166352731959764,51.227184088290805],[10.165505614293693,51.22630361793309],[10.165505614330497,51.22630361790455],[10.165505614336302,51.22630361790001],[10.16550561438227,51.22630361786434],[10.264942727963055,51.14895344285559],[10.264942727912969,51.14895344279136],[10.264942727895393,51.14895344276881],[10.264942727856832,51.148953442719346],[10.242469830688673,51.120110266048336],[10.125249502367561,51.07337713406186],[10.042812642282941,50.95503563302264],[10.042812644238843,50.95503562941198],[10.042812644282764,50.955035629330915],[10.042812644288551,50.95503562932022],[10.043553497933624,50.95366794316463],[10.04456589391512,50.95175488787676],[10.04456589390454,50.951754887870315],[10.044565893855683,50.9517548878405],[10.044565885043465,50.95175488246267],[9.908631366382943,50.868568958625765],[9.908631366766068,50.86856895791483],[9.908631366784078,50.86856895788136],[9.908631366789837,50.86856895787068],[9.942095595253539,50.80638152960358],[9.98517921493995,50.74071872314705],[10.11240683049005,50.54565206241694],[10.112406842520127,50.54565205629217],[10.112406842569401,50.54565205627259],[10.359715634065584,50.44688198583446],[10.362292165198237,50.444123887617735],[10.51504050277013,50.321960349257026],[10.956300064891998,50.37749718231446],[10.956300068290387,50.377497182735205],[10.956300068359425,50.377497182743745],[10.956300068366385,50.37749718274459],[10.95630006979824,50.37749718292189],[10.953638800622837,50.39115225349168],[10.914138080474281,50.40329077967106],[10.912182909922976,50.413042687816976],[10.91218290991722,50.4130426878457],[10.912182909842866,50.41304268821647],[10.912182909701164,50.41304268892311],[10.91218290836889,50.41304269556688],[10.914169092358206,50.413917766132464],[10.914354551008556,50.41381400108819],[10.915930236434574,50.411747144613024],[10.980353351718968,50.43335155935449],[10.98035335178778,50.433351559299815],[11.029523054271953,50.394253148033464],[11.030604451479853,50.39455098373933],[11.031351661922804,50.39227812655916],[11.03135165967805,50.39227812591315],[11.031351659677613,50.39227812591304],[11.031351659597947,50.392278125890094],[11.031351654563766,50.39227812444136],[11.030908193923452,50.39215049087531],[11.023248594116238,50.36233193328739],[11.023248596133364,50.36233193273542],[11.02324859628584,50.36233193269369],[11.023248596368196,50.36233193267116],[11.027621424272251,50.36113521540591],[11.035762938600183,50.359658072995835],[11.040326563463415,50.37506025930897],[11.042667892970773,50.382958061872536],[11.042667893004426,50.38295806198602],[11.042667893034276,50.3829580620867],[11.042667894664325,50.38295806758418],[11.035185824268147,50.39335629990121],[11.034709056514423,50.39322622759891],[11.03389201598615,50.395451941710284],[11.033892015864105,50.39545194204277],[11.033892015806567,50.3954519421995],[11.033892015614557,50.395451942722524],[11.033953322637915,50.405409833020165],[11.03446205691835,50.44912093259763],[11.034462059067632,50.449120946459104],[11.034462059213515,50.44912094650721],[11.145759036316981,50.48574854906602],[11.161779146869055,50.48734839436908],[11.164234337770536,50.48731097537791],[11.16650754159649,50.48721397492539],[11.351158757418569,50.518116352899405],[11.393200677947803,50.518260003804514],[11.395229011662547,50.517862519719664],[11.398043357928477,50.5172060495724],[11.68482385122577,50.39662785636782],[11.68813979873899,50.39522728067283],[11.69014819742421,50.394511612759295],[11.694122186991795,50.39323784909437],[11.735702365901487,50.395317825825614],[11.735702376984905,50.39531782637806],[11.73570238856754,50.395317826955335],[11.735702397153492,50.39531782738328],[11.950976076540723,50.40491353958976],[11.952565022445517,50.40398906482202],[12.128277660414076,50.3111402106845],[12.176355307480879,50.319035139498325],[12.199119919990189,50.273403293318836],[12.251319051340746,50.264748558159134],[12.235228240419485,50.24366897224384],[12.274868227177553,50.227602371648786],[12.281932901433377,50.218185752808616],[12.281933196964916,50.20386885978196],[12.273691538588249,50.19658311706495],[12.277812723609948,50.1899245446631],[12.289194643220862,50.18288810059661],[12.290176178656102,50.17409099803808],[12.336455895977554,50.16992278056024],[12.336455917734426,50.169922778596145],[12.355610403841535,50.213886189160995],[12.340411026480242,50.22283186000015],[12.336486044428943,50.23915122521134],[12.336486039373767,50.239151246223265],[12.354539972032118,50.23463261874135],[12.354539989929371,50.23463261426012],[12.362081783871828,50.24515059229813],[12.35571714047787,50.256970688495144],[12.374948227116423,50.282558720826415],[12.374948231090924,50.28255872611142],[12.400459192561012,50.291084984326794],[12.400459225038396,50.29108499517575],[12.403599084643018,50.32066424773375],[12.403599086203538,50.32066426242308],[12.434665242245421,50.322266051347114],[12.434665268885006,50.32226605271703],[12.443239507804975,50.33782676601384],[12.44323950980635,50.33782676964466],[12.46521838478042,50.35009980451422],[12.48523475596887,50.344339345584984],[12.485234775118217,50.34433934007176],[12.495243058746086,50.35748711148527],[12.492103303673685,50.37163257477621],[12.513885950936626,50.39428148516761],[12.513885968872552,50.3942815038059],[12.67028856798446,50.41079186138159],[12.70992860659343,50.394781641756566],[12.709928739223503,50.394781588148476],[12.709928767316795,50.39478157679338],[12.709928770964781,50.39478157531887],[12.739070362447718,50.4290468751318],[12.739070367843752,50.42904688147108],[12.790877574859577,50.444045777156184],[12.812071283634982,50.429296883838866],[12.812071286267933,50.42929688200579],[12.823453296052683,50.45404231146191],[12.823453297562093,50.454042314741585],[12.846216963330154,50.445045477168904],[12.944925081429949,50.40278703663201],[12.98986387336213,50.41466804282501],[12.989863911838096,50.414668055150294],[13.025972102325065,50.4502934915162],[13.033821916852581,50.498875919318856],[13.043633899799731,50.50848651992582],[13.043633965598987,50.50848658348847],[13.054625958551226,50.49917595613704],[13.09859659991995,50.49981009464519],[13.116635023929906,50.50773775286965],[13.130077448048935,50.51747134307066],[13.136357152180523,50.512355249681626],[13.135964623967906,50.5058656760465],[13.144206680505448,50.505616057839994],[13.15480362682016,50.507488149706255],[13.178344738394424,50.50283176040385],[13.198445821342467,50.50437060290666],[13.1984459052632,50.50437061271891],[13.199055578140774,50.51522530590414],[13.199055583477039,50.515225310065695],[13.208769360789368,50.521339228233124],[13.208769447968974,50.52133928329195],[13.213675489884107,50.53057114715152],[13.230748414421416,50.549154144896946],[13.227804949988926,50.56374105397567],[13.237616938369834,50.570222660220466],[13.23938316587783,50.5801926386889],[13.254689826151054,50.59377326045922],[13.254689904685378,50.5937733292073],[13.259988332968158,50.591157162941634],[13.279023499549274,50.590658813589485],[13.28126416824059,50.58483251451712],[13.29085902897979,50.57407162852781],[13.297448148047895,50.57646367060246],[13.302572066039785,50.57832336796433],[13.32631687800835,50.58006793634193],[13.326316981788612,50.58006794724764],[13.3233735580756,50.601247209234515],[13.328279490588695,50.60685179906453],[13.328279553458842,50.60685186804582],[13.335913709278167,50.60565243769813],[13.335913748271945,50.60565243621553],[13.341035056596906,50.61121052160923],[13.341035105129434,50.61121057196071],[13.368205089983874,50.618409989315744],[13.368205174185297,50.61841001409361],[13.370667239467114,50.62422199778031],[13.370667253713279,50.62422202221235],[13.379288602900175,50.628245080368046],[13.379288713458218,50.62824513337064],[13.376063860341574,50.63318477862209],[13.3737090781057,50.64886538027557],[13.373709064953124,50.6488655096159],[13.401967417561808,50.63362038589009],[13.41354158666107,50.61511325994861],[13.421198756778077,50.614510340508765],[13.429242138749988,50.61028627367074],[13.441067939580266,50.61068114239763],[13.44798535018252,50.60763002907311],[13.450242089783854,50.60576190638129],[13.45917095529067,50.603862559333436],[13.463387490388193,50.60124326427395],[13.463387511662694,50.60124325862343],[13.497952764524303,50.631146266998485],[13.497952833012548,50.63114632510323],[13.52574504630825,50.638692044965666],[13.52574518477103,50.63869208516153],[13.523122058655941,50.64140605008278],[13.525622593663483,50.64968964650306],[13.516602273690953,50.648150936533405],[13.510904709714135,50.654044421736224],[13.531224735595362,50.668836388754166],[13.531224837213855,50.6688364622893],[13.54073292429985,50.667230652128545],[13.54073306454787,50.667230633676546],[13.538591553795772,50.67419791537378],[13.543971060134716,50.678112701569894],[13.539948230535304,50.69079491398996],[13.525917206565154,50.700428626371945],[13.5258681527968,50.70393971545826],[13.525868158558907,50.70393976997302],[13.538034936221392,50.706052525540635],[13.538034961882508,50.70605253331189],[13.545099467170639,50.71127183715424],[13.545099559898604,50.71127190535751],[13.555107740018835,50.71388136821899],[13.567673431498298,50.71279270975838],[13.589449517812481,50.712763000869764],[13.602090591554985,50.70981076734358],[13.610692362327665,50.71301149571687],[13.618642400185443,50.71356660358759],[13.627666901602954,50.71568294983454],[13.627667021874636,50.715682981054236],[13.627617981380046,50.7216466834675],[13.627617987824737,50.72164671635038],[13.645671971963514,50.72860342291789],[13.665982695006125,50.730590844859144],[13.691809186630625,50.71678396760204],[13.708419285566286,50.71652159668559],[13.70841930231767,50.71652160107861],[13.712892993309397,50.71962073207819],[13.712932826628691,50.72416232359375],[13.712932833974172,50.72416235488851],[13.72878503746998,50.73062826019221],[13.797296251558665,50.72897382274388],[13.839288447151526,50.72793974867874],[13.87982182407321,50.72692715765534],[13.922209585500678,50.749778417263265],[13.902585820552577,50.77510061884317],[13.988931003799298,50.8043776030628],[14.06350188486479,50.803881467057025],[14.213821415638856,50.849497814842614],[14.275048184340903,50.87278470409835],[14.393576722514455,50.90002070278562],[14.413970667435352,50.935474943258626],[14.324500857409202,50.9890448843661],[14.279758338538597,50.997443965615176],[14.309390482022074,51.04188401621211],[14.558613855278859,50.98879815946709],[14.560738119140458,50.91960072722985],[14.581916299595228,50.913246594301924],[14.584208008950533,50.91506697042719],[14.593004415808405,50.91629297849722],[14.599262741115915,50.91981764112616],[14.599262741128504,50.91981764111095],[14.611732906152813,50.90474693748079],[14.637657848025114,50.8988452211546],[14.615853788135428,50.857697788971954],[14.705279896767523,50.83725985667854],[14.714411683412342,50.82104490392471],[14.8017135693736,50.819246987056054],[14.831934507466448,50.88689030541237],[14.898067232212624,50.93761956327631],[14.986571460295073,51.077641723963865],[15.023464465355902,51.2232647517909],[15.038501545194803,51.28910833236871],[14.983444338278776,51.33348309868472],[14.966189996468486,51.471094422017494],[14.762014969542829,51.53760499794085],[14.720338574264435,51.56275792144728],[14.7203385742426,51.562757921460445],[14.720338573988897,51.56275792161344],[14.720338572438274,51.5627579225485],[14.720338571461921,51.562757923137305],[14.631374194495537,51.508953171827486],[14.629640849825405,51.50819528118529],[14.629640848796356,51.508195280735315],[14.629640846433391,51.50819527970209],[14.629640842381248,51.50819527793028],[14.626079038385972,51.50976096381056],[14.620252885407075,51.51070187833117],[14.620252884049293,51.5107018785504],[14.578163716871728,51.539299673588474],[14.578163715611064,51.5392996744443],[14.578163712977686,51.539299676232034],[14.460767780910738,51.55368149652966],[14.460767777150467,51.55368149698832],[14.458797179974475,51.55192887622977],[14.458804422668484,51.55190697467432],[14.458804422922832,51.55190697460533],[14.461832481256089,51.5511219524438],[14.464918134537823,51.54996064458499],[14.46725876156125,51.54859041985867],[14.46725876363071,51.548590419348415],[14.474792471531883,51.54673258667169],[14.474792478093374,51.54673258711603],[14.478079055226889,51.54695511109723],[14.478079063731728,51.54695510961104],[14.48157170939956,51.54634472644478],[14.484121292642767,51.54581151023497],[14.484121293063446,51.54581150944522],[14.484137031368936,51.54578196167376],[14.4830667290479,51.54459135544953],[14.465763018977777,51.53841659221759],[14.465763014313758,51.53841659055267],[14.465763013122837,51.53841659012755],[14.46310076837605,51.539312648933915],[14.461351531429937,51.53985208815199],[14.461351526555719,51.53985208965507],[14.172220003371661,51.579644524757946],[14.170421897506069,51.578882009027396],[14.167974708774313,51.57801279111966],[14.167974702551232,51.57801278890917],[14.131320318158267,51.58592319503353],[14.13132030944961,51.58592319691127],[14.131320307279523,51.58592319737918],[14.126160325787566,51.58869635579678],[14.122312752011327,51.59100066123178],[14.122312749480662,51.5910006627473],[14.06447087763877,51.609682969248944],[14.019967758421473,51.62449219602207],[14.01842298857447,51.62452482655342],[14.01627806606006,51.62449981200526],[13.903698449100993,51.549473318803074],[13.77640373563988,51.51660822341194],[13.57705046885887,51.55751887671089],[13.575009377425493,51.55757871489725],[13.439825793557429,51.562608098135186],[13.43982579257058,51.56260809817134],[13.43982578961613,51.56260809827956],[13.460199016161948,51.60044239113262],[13.460206294858338,51.601920754144764],[13.460170619516159,51.60276467917805],[13.422082541326947,51.747700780414036],[13.42146385251218,51.750048180269815],[13.419818574437953,51.75121065247787],[13.317607631410672,51.823268236414854],[13.309078216852116,51.82926702603849],[13.309078214856129,51.829267027442036],[13.309078214089896,51.82926702798083],[13.309078211909233,51.82926702951422],[13.081219351888347,51.86763915893577],[13.07948337036846,51.86742771931688],[13.010428989676372,51.855555285079475],[13.010428987987824,51.855555284788586],[13.010428981233597,51.85555528362501],[13.002313843398653,51.96939794656285],[13.001925234608144,51.970675751055],[13.001617258620204,51.97184070508948],[13.001617258134184,51.97184070692785],[12.795256449167503,52.02310426976711],[12.615180976978358,52.03388213234516],[12.471535358968005,52.10322088557166],[12.470759951300332,52.104803234677455],[12.470033547431507,52.10577311241274],[12.470033544233319,52.10577311668279],[12.47003354368227,52.10577311741851],[12.468682158851989,52.20085561668243],[12.595239354831437,52.25351190689279],[12.597220386639073,52.2534070615976],[12.599056520546805,52.253340206456734],[12.834112120901121,52.31818290484487],[12.90153531234457,52.40068173595241],[12.90242956269214,52.40165057158807],[12.903329459023771,52.40269749287211],[12.903381837632617,52.41958008543004],[12.902904723307076,52.438067181614656],[12.90290472274299,52.43806720347183],[12.902904722626246,52.43806720799542],[12.794805213385459,52.473618817535694],[12.794805211565702,52.4736188181329],[12.794805209964474,52.473618818658345],[12.845204894786727,52.5631138507346],[12.845751596410546,52.56400934950834],[12.845633653168493,52.56417373574651],[12.846213104720075,52.56530800891462],[12.829553216222237,52.602105870775524],[12.829553214776421,52.602105873966316],[12.829553213742402,52.602105876248295],[12.513551714579751,52.67167627740558],[12.452876133563278,52.728821907676156],[12.365388592218459,52.77226154405237],[12.363392275531426,52.772490169458244],[12.36156831955777,52.772725988417875],[12.226491855838528,52.77441531624627],[11.982550930883956,52.809590535772216],[11.982550927858137,52.80959053620506],[11.743381054278789,52.82278602688326],[11.743381053265667,52.822786026938104],[11.739476497373937,52.82223796326365],[11.739476497075115,52.82223796322126],[11.650184498338255,52.867965216278606],[11.650184496635386,52.86796521714913],[11.73521384605165,52.94916597748796],[11.73521385151557,52.949165977604444],[11.735213851722234,52.94916597760884],[11.73659755995042,52.94919547301676],[11.736597559968697,52.94919547320974],[11.736597560290656,52.94919547660955],[11.736987702390497,52.953346436817306],[11.622317849111095,52.955048140027515],[11.622317847742432,52.955048140047154],[11.277175818615586,52.910911686140714]]]},"properties":{"art":"Region","bezeichnung":"Südost","standort":"Leipzig"}},{"type":"Feature","geometry":{"type":"Polygon","coordinates":[[[7.866407013732116,49.03023471325354],[7.8664070197958464,49.03023471044903],[7.866407022979456,49.03023470897661],[7.8664070308198975,49.03023470535039],[7.88970775120783,49.0442994662812],[7.917966267650847,49.03889709426908],[7.93994514545516,49.04841551321515],[7.974875584071768,49.02294218635226],[8.02903819329119,49.01496315374353],[8.029038208594754,49.0149631507581],[8.051949179926583,49.01049031496961],[8.073928123462776,48.991178333991826],[8.152473458594471,48.97517659537325],[8.194174439835388,48.9765291082457],[8.196234974734178,48.972487659076315],[8.19525379121785,48.969347658674224],[8.198945429458535,48.96659261369037],[8.221304591765113,48.97498344966137],[8.230282547747729,48.96664231556408],[8.230282517626248,48.966642308937494],[8.19765765221387,48.95946008300809],[8.17994510902411,48.93987108569184],[8.139075469460337,48.89940146100473],[8.111258888066612,48.8551006969075],[8.11125888147393,48.855100680092654],[8.107002840386325,48.84424310474756],[8.101643511366937,48.818158874869006],[8.101643495261749,48.818158859201574],[8.083982094309617,48.800970291613105],[8.061414581786478,48.79062838327783],[8.046255018467605,48.79163023310209],[8.032959768572406,48.78965855322821],[8.02653294217762,48.785197854935866],[8.026532942157404,48.7851978548826],[8.019615673260883,48.76696330598696],[8.019615672612384,48.76696330561823],[8.009607506954897,48.761271690550196],[7.9968519088067325,48.760883533575274],[7.982330135518581,48.76295320307119],[7.970154081644188,48.75939159756136],[7.970154081524977,48.7593915972708],[7.964080036958746,48.74458107474091],[7.965208572104106,48.72778805608811],[7.965208571329649,48.72778805525297],[7.955632833832749,48.71745951217152],[7.924783585353923,48.692565854227766],[7.888675683009113,48.66768817970571],[7.8462880424473065,48.65005897787024],[7.832158843688516,48.63994533253744],[7.832158843567719,48.63994533227144],[7.8227395238043504,48.61919330602383],[7.822739522829949,48.61919330507186],[7.804685574698734,48.60154723301017],[7.804024822492059,48.60040750855914],[7.795658708229752,48.585972187008664],[7.795658708318123,48.58597218607405],[7.800761437178753,48.53194148531961],[7.7992805987777984,48.510425950252895],[7.799280597650872,48.5104259495516],[7.7667049755951565,48.490140760038905],[7.766704975590005,48.4901407599695],[7.7643503521985355,48.45839662459441],[7.764350351239633,48.4583966230179],[7.734129885877435,48.40865890053647],[7.734129885558193,48.40865889884717],[7.729602820012976,48.38469357707072],[7.743157600298746,48.333569834726255],[7.736996733611963,48.32174591618737],[7.736996733222445,48.32174591608045],[7.707834556701229,48.31373601208969],[7.685745382130865,48.30132774947114],[7.685745382104045,48.301327748511085],[7.685745381617911,48.30132773110898],[7.685745381564583,48.30132772919999],[7.685070924681191,48.277180031481265],[7.663570542576961,48.2233347955472],[7.6635705403265515,48.22333479415171],[7.640806722420467,48.20921264910112],[7.627070038273202,48.184358963981225],[7.597437886460705,48.15739853328696],[7.5974378860578495,48.15739852993724],[7.594494345627521,48.13291264046989],[7.594494344401206,48.13291263992159],[7.575459129950394,48.1243986298256],[7.575459129517056,48.12439862758324],[7.567010048363101,48.08064130108595],[7.573698166801308,48.05795482190188],[7.566040975090346,48.03393340247571],[7.606210975429767,48.002690919419756],[7.621915000942827,47.97521015545123],[7.621915000939562,47.975210155448],[7.579863979245474,47.93339072879002],[7.579863979403416,47.93339072552059],[7.581584483023523,47.89774420985261],[7.581584481960742,47.89774420907282],[7.551914291970256,47.87596069681257],[7.5519142926188545,47.87596069461737],[7.560156686675435,47.848048590922794],[7.526992846080456,47.78360873330934],[7.545636094705385,47.74192418063997],[7.545636094108698,47.741924177934116],[7.541417123544822,47.722785602251406],[7.541417122145883,47.72278560152306],[7.517083503291603,47.7101105165429],[7.508056598969361,47.6971682725515],[7.508056600923493,47.697168270310875],[7.5190997395599,47.68450238006561],[7.5190464930141205,47.66347736312258],[7.5641330873778925,47.63171550997075],[7.573258459850744,47.615678432317324],[7.589104982953275,47.60522693249856],[7.589644737561514,47.5978500387872],[7.583679661451852,47.5861841382963],[7.610643075250736,47.54893026982759],[7.631052006313638,47.55184426903992],[7.679327385509377,47.528528744170394],[7.788035316287165,47.551590178322876],[7.823367101320915,47.578592762527975],[7.900719190557218,47.58187577185668],[7.913245589494705,47.54071903579162],[8.091280137804866,47.55496175936198],[8.09981797779992,47.563348189905724],[8.099817980519985,47.5633481925772],[8.104385134787194,47.578056018593045],[8.104385137060277,47.57805602591114],[8.113994819483942,47.58370952475305],[8.138332807741667,47.583293460625846],[8.13833280821517,47.583293460617725],[8.137626445041601,47.58913739766314],[8.137626444334874,47.589137403508914],[8.151628210313534,47.5959677681926],[8.163586028188961,47.59378563790538],[8.186215440825155,47.60539433333724],[8.200933396684833,47.618623860821316],[8.21682898641923,47.616639706964385],[8.2278187099976,47.60261585161254],[8.256862315606861,47.61306807456709],[8.268244412463922,47.60777615364829],[8.280803838797098,47.61002534191904],[8.294933303901558,47.606056236336244],[8.29375603536121,47.59004431783892],[8.330060850356217,47.56926140492753],[8.381573888709216,47.563237116497575],[8.401884648881138,47.57164509103901],[8.401884650163096,47.57164509156949],[8.435637986190835,47.56476028042002],[8.49568749348931,47.580146274556476],[8.495687498660981,47.58014627587981],[8.489027774106052,47.58914783310627],[8.469587340868205,47.585942436648736],[8.46134519148929,47.59957365610783],[8.461345187389147,47.59957366288683],[8.50829628826322,47.61753746318939],[8.522988497102489,47.63008309158194],[8.55929302080256,47.61844423617421],[8.568099342009852,47.613731688231645],[8.560053725584174,47.598648318675],[8.569865752029626,47.59322267973923],[8.583823277190568,47.59476127600126],[8.596186305728567,47.60098092883718],[8.632882494032911,47.65004989426295],[8.632882497667099,47.65004989911731],[8.608548562433077,47.672915023806844],[8.608548555873137,47.67291502996738],[8.655449713946389,47.69061933383798],[8.669382850195653,47.68308945733762],[8.691950422024112,47.69114800704896],[8.711770735443032,47.68837410281194],[8.75435490564789,47.68929912640354],[8.797135475518722,47.67159518575336],[8.79713547964403,47.67159518404482],[8.81209552605926,47.6970566681029],[8.775594654293657,47.71290349913734],[8.775594654144468,47.712903499202085],[8.799928312237773,47.72531389906861],[8.824608800259982,47.70858253738534],[8.848596217054723,47.70075505715733],[8.846633996537303,47.67988381087612],[8.887210098775997,47.64383834474196],[9.038118819228512,47.67873249986476],[9.173917783808388,47.64410502641973],[9.275570309185243,47.64595672615096],[9.2755703119233,47.645956726199636],[9.275570312750496,47.64595672621435],[9.275570312759697,47.645956726214514],[9.445143186506852,47.594826725753464],[9.514698213283067,47.536923542838416],[9.548296988779205,47.535547724742145],[9.603483087188465,47.58510505655139],[9.60513167630019,47.58557466836452],[9.606761146709893,47.58601504780592],[9.681233560899903,47.6842703927571],[9.8709735452672,47.79290690215121],[9.870973545678345,47.79290690238577],[9.87097354611112,47.79290690263268],[9.870973546477964,47.792906902841985],[9.870973546486931,47.792906902847065],[9.871202327538578,47.7940534868992],[9.871385722733262,47.79521265038914],[9.92466470054282,47.90983466210002],[10.03897688323255,48.15555322682991],[10.038976883559577,48.15555322752929],[10.03897688558861,48.15555323186859],[10.038976886555057,48.15555323393548],[10.038976889794943,48.15555324086436],[10.102825695332628,48.183017638973105],[10.106210905799186,48.1834195410848],[10.237192681942158,48.21991824850299],[10.237192681962044,48.219918248508556],[10.23719268204192,48.21991824853073],[10.237192682317518,48.219918248607314],[10.237192684540387,48.219918249225],[10.21974747333524,48.43442201131605],[10.219747473291912,48.43442201184684],[10.219747473227507,48.43442201263588],[10.219747472895676,48.43442201670115],[10.219747472461615,48.4344220220188],[10.260614422226947,48.4487809745787],[10.263145352621194,48.44936007808623],[10.265825501135792,48.449951412665186],[10.358558629260138,48.4828109136417],[10.358558629268318,48.4828109136446],[10.358558629348424,48.48281091367295],[10.358558630285463,48.482810914004375],[10.358558632938257,48.48281091494269],[10.357390617773229,48.48825058167726],[10.357194695394128,48.48932861939389],[10.357194695393526,48.48932861939723],[10.350562730746836,48.4902970586299],[10.301771435986797,48.5449552929056],[10.301771435983245,48.54495529290953],[10.302816709462483,48.54708265981208],[10.349068262586888,48.64102238047811],[10.421332514076393,48.78753429614485],[10.453098727466203,48.851647744550455],[10.45309872747982,48.85164774457789],[10.45309872755307,48.85164774472552],[10.45309872842128,48.85164774647538],[10.452551386042181,48.853440659308966],[10.451957521591286,48.85549268081157],[10.451957521587481,48.85549268082472],[10.451957521462177,48.85549268125768],[10.451957520325594,48.85549268518484],[10.4519575192485,48.85549268890647],[10.457501538780066,48.85991612608717],[10.457501538787305,48.85991612609294],[10.45750153893793,48.8599161262131],[10.457501539034553,48.859916126290194],[10.457501545228327,48.859916131231394],[10.155010363524479,49.189813146057816],[10.154655004240487,49.191253823738286],[10.1542330913449,49.19286557652227],[10.027388207154601,49.35996157339856],[10.027388207127975,49.35996157343351],[10.027388207118442,49.359961573446],[10.02738820691366,49.35996157371476],[9.984574951656677,49.35724138439533],[9.982308647492653,49.356618493803985],[9.980416044389154,49.35623001953323],[9.75777029573965,49.396444934522435],[9.608596301093947,49.4226278676584],[9.590312435645803,49.50235886188242],[9.590312435645304,49.50235886188464],[9.590312435540511,49.50235886234084],[9.590312435540273,49.502358862341886],[9.590312433399344,49.502358871662814],[9.596768227817394,49.50329808770427],[9.596768481883045,49.50329812465708],[9.597960016463295,49.503471421658794],[9.598233257600176,49.503516103401985],[9.59823331897986,49.503516113439005],[9.599697700638366,49.50375556396608],[9.619678002990165,49.51002737234758],[9.619678003003134,49.51002737235164],[9.619678003756855,49.51002737258817],[9.619678003763084,49.5100273725901],[9.619678010636017,49.51002737474665],[9.54223165689464,49.600937888269826],[9.483966306636194,49.759316869328636],[9.483966279256588,49.75931685331376],[9.483966275922585,49.75931685136364],[9.483966271895678,49.759316849008236],[9.483966271377477,49.75931684870515],[9.483966271366306,49.759316848698596],[9.272588034627443,49.63516618220611],[9.144619688091852,49.544427289508725],[9.144619660645125,49.544427269995516],[9.144619656086169,49.54442726675435],[9.144619650875072,49.5444272630495],[9.050843657115932,49.477627914411606],[9.026002391141565,49.46390349287544],[8.983253695608477,49.46794685547811],[8.981288147535905,49.46861911784119],[8.964166027912706,49.47332514284543],[8.675949664968686,49.55202673058871],[8.668359335809594,49.55609275663426],[8.667232458513737,49.55710845406561],[8.645435119377312,49.61807085593454],[8.643565568109628,49.62134818614085],[8.64215998382815,49.62119388436244],[8.639978776921094,49.62083371506208],[8.564529708405825,49.59914036851813],[8.53365690959627,49.6072950435159],[8.517216919527936,49.61746614265645],[8.512722753156227,49.62024544599244],[8.511025121441527,49.62032812596408],[8.49929220718081,49.620898867026426],[8.483733565146917,49.575897894844765],[8.481879033779036,49.57590944524177],[8.477395215153358,49.57623429432883],[8.384359184066346,49.64932359131103],[8.384359182036764,49.649323592902235],[8.383999359522138,49.65158861065856],[8.383999359370053,49.65158861161586],[8.383999359341795,49.65158861179376],[8.384270186039277,49.65226780823087],[8.384846322094903,49.653712593722254],[8.384846328775764,49.65371261047549],[8.38484633968731,49.653712637837764],[8.38484634277359,49.65371264557705],[8.366577632394469,49.68644675654623],[8.366577630947894,49.68644675913634],[8.359148152909372,49.70129822711027],[8.357288610828974,49.70222248051977],[8.329175037626195,49.71911447244999],[8.32758907555058,49.71962203223426],[8.325562558003092,49.72017387515223],[8.3160027899673,49.72476205423874],[8.31022310529906,49.72767521341581],[8.241638125771344,49.74198686794708],[8.24163812207895,49.74198686871626],[8.24081392515271,49.74117861072355],[8.239471251671967,49.74002060663263],[8.156004226060857,49.70580459805302],[8.152264294938028,49.70316551525512],[8.04578259370241,49.66657366028778],[8.023884153327437,49.6590294789308],[8.019866525499014,49.65764468562092],[8.0198665242171,49.65764468517904],[8.019866521111837,49.65764468356532],[8.019866520997263,49.6576446829835],[8.01986652088225,49.65764468239949],[8.018677529374928,49.65160695502849],[8.018677528487217,49.651606955254444],[8.018677525648922,49.651606955976895],[7.916250174267253,49.67761857544669],[7.916250168762252,49.67761857666561],[7.806425587272687,49.70187156389841],[7.805471112058024,49.70217828504321],[7.802898693530595,49.70321122471267],[7.614936730466273,49.65995592444747],[7.595069313330252,49.66062709369751],[7.581378893452093,49.66117854275149],[7.45133457904695,49.60462495801746],[7.400282420428783,49.572227996071845],[7.158963534801628,49.59999539238562],[7.158963531846299,49.599995392722406],[7.15940331980062,49.60227562826403],[7.159667300730036,49.60373564042848],[7.159667303166509,49.603735653903556],[7.149333106411278,49.60573310314945],[7.10457147130953,49.58023051103971],[7.104571471650949,49.580230507764675],[7.104571472710357,49.58023049760228],[7.104846352209104,49.57759355080507],[7.1050972021337,49.57559955015204],[7.105097201664028,49.57559955013792],[7.105097200368886,49.57559955009908],[7.088561005315241,49.575102225316066],[7.004126516586144,49.53801145600278],[6.992199592670409,49.53276202262687],[6.977593232122025,49.526330338268735],[6.905242143477121,49.51758030676626],[6.899244112010197,49.52649879216889],[6.879513034833955,49.637344282228945],[6.879513034354989,49.637344284913375],[6.879513034316202,49.637344285130744],[6.8795130288620685,49.637344315698996],[6.732759780594092,49.5782500958925],[6.60844432095545,49.527934605171474],[6.457372229166516,49.46580070707741],[6.4489082421734905,49.462309070095564],[6.448908329108309,49.46230907623451],[6.4489083356295716,49.46230907682669],[6.4489083535001255,49.46230907844948],[6.448908363840882,49.4623090793885],[6.4640733823214696,49.46368621074899],[6.4747692170792295,49.458201290367],[6.483797034206729,49.45131224250242],[6.498513557627092,49.44863322846964],[6.526377497434106,49.434244847181475],[6.533689304198553,49.434724047359204],[6.551058500438123,49.42432426616508],[6.551892425405487,49.42106940293478],[6.551892425023742,49.42106940269848],[6.536138160573046,49.41131428929341],[6.536138161117643,49.411314287970356],[6.5405584236439545,49.40057515614035],[6.5441887493791135,49.40121366416746],[6.548309559088586,49.39945780864531],[6.551056756701694,49.39958551336607],[6.551890756001352,49.393902493016846],[6.5590040412518675,49.39157163480329],[6.563224190324918,49.387226314115644],[6.575390581361334,49.38882242340413],[6.579118942664215,49.38473493172],[6.585790712000303,49.384223979197344],[6.582847350087572,49.3680620836943],[6.594522907035665,49.3711927049114],[6.598300299963077,49.36911633374444],[6.599673877508455,49.36489936510436],[6.599673877125264,49.36489936448048],[6.597417286378688,49.36122524553542],[6.591383281090121,49.35822177660484],[6.591383280363275,49.358221774499086],[6.588538014746268,49.34997744589663],[6.588538014300266,49.34997744630072],[6.581530659948161,49.35632514127694],[6.577500187883823,49.35739102455896],[6.575161049092751,49.35925332961694],[6.563419863238111,49.356309417816895],[6.563419863643313,49.35630941619909],[6.565873750721172,49.346509887047844],[6.571359360043825,49.34302107513714],[6.575685143930442,49.341459991641074],[6.576018614472088,49.339569714776154],[6.577794566529073,49.33855123521382],[6.577794565362602,49.33855123414159],[6.57642101908768,49.33728862023631],[6.576421019818197,49.33728861914028],[6.578285183987849,49.33449154778858],[6.581621058173818,49.33401203766002],[6.58579088743066,49.336697273949405],[6.587999474275135,49.33446001736647],[6.588734311377582,49.334971071998446],[6.592609819397781,49.3329890575785],[6.595307939145877,49.33007979577554],[6.595307938342896,49.330079794905664],[6.59176879885319,49.3262453998391],[6.588781487747049,49.32210785652917],[6.588781488561421,49.32210785586716],[6.594563325586254,49.31740692873193],[6.601587376620405,49.314411789005206],[6.609192679268406,49.306540880450264],[6.612430450421041,49.30554931794024],[6.615471964470705,49.30142140006705],[6.618072183471321,49.30244667430389],[6.6230279949365585,49.30251151873205],[6.631631459754791,49.29585505724613],[6.636331964380498,49.29494743171457],[6.650402314846595,49.28710486523572],[6.653149596268785,49.28088060877635],[6.659626931858775,49.28249594399242],[6.667671884135124,49.280191757358814],[6.669388749446729,49.27998366943239],[6.669388747458308,49.27998366789191],[6.665464440467772,49.276943174669356],[6.665464440965044,49.27694317323893],[6.667622834515002,49.270733535235614],[6.667622834017034,49.27073353495343],[6.666690823956237,49.27020538506494],[6.659234493195024,49.26047319785149],[6.65923449396189,49.260473197007336],[6.66559963483312,49.25346545001596],[6.674932122490774,49.25632689802608],[6.682682861399784,49.25312486720328],[6.689550799940365,49.24825729516256],[6.689550798967182,49.2482572941369],[6.683958331440399,49.24236458119682],[6.683958332217002,49.24236458022181],[6.687785089047959,49.237559953012415],[6.68732412865475,49.22215525735143],[6.695159653859899,49.21465172805121],[6.70225913257238,49.21659020850286],[6.706139937154087,49.21593038826924],[6.72011921095842,49.220148553586576],[6.730419681161808,49.20623821322875],[6.730419680079372,49.20623821236534],[6.727083401307644,49.20357730279709],[6.7102064903499565,49.18857332436919],[6.710206491031139,49.188573323348976],[6.719628241273784,49.17446208229962],[6.726790619606731,49.171479298296994],[6.728949156769873,49.16852844820467],[6.738270039557963,49.163492354366085],[6.750975827806663,49.16612273045936],[6.761375950331924,49.16439058041446],[6.780410137523341,49.167758775920525],[6.789142631825752,49.166155178250065],[6.793005483562559,49.163291455395324],[6.801409829891781,49.16205049594888],[6.80906440771122,49.15749402915621],[6.817797476455746,49.1566593196364],[6.834181908134796,49.15081977734271],[6.848604065037143,49.15672353231135],[6.848604065875934,49.15672353265461],[6.84546454957384,49.16307574431817],[6.845955081459768,49.16763085349954],[6.845955058246762,49.1726345489917],[6.845955058246757,49.17263454981472],[6.860086087983086,49.174431740109036],[6.862538832311056,49.177318051514085],[6.86253883263436,49.1773180518945],[6.862879213930253,49.181626484289524],[6.851549644087985,49.193927538153666],[6.852726797657246,49.19938513082856],[6.843062162158111,49.21284085172189],[6.843062161185016,49.21284085307623],[6.86072381282906,49.22027504567471],[6.890551830812845,49.207199097321514],[6.934312611296227,49.22143035305409],[6.959595784805865,49.20085796517495],[6.974395374202159,49.20918727464016],[6.99745342810321,49.193799624737125],[7.008149251512597,49.193030235494405],[7.010738924841017,49.18733672974164],[7.019776062700021,49.192164207948636],[7.023357343749473,49.188733609538005],[7.034149911656655,49.191138020514174],[7.032776343053308,49.18822045114758],[7.033021713710037,49.18145478463361],[7.0330217134301805,49.181454784272866],[7.0278504802413,49.17478781716057],[7.027850480147432,49.174787815735],[7.027478576841101,49.16913958908928],[7.02988238897913,49.16588384058789],[7.032482388740712,49.16432806052601],[7.03282581932326,49.160991806323],[7.031618097934663,49.15884772440211],[7.03135421148904,49.157174064696925],[7.0410703331411675,49.146455619433],[7.046368434395868,49.136250015281675],[7.043864613394319,49.12093687847628],[7.047248178575576,49.11506056898304],[7.057749389815597,49.111015766245686],[7.068836512955013,49.11461262089217],[7.068836514061147,49.11461262125093],[7.073398793368616,49.12462994066311],[7.073398793499154,49.1246299409497],[7.091402678124736,49.130087326453875],[7.091402678851007,49.130087326673944],[7.08306295824041,49.150049580815654],[7.083062957497566,49.15004958259298],[7.104059285860046,49.15505501871014],[7.108964946206923,49.15107641154308],[7.108964945079705,49.151076410556804],[7.101704597527571,49.14472284783619],[7.101704598049825,49.144722846305825],[7.10415747870884,49.137534006620584],[7.12240657917084,49.14106434501015],[7.135311648389409,49.12809531857773],[7.159450176882399,49.12003793784822],[7.1654838984350615,49.127454315144156],[7.185451641992636,49.128962188661816],[7.198157592820263,49.11489982376427],[7.209392571526544,49.122766634854464],[7.242852003395647,49.12861066467425],[7.24285200378671,49.12861066455974],[7.266301399324583,49.12174054918483],[7.28131293933049,49.12141939006963],[7.2819032681273255,49.116602435978024],[7.2950519846109625,49.114578723212986],[7.3155107850169045,49.1349014369155],[7.335133341842016,49.1431180288782],[7.363736429788127,49.14260347091936],[7.363736432279306,49.14260347087458],[7.37359639266258,49.172892015099684],[7.373596398469389,49.172892032918085],[7.433253467030529,49.18161542070151],[7.434038414914623,49.16416698747747],[7.455987331779454,49.1601175734249],[7.486238351715926,49.1667332537475],[7.48741575055857,49.13900978323328],[7.52391645406773,49.09482517988317],[7.570491924091713,49.07643835993341],[7.598487161959445,49.080430935720265],[7.626746346362792,49.069633502443445],[7.6287074898740315,49.05420301357328],[7.677375564064695,49.043399186823905],[7.704457054013103,49.05111641024676],[7.728398335855117,49.05137362039558],[7.730755822837307,49.0430625877758],[7.759011790567322,49.04288444624164],[7.772403496229514,49.04651718781255],[7.7966899186796415,49.062432959095474],[7.866407013732116,49.03023471325354]]]},"properties":{"art":"Region","bezeichnung":"Südwest","standort":"Karlsruhe"}},{"type":"Feature","geometry":{"type":"Polygon","coordinates":[[[6.9049444532294135,52.174228550586555],[6.9049444518206124,52.17422854930505],[6.905182240382905,52.169769437203094],[6.905182240360658,52.16976943590355],[6.880455517688142,52.15688919018863],[6.872212738611662,52.13039462028596],[6.855728292403139,52.1211178263884],[6.82177856986164,52.11822604715127],[6.7599480232738625,52.11958822815483],[6.759948022442743,52.11958822787803],[6.754859931468993,52.09629017645408],[6.7548599311759565,52.096290175111676],[6.744404466242018,52.093228034136864],[6.744404465049124,52.09322803355854],[6.744802409552835,52.08983989299778],[6.750297076997973,52.0870665467925],[6.747549582457611,52.08254446781479],[6.73366534122101,52.075006686005125],[6.695594527841366,52.07090572337857],[6.689510737312527,52.058117489507296],[6.684800924983861,52.056669549355696],[6.684800923938933,52.05666954887317],[6.687835699573023,52.039859714841455],[6.714285640970702,52.039954181040585],[6.7539259033246575,52.02800210510855],[6.809166736703424,51.99841017117999],[6.807498632167014,51.99502701637627],[6.826926396877076,51.99345609741227],[6.832126404113661,51.97290924904046],[6.828495812767358,51.964808806653465],[6.814072119668922,51.963901998170336],[6.812011557029239,51.96184639053061],[6.798274669004013,51.95900469771566],[6.793956943241871,51.93578033256072],[6.786107233651405,51.931363943858436],[6.769426524207539,51.91835422205431],[6.752236557043112,51.91457059289575],[6.747839836915658,51.90806481293036],[6.719973497466822,51.90104247787819],[6.719973497410609,51.901042477864024],[6.706596064905824,51.91059249295467],[6.685573622471755,51.925588775028494],[6.47147350293575,51.8605550397011],[6.389052081376619,51.8775193440243],[6.378062376538089,51.84503976340459],[6.164943974088332,51.90464885722265],[6.122485839435822,51.90821035916294],[6.1009691217026525,51.89205527239771],[6.10096912174049,51.89205527236743],[6.160234024060485,51.844555251299326],[6.160234023715214,51.844555251374054],[6.063458639152179,51.86545570382195],[6.000493242434577,51.8353403724015],[5.965954871568303,51.83994808639329],[5.941228475342525,51.82296991188015],[5.941228475368377,51.82296991172265],[5.955127432200424,51.738121081338605],[6.021294977106143,51.72291133005699],[6.024434895799911,51.66987785568151],[6.102146508342651,51.6489391653119],[6.102146508054559,51.648939164718456],[6.080167438521984,51.60362036739627],[6.080167438628802,51.60362036731857],[6.197912184646885,51.51773196534202],[6.2026218182872475,51.39545237636212],[6.20262181871228,51.39545237508863],[6.202621818726323,51.395452375046574],[6.202621818931801,51.395452374430896],[6.212630139534946,51.365443900828126],[6.2126301391196055,51.36544390047252],[6.072513562198207,51.2450904276293],[6.0630939246630176,51.22198970453858],[6.063093924663315,51.22198970453737],[6.075653316770041,51.171078068581615],[6.099202337858835,51.16541773415121],[6.137665786268098,51.183626707574334],[6.138774906565161,51.173337289204476],[6.167102031633278,51.15827976910715],[6.167102029985972,51.15827976868765],[6.141983059025672,51.151879334862336],[6.092530061011857,51.138337028308364],[6.062373326532815,51.116850971292784],[6.0379747087816815,51.10089030900009],[5.9889142347338185,51.08166250700925],[5.945741096117627,51.041455492810336],[5.917558783251705,51.06970583909936],[5.864104555884643,51.051819108396515],[5.864104557384736,51.05181910452851],[5.879215163608681,51.01282070996757],[5.8994280633874014,50.99948458622548],[5.8994280622264075,50.999484580381626],[5.894326001610531,50.9737893541407],[5.894326002677145,50.97378935420341],[5.9959791490543966,50.979720081906684],[6.011654101478315,50.941762964976355],[6.016633906563772,50.929670307774636],[6.078820560031772,50.91766085027752],[6.078820558858526,50.917660844585],[6.067046872217135,50.86046593219878],[6.031615200827206,50.85341627294549],[6.016414570685763,50.848821398268576],[6.01170532275764,50.83395149211641],[6.011705323099926,50.83395149155224],[6.022103762004538,50.81680901527509],[6.022103757891758,50.816809012363734],[6.0046424269678695,50.80444443723044],[5.98302899262905,50.81336724753876],[5.972739598029347,50.796927375506534],[5.9727395990115975,50.79692737499913],[6.017986361354277,50.77355355188905],[6.018180682287066,50.751458519453315],[6.0366311016675,50.74264242329452],[6.036631098341257,50.742642417381006],[6.029977273806939,50.73080300576002],[6.037391758154515,50.717804428293206],[6.111984237953751,50.715129987857765],[6.128250035046501,50.68926747797321],[6.173211163202283,50.61761232439095],[6.257987221783709,50.62010339005514],[6.257987212662218,50.62010338316425],[6.168109435684608,50.55207216505875],[6.168109438212982,50.55207216229556],[6.223150245366122,50.49183214177037],[6.295736751944422,50.48889401319076],[6.341202650033106,50.487031207408336],[6.341202650644364,50.48703120739162],[6.341202657518227,50.48703120720365],[6.381625958876122,50.48591560275381],[6.419494523514943,50.48485639833195],[6.4518739635180395,50.48394381591907],[6.590821145885828,50.50042751253093],[6.59123059047301,50.500589921056736],[6.623254593961199,50.50169948180278],[6.63500175966963,50.502121136095525],[6.635001760039899,50.5021211340189],[6.6360587694870325,50.48461364905967],[6.63605876731055,50.484613633320365],[6.636058767059597,50.48461363293887],[6.620610582559852,50.461118893872104],[6.6077213678477325,50.448233939767334],[6.599964724034389,50.44269691118581],[6.589336464120059,50.43617823982985],[6.588733887894229,50.434892070168196],[6.588733872957491,50.43489203828557],[6.588733871038161,50.43489203335924],[6.588733872850106,50.43489203267802],[6.5887338728816776,50.434892032666156],[6.590317711233855,50.43429655789809],[6.601056818994987,50.43478865710312],[6.626306296061912,50.44110092336991],[6.641246374751664,50.43452896432612],[6.745313683732692,50.362561097852726],[6.798618337795509,50.36535099653109],[6.798618340133705,50.36535099665293],[6.798618343223149,50.36535100277985],[6.798618327732948,50.36535103262292],[6.723871836641761,50.50888192017486],[6.723871834378727,50.508881924512586],[6.723871833895055,50.50888193024876],[6.723871863037168,50.5088819336557],[6.856497026045233,50.524295089775826],[6.925227616888689,50.53133765225599],[6.986256220631047,50.52759193503027],[7.034896702281214,50.52155455574964],[7.036581933132666,50.52112464883445],[7.037062504747399,50.52110619049828],[7.037062512153539,50.52110622393495],[7.039424577797279,50.53241601651818],[7.039424589664503,50.53241603541341],[7.044870063905999,50.537436684996834],[7.07358446773465,50.53478477929246],[7.092210893970027,50.545293270525505],[7.096244322464096,50.547041187530326],[7.123037813900963,50.562257083214696],[7.200704881426794,50.64613515044871],[7.202637118965268,50.64660703877723],[7.204222663311531,50.647048757299984],[7.209540677500966,50.64556311348833],[7.2159349812731,50.627002825774085],[7.2188074813104475,50.62683921964383],[7.315079478125513,50.62461310744998],[7.316329374844188,50.61487322008666],[7.316329376998607,50.614873203294444],[7.316329377649716,50.6148731982195],[7.316329375377828,50.61487319635145],[7.315153896682343,50.61437369370963],[7.314088141473872,50.61392079689214],[7.314035590900804,50.61389846484012],[7.313986929912604,50.61389081721962],[7.313114907722572,50.61375376524696],[7.312418007626496,50.61364423115164],[7.312417993068656,50.613644228863464],[7.312417987818838,50.61364422803835],[7.312417988989704,50.61364421956157],[7.326261822402038,50.56596903112518],[7.444121398753009,50.57287120066599],[7.511889306428375,50.56884184221065],[7.513258505286066,50.56993881935295],[7.515253339534734,50.571585496909336],[7.653226894786402,50.545636091127314],[7.654793299502609,50.54600165629487],[7.656551248810567,50.54661665867092],[7.689232388158681,50.57277462304383],[7.719171977786943,50.6905862017059],[7.7191719790853295,50.69058620680241],[7.719171979241288,50.690586207414576],[7.7083474494822335,50.69355556219552],[7.707834609257352,50.69369620783476],[7.707834608747255,50.693696207974654],[7.707834608492346,50.69369620804457],[7.707834608301447,50.693696208096945],[7.707834609319922,50.693696209636954],[7.711784980507587,50.69855345472522],[7.712565919588899,50.69951354830738],[7.713094910563496,50.70016387199835],[7.715703821182517,50.70337089126282],[7.763712683312043,50.70627805224606],[7.792034606510619,50.70798353073755],[7.836374648555287,50.710639695748256],[8.206037789856428,50.675012346296334],[8.212308958441335,50.689233642229745],[8.236834021033292,50.7413457858126],[8.236834023048964,50.741345790090904],[8.23683402367312,50.74134579141569],[8.236834023578107,50.74134579280152],[8.235756035365904,50.7423279067648],[8.234631298054698,50.74356527144683],[8.234631297670427,50.74356527186956],[8.234631296415673,50.743565273249914],[8.24199045485094,50.774458846507386],[8.251744269383515,50.89175985317254],[8.251744269385231,50.891759853193086],[8.260820223244016,50.99705398804055],[8.259276620246553,50.99779132557308],[8.259276620209981,50.99779132559055],[8.259276619989741,50.99779132569579],[8.259276618180781,50.99779132656001],[8.259276629745504,50.99779133842724],[8.26225603190233,50.9995740549501],[8.300277966329334,51.01018773546741],[8.493581843132706,50.98902847793594],[8.49822086984464,50.99475359651683],[8.499170162824791,50.99566869412636],[8.5686101004728,51.06030329297717],[8.56861010087775,51.060303293353456],[8.625335566983766,51.11293943369266],[8.625335566991264,51.11293943369962],[8.625335567212998,51.11293943390509],[8.62533556766853,51.112939434327195],[8.625335566141823,51.112939441928795],[8.562947338909623,51.21061369081301],[8.56294733890588,51.21061369081885],[8.545530498608915,51.23780124837605],[8.545530498603519,51.23780124838448],[8.545530498473404,51.2378012485874],[8.5455304982476,51.23780124893968],[8.545530498356392,51.23780125435767],[8.572138326434223,51.340137005870986],[8.575191515725807,51.34054095579514],[8.57784821680566,51.34078445426195],[9.035917618207625,51.46857879538923],[9.14658165900135,51.49907430919878],[9.146581663820527,51.49907431051949],[9.146581667726988,51.499074311590086],[9.146581669516973,51.49907431208064],[9.14658166951979,51.49907431208143],[9.14652905537044,51.499162972311495],[9.145120925442834,51.50041849689185],[9.14293068319322,51.502334400403335],[9.12728355214911,51.51569673197877],[9.125267879357015,51.51726547863461],[9.122035767243663,51.5187232456886],[9.100805200913417,51.5240229647193],[9.053721108744528,51.524627786205436],[9.053721107465506,51.52462778622161],[9.053866670916987,51.52894871118949],[9.053866670963169,51.52894871255849],[9.053866671036019,51.52894871471816],[8.897637486711174,51.72196339115306],[8.897637486710689,51.72196339115365],[8.897637486708655,51.721963391156166],[8.897637486173545,51.72196339181411],[8.897637484980638,51.721963393280845],[8.951769509338378,51.75042110887706],[8.953266211525758,51.75029617296558],[8.9554895871848,51.75012648423536],[8.970493607612088,51.75013882970134],[8.976925582215628,51.74029219151733],[8.976932719235291,51.74028126294995],[9.01377900746593,51.68378405703978],[9.106753308408722,51.540544814713144],[9.10845583092275,51.53921299022012],[9.109248335501256,51.53864019707171],[9.36813137415482,51.62916796781094],[9.39133573087227,51.68939770135026],[9.39841681529566,51.69217845598588],[9.402443146328018,51.69199427949744],[9.404687368454578,51.69193272345917],[9.410717092484095,51.696669045160725],[9.458447328787676,51.747136240334704],[9.458447329882139,51.74713624149041],[9.458447330274701,51.74713624234997],[9.432465443801783,51.7905925422236],[9.43246544379664,51.79059254223219],[9.430277522968199,51.79115361577119],[9.424935602530851,51.78846273665995],[9.42212134162433,51.78915745710995],[9.210804393696105,51.801701603173484],[9.210804393691296,51.801701603173754],[9.034163771387718,51.8123234833511],[9.034163771386602,51.81232348335116],[9.03316744216846,51.81365590814081],[9.031780079745998,51.81542298586422],[9.035717730241043,51.93895362830119],[9.035717730244073,51.938953628396106],[9.03571773026644,51.93895362909571],[9.03571773188262,51.93895363242167],[9.244525510094999,51.99714564193574],[9.25923122966911,52.04771167006292],[9.25923123004911,52.04771167136806],[9.259231230443138,52.047711672721356],[9.257883951992863,52.04823028674094],[9.25612344505657,52.04896409963219],[9.093661033403523,52.18965281896184],[9.093661032360089,52.18965281986186],[9.093661031517819,52.189652820588385],[9.093661030906283,52.18965282111588],[8.8988727778643,52.13608640694722],[8.668106767813068,52.17026813231177],[8.667989134219916,52.17029299898835],[8.667989133685763,52.170292999101285],[8.667989132341354,52.17029299938547],[8.666722300500055,52.17213363244942],[8.666722299471864,52.17213363394326],[8.66672229916859,52.17213363438386],[8.664908055480304,52.17252856147615],[8.663398809589285,52.17210107620356],[8.464151973651289,52.154895839891786],[8.464151972131797,52.15489583975926],[8.157251236408646,52.12804027766257],[8.156288129744397,52.127505165320564],[8.156244382594942,52.12748085844735],[8.15624363098431,52.127480440835654],[8.155776966806844,52.127221149352074],[8.155718414709487,52.127180920132446],[8.155456146185555,52.12698786128679],[8.15545530064984,52.12698723887469],[8.155450712624837,52.12698386155718],[8.154601094369442,52.126358432314625],[8.072088794541163,52.149885354519995],[7.8974759671788135,52.19707866335675],[7.89747596680646,52.19707866345699],[7.895059312983531,52.19918870161753],[7.892816891140382,52.20133036182748],[7.892816890279804,52.20133036264934],[7.727713915691676,52.27138649775175],[7.7171780947688955,52.27641159139099],[7.6098126571994085,52.22918769637367],[7.609812655596556,52.22918769566568],[7.5218163343209365,52.19018927178585],[7.520321061364813,52.18967464002739],[7.518527718730259,52.18909870864735],[7.3966018657713,52.20154711717002],[7.394956372359429,52.20225675381871],[7.3935469977916375,52.20289854899924],[7.2774707047833544,52.18432077823182],[7.277470704129862,52.18432077812686],[7.275840458851238,52.18606831836258],[7.264411620123974,52.198314905350685],[7.259537353786193,52.20353546861134],[7.123445125620761,52.22901358966967],[7.058939361828252,52.24102455157739],[6.986624274403268,52.23092970884322],[6.950906793333334,52.18120198067047],[6.909696000151812,52.17759209018653],[6.9049444532294135,52.174228550586555]]]},"properties":{"art":"Region","bezeichnung":"West","standort":"Duisburg"}},{"type":"Feature","geometry":{"type":"Polygon","coordinates":[[[9.010707953475364,50.04642255016082],[8.940679412153798,50.093999702430104],[8.939777276551203,50.10851349859769],[8.938798632054823,50.11252723432876],[8.938610940971747,50.11310604955125],[8.937396777300822,50.11312681277817],[8.927283000150627,50.1111526941491],[8.927283000246778,50.11115269150902],[8.930774554870604,50.015083789210344],[8.930774552060884,50.01508378782114],[8.83380693535838,49.9670521721174],[8.83231860098237,49.9667518986674],[8.830363858332793,49.96652236808828],[8.73518011168712,49.967999187736524],[8.668348740093302,50.01438697342206],[8.66575292258095,50.01465646575135],[8.66013859702964,50.015229267095926],[8.659999510193272,50.01525350731587],[8.658402946266007,50.01536226092234],[8.65840294009132,50.015362245335204],[8.65840293860108,50.015362241573264],[8.622810637629907,49.92534158160089],[8.622810635939626,49.925341581768],[8.622810635516611,49.92534158180984],[8.612898874140159,49.92632112631969],[8.611405484430257,49.926468635837146],[8.611235083376682,49.926485465914766],[8.610311569147651,49.926576674497795],[8.51948606998786,49.939291548444224],[8.515000966463328,49.94297688178561],[8.505086770018442,49.95112058020023],[8.504556266047075,49.951556243663674],[8.44335598936378,50.00176113871312],[8.44191825503756,50.00256530810217],[8.440671075281239,50.00335940392923],[8.411470140336286,50.00012867577778],[8.40817205760399,50.00348852931824],[8.407236482984528,50.00447899482109],[8.338560965516907,50.05338834174317],[8.338416501369265,50.05437085608978],[8.33837646676817,50.05571359414663],[8.342547043169752,50.12138396878012],[8.333373294737452,50.134054479468716],[8.32893505559249,50.137535965198566],[8.334572477762663,50.147215125528476],[8.32715133781936,50.14993127629242],[8.326174723897646,50.149132912936835],[8.326174725891859,50.149132908459876],[8.326174726914866,50.14913290616327],[8.328541519843808,50.1438189240521],[8.32829237705432,50.1416685996797],[8.328292366421804,50.14166858885889],[8.328292360886394,50.141668583225474],[8.32463366607776,50.13794475776527],[8.308275040251008,50.14697473770315],[8.308275038839653,50.146974738481994],[8.308275036066537,50.14697474001236],[8.310395727067986,50.14906820934374],[8.310395728580719,50.149068210837456],[8.31039573463795,50.1490682168186],[8.247694427169764,50.16323526637408],[8.054873155277551,50.19795953399222],[8.05213896883046,50.196434916404506],[8.050715314902211,50.1954705349919],[7.885507901854383,50.16567288100526],[7.885507901140305,50.165672880785166],[7.885507894096797,50.165672878614],[7.8855078940914485,50.16567287861234],[7.730640494837361,50.11778369050375],[7.729401758113444,50.11823934308349],[7.726783482935278,50.119462800034654],[7.726783478412851,50.119462802147766],[7.7267834698615845,50.119462806143346],[7.737760013345841,50.12707138578312],[7.737760016808915,50.127071388183076],[7.737760021710337,50.127071391579804],[7.738971485719965,50.13175511560317],[7.735312354731905,50.13625536269454],[7.7263277726724775,50.13921620242436],[7.7256567217690675,50.148035755429795],[7.717229859892675,50.153086851166215],[7.708293781571428,50.156617580525165],[7.700821638885298,50.16570181727365],[7.6874555464675,50.17001501363364],[7.670241260265102,50.1711007087163],[7.653034796211578,50.17531722761421],[7.653034793502064,50.175317223170154],[7.653034787565338,50.17531721343292],[7.650262223247574,50.17073082570103],[7.621621064321034,50.11146468894613],[7.621621062517727,50.11146468890406],[7.621621056025639,50.11146468875261],[7.589949077633841,50.1107215369796],[7.588773089222877,50.11187905516018],[7.58753385483554,50.11296797675138],[7.489049044950473,50.12062374340902],[7.489049043455831,50.12062374260182],[6.883711920451149,49.789904667919636],[6.883711923690582,49.78990465576593],[6.883711924612578,49.78990465230681],[6.912872930131803,49.68022875330671],[6.914525470312789,49.67853343446745],[6.9190978908475405,49.67663890645088],[6.9198016390565416,49.67622027829717],[6.9202098423094,49.675854658433934],[6.920512141118582,49.67542113857881],[6.920698233944434,49.67493948675358],[6.920794791308008,49.67450533979962],[6.921127710566376,49.672798488994474],[6.921216219851921,49.672552976586175],[6.921528249464394,49.67200144927096],[6.9221048708097435,49.671456205736824],[6.922713712465585,49.67093148957948],[6.923133208289967,49.67057680500208],[6.923607504867161,49.670212358389506],[6.924151313656452,49.66988138715943],[6.928410765619648,49.6675327204788],[6.928863399813777,49.667175539024946],[6.92913135219449,49.666879513294376],[6.929385085493719,49.66647272734221],[6.929552997500108,49.665970783295975],[6.92980397285474,49.66488345717904],[6.929932642763311,49.664630406847],[6.9302639223034745,49.664202879464526],[6.933068873939184,49.6616783879646],[6.933311143938319,49.661420095407294],[6.933504904656467,49.661028842321585],[6.93357643830038,49.66076610649941],[6.933590309523647,49.66053370909079],[6.93357033032164,49.66033991719398],[6.933505495479735,49.66006429077584],[6.933435994493821,49.65989348858678],[6.93323863922103,49.659566484021774],[6.933238614332715,49.65956645101436],[6.9322983291747695,49.65831576391938],[6.932298311483824,49.65831573293892],[6.931591852937324,49.6570785476147],[6.931591844822579,49.657078541881035],[6.931591839012912,49.657078537776115],[6.9315361328598,49.65703917742007],[6.9296193788048726,49.65718285135732],[6.879513039061326,49.63734428701125],[6.8795130391001145,49.637344286793876],[6.879513039579087,49.637344284109446],[6.899244120320844,49.526498805684206],[6.904149761088573,49.519204851889185],[6.905242145706328,49.51758031038702],[6.977593235849111,49.526330345982146],[6.992199592670409,49.53276202262687],[7.088561011981376,49.575102198415365],[7.105097203768353,49.57559952307853],[7.105097205063499,49.575599523117376],[7.105097205533167,49.5755995231315],[7.105097234999942,49.575599538063564],[7.1048463589144415,49.57759352388756],[7.104571476363663,49.580230499685406],[7.104571475304248,49.580230509847816],[7.104571474962832,49.580230513122814],[7.104571474737296,49.580230526160065],[7.149333113015112,49.60573307619504],[7.159667300730036,49.60373564042848],[7.159667309076243,49.60373563881485],[7.159403326454527,49.60227560130289],[7.158963534801628,49.59999539238562],[7.158963532492162,49.59999538041107],[7.400282427192172,49.57222796875573],[7.451334585755832,49.60462493064839],[7.581378899977422,49.66117851518398],[7.595069319881026,49.660627066097646],[7.614936736999635,49.65995589681372],[7.802898699935649,49.703211196806976],[7.805471118446035,49.702178257124665],[7.806425593705274,49.70187153599136],[7.916250166342969,49.677618550610184],[7.9162501718479685,49.67761854939126],[8.01867752066898,49.65160693068548],[8.018677523507288,49.65160692996302],[8.018677524394997,49.651606929737085],[8.01954305618569,49.65600223884204],[8.019866523872686,49.65764468343031],[8.019866523987714,49.65764468401433],[8.01986652410229,49.65764468459612],[8.0198665242171,49.65764468517904],[8.01986652570181,49.65764468665062],[8.023884153327437,49.6590294789308],[8.152264301295263,49.70316548682256],[8.15600423240853,49.70580456958135],[8.239471252278072,49.74002057577176],[8.240813931276078,49.741178582125166],[8.241638100503138,49.741986820373405],[8.241638107679874,49.74198682741125],[8.241638107924793,49.74198682765144],[8.31022311150106,49.727675184733734],[8.31600279620213,49.724762025552415],[8.325562564252813,49.7201738464575],[8.32758908179994,49.719622003541886],[8.329175043878486,49.71911444374079],[8.357288617124366,49.70222245173207],[8.359148159215048,49.70129819835095],[8.366577623340945,49.68644675535775],[8.366577624787523,49.68644675276764],[8.38484633968731,49.653712637837764],[8.384846346600787,49.65371262543946],[8.383999365837782,49.65158859400652],[8.384359182036764,49.649323592902235],[8.477395221864592,49.576234265360426],[8.481879040510274,49.57590941625554],[8.483733555688397,49.57589786596271],[8.48373355632654,49.57589786595872],[8.483733556962651,49.57589786595475],[8.499292201449132,49.62089880257626],[8.499292201928133,49.6208988039597],[8.499292209001963,49.62089882439006],[8.512722751527487,49.620245443965615],[8.533656916171017,49.607295014471156],[8.564529714993732,49.59914033944568],[8.639978783379455,49.62083368581679],[8.642159990300483,49.62119385511994],[8.643565574593634,49.62134815690276],[8.645435121460553,49.61807083897716],[8.667232464001456,49.55710842591488],[8.668359342513076,49.55609272738415],[8.675949671690995,49.55202670133979],[8.964165982318132,49.473325126828705],[8.981288153903764,49.46861908730211],[8.983253701419402,49.46794682601128],[9.026002397992906,49.46390346297284],[9.050843663897535,49.47762788450016],[9.144619668519487,49.544427240895374],[9.14461967373059,49.54442724460019],[9.144619678289537,49.54442724784138],[9.144619698242865,49.54442727676325],[9.144619688091852,49.544427289508725],[9.036618554912641,49.67960735852324],[9.04495935454684,49.79238836035014],[9.04782781796732,49.81352532199914],[9.045439049587088,49.815429175912385],[8.974770421041743,49.96348873765743],[8.974770420043292,49.963488739742616],[8.97477041916969,49.963488741567055],[8.979146259758226,49.965428450275766],[9.012226570627405,50.00403282198104],[9.012226573740504,50.00403282561061],[9.012226576464432,50.004032828786464],[9.010707953475364,50.04642255016082]]]},"properties":{"art":"Netz","bezeichnung":"Mainz","standort":"Mainz"}},{"type":"Feature","geometry":{"type":"Polygon","coordinates":[[[12.238550970405239,50.141140723567496],[12.215525765801821,50.185323991484296],[12.210503970970626,50.19494950982951],[12.128277668397926,50.311140197149484],[12.128277663883077,50.31114020351276],[12.111399750728967,50.32008567307794],[11.95256502440215,50.40398905406058],[11.950976078497348,50.40491352882546],[11.735702401337464,50.395317816435984],[11.735702392751518,50.39531781600803],[11.735702381168887,50.39531781543075],[11.735702370085463,50.395317814878325],[11.694122188466794,50.39323783795353],[11.690148198896207,50.39451160162588],[11.688139959290256,50.395227212855616],[11.68479631591095,50.396639485881884],[11.645454644525556,50.41325819292588],[11.39804335930124,50.51720603855173],[11.39522901303291,50.517862508698286],[11.393200679315767,50.51825999278521],[11.351158758897029,50.51811634183251],[11.16650754266353,50.48721396353007],[11.164234338834586,50.48731096397061],[11.161779147928904,50.48734838295569],[11.145759037383833,50.48574853764241],[11.034462058115801,50.44912093418673],[11.034462057969915,50.449120934138605],[11.034462057859997,50.44912093290822],[11.03395332331606,50.40540982115237],[11.033892015806567,50.3954519421995],[11.033892015790876,50.39545193964638],[11.033892015802842,50.39545193207098],[11.034709057197025,50.39322621568457],[11.035185824915645,50.39335628797544],[11.042667893034276,50.3829580620867],[11.042667894217557,50.38295806044185],[11.042667895957582,50.38295805788088],[11.042667895923929,50.382958057767404],[11.035762935589318,50.359658061616464],[11.027621424811855,50.36113520336946],[11.023248593517312,50.36233192156528],[11.023248593434962,50.362331921587824],[11.023248595191863,50.362331929067736],[11.023248596133364,50.36233193273542],[11.030908197938098,50.392150492030694],[11.031351658202235,50.392278113373386],[11.031351663236425,50.392278114822126],[11.031351663316084,50.39227811484505],[11.031351660914824,50.39227812215097],[11.03135165967805,50.39227812591315],[11.031307818946287,50.392411485952685],[11.030604452257682,50.394550971443586],[11.029523054923244,50.39425313611482],[10.980353347889961,50.43335155109965],[10.980353347821143,50.4333515511543],[10.942776253192758,50.42075678828055],[10.915930236732097,50.41174713292075],[10.914354551521887,50.413813989127085],[10.914169089662998,50.41391775275115],[10.912182909842866,50.41304268821647],[10.912182909474677,50.41304268805424],[10.91218290818108,50.41304268708078],[10.9141380810197,50.403290767642936],[10.953638801196117,50.39115224111428],[10.95600851058824,50.378993534506996],[10.956300068366385,50.37749718274459],[10.95630006914804,50.37749717873282],[10.956300070664962,50.37749717091075],[10.956300070595926,50.377497170902195],[10.956300067197551,50.377497170481455],[10.948648270498527,50.37654953403679],[10.515040503773733,50.321960336658115],[10.515040502852742,50.32196033615722],[10.515040502859478,50.321960336150326],[10.615544474347743,50.21902512239186],[10.615544474464258,50.21902512205458],[10.641753289819508,50.14304599601895],[10.699571458451034,49.97457977835461],[10.698763506371739,49.97346785088544],[10.697974339879906,49.97247304685395],[10.433002003072875,49.8613686099846],[10.393216925250947,49.78813957254377],[10.38818439007502,49.70718172763335],[10.388184389818075,49.707181723491864],[10.314314557409904,49.69900336009796],[10.314314551928693,49.69900335916012],[10.304958971955134,49.67540518710046],[10.304649209595626,49.67413701504672],[10.304358474041631,49.67276000597291],[10.275437807481294,49.62502729951373],[10.21509841696162,49.56691644540739],[10.20974612901632,49.565697068280166],[10.205521310881105,49.56450153343199],[10.063211059635375,49.401206799599265],[10.02738820691366,49.35996157371476],[10.027388174003423,49.35996153578564],[10.027388169487127,49.35996153058061],[10.0273881694853,49.3599615305785],[10.027388169624869,49.35996153023455],[10.027388169634406,49.35996153022206],[10.154233065567569,49.19286551333539],[10.154654978468935,49.1912537604407],[10.154994335679802,49.18987795907243],[10.155010337699755,49.189813082808726],[10.45750153893793,48.8599161262131],[10.457501556365093,48.85991610705952],[10.457501558776155,48.8599161044096],[10.457501561324552,48.85991610160876],[10.495748804681309,48.85961237433636],[10.496114339234456,48.859735097465126],[10.502395463390522,48.91531325547836],[10.595261881789861,49.073354496659526],[10.670571679377822,49.14661762589414],[10.737327380406422,49.109544845149244],[10.73734274336089,49.109478956394646],[10.737344539688815,49.109471252279036],[10.737349079878348,49.109451780242345],[10.733979463831085,49.10705646521674],[10.733414689478389,49.10623733447151],[10.733365190268808,49.10561299524376],[10.73224352002183,49.103819050911646],[10.72271139301433,49.0930789629382],[10.72409969469319,49.078631614391526],[10.724099694703641,49.078631614382644],[10.793887284435982,49.0193457410292],[10.908453949110129,48.97271727233764],[10.910127171852245,48.972691374009315],[10.911298552443828,48.97380356685798],[10.912239058769346,48.974035319917874],[10.913985278578721,48.97303434922066],[10.915643837375383,48.97245381391585],[11.027116656995439,48.94837199256512],[11.298148359665833,49.068271986239765],[11.298148357531257,49.06827198919579],[11.298148357022146,49.06827198981741],[11.296627629393281,49.07012863627695],[11.293212870659977,49.073931722024454],[11.2876012268586,49.07740200044361],[11.281416152025656,49.093642669814514],[11.281416153625754,49.093642670473464],[11.28141616468417,49.09364267186172],[11.285290032849417,49.09412893423663],[11.289062149873292,49.094669758047964],[11.30095410742402,49.07073010747369],[11.303193413411282,49.06822946314747],[11.305606713089801,49.065455139661594],[11.328444997790847,49.03882742065637],[11.469143682010863,49.042632788101685],[11.46972682935323,49.04172539822694],[11.472073835390573,49.03843780440521],[11.479310759844939,49.016947102372534],[11.547253255533594,48.9890568681404],[11.617010286692492,49.027793419734635],[11.643410929025334,49.06093881048331],[11.643410929114685,49.060938810595395],[11.643410926921753,49.06093881257241],[11.51336871046008,49.16977598217471],[11.513368710450662,49.169775982182564],[11.500717974813966,49.202066920946294],[11.50290207687187,49.20501048094295],[11.576488139717451,49.30104085860571],[11.602719011155925,49.43480859146164],[11.611828811658224,49.52526111869645],[11.61274587472118,49.52630570333214],[11.613578208055296,49.5272906621944],[11.662742258227805,49.65644505219373],[11.662742259095218,49.65644505551693],[11.6883099088009,49.760549583578026],[11.873652772294026,49.831311845247946],[11.875405110766131,49.83190157999373],[12.184511250728846,49.92362112568772],[12.195705296914818,49.92302318220806],[12.195779565120887,49.9230062287388],[12.20037220394911,49.927263339540936],[12.201763802899212,49.92881435602097],[12.20237259585519,49.929904474053906],[12.293053148458522,50.03344064377045],[12.33071917456836,50.059848733961395],[12.266216022996907,50.08778171497481],[12.238550970405239,50.141140723567496]]]},"properties":{"art":"Netz","bezeichnung":"Nürnberg","standort":"Nürnberg"}},{"type":"Feature","geometry":{"type":"Polygon","coordinates":[[[10.112406828617443,50.54565205253516],[10.112406828558072,50.54565205246087],[10.112406828526284,50.54565205242113],[10.03319875119792,50.4463333513549],[9.660466323866228,50.28447404301595],[9.658550434267411,50.28461370431858],[9.655057714423526,50.28480308517416],[9.646883775300882,50.26070038047029],[9.611857017002967,50.25034637348371],[9.608476400440292,50.248351642368284],[9.60492013443806,50.245694031767265],[9.601835841044851,50.24323131990541],[9.600798592402413,50.24220419802177],[9.600623820074532,50.242176267026736],[9.597055640744356,50.2428769862395],[9.597055633792547,50.242876982289026],[9.597055633786724,50.242876982285736],[9.26418283639651,50.05248067479441],[9.264182817020856,50.05248065474695],[9.2672849134862,50.00770116772448],[9.26836503212394,50.006340879707295],[9.313904837242081,49.95523624442914],[9.313904840107604,49.95523624120951],[9.376115106138363,49.88521970583433],[9.45915216825152,49.79144045374651],[9.468364775815408,49.78095830832944],[9.470199195080507,49.78042093401269],[9.473322720734497,49.779980569625806],[9.483966275922585,49.75931685136364],[9.48396628358704,49.759316836477],[9.483966292678941,49.75931681744312],[9.542231635966703,49.60093783726642],[9.619678010636017,49.51002737474665],[9.6196780339957,49.51002733702573],[9.619678033989478,49.51002733702378],[9.61967803323575,49.51002733678729],[9.619678033222787,49.51002733678322],[9.599697678436971,49.503755511784505],[9.598864143821173,49.503619240995775],[9.598863937041541,49.50361920718948],[9.597960016463295,49.503471421658794],[9.593988857802756,49.502893777605735],[9.593988020355651,49.502893655775],[9.590312433399344,49.502358871662814],[9.590312402388248,49.502358857517784],[9.590312402388488,49.50235885751671],[9.590312402493286,49.502358857060464],[9.59031240249379,49.502358857058276],[9.608596277704832,49.42262781424754],[9.757770272532154,49.39644488175236],[9.98041602152171,49.356229967681024],[9.982308624639263,49.356618441969246],[9.984574928825632,49.35724133258642],[10.027388174003423,49.35996153578564],[10.027388174208214,49.35996153551691],[10.02738817421775,49.359961535504375],[10.027388174244374,49.35996153546944],[10.1542330667245,49.19286552344359],[10.154654979601284,49.191253770636905],[10.155010338859872,49.18981309292443],[10.457501545228327,48.859916131231394],[10.457501556461706,48.85991610713661],[10.457501556365093,48.85991610705952],[10.457501556214458,48.85991610693934],[10.45750155620722,48.85991610693358],[10.4519575192485,48.85549268890647],[10.451957484155267,48.855492656322184],[10.451957485291848,48.855492652395],[10.451957485417156,48.855492651962074],[10.451957485420959,48.855492651948914],[10.452551357625378,48.85344060357366],[10.45309872812393,48.85164774744932],[10.453098727255721,48.85164774569945],[10.45309872718248,48.85164774555185],[10.453098727168861,48.851647745524374],[10.349068259677862,48.64102238046225],[10.301771403025487,48.54495523142055],[10.301771404617508,48.54495522963932],[10.301771404797895,48.54495522943752],[10.301771404801444,48.544955229433526],[10.350562696482559,48.49029699766645],[10.357194660697509,48.489328560889554],[10.357194660698118,48.489328560886236],[10.35739058350877,48.48825052073707],[10.358558632938257,48.48281091494269],[10.358558640032467,48.48281086860791],[10.358558639095433,48.48281086827647],[10.358558639015323,48.48281086824812],[10.35855863900714,48.48281086824526],[10.26582546596253,48.449951350648234],[10.26314531743073,48.44936001605558],[10.260614387019078,48.448780912513755],[10.219747472461615,48.4344220220188],[10.21974743337155,48.43442200280304],[10.219747433703379,48.434421998737776],[10.21974743376779,48.43442199794876],[10.21974743381111,48.43442199741795],[10.237192684540387,48.219918249225],[10.237192686601222,48.219918195741116],[10.237192686325622,48.21991819566454],[10.237192686245752,48.21991819564236],[10.237192686225864,48.21991819563682],[10.106210866467276,48.18341947510364],[10.10282565598612,48.18301757295464],[10.038976889794943,48.15555324086436],[10.038976873715043,48.1555532250387],[10.038976873466586,48.155553224507344],[9.924664657297539,47.90983459228393],[9.871385677540212,47.79521257607597],[9.87138567711328,47.79521257337755],[9.871385676259024,47.79521256797824],[9.871385676252272,47.79521256793558],[9.871202282114817,47.79405341235427],[9.871202282052577,47.79405341204234],[9.87097354611112,47.79290690263268],[9.870973535405527,47.79290685089341],[9.870973534994379,47.79290685065885],[9.681233514629117,47.684270319514155],[9.606761099289278,47.586014973348064],[9.605131628852263,47.585574593878526],[9.603483039755435,47.58510498205163],[9.548296940809234,47.5355476507992],[9.54829694092982,47.535547650800254],[9.548296940946779,47.535547650800446],[9.548296941118576,47.535547650801966],[9.598959021337816,47.53599251731128],[9.736515018326976,47.53093966616559],[9.769487489603724,47.58095795569834],[9.814597917755327,47.580834134031214],[9.805203310345338,47.54202648633472],[9.84091891812527,47.53513783510649],[9.877027092965543,47.52453795447377],[9.877027093351744,47.524537954360305],[9.881540421211312,47.543219142101535],[9.881540421610955,47.54321914375507],[9.90332303848841,47.5403049076626],[9.920003523288084,47.52758590076209],[9.941589803768316,47.53447589936511],[9.962979931275376,47.532621121728326],[9.964096134654538,47.51988399957653],[9.986528962941971,47.50452496775259],[9.987577523808692,47.49824752345054],[9.995654300269614,47.48284607270695],[10.005862411101567,47.47900441392625],[10.03823806894135,47.48715624751101],[10.052536755857526,47.47547035532542],[10.052536755215627,47.4754703541659],[10.0497182212999,47.47037851518124],[10.04971822186621,47.47037851444588],[10.053446813883806,47.46553651636772],[10.063847510431241,47.46255153473495],[10.067625139384,47.46009706855672],[10.069538526871831,47.45538680333792],[10.080626041232936,47.4544580146987],[10.089849215513869,47.458836710052104],[10.093528796442781,47.45137288882082],[10.092351486218186,47.44214943570583],[10.09323269627953,47.43989091683595],[10.105598957801535,47.428720111172424],[10.105598956467661,47.4287201107103],[10.100339290170654,47.42689775753738],[10.090978143492206,47.41739074459169],[10.073218507636879,47.415332454192885],[10.068191712683586,47.409764334348715],[10.06819171337799,47.40976433331408],[10.069980659456473,47.4070987706],[10.081664006019196,47.401405359514634],[10.0828635601876,47.39396815365302],[10.099865627579673,47.35476557751821],[10.119349271679193,47.37561674768672],[10.137934965873168,47.367891062834744],[10.145212723694726,47.36565919521417],[10.170259279202083,47.36856975292911],[10.170259279376634,47.36856975294938],[10.171338525442115,47.382523313550486],[10.17133852558464,47.38252331539259],[10.18586014795392,47.38876807532803],[10.193905929275035,47.38850239720939],[10.198840876008038,47.381997598451704],[10.212352393616047,47.37979953844431],[10.228345802482233,47.386443213933774],[10.233742377662784,47.382590046906316],[10.233742377021157,47.38259004566427],[10.231797313953662,47.37882462832531],[10.231797314557598,47.37882462759065],[10.236293521430053,47.373354554584424],[10.236293520574264,47.37335455395663],[10.22922896386552,47.36817130206631],[10.224013348179623,47.36173698275915],[10.215982924922963,47.35521095439149],[10.194897879408735,47.32580384556068],[10.194897880252983,47.32580384487321],[10.21039032394427,47.313184424148766],[10.210390322870598,47.31318442331012],[10.189785352601138,47.29708305266802],[10.175428629246156,47.298554041294274],[10.17542862890807,47.298554039571954],[10.169744026574953,47.26957734932453],[10.179876157140852,47.269845102844094],[10.20165781410057,47.27438659950089],[10.220890888904133,47.274332875207016],[10.232859752711517,47.26886089294833],[10.282508081718063,47.28630217320717],[10.340594597266051,47.30719749973942],[10.352070230159057,47.31537339426878],[10.40221284649743,47.37368753827893],[10.441067841048097,47.378737500918426],[10.441067841455562,47.37873750097132],[10.44614523464293,47.407166805646064],[10.446145234643557,47.407166805649574],[10.482927622806177,47.42952523568956],[10.482927623190458,47.42952523592301],[10.466416747858773,47.4844336733707],[10.442243716375936,47.50005249760272],[10.451662633438962,47.53345118083198],[10.461866812169156,47.54669876746007],[10.481490728715489,47.5371609441453],[10.574828124434331,47.5316651256397],[10.599135562066714,47.565968607789486],[10.6133641418433,47.56411730581058],[10.61336414276259,47.56411730569095],[10.625235419164206,47.559082962992655],[10.687835673618496,47.5555407377152],[10.69467746965527,47.544774315163565],[10.721343567671092,47.53606916985736],[10.739397525655134,47.536731699034846],[10.756274072354705,47.53288962381128],[10.761180059583475,47.5282521717542],[10.759718916037103,47.51953578156968],[10.778395564283205,47.512286285777165],[10.795521854413881,47.518578592931725],[10.81357580417489,47.51871122749669],[10.881473923333663,47.527457825981266],[10.89199712235864,47.515961628977884],[10.891997122288842,47.515961628942065],[10.869209127782101,47.50426386502009],[10.860511579715759,47.47595110335965],[10.9160279175815,47.47488215881925],[10.91602791760634,47.47488215881878],[10.916027917607384,47.47488215881876],[10.96970706596492,47.42947679128191],[10.96264258931435,47.409161241258126],[10.970400260745006,47.39467238731276],[11.037016575838033,47.38923667022497],[11.123757034294792,47.39156639113103],[11.131210254967515,47.40756796152507],[11.165355391129943,47.41872297433055],[11.239925544791923,47.42748581848261],[11.21717473363727,47.39407520166774],[11.274463806552362,47.395613618785696],[11.34275386532025,47.44261818358274],[11.424781923102358,47.44129080615241],[11.424781924115296,47.441290806135655],[11.409867179028158,47.48268483787194],[11.409867178279848,47.482684839947204],[11.433023210838652,47.50522547878708],[11.552284040055522,47.504576442189446],[11.552284046459395,47.50457644293849],[11.59825703621067,47.52298600745442],[11.617880774773049,47.572789587380456],[11.849149702888518,47.57795335437121],[11.908212085398723,47.604399346637805],[12.099653294267863,47.605770447688045],[12.099653300217808,47.6057704474313],[12.099918845471842,47.60573170910233],[12.100199582027436,47.60569075390588],[12.182865320597806,47.59359923049255],[12.182865324476937,47.59359923250749],[12.221111171754954,47.613451179989816],[12.221111172784905,47.61345118052406],[12.17579108428066,47.69299843134255],[12.17579108333777,47.692998432994905],[12.223673572964447,47.70567762224383],[12.253405784750493,47.67639867589248],[12.266453968921475,47.677541907247935],[12.279209539177893,47.685601161719404],[12.32669957556586,47.69247045153591],[12.363604989027342,47.682586637395396],[12.384057525384428,47.68185606560801],[12.384057526140111,47.68185606576247],[12.433454029879885,47.6919423443558],[12.432865394044619,47.67106761467555],[12.497232274878675,47.61924123388788],[12.584362730147781,47.62506114606573],[12.584362730245337,47.62506114607223],[12.614191061495019,47.66525313518625],[12.614191061723393,47.665253135493685],[12.737429596806692,47.67159662283695],[12.771182968529123,47.633525521056335],[12.799049090976446,47.616067018168444],[12.774545455322585,47.58563990226576],[12.776341053635306,47.56005057333413],[12.903476352037611,47.49503739457741],[12.998505591879242,47.45804193801981],[13.058549521946826,47.49017457360507],[13.05854952200988,47.490174573638775],[13.047881170590598,47.53637251255392],[13.066327510971291,47.57345544653621],[13.103220194976004,47.63194032839887],[13.085018756175776,47.68803127897645],[13.052835495555735,47.71246433918689],[13.017904972063564,47.727118641853394],[12.984151769455611,47.711275532136675],[12.931952020567309,47.715104329140324],[12.913897991435128,47.72724998742235],[12.92292504080828,47.73860114722097],[12.922925040832547,47.73860114725149],[12.93705431427673,47.74361605338169],[12.937054314299406,47.74361605338978],[12.95104684005807,47.76172416481437],[12.948436303620378,47.778970041795546],[13.015272043128482,47.84814807529264],[13.002584872794653,47.864313816732626],[12.940535947709035,47.943302044895766],[12.90361342120111,47.97727311494669],[12.797440957512228,48.10340171059029],[12.797440955201642,48.10340171332769],[13.085728377576718,48.25483807316208],[13.273634821743597,48.285517512702256],[13.423638559899828,48.37364016481996],[13.43755828725331,48.40447446752949],[13.437558287352802,48.4044744677497],[13.437558288945947,48.40447447127635],[13.46913285043586,48.540159212193785],[13.469701906078816,48.54259685699377],[13.524648761095795,48.57376888274787],[13.734237768491576,48.50557706320206],[13.831703795646886,48.575628218560375],[13.845596230104235,48.769543095646654],[13.748309617106097,48.8958644331895],[13.185544126217472,49.17727089068631],[13.031002598913235,49.30678776960448],[12.957447463851084,49.35112543091346],[12.83143683310554,49.35475198161081],[12.460826293274728,49.746442705539216],[12.460826293200725,49.74644270561668],[12.466644789822249,49.75604190760468],[12.564124939708487,49.91547767820165],[12.564124939774247,49.91547767830881],[12.517499037787811,49.97858324202395],[12.266216022485068,50.0877817229261],[12.238550969854604,50.14114073144604],[12.215525765801821,50.185323991484296],[12.21050397038125,50.194949509474434],[12.12827766754008,50.31114019700843],[12.128277663025234,50.311140203371686],[12.111399750728967,50.32008567307794],[11.95256502374991,50.40398906161234],[11.950976077845123,50.40491353637987],[11.735702398452206,50.39531782398518],[11.735702389866262,50.39531782355724],[11.735702378283627,50.39531782297998],[11.735702367200217,50.39531782242753],[11.69412218797505,50.39323784564339],[11.69014819840547,50.39451160930763],[11.688139845638153,50.3952272608625],[11.684815904559846,50.39663121263587],[11.398043358843665,50.51720604614932],[11.395229012576133,50.51786251629866],[11.393200678859788,50.51826000038252],[11.351158758511552,50.51811634944801],[11.166507542401497,50.487213971266],[11.16423433857355,50.48731097170862],[11.161779147669572,50.48734839069249],[11.145759037101806,50.4857485453833],[11.03446205884187,50.44912094233588],[11.034462058695974,50.44912094228777],[11.03446205757377,50.44912093281381],[11.03395332316153,50.40540982907748],[11.033892015614557,50.395451942722524],[11.033892015790876,50.39545193964638],[11.033892015848421,50.395451939489654],[11.033892015970471,50.39545193915719],[11.03470905701599,50.393226223622136],[11.035185824771315,50.39335629592244],[11.042667894664325,50.38295806758418],[11.042667894217557,50.38295806044185],[11.042667894187716,50.38295806034119],[11.042667894154052,50.38295806022766],[11.035762937829809,50.35965806918072],[11.02762142470552,50.361135211369316],[11.023248595426693,50.36233192900348],[11.023248595344349,50.362331929026006],[11.023248595191863,50.362331929067736],[11.023248594116238,50.36233193328739],[11.03090819556258,50.39215049134703],[11.031351655800538,50.39227812067917],[11.031351660834723,50.39227812212793],[11.031351660914394,50.39227812215085],[11.031351660914824,50.39227812215097],[11.031351661922804,50.39227812655916],[11.030604451984022,50.39455097976576],[11.029523054773218,50.39425314405678],[10.980353350575394,50.43335155674922],[10.980353350506578,50.43335155680387],[10.915930236840385,50.41174714059284],[10.91435455141966,50.4138139970713],[10.914169092766418,50.41391776211756],[10.91218290836889,50.41304269556688],[10.91218290933298,50.41304268876087],[10.912182909474677,50.41304268805424],[10.912182909549035,50.41304268768349],[10.912182909554794,50.413042687654766],[10.914138080862495,50.40329077563068],[10.953638801023205,50.391152249449306],[10.95630006979824,50.37749718292189],[10.95630006914804,50.37749717873282],[10.956300069141076,50.37749717873196],[10.956300069072046,50.377497178723424],[10.956300065673666,50.377497178302676],[10.515040503789617,50.32196034489794],[10.453779264287055,50.371053920723114],[10.362292165166266,50.44412388324804],[10.359715634036007,50.446881981479855],[10.112406838837233,50.545652053408034],[10.112406838787958,50.54565205342761],[10.112406831851171,50.54565205618494],[10.112406828617443,50.54565205253516]]]},"properties":{"art":"Region","bezeichnung":"Süd","standort":"München"}},{"type":"Feature","geometry":{"type":"Polygon","coordinates":[[[7.444121413804155,50.57287119076182],[7.4441214039783095,50.572871197227585],[7.444121402975601,50.572871197887395],[7.444121398753009,50.57287120066599],[7.444121392941295,50.572871204490305],[7.326261827018052,50.565969037464924],[7.312417990226464,50.613644219755976],[7.312417988596805,50.61364422536209],[7.312417987818838,50.61364422803835],[7.312418005919744,50.61364423702299],[7.312869681614894,50.613715227525056],[7.313674205483765,50.61384167076274],[7.313973371217688,50.61388868763304],[7.3140355917297395,50.613898466096096],[7.31412389796595,50.613935993164084],[7.314457388304969,50.61407771376404],[7.3153959297252715,50.6144765480738],[7.3163293746168945,50.614873202282396],[7.316329376998607,50.614873203294444],[7.316329375148847,50.61487322021611],[7.315079478365722,50.62461310744434],[7.315079477592225,50.62461311347041],[7.218807480768424,50.626839225687746],[7.215934985771701,50.627002831526084],[7.209540676482069,50.64556312094486],[7.204222674517245,50.64704876344309],[7.20422266067764,50.64704876275089],[7.202637118434671,50.64660704482114],[7.200704880898736,50.646135156501096],[7.123037813333007,50.56225708923704],[7.096244321885991,50.54704119354583],[7.092210893393172,50.545293276539205],[7.07358446715176,50.53478478529644],[7.044870063324122,50.5374366909947],[7.039424591355487,50.532416043509805],[7.037062510322422,50.521106224005266],[7.036581932538434,50.521124654832484],[7.034896701690738,50.52155456174599],[6.986256220043855,50.52759194102153],[6.925227616286387,50.531337658218085],[6.856497025465274,50.52429509572894],[6.7238718600878045,50.50888193930898],[6.723871833895055,50.50888193024876],[6.723871835013877,50.50888192810423],[6.723871836743441,50.50888192478905],[6.723871839006484,50.5088819204513],[6.798618330081284,50.36535103274527],[6.798618343909559,50.365351002815615],[6.798618343223149,50.36535100277985],[6.798618337118581,50.36535100246179],[6.798618334780387,50.36535100233996],[6.745313683069509,50.36256110377278],[6.641246374127869,50.4345289702357],[6.6263062954414105,50.441100929264],[6.601056818335357,50.43478866300211],[6.59031771057425,50.43429656379256],[6.588733875131426,50.43489203746826],[6.588733875099856,50.43489203748012],[6.588733873287909,50.434892038161365],[6.588733872957491,50.43489203828557],[6.589336465886802,50.43617824721166],[6.599964723376921,50.442696917071885],[6.607721367194854,50.448233945660796],[6.620610581913277,50.46111889977249],[6.636058766680947,50.48461363921299],[6.636058766931898,50.48461363959452],[6.636058769241535,50.484613648686434],[6.635001759795586,50.50212113401011],[6.63500175966963,50.502121136095525],[6.6232545933397855,50.501699487703185],[6.591230589847432,50.50058992695154],[6.590821145260518,50.5004275184249],[6.451873962899321,50.48394381733556],[6.419494523514943,50.48485639833195],[6.405074404348365,50.485260644247944],[6.341202656899225,50.48703120383791],[6.341202648099841,50.48703120407852],[6.3412026474885845,50.48703120409524],[6.34120264709782,50.487031203586454],[6.341202646901319,50.48703120251799],[6.341202646499305,50.487031200332076],[6.341202646488038,50.48703120027079],[6.33685136979141,50.4633208877987],[6.36825333712741,50.444579555460706],[6.363540257891108,50.40782462799773],[6.363540254696984,50.407824609277554],[6.33783241336126,50.380175285399716],[6.337832391999669,50.38017525531669],[6.402003214476629,50.32971751572879],[6.402003229530928,50.329717492350106],[6.355886857560358,50.314181067283954],[6.330571943552125,50.32458104630132],[6.307219375346059,50.321699340570255],[6.296230100567533,50.31104823127556],[6.282727319582011,50.28509034147482],[6.282727303188496,50.28509030434166],[6.2899500095394805,50.27795142823398],[6.289950014300319,50.27795141159685],[6.277390623336452,50.26729042694003],[6.262360821661559,50.2681060848528],[6.206718825936353,50.254160277868465],[6.196932568812217,50.2405640680163],[6.173126578047967,50.234547108759905],[6.173126550602019,50.23454709241643],[6.176786712289927,50.22633522306043],[6.17678672118523,50.22633518864091],[6.166711388073012,50.2252502736086],[6.166711373253239,50.22525026241373],[6.1659362486523595,50.21929886193986],[6.178761365124129,50.215076918625904],[6.184765704339321,50.20515829131535],[6.183588346974762,50.192470471061156],[6.190217968120011,50.18645879797624],[6.190217979354845,50.1864587758069],[6.185845053932846,50.18414663282989],[6.18584501315243,50.18414660231908],[6.191368545090295,50.18225644955874],[6.1913685667292215,50.1822564312805],[6.183198059521004,50.17825223222674],[6.178245312056071,50.18044296047374],[6.164994483470991,50.18075376476213],[6.158322331078571,50.174093036824445],[6.146498859814924,50.179277196215324],[6.13820725783356,50.16784050344923],[6.138207236721656,50.167840467017534],[6.146449792579594,50.16023446095011],[6.146449802820141,50.160234439709214],[6.13899269881026,50.15577119596348],[6.131553759201495,50.15634794997965],[6.129376178799165,50.15300502117926],[6.129376158507722,50.153004982964134],[6.140857012882843,50.147346439339344],[6.150570872059151,50.148038060783705],[6.1505708749244175,50.14803805110858],[6.128875292917895,50.11908975296143],[6.112274969935443,50.060113078060475],[6.131142855300182,50.04033640313],[6.129467177855711,50.033279039092456],[6.128689571136889,50.03000050389048],[6.1456424602127955,50.02202351913421],[6.145642474402098,50.022023501007304],[6.138011354284752,50.01695131900113],[6.131339210786376,50.01991448414657],[6.129599135787823,50.01807615414811],[6.129599109383658,50.01807611868613],[6.138207571501593,50.00988942133609],[6.14782332921818,50.00963718825437],[6.144389110057536,49.998727050323915],[6.139490791516957,50.00126935354576],[6.136833896540284,49.99860088967856],[6.13683386835958,49.998600853547146],[6.142465345259779,49.99461440043618],[6.150080070421154,49.993680993374255],[6.156751969676676,49.98630013867928],[6.163081031491386,49.98661564136753],[6.169998493360015,49.985085749355505],[6.169998488675358,49.985085739658786],[6.16344900186136,49.97211907395851],[6.16344898100292,49.97211903203833],[6.170920586050167,49.96138301314928],[6.175076231522892,49.96123188005449],[6.177921191914286,49.95132075100919],[6.191266154768083,49.95586625379426],[6.197663155114448,49.94865309732935],[6.20454540795031,49.95502546998006],[6.2106940637722134,49.94955302320765],[6.222351446677086,49.950112442568646],[6.222351473308897,49.95011244013896],[6.216164001540076,49.945012927324605],[6.216163969050617,49.94501289813408],[6.2247473431272535,49.935129877062025],[6.224747342459274,49.93512987205884],[6.21799304423637,49.923049996173056],[6.2179930217797725,49.92304995523299],[6.233248320414061,49.89854713685047],[6.24908083875568,49.89283317629375],[6.260342301581822,49.880937469545906],[6.27392391942725,49.875343602605064],[6.282125159483137,49.877397253619456],[6.295799208708727,49.86633088817395],[6.299058711540278,49.864988336419636],[6.310621710292349,49.86980258540182],[6.31400322035306,49.8600852716557],[6.320784874978916,49.85159201712918],[6.319701670830556,49.840924135275024],[6.327165621986726,49.83593962406564],[6.3398198375265915,49.83881088589062],[6.3398198504932735,49.83881092683583],[6.34237096455054,49.847289855380524],[6.342370975771818,49.84728986023617],[6.363172532648891,49.8494409765677],[6.397778230073814,49.82061598845119],[6.409299879887541,49.816925695895506],[6.424791778236541,49.815390957007146],[6.425520591996873,49.81172641636703],[6.4314044217605275,49.81027757672568],[6.44085475630556,49.81415707039432],[6.443670241239063,49.81127804422081],[6.45398019793318,49.81132161408088],[6.470308108574616,49.82226494333438],[6.485429842313998,49.812035337745506],[6.50083465624109,49.80893270565997],[6.5115505375817575,49.80136682832101],[6.515194435202603,49.80361580595405],[6.521537983664295,49.81140212603004],[6.527032689087718,49.80962921230143],[6.52879885242162,49.80532332168271],[6.5287988589814345,49.80532329723524],[6.504780057159975,49.79076581520028],[6.504780025846921,49.790765793453716],[6.513210164439052,49.76680629866122],[6.513210166290962,49.76680628410473],[6.5004464640949475,49.75256821219496],[6.500446439650641,49.752568183109204],[6.500814426128541,49.73198435207254],[6.5170447075986555,49.72392445465343],[6.517044718138219,49.723924444525196],[6.51468585650638,49.72163963877763],[6.5108148026130905,49.72138434294794],[6.505896191398296,49.726497366525905],[6.501631958357927,49.72748144962231],[6.496529706621567,49.72710089138156],[6.494773407438612,49.724334326690396],[6.494773381050746,49.72433428419503],[6.504967982731847,49.715317751508536],[6.504968001076054,49.715317729551565],[6.493433701302402,49.709318408554125],[6.479509423582701,49.6971808822895],[6.458797083221361,49.691298504517384],[6.44565444222204,49.67812602728235],[6.432536498761199,49.67107805549443],[6.4244972473159505,49.66488623514669],[6.4244972176342605,49.66488620971798],[6.4257850052823065,49.659519402507975],[6.437461300926848,49.65774091278591],[6.42237519834737,49.62579653743344],[6.421489035528746,49.621452865805516],[6.421489028867905,49.621452838768136],[6.4175428244144745,49.61742183101157],[6.41050683882177,49.614474522612056],[6.397519681905987,49.601785346944844],[6.380748000654098,49.6000322778746],[6.372965002610578,49.59194390892331],[6.372964975331363,49.59194387848077],[6.373618484725343,49.58593868121997],[6.381590209660844,49.58111414202987],[6.381060196352177,49.577151008038214],[6.381060188010106,49.577150956760114],[6.3709340306581135,49.57968891679219],[6.361418248436775,49.57751507580969],[6.357757158765835,49.57492239271375],[6.357757149197443,49.57492238316009],[6.35678594425884,49.57265026516057],[6.357789880082757,49.5702945229331],[6.380355269854338,49.55651518560158],[6.3803552780762915,49.556515175081785],[6.355799530642085,49.5300516787367],[6.35579949934593,49.53005164295599],[6.367337649341816,49.50368282068691],[6.366118674971681,49.49420347747943],[6.368614061349527,49.489442769125],[6.3664464327465975,49.47982097470331],[6.366679325795791,49.46959949849029],[6.374970368859374,49.464370797069066],[6.399784392217655,49.46464407843692],[6.412735411798013,49.46949004266198],[6.420682637073612,49.47561059181135],[6.4281393052584805,49.47446307749912],[6.448908234685568,49.46230902942768],[6.448908240532934,49.462309031840256],[6.4489083535001255,49.46230907844948],[6.6070550293636385,49.52736477859463],[6.607424073681664,49.5275161410451],[6.60941934773951,49.528330129192256],[6.6097542811248085,49.5284660009708],[6.879513007036319,49.6373442740869],[6.879513008518401,49.63734427467425],[6.879513009138528,49.637344274920004],[6.879513034354989,49.637344284913375],[6.8795130386026795,49.63734428659673],[6.8795130391001145,49.637344286793876],[6.880328631816351,49.6376675033962],[6.929619352136202,49.65718282231014],[6.931536106066516,49.65703914837941],[6.931591839012912,49.657078537776115],[6.932298303178228,49.658315736271625],[6.933238614996957,49.659566458393336],[6.933435967731009,49.659893459587956],[6.933505468742828,49.66006426177792],[6.933570301486053,49.66033987936444],[6.933590282483882,49.66053367714749],[6.933576411547442,49.66076607751899],[6.933504877906824,49.66102881333817],[6.933311117223556,49.661420066438495],[6.933068847199443,49.661678358990976],[6.930263895628945,49.66420285048142],[6.929932616084782,49.66463037787311],[6.929803946161414,49.66488342822905],[6.9295529708580474,49.665970754327795],[6.929385058862431,49.66647269837165],[6.929131325571113,49.6668794843232],[6.928863373196185,49.66717551007058],[6.928410739007753,49.66753269152202],[6.924151287085075,49.66988135821179],[6.9236074783039765,49.67021232944117],[6.923133181724793,49.67057677606602],[6.922713685914222,49.670931460633],[6.922104844277457,49.67145617680309],[6.921528222958142,49.67200142034275],[6.921216193270742,49.67255294768377],[6.921127683998696,49.67279846008083],[6.920794764762164,49.67450531090152],[6.920698207403811,49.67493945786445],[6.920512114618807,49.675421109684684],[6.920209815818263,49.67585462954163],[6.919801612573695,49.67622024940386],[6.919097864375618,49.67663887755717],[6.914525443810109,49.67853340561297],[6.9128729036563765,49.680228724460115],[6.88371189636786,49.78990463669694],[6.88371189544586,49.789904640156095],[6.883711920451149,49.789904667919636],[7.489049044708672,50.120623736030026],[7.489049046203301,50.120623736837224],[7.587533833679661,50.112967958579766],[7.588773068043086,50.111879036967956],[7.589949056445463,50.11072151877993],[7.621621056025639,50.11146468875261],[7.650262202937827,50.17073080891226],[7.653034796211578,50.17531722761421],[7.670241239976647,50.17110069205381],[7.687455526175907,50.17001499706058],[7.700821618545679,50.16570180071148],[7.70829376109869,50.15661756385843],[7.717229839380021,50.15308683449936],[7.725656701450728,50.148035735272096],[7.726327756748613,50.139216184005775],[7.735312333983359,50.13625534585983],[7.735400684720869,50.13614669791406],[7.738971461432925,50.13175508527575],[7.737760013345841,50.12707138578312],[7.7267834698615845,50.119462806143346],[7.726783455151449,50.11946278602006],[7.726783459673876,50.11946278390695],[7.729401737091064,50.11823932590124],[7.73064047385736,50.11778367332223],[7.885507897907516,50.1656728706381],[7.885507897912866,50.16567287063974],[7.8855079049563805,50.16567287281087],[7.885507901854383,50.16567288100526],[7.8158615088724535,50.310739327520416],[7.8158615086711265,50.310739327938386],[7.815861508670366,50.310739327939956],[7.816416653301335,50.31166528258077],[7.818078288053514,50.312566487485455],[7.818078288058926,50.31256648748838],[7.818078293750824,50.312566490575364],[7.751110608592459,50.465509361626644],[7.750596590570694,50.46641235888061],[7.749869367892851,50.46772412141943],[7.687349380171192,50.491663388660605],[7.5471558700661525,50.50492572128282],[7.444121413804155,50.57287119076182]]]},"properties":{"art":"Netz","bezeichnung":"Koblenz","standort":"Koblenz"}},{"type":"Feature","geometry":{"type":"Polygon","coordinates":[[[13.106552932606744,52.47588012425293],[13.10655292309126,52.475880107184224],[13.157315441869775,52.41270092211271],[13.157794025591699,52.412369654548414],[13.155840090407969,52.41094780984665],[13.153833590742888,52.40901372982726],[13.155536400764191,52.40813062976983],[13.166787747491073,52.40501403295537],[13.167694828168246,52.40398880050301],[13.168543333535702,52.40298116534943],[13.173752686148637,52.39545324852032],[13.191343215833625,52.37784350799414],[13.209086887152699,52.382958856822825],[13.207981140175553,52.38420170096883],[13.233832394248804,52.406633367389524],[13.272736278964686,52.41148078335897],[13.275209076410096,52.39660444850258],[13.278928889827542,52.397287789687525],[13.285909273308913,52.39862475429197],[13.295954927505196,52.40056200728906],[13.301685135024583,52.40157514505936],[13.303807003782664,52.402437213542306],[13.304928742189906,52.40325975458694],[13.305906907383665,52.404231038096825],[13.308832425914346,52.41037948356607],[13.30901600774005,52.41060149954279],[13.309928810960837,52.41272564566652],[13.311935452503294,52.41574082094459],[13.314950687176772,52.419552933516016],[13.316285491215195,52.42089301013253],[13.318014118628549,52.42244463208123],[13.319933030238492,52.42398927428388],[13.32386617099709,52.42651006378241],[13.32471817906383,52.427029926239925],[13.340474607400107,52.43755278014775],[13.34223991240673,52.43673145996386],[13.322170414151394,52.42295946887826],[13.313448986334947,52.40240158576818],[13.32259513137156,52.40066697300173],[13.344089729691289,52.399975895369906],[13.344089737728774,52.39997589568861],[13.384280349992045,52.40156264678506],[13.385353758676134,52.39862455519487],[13.400031662707029,52.37751205409709],[13.401650075321378,52.377698466898984],[13.402281587887444,52.377201479441915],[13.404129204860402,52.37741806299079],[13.404130308157532,52.3786368557013],[13.391176148951804,52.399723550221026],[13.39012505711442,52.40217578839073],[13.408142930309795,52.46083867717245],[13.411507848198063,52.464126070780736],[13.411542790165637,52.46492094579514],[13.414217984712055,52.46538792124652],[13.417504989168563,52.46564207624237],[13.41821732707009,52.46436640423539],[13.47327891491936,52.44645285514867],[13.482546939230138,52.47021605018608],[13.481843801472275,52.47130172637505],[13.481267986533064,52.47145750580392],[13.479656130154625,52.47224158564158],[13.469524406744645,52.47500738647591],[13.459566226256758,52.47100549793212],[13.45368394758065,52.47129810718887],[13.453751300556139,52.4715443339651],[13.45104784411743,52.47267782081614],[13.407743782563449,52.49686581992285],[13.386757706671911,52.517013615409475],[13.386202114574008,52.52034396829521],[13.377539033509178,52.52162609376719],[13.376750037018493,52.52291456614832],[13.37739022859513,52.522436741046405],[13.386474826911975,52.52076389507822],[13.393555651645048,52.52218888965276],[13.403466364961684,52.52867233653293],[13.397928884266035,52.53570015759056],[13.386728276862847,52.536452389076764],[13.383310662361906,52.5351073734034],[13.37942007587126,52.5338499218275],[13.364910707407837,52.53722517441483],[13.361183852613365,52.53782330642052],[13.35955288577331,52.53777911368108],[13.359145293288215,52.53776806600209],[13.35912953837387,52.53778219445804],[13.359217620655695,52.538028942998615],[13.35924965618207,52.53811868467829],[13.359504593995286,52.5385820663196],[13.35988799872547,52.53902075174816],[13.360238524559108,52.53930561555833],[13.361085055433499,52.53992061469422],[13.360771369709536,52.539804018200215],[13.359923964295813,52.53945920946613],[13.358920159744896,52.539009642989186],[13.357925650270461,52.5385520502866],[13.35786419243328,52.538571621630815],[13.357816712171982,52.538586741760824],[13.358532755895633,52.53893686660603],[13.359249232602432,52.53928719043208],[13.360736327575193,52.539841786368534],[13.361003038320648,52.539931317480786],[13.361098425942782,52.539947400028296],[13.36642305716442,52.542448971210824],[13.371276754242276,52.54464458113431],[13.374573898904407,52.54603782551447],[13.377326193384384,52.54717620323117],[13.380165660870386,52.548026748380494],[13.379110397926317,52.54956702021593],[13.34511871770117,52.55465096117219],[13.199850366304778,52.60512750617129],[13.201258868202686,52.589574057506205],[13.128320738005787,52.5509949384701],[13.12749543731986,52.549768243722106],[13.126926783142022,52.54880878622728],[13.12417848597126,52.54044568186085],[13.123404111618829,52.53916185298455],[13.123871672102746,52.53905490726955],[13.124255872734112,52.53898931244058],[13.140985077899675,52.537816167019415],[13.140913283792676,52.53767235882198],[13.1406421664463,52.53693479465599],[13.106552932606744,52.47588012425293]]]},"properties":{"art":"Netzbezirk","bezeichnung":"Berlin-Grunewald","standort":"Berlin-Grunewald"}},{"type":"Feature","geometry":{"type":"Polygon","coordinates":[[[13.253122918329904,52.667628636737824],[13.208322956371804,52.63770117859578],[13.20737734978404,52.637313552153365],[13.206432201148399,52.6369260987499],[13.206053936000705,52.636874061449845],[13.202652255218327,52.63640603757781],[13.199850365343872,52.60512751677991],[13.345118726966692,52.554650968289316],[13.379110407250453,52.549567027352694],[13.380165660870386,52.548026748380494],[13.377326202697121,52.547176210359105],[13.374573908207543,52.54603783263631],[13.371276763533412,52.54464458824874],[13.366423066437966,52.54244897831398],[13.361098435196709,52.53994740711864],[13.361003047574574,52.53993132457113],[13.360736336828024,52.53984179345828],[13.359249241850355,52.53928719751882],[13.358532755895633,52.53893686660603],[13.357816712171982,52.538586741760824],[13.35786419243328,52.538571621630815],[13.357925659513192,52.53855205736975],[13.358920168991231,52.53900965007477],[13.359923973545742,52.539459216553986],[13.360771378962266,52.53980402528988],[13.361085055433499,52.53992061469422],[13.360238524559108,52.53930561555833],[13.359888007973801,52.53902075883461],[13.359504603241614,52.53858207340436],[13.359249665426397,52.53811869176145],[13.359217620655695,52.538028942998615],[13.359129512956367,52.537782174982375],[13.35914529097753,52.537768064231635],[13.35955288577331,52.53777911368108],[13.361183861860896,52.53782331350487],[13.364910716661766,52.537225181501135],[13.379420085145984,52.533849928918634],[13.38331067164944,52.535107380502176],[13.386728286161983,52.53645239618289],[13.397928948156531,52.53570017597265],[13.429384692892699,52.542189511637545],[13.430656797690183,52.543097445353254],[13.430632242201723,52.54318660270992],[13.431606478558594,52.54410292839128],[13.434052301899392,52.55641801446462],[13.490548900606662,52.558551228592535],[13.494176804651815,52.559346656963505],[13.49561013294902,52.57717761762149],[13.497235370886347,52.577840259299215],[13.495565472875496,52.57918339711079],[13.472540487044073,52.59716345693149],[13.465901208016705,52.60233788163784],[13.464407483477183,52.603489972020206],[13.461256817500779,52.60583402354148],[13.4524795755978,52.612315987506264],[13.452547120489127,52.612339505424565],[13.45740344401712,52.60885545338208],[13.461424501242409,52.60591145323312],[13.465135262788795,52.60303275587888],[13.466416379687866,52.601984248251014],[13.466944405416669,52.601574383872226],[13.46755137061532,52.601172279153474],[13.470973072447963,52.60250692366603],[13.53886697068067,52.59816104080245],[13.53886698551302,52.598161048005814],[13.538866994527453,52.59816105238372],[13.538867000748583,52.598161055405065],[13.859402390765664,52.75282415339166],[13.859402386099653,52.752824154354755],[13.859402379240505,52.752824155770504],[13.708079804870557,52.78393885170273],[13.706357770578554,52.78475373105551],[13.620164049034146,52.827315424439],[13.59834269272206,52.94576547057847],[13.419590454721371,52.91128353205012],[13.251941068302532,52.7957843676831],[13.250011279780882,52.79531337388085],[13.248292448607101,52.794932913665704],[13.101988732734391,52.803219137296736],[13.170847658977607,52.754353622089944],[13.169965640523186,52.75337805671518],[13.16888914126651,52.752285993641095],[13.252217069110557,52.6699452165972],[13.252674029919236,52.66882340370014],[13.253122918329904,52.667628636737824]]]},"properties":{"art":"Netzbezirk","bezeichnung":"Bernau","standort":"Bernau"}},{"type":"Feature","geometry":{"type":"Polygon","coordinates":[[[13.29919887202584,52.29419599144996],[13.385203005945284,52.170497585589246],[13.386518222641449,52.169648323337675],[13.388005864050482,52.168944042815895],[13.41336889603624,52.070328491076744],[13.35669566347833,51.93969268810797],[13.356695663943878,51.93969268333383],[13.356695666548982,51.93969268350767],[13.581340408513126,51.95446208243715],[13.584805483070335,51.9549231746115],[13.586768751066314,51.955159158712405],[13.748935094882947,51.95960479774527],[13.748935101631261,51.95960480119987],[13.790210613096276,51.98071699210488],[13.791830214680038,51.981633716205195],[13.792877916100394,51.98231550514842],[13.990795157198267,52.13538777291089],[13.990795157475663,52.13538777463358],[13.990795157785376,52.13538777655696],[14.00289905736617,52.21040211148248],[14.00289905916821,52.21040211286495],[14.004188951382702,52.21107910494716],[14.004293393716523,52.21113391930809],[14.004672102949431,52.21132992449256],[14.004832230229328,52.21141141777191],[14.006105097405628,52.21205919683208],[14.006105099152247,52.21205919953633],[14.006105098092448,52.212059201116126],[13.937030115503456,52.31478123233654],[13.644817445925309,52.426511900593596],[13.644817433758158,52.42651190329489],[13.561635100311152,52.444943136223614],[13.558157960321958,52.44924563825917],[13.55598058743644,52.449232831303995],[13.556385154029416,52.440509826357406],[13.558951814082699,52.44095412574135],[13.559102359953215,52.44090258168179],[13.562908113187031,52.43380323070569],[13.563323325022946,52.431845200469915],[13.563232253504697,52.430777182178254],[13.562485746531303,52.42865989775795],[13.559128779840272,52.42552491024195],[13.554737745217244,52.426103835638884],[13.552077088393316,52.42757586342417],[13.549224609581257,52.42942980021288],[13.548084569130076,52.43006632689213],[13.54795617386292,52.43001854860182],[13.543134370748893,52.427650321342014],[13.47327891491936,52.44645285514867],[13.418217365914886,52.46436643368453],[13.417505028023553,52.46564210570355],[13.414218023533047,52.465387950690854],[13.411542790165637,52.46492094579514],[13.41150788697657,52.46412610019766],[13.408142969013504,52.46083870653485],[13.390125094867917,52.40217581696262],[13.3911761866832,52.39972357876793],[13.404130345727722,52.378636884050316],[13.404129204860402,52.37741806299079],[13.40228162542194,52.37720150776537],[13.401650112857071,52.37769849522594],[13.40003170022454,52.37751208241422],[13.38535379633954,52.39862458370387],[13.384280387684349,52.40156267532468],[13.344089740872551,52.39997592268232],[13.344089729691289,52.399975895369906],[13.343894363761851,52.39829835535196],[13.34380899696217,52.39742886752079],[13.293114606586013,52.33842924654805],[13.293623290503998,52.337435717591774],[13.294217914675434,52.33621006232343],[13.29919887202584,52.29419599144996]]]},"properties":{"art":"Netzbezirk","bezeichnung":"Königs-Wusterhausen","standort":"Königs-Wusterhausen"}},{"type":"Feature","geometry":{"type":"Polygon","coordinates":[[[12.795256450836183,52.02310427321031],[12.795256449167503,52.02310426976711],[12.795256449034076,52.0231042694918],[13.001617258134184,51.97184070692785],[13.0016172677702,51.97184070452303],[13.001925244809325,51.970675748335076],[13.002313853259357,51.96939794853459],[13.010428989671745,51.85555528514452],[13.010428989676372,51.855555285079475],[13.079483380350041,51.867427716195884],[13.081219361875934,51.867639155818686],[13.309078211909233,51.82926702951422],[13.309078214556349,51.82926702906551],[13.309078215340914,51.82926702893255],[13.309078217909416,51.82926702849715],[13.30907822129155,51.829267030784955],[13.356695665999085,51.93969268223601],[13.356695666548982,51.93969268350767],[13.356695667648822,51.93969268605113],[13.356695668688586,51.939692688455644],[13.413368903951408,52.0703284969101],[13.388005872210469,52.16894404888865],[13.386518230800636,52.169648329410876],[13.385203014104073,52.170497591663626],[13.299198879703233,52.294195998749856],[13.29919887202584,52.29419599144996],[13.268559630466767,52.2650394414094],[13.266519903929893,52.26505631888319],[13.264713646302932,52.265006756772365],[12.960488511392047,52.212530332716014],[12.958545046615495,52.21274353635259],[12.956629442695126,52.21296694679193],[12.82287309615702,52.10959678961909],[12.828585875055003,52.093479143818485],[12.828494845781185,52.09237718454087],[12.828286005348536,52.091143671162854],[12.795256450836183,52.02310427321031]]]},"properties":{"art":"Netzbezirk","bezeichnung":"Luckenwalde","standort":"Luckenwalde"}},{"type":"Feature","geometry":{"type":"Polygon","coordinates":[[[13.430656797690183,52.543097445353254],[13.429384732891785,52.54218954209447],[13.397928948156531,52.53570017597265],[13.403466364961684,52.52867233653293],[13.393555700305896,52.52218892677837],[13.386474875467806,52.52076393214434],[13.377390277075353,52.522436778090146],[13.376750037018493,52.52291456614832],[13.377539081976803,52.52162613079832],[13.386202163119435,52.52034400535363],[13.386757755168938,52.517013652419614],[13.407743830967856,52.49686585673806],[13.451047892618721,52.47267785749475],[13.453751349070027,52.471544370641325],[13.453683996090342,52.4712981438612],[13.459566274829447,52.471005534631146],[13.469524455499908,52.4750074232889],[13.479656178981276,52.47224162246711],[13.481268035364023,52.47145754262534],[13.48184385030743,52.471301763197566],[13.482546988056685,52.470216086995684],[13.473278948643339,52.44645285409627],[13.543134380048441,52.42765032829277],[13.547956183180471,52.43001855556439],[13.54808457844802,52.43006633385491],[13.5492246189,52.42942980717495],[13.55207709771246,52.427575870383755],[13.554737754537593,52.42610384259715],[13.559128779840272,52.42552491024195],[13.562485755877248,52.428659904731326],[13.563232262859048,52.430777189158604],[13.563323334380897,52.431845207453485],[13.562908122550171,52.43380323769437],[13.559102369330361,52.440902588686946],[13.558951823459848,52.440954132746505],[13.556385163399355,52.44050983335857],[13.55598058743644,52.449232831303995],[13.55815796972361,52.44924564528715],[13.561635109707003,52.44494314324279],[13.644817433539462,52.4265119125095],[13.644817445706616,52.42651190980817],[13.644817450658547,52.42651190870875],[13.644143120011465,52.45493073553722],[13.64446873403482,52.45613149061088],[13.644468736388745,52.456131499291104],[13.644468738287568,52.45613150629311],[13.645419754666976,52.45610941404973],[13.645419764900963,52.45610941381194],[13.645419768266256,52.456109413733714],[13.645627967824929,52.457119829594404],[13.640719327675443,52.51368124659046],[13.640190343815114,52.51596855581796],[13.61076826229736,52.552819979571424],[13.572759774601199,52.57739768880493],[13.570826405914437,52.57795131078446],[13.569280087289155,52.57844108916916],[13.538867000748583,52.598161055405065],[13.538866996231343,52.59816105833218],[13.53886699369596,52.598161059975084],[13.538866988372327,52.59816106203265],[13.470973113664527,52.60250695505765],[13.467551411780887,52.60117231051317],[13.466944446582232,52.60157441523444],[13.466416420854626,52.60198427961593],[13.465135303957762,52.6030327872522],[13.461424542414775,52.60591148462542],[13.457403485191183,52.60885548479457],[13.452547161664896,52.61233953685969],[13.4524795755978,52.612315987506264],[13.46125685867134,52.60583405493187],[13.46440752464474,52.60349000339531],[13.46590124918377,52.60233791300505],[13.472540528202714,52.597163488262126],[13.495565514007835,52.57918342831595],[13.497235370886347,52.577840259299215],[13.49561013294902,52.57717761762149],[13.494176804651815,52.559346656963505],[13.490548941408262,52.5585512595186],[13.434052301899392,52.55641801446462],[13.431606518605298,52.54410295888072],[13.430632282226316,52.54318663318402],[13.430656797690183,52.543097445353254]]]},"properties":{"art":"Netzbezirk","bezeichnung":"Berlin-Rummelsburg","standort":"Berlin-Rummelsburg"}},{"type":"Feature","geometry":{"type":"Polygon","coordinates":[[[12.468682168560417,52.200855613748004],[12.468682168578498,52.20085561247099],[12.468682168596578,52.20085561119389],[12.470033552053172,52.10577311834603],[12.470759960118066,52.1048032328738],[12.471535366389856,52.10322088366994],[12.615180976978358,52.03388213234516],[12.795256449034076,52.0231042694918],[12.795256449167503,52.02310426976711],[12.795256450836183,52.02310427321031],[12.828286005348536,52.091143671162854],[12.828494845781185,52.09237718454087],[12.828585875055003,52.093479143818485],[12.82287309615702,52.10959678961909],[12.956629442695126,52.21296694679193],[12.958545046615495,52.21274353635259],[12.960488511392047,52.212530332716014],[13.264713646302932,52.265006756772365],[13.266519903929893,52.26505631888319],[13.268559630466767,52.2650394414094],[13.29919887202584,52.29419599144996],[13.299198879703233,52.294195998749856],[13.294217923149256,52.33621006876372],[13.293623298980423,52.33743572403498],[13.293114615064441,52.33842925299338],[13.343809005731044,52.397428874183625],[13.343894372533525,52.398298362017236],[13.344089737728774,52.39997589568861],[13.344089740872551,52.39997592268232],[13.322595177220865,52.400667007916695],[13.313449032110743,52.40240162066153],[13.322170414151394,52.42295946887826],[13.34223991240673,52.43673145996386],[13.340474654055694,52.43755281570916],[13.324718225368821,52.42702996155998],[13.323866217283381,52.42651009909006],[13.319933030238492,52.42398927428388],[13.318014164782353,52.422444667298166],[13.316285537324905,52.42089304531612],[13.314950733249074,52.41955296867354],[13.311935498480704,52.41574085602904],[13.309928856864847,52.41272568069468],[13.30901605359986,52.41060153453503],[13.308832471767857,52.41037951855412],[13.305906953104882,52.40423107297757],[13.304928742189906,52.40325975458694],[13.303807049451375,52.402437248385446],[13.301685180655497,52.4015751798777],[13.295954973055114,52.40056204206279],[13.285909318715133,52.398624788983795],[13.27892893513534,52.39728782432298],[13.275209121665181,52.39660448310793],[13.272736324433895,52.4114808181728],[13.233832394248804,52.406633367389524],[13.207981184485643,52.384201735036996],[13.209086887152699,52.382958856822825],[13.191343259858053,52.37784354188099],[13.173752730263377,52.39545328257607],[13.168543377715553,52.40298119949024],[13.167694872354406,52.40398883465399],[13.166787791683515,52.40501406711663],[13.155536444885414,52.40813066391977],[13.153833634858692,52.409013763981505],[13.155840090407969,52.41094780984665],[13.157794025591699,52.412369654548414],[13.1573154860834,52.41270095633916],[13.106552940270614,52.47588012723071],[13.106552932606744,52.47588012425293],[12.976234181827744,52.42511296945183],[12.972404990836582,52.425192769042745],[12.902904735322755,52.438067179392974],[12.903381849519205,52.419580084924704],[12.903329470834159,52.40269749228216],[12.90242957449533,52.401650570995216],[12.901535324140667,52.400681735349885],[12.834112130807402,52.31818290288277],[12.834112129103321,52.31818290241508],[12.834112127399372,52.31818290194744],[12.599056530825377,52.25334020463044],[12.597220396912855,52.253407059760896],[12.59523936279812,52.253511905181774],[12.468682168560417,52.200855613748004]]]},"properties":{"art":"Netzbezirk","bezeichnung":"Seddin","standort":"Seddin"}},{"type":"Feature","geometry":{"type":"Polygon","coordinates":[[[12.794805200588286,52.473618819693094],[12.902904723307076,52.438067181614656],[12.902904725095363,52.438067181284005],[12.902904729186309,52.43806718052759],[12.90290473327728,52.43806717977116],[12.902904733421702,52.43806717974448],[12.902904735322755,52.438067179392974],[12.972404958516453,52.42519274355499],[12.97623414947721,52.42511294394998],[13.10655292309126,52.475880107184224],[13.106552940270614,52.47588012723071],[13.140642177409278,52.53693480323098],[13.140913292565852,52.53767236568434],[13.140985088867144,52.537816175597904],[13.124255883662082,52.53898932100256],[13.123871683029728,52.53905491583123],[13.12340412254499,52.539161861546035],[13.124178496904534,52.54044569042781],[13.12692679411499,52.54880879482825],[13.127495448297825,52.549768252327276],[13.128320738005787,52.5509949384701],[13.201258868202686,52.589574057506205],[13.199850366304778,52.60512750617129],[13.199850365343872,52.60512751677991],[13.202652255218327,52.63640603757781],[13.206053936000705,52.636874061449845],[13.206432198842196,52.6369260969449],[13.20737734978404,52.637313552153365],[13.208322958679702,52.63770118040178],[13.253122918329904,52.667628636737824],[13.252674032275936,52.668823405540536],[13.25221707146797,52.6699452184383],[13.16888914364423,52.752285995523195],[13.169965642902296,52.75337805859837],[13.170847661358014,52.75435362397417],[13.101988732734391,52.803219137296736],[13.040446718078128,52.76593487141896],[13.038568385869498,52.766065242559485],[13.036521937128875,52.76617921266602],[12.931374322042076,52.736347899237494],[12.931374321856273,52.736347899184665],[12.931374316369052,52.73634789762433],[12.849057475872273,52.62502584511842],[12.829553219258802,52.60210588273477],[12.829553217027305,52.60210588011087],[12.829553216883289,52.60210587994152],[12.829553215346769,52.602105878134815],[12.829553213742402,52.602105876248295],[12.829553212273813,52.60210587452146],[12.846213084946475,52.56530798418256],[12.845633628935564,52.56417371441531],[12.845751577521915,52.56400932595318],[12.845204874183745,52.56311382436801],[12.794805200588286,52.473618819693094]]]},"properties":{"art":"Netzbezirk","bezeichnung":"Wustermark","standort":"Wustermark"}},{"type":"Feature","geometry":{"type":"Polygon","coordinates":[[[13.748935101631261,51.95960480119987],[13.748935102292931,51.95960480113049],[13.791299992207268,51.955153282546455],[13.878506966545046,51.92106918096923],[13.880273885450737,51.92051657911399],[13.882712823584813,51.919739775008445],[13.896777307792126,51.86926740468317],[13.965148749717711,51.82946546505985],[13.969303230038085,51.829066498379866],[14.006555030434985,51.74465733616866],[14.006793434425317,51.74362218130002],[14.007138005872688,51.74232926300082],[14.074065246799023,51.64340319141131],[14.064470881683503,51.60968297300831],[14.122312759410367,51.591000661881296],[14.126160337792944,51.58869635369327],[14.13132031924783,51.585923195269615],[14.167974702551232,51.57801278890917],[14.167974710710766,51.57801278714668],[14.167974711935356,51.57801278688217],[14.170421909615253,51.57888200692178],[14.172220007775788,51.57964452178485],[14.172220009022372,51.579644522313465],[14.461351526555719,51.53985208965507],[14.463100781312628,51.53931264709391],[14.465763014313758,51.53841659055267],[14.46576302107479,51.53841658827692],[14.465763022086941,51.538416587936226],[14.483066742078572,51.544591353674626],[14.484137044409328,51.54578195990598],[14.484121305015524,51.54581150959272],[14.481571722433353,51.546344724680495],[14.478079063731728,51.54695510961104],[14.474792471531883,51.54673258667169],[14.467258772343502,51.54859041862409],[14.464918144614444,51.549960644514556],[14.461832488552536,51.55112195281331],[14.458804428408058,51.55190697822208],[14.45879719351318,51.551928874818884],[14.460767780722042,51.55368149430103],[14.46076778141317,51.55368149491722],[14.578163712977686,51.539299676232034],[14.620252894499922,51.51070187730148],[14.626079047273915,51.509760964067056],[14.629640846433391,51.50819527970209],[14.629640852432564,51.50819527706482],[14.629640853236108,51.50819527671159],[14.631374207891124,51.50895317011928],[14.708853474531919,51.55582317393284],[14.712485420394703,51.55801651959309],[14.720338573988897,51.56275792161344],[14.776725685642711,51.60979273725069],[14.746979571694666,51.6827861423778],[14.679355971896827,51.71867564761077],[14.653480866509643,51.781790789623734],[14.641173401336193,51.794418825923906],[14.606188655259581,51.81621186926189],[14.603833890484154,51.83610273647051],[14.701168787505926,51.89911327834339],[14.720299865662186,51.9353511551111],[14.720560913579519,51.99816439884449],[14.720560912161034,51.99816439918656],[14.720560912130955,51.99816439919381],[14.70244681789136,52.00253087115381],[14.70065942700874,52.00308029049277],[14.698912572932706,52.003697714425414],[14.37455547317102,52.14649589771888],[14.370743901941504,52.1470140154761],[14.226191360690402,52.1699267529243],[14.22494020992064,52.17064722161089],[14.209076286497972,52.16559317345601],[14.176553042286795,52.16653894937795],[13.990795159985906,52.13538777505685],[13.990795157198267,52.13538777291089],[13.941539734411515,52.09742649871153],[13.792877925731192,51.982315512678994],[13.791830223136397,51.981633722972],[13.790210621546226,51.9807169988673],[13.748935101631261,51.95960480119987]]]},"properties":{"art":"Netzbezirk","bezeichnung":"Cottbus","standort":"Cottbus"}},{"type":"Feature","geometry":{"type":"Polygon","coordinates":[[[13.317607631410672,51.823268236414854],[13.343905441172428,51.80475908823354],[13.36555709696218,51.78950389550526],[13.379999391922677,51.77932029724109],[13.421463857753038,51.75004818409346],[13.44133600414005,51.67454027435648],[13.44226652949396,51.67099898902393],[13.460170626158682,51.6027646729661],[13.460206301498857,51.601920747929306],[13.46019902281905,51.600442389178575],[13.43982579321442,51.5626080993681],[13.43982579257058,51.56260809817134],[13.439825791030945,51.562608095309486],[13.439825790661367,51.56260809462254],[13.439825789365,51.56260809221287],[13.575009384169443,51.55757870863165],[13.577050475606814,51.55751887045122],[13.776403740281777,51.516608216579456],[13.903698456503202,51.549473312841364],[14.016278066763197,51.62449980633755],[14.018422996447145,51.62452482097655],[14.0199677576968,51.62449219330125],[14.064470877302604,51.60968296806645],[14.06447087748402,51.60968296870458],[14.06447087763877,51.609682969248944],[14.064470877881963,51.60968297010439],[14.064470878957517,51.60968297388773],[14.074065242773214,51.643403187891],[14.007138001771699,51.742329259400414],[14.006793430322732,51.74362217769906],[14.006555026330997,51.74465733256558],[13.96930322584709,51.82906649469695],[13.965148745530717,51.829465461378454],[13.896777303620336,51.869267400989685],[13.882712819351235,51.919739771261135],[13.880273881218757,51.92051657536661],[13.878506962314166,51.921069177222435],[13.791299988020286,51.95515327880326],[13.74893509554463,51.95960479767589],[13.748935094882947,51.95960479774527],[13.5867687550329,51.95515916156443],[13.584805487034522,51.95492317746208],[13.581340412472926,51.95446208528547],[13.356695667648822,51.93969268605113],[13.356695663943878,51.93969268333383],[13.356695663393984,51.939692682062166],[13.309078219450088,51.829267032079834],[13.309078217909416,51.82926702849715],[13.309078217279062,51.82926702703134],[13.309078217016438,51.82926702642061],[13.309078216852116,51.82926702603849],[13.317607631410672,51.823268236414854]]]},"properties":{"art":"Netzbezirk","bezeichnung":"Doberlug-Kirchhain","standort":"Doberlug-Kirchhain"}},{"type":"Feature","geometry":{"type":"Polygon","coordinates":[[[14.006105099000346,52.21205920157817],[14.006105099152247,52.21205919953633],[14.006105096497729,52.21205919818542],[14.004832230229328,52.21141141777191],[14.004499020265577,52.21124183677164],[14.004499017470387,52.21124183534905],[14.004499008792727,52.21124183093265],[14.00449900602643,52.21124182948087],[14.004399577040092,52.21118964685406],[14.004188951382702,52.21107910494716],[14.002899059489359,52.21040211485119],[14.002899057045038,52.21040211131392],[13.990795157448355,52.13538777629753],[13.990795157475663,52.13538777463358],[13.990795159985906,52.13538777505685],[14.176553032363614,52.16653894356057],[14.209076276499989,52.16559316760692],[14.224940199867842,52.17064721573099],[14.226191350637196,52.16992674704531],[14.370743891610735,52.147014009510976],[14.374555462832665,52.14649589175142],[14.698912562251554,52.003697708518274],[14.700659416325182,52.00308028458524],[14.702446807205012,52.00253086524584],[14.720560907784005,51.99816439440826],[14.720560912161034,51.99816439918656],[14.722476317238216,52.00025529072729],[14.75156667310288,52.03198163038011],[14.763733503692006,52.06746229787002],[14.72938965783685,52.09134886076751],[14.683980610039617,52.12629197861882],[14.708394170068434,52.20164782666438],[14.71131509307673,52.238927184849885],[14.681705928374388,52.26270404350815],[14.598500739599308,52.27951578707677],[14.547710956632084,52.3966723558691],[14.574460837009012,52.42669755188412],[14.635252184480875,52.49474954294195],[14.616555639733898,52.5342703446673],[14.647561671935112,52.57173654800618],[14.602721215178866,52.611792429097385],[14.506761208969463,52.56426493843932],[14.503938695786966,52.56306144943404],[14.501061635133842,52.56432569634105],[14.484250230443122,52.5650182980103],[14.484200913729447,52.563123747930014],[14.483903967272113,52.559325131711326],[14.500688113222168,52.560706480472994],[14.50387174599334,52.56251309808148],[14.506299379683753,52.5605884219437],[14.50932992643316,52.53400768384718],[14.499251995411717,52.521740182581155],[14.476044047829992,52.50175262866067],[14.471201419981435,52.504141828977964],[14.470050871592209,52.5048092138434],[14.469506904840117,52.50512473547135],[14.46789532868743,52.506114897404196],[14.464490808722857,52.50820644166476],[14.399563301630483,52.555304547454526],[14.397663999432268,52.55579371229975],[14.39584977439444,52.55624832450426],[14.365149084776249,52.55582036456623],[14.31201253767957,52.53334360121747],[14.150763514170572,52.44389623454959],[14.012865937978036,52.37974605734847],[14.01167239810983,52.37841507470493],[14.01102230866279,52.37765028939331],[13.93703012052136,52.314781235925054],[14.006105099000346,52.21205920157817]]]},"properties":{"art":"Netzbezirk","bezeichnung":"Frankfurt(Oder)","standort":"Frankfurt(Oder)"}},{"type":"Feature","geometry":{"type":"Polygon","coordinates":[[[13.859402390765664,52.75282415339166],[13.538866996231343,52.59816105833218],[13.538866990010213,52.59816105531088],[13.538866980995774,52.598161050932966],[13.53886697068067,52.59816104080245],[13.569280062682223,52.57844107108725],[13.570826381303409,52.57795129270253],[13.57275974998327,52.577397670721915],[13.610768237662425,52.55281996157342],[13.640190319310179,52.51596853801667],[13.640719303186506,52.51368122880363],[13.645627943764794,52.45711981220849],[13.645419754666976,52.45610941404973],[13.645419754225038,52.45610941190486],[13.645419752780183,52.45610940489239],[13.64446873403482,52.45613149061088],[13.644468727401431,52.45613149076495],[13.644468724491096,52.45613149083256],[13.644143095977523,52.45493071817062],[13.644817433539462,52.4265119125095],[13.644817433758158,52.42651190329489],[13.937030113314778,52.31478123047344],[13.937030115503456,52.31478123233654],[13.937030120228826,52.31478123635907],[14.011022293337962,52.37765027714076],[14.0116723827787,52.378415062449584],[14.012865937978036,52.37974605734847],[14.150763498008347,52.44389622180337],[14.312012520457667,52.53334358783535],[14.36514906723449,52.55582035100043],[14.395849756732185,52.55624831088593],[14.397663981765204,52.555793698680134],[14.399563283958635,52.555304533834324],[14.464490791043819,52.50820642814124],[14.46789532868743,52.506114897404196],[14.469506913681439,52.505124741582975],[14.470050871592209,52.5048092138434],[14.471201402296986,52.504141815461665],[14.476044047829992,52.50175262866067],[14.499251977526281,52.52174016894287],[14.509329908443918,52.53400767014294],[14.506299361567327,52.560588408127884],[14.503871727876296,52.562513084261255],[14.500688095127327,52.560706466666886],[14.483903949250475,52.55932511793808],[14.484200895686822,52.563123734139886],[14.484250230443122,52.5650182980103],[14.501061617018609,52.564325682521215],[14.503938677666929,52.56306143561221],[14.506761190832043,52.56426492461],[14.602721215178866,52.611792429097385],[14.49272936512363,52.658835089073904],[14.346764491570513,52.75499455931901],[14.261988589800678,52.78816064703653],[14.222704444615943,52.81899465431857],[14.155394154785798,52.83642461753683],[14.155394154597618,52.8364246175855],[14.149892165047023,52.832336424389474],[14.094575581936166,52.79117523893239],[14.065629439241162,52.77621467601133],[14.06444816494169,52.77547382512641],[14.062856405058655,52.77449082572479],[13.859402390765664,52.75282415339166]]]},"properties":{"art":"Netzbezirk","bezeichnung":"Strausberg","standort":"Strausberg"}},{"type":"Feature","geometry":{"type":"Polygon","coordinates":[[[12.482367267520063,53.2643974330452],[12.5698031853454,53.18650298987838],[12.570685912910374,53.18553441131125],[12.571824688456934,53.18451492428428],[12.721839861254475,53.128440163584315],[12.721839861453661,53.12844016361848],[12.721839864078255,53.128440164068415],[12.93815049027348,53.16529368465192],[13.135306676733698,53.166313789912785],[13.137207297246698,53.16691046723416],[13.138869708943421,53.16745454003914],[13.329416631765428,53.19442558689577],[13.332851676298262,53.19563898553499],[13.497554290024311,53.19690876361419],[13.497554292214032,53.19690876362955],[13.535607462244922,53.28532645619511],[13.581164468813029,53.354796450293605],[13.544690143140144,53.52308069496999],[13.545275994459766,53.524094883765095],[13.54614548445124,53.52521718799295],[13.682092995604572,53.627823864632994],[13.789034418148043,53.637441647269824],[13.681971778709652,53.704909572005036],[13.58712849421204,53.83933239095538],[13.587128492150473,53.8393323938675],[13.274099999518194,53.86416311504588],[13.135271271732961,53.8458657607998],[13.133338894318191,53.8454291530373],[13.131599124893524,53.845053204871625],[13.042685036025661,53.80602007621582],[12.886059291553082,53.84387332277778],[12.886059289754941,53.84387331670175],[12.848728972142187,53.7173122243515],[12.745303290586156,53.695868981656076],[12.743645692661943,53.69631382965709],[12.741692310131201,53.69690271126082],[12.632217147031195,53.680682355331975],[12.632217147000933,53.680682355327484],[12.633959006510716,53.54767464888235],[12.633959006541458,53.54767464654023],[12.63270641373385,53.546857324905474],[12.631157868138308,53.546016631542244],[12.56304404913846,53.545837302738754],[12.562785356022657,53.54486538620018],[12.562491212472885,53.54355207451118],[12.562491212042174,53.54355207258803],[12.657652288373178,53.446158145366674],[12.667731585466626,53.380299722725844],[12.667731585748239,53.380299720883585],[12.62631741427789,53.296937874044254],[12.482367269876992,53.264397433579866],[12.48236726768641,53.26439743308296],[12.482367267520063,53.2643974330452]]]},"properties":{"art":"Netzbezirk","bezeichnung":"Neustrelitz","standort":"Neustrelitz"}},{"type":"Feature","geometry":{"type":"Polygon","coordinates":[[[13.682092995604572,53.627823864632994],[13.546145481191488,53.525217185919324],[13.54527599120162,53.524094881693465],[13.54469013988329,53.52308069289948],[13.581164465684443,53.35479644837079],[13.53560745920622,53.28532645434676],[13.497554290024311,53.19690876361419],[13.616076297169277,53.16359963495469],[13.616788318772386,53.16254920759664],[13.626533547246217,53.148691720670726],[13.626533547761465,53.148691720792705],[13.730935697466801,53.17334441686123],[13.88135451914777,53.19612249963721],[13.883063627487328,53.19576851630967],[13.88510284338586,53.19545271664817],[14.025098152092841,53.17970525961904],[14.296574480961745,53.320675528083335],[14.427567489022117,53.33285990877904],[14.386994343762474,53.41726792247572],[14.316560622502742,53.62020286704684],[14.287206924934157,53.63242642838832],[14.274565803848487,53.751757567845864],[14.27638512426437,53.75590255039025],[14.283576439408847,53.77227767688442],[14.213836268594516,53.865399324419826],[14.213836271439973,53.8653993269057],[14.24896100003245,53.896056585661206],[14.253335264488346,53.926628087020134],[14.25333525967771,53.926628086661424],[14.215031049349104,53.92376532858321],[14.214042114455145,53.92278495945248],[14.211758276607318,53.92110218647405],[13.893438394420269,53.913433524692785],[13.726989254550011,53.841414737790615],[13.725505965987642,53.84064648042363],[13.587128492150473,53.8393323938675],[13.587128488981428,53.839332390902655],[13.681971775195874,53.704909569722055],[13.789034418148043,53.637441647269824],[13.682092995604572,53.627823864632994]]]},"properties":{"art":"Netzbezirk","bezeichnung":"Pasewalk","standort":"Pasewalk"}},{"type":"Feature","geometry":{"type":"Polygon","coordinates":[[[12.886059289079355,53.84387331686446],[12.886059289707234,53.84387331671326],[12.886059289754941,53.84387331670175],[13.042685029628295,53.80602007120823],[13.13159911831555,53.84505319974457],[13.133338887737429,53.845429147907616],[13.135271265149003,53.84586575566909],[13.274099992725214,53.86416310980701],[13.587128488981428,53.839332390902655],[13.58712849421204,53.83933239095538],[13.725505962316264,53.84064647741625],[13.726989250876821,53.84141473478224],[13.89343839056288,53.913433521572415],[14.211758272515034,53.921102183258476],[14.214042114455145,53.92278495945248],[14.215031049349104,53.92376532858321],[14.25333525967771,53.926628086661424],[14.242188871387246,53.987706837043355],[14.168001346907317,54.238777802878595],[14.07343681168654,54.3497803422828],[13.592730913003896,54.270990003503606],[13.383867837866406,54.22612807053218],[13.234087468708445,54.182811965150584],[13.231075827714745,54.181303401112395],[13.1812957251868,54.16218395843892],[13.135752109867207,54.15027976442556],[13.042615209128716,54.14858767412652],[13.04046762008355,54.1486541816004],[13.038575920005693,54.14877255190184],[12.851894021598037,54.104189014957555],[12.66575482786456,54.032037438531106],[12.665754825394403,54.03203743756995],[12.66575482520698,54.03203743749703],[12.85679937639505,53.93443327644732],[12.886059289079355,53.84387331686446]]]},"properties":{"art":"Netzbezirk","bezeichnung":"Greifswald","standort":"Greifswald"}},{"type":"Feature","geometry":{"type":"Polygon","coordinates":[[[13.598342740148208,52.94576550722974],[13.62016409485923,52.82731546026696],[13.706357816665783,52.78475376671183],[13.708079850964582,52.78393888735632],[13.859402446061585,52.7528241876437],[14.062856431603224,52.774490847201264],[14.064448194165792,52.77547384689607],[14.065629468479266,52.7762146977897],[14.094575581936166,52.79117523893239],[14.15110652787196,52.833238834319346],[14.155394154597618,52.8364246175855],[14.155394182675654,52.83642463844588],[14.176980411666992,52.86380031663952],[14.151862259301982,52.95847468314982],[14.151862259790446,52.95847468359223],[14.354859291010502,53.04670064363242],[14.386172509075363,53.10363285439922],[14.38695783947231,53.19120067033326],[14.454102654912006,53.261243398034836],[14.445169566942964,53.275885682207374],[14.428855253281823,53.284866340038526],[14.42756748952563,53.332859908825576],[14.427567489022117,53.33285990877904],[14.29657448453004,53.32067553100553],[14.025098155348264,53.17970526235334],[13.88510284656466,53.19545271935764],[13.883063630665117,53.19576851901893],[13.881354522324765,53.19612250234629],[13.730935700528077,53.173344419511835],[13.626533547761465,53.148691720792705],[13.649678726877843,53.115742678605045],[13.67122418572208,53.085849934163114],[13.669854411111103,53.084920832923125],[13.668660772449664,53.08409218836806],[13.598342740280973,52.94576550836743],[13.598342740148208,52.94576550722974]]]},"properties":{"art":"Netzbezirk","bezeichnung":"Angermünde","standort":"Angermünde"}},{"type":"Feature","geometry":{"type":"Polygon","coordinates":[[[14.073436816137983,54.34978034800875],[14.073436820544504,54.34978034874924],[14.075523393222971,54.44936591236507],[14.017589792727303,54.616484497965935],[13.922520306971062,54.711162541494765],[13.649812724207193,54.83893668070938],[13.487299313280026,54.88207802151806],[13.375184114561112,54.88299665177835],[13.13471264193857,54.85226434079374],[12.971565490882092,54.78575347571393],[12.748807969994346,54.743996905957054],[13.11593451042453,54.311156439227084],[13.117388490565993,54.31031029315359],[13.118831071875391,54.30962401879509],[13.230819486752022,54.284443337861994],[13.383867845488986,54.226128076916524],[13.592730921002675,54.270990010089875],[14.073436816137983,54.34978034800875]]]},"properties":{"art":"Netzbezirk","bezeichnung":"Bergen","standort":"Bergen"}},{"type":"Feature","geometry":{"type":"Polygon","coordinates":[[[12.721839861254475,53.128440163584315],[12.925299030757321,52.96994297389225],[12.964952130617187,52.91031439192359],[12.964952131534982,52.91031439054145],[12.964952131604512,52.91031439043675],[12.964074764325243,52.909195958870434],[12.963273449890242,52.90822782056667],[12.963273449219711,52.908227819756526],[12.963273449168929,52.908227819695014],[12.9861537102637,52.84863163863627],[13.101988767528558,52.80321917005175],[13.101988767724961,52.8032191699746],[13.248292490354164,52.79493294655535],[13.250011321550055,52.79531340678246],[13.251941110096693,52.79578440059952],[13.419590499747645,52.911283567217794],[13.598342740148208,52.94576550722974],[13.59834274039946,52.94576550772575],[13.668660772449664,53.08409218750746],[13.669854411111103,53.08492083206269],[13.67122418572208,53.085849934163114],[13.649678726877847,53.11574267774542],[13.626533547246217,53.148691720670726],[13.616788321753262,53.16254920935468],[13.616076300150661,53.16359963671308],[13.497554292214032,53.19690876362955],[13.497554290024311,53.19690876361419],[13.332851676298262,53.19563898553499],[13.329416631765428,53.19442558689577],[13.138869708943421,53.16745454003914],[13.137207297246698,53.16691046723416],[13.135306676733698,53.166313789912785],[12.93815049027348,53.16529368465192],[12.721839864078255,53.128440164068415],[12.721839861453661,53.12844016361848],[12.721839861254475,53.128440163584315]]]},"properties":{"art":"Netzbezirk","bezeichnung":"Löwenberg","standort":"Löwenberg"}},{"type":"Feature","geometry":{"type":"Polygon","coordinates":[[[12.66575482222881,54.032037439181046],[12.665754824698976,54.03203744014217],[12.851894028299604,54.10418902050593],[13.038575927025468,54.148772557634416],[13.04046762710553,54.14865418733447],[13.042615216153294,54.14858767986206],[13.135752117015187,54.15027977021263],[13.18129573241678,54.16218396427467],[13.231075835046523,54.18130340701205],[13.234087476047028,54.18281197105473],[13.383867845488977,54.2261280766035],[13.230819486752019,54.2844433375512],[13.11883107187539,54.309624018485586],[13.117388490565984,54.31031029284329],[13.115934510424527,54.31115643891787],[12.748807969994346,54.74399690566107],[12.322144150430825,54.57788364506603],[12.296171898160795,54.51496623912384],[12.2585330799612,54.45121500545581],[12.25853307917792,54.451215004126816],[12.463892512990983,54.24659870287629],[12.465203260600342,54.24546920182565],[12.466331022995357,54.24468733712435],[12.59554902649919,54.13171516486197],[12.66575482222881,54.032037439181046]]]},"properties":{"art":"Netzbezirk","bezeichnung":"Stralsund","standort":"Stralsund"}},{"type":"Feature","geometry":{"type":"Polygon","coordinates":[[[10.648671965963823,53.45955054899831],[10.636938641721505,53.42284999652672],[10.636938641601724,53.42284999615171],[10.741360524017777,53.28184869462639],[11.187254294854878,53.15339099324752],[11.255928072372816,53.13559325696212],[11.298799849385961,53.10088394275216],[11.298799851319464,53.10088394118519],[11.298799851339295,53.10088394116913],[11.647407917712314,53.2413440612345],[11.64936223422901,53.24300964587454],[11.65044552858544,53.243788982402265],[11.89531392789674,53.33242871988127],[11.912602009640494,53.4575822966051],[11.892168977903449,53.55463585105461],[11.786757474143236,53.622116012470464],[11.654675035102386,53.64627460936426],[11.40309469390677,53.65319310963431],[11.4008773861197,53.653084398861],[11.399242196396711,53.65301270060822],[11.2942233880152,53.76553275685082],[11.09643276882955,53.82275162549154],[11.096432761564927,53.8227516233962],[10.905766889774998,53.76753232840022],[10.822495134423738,53.60177243645311],[10.821295534042973,53.60079339719997],[10.703715375976135,53.504548543865575],[10.703715369422065,53.504548538430576],[10.692381451316827,53.49514661997179],[10.663885555001515,53.47148477156472],[10.6514160063509,53.46112004922179],[10.64977876276812,53.46021114853031],[10.648671965963823,53.45955054899831]]]},"properties":{"art":"Netzbezirk","bezeichnung":"Hagenow","standort":"Hagenow"}},{"type":"Feature","geometry":{"type":"Polygon","coordinates":[[[11.116481442172908,53.85370644183476],[11.116481442379882,53.853706440243364],[11.116481442371404,53.8537064401833],[11.09643276889806,53.82275162559741],[11.294223388015194,53.765532756977386],[11.39924219639671,53.65301270073702],[11.400877386119692,53.6530843989895],[11.40309469390677,53.653193109763045],[11.654675035102388,53.64627460949285],[11.78675747414324,53.62211601259926],[11.892168977903449,53.55463585118479],[12.017717651177074,53.55916790945263],[12.151813682813183,53.56340986289165],[12.152117759933688,53.56423942937135],[12.152590303848841,53.56567239733529],[12.133908150700742,53.67641407346548],[12.05769233260151,53.73974873636538],[12.057692332596659,53.739748736369386],[11.90758208140428,53.79238588039222],[11.906498712404877,53.793281483721664],[11.905678109653099,53.79437736249062],[11.892872686616963,53.96388939690417],[11.845386181915197,54.08113375269887],[11.844908534962233,54.08238986043369],[11.66302373377943,54.120800442850424],[11.951591185459234,54.33371327053774],[11.850780125664103,54.33284653275823],[11.719339332011613,54.33158972719563],[11.644421195490956,54.330809239643386],[11.644421182582859,54.33080923198057],[11.63326298948655,54.32418364299303],[11.521481790794576,54.25763188488444],[11.505149850637157,54.24788123608972],[11.16961429326082,54.04601656904912],[11.073226876367146,53.98748319968698],[11.073226875846167,53.98748319936992],[11.116100717126233,53.85603234447218],[11.116332059274868,53.85485500361343],[11.116481442172908,53.85370644183476]]]},"properties":{"art":"Netzbezirk","bezeichnung":"Bad Kleinen","standort":"Bad Kleinen"}},{"type":"Feature","geometry":{"type":"Polygon","coordinates":[[[11.892168977903449,53.55463585105461],[11.912602009640494,53.4575822966051],[11.89531392789674,53.33242871988127],[12.26175344082422,53.33735419972135],[12.265368106941178,53.336616935153955],[12.482367267520063,53.2643974330452],[12.48236726768641,53.26439743308296],[12.482367269876992,53.264397433579866],[12.62631741427789,53.296937874044254],[12.667731585748239,53.380299720883585],[12.667731585466626,53.380299722725844],[12.657652288373178,53.446158145366674],[12.562491212042174,53.54355207258803],[12.562491212472885,53.54355207451118],[12.562785356022657,53.54486538620018],[12.56304404913846,53.545837302738754],[12.631157868138308,53.546016631542244],[12.63270641373385,53.546857324905474],[12.633959006541458,53.54767464654023],[12.633959006510716,53.54767464888235],[12.632217147000933,53.680682355327484],[12.632217147031195,53.680682355331975],[12.741692310131201,53.69690271126082],[12.743645692661943,53.69631382965709],[12.745303290586156,53.695868981656076],[12.848728972142187,53.7173122243515],[12.886059289754941,53.84387331670175],[12.886059291553082,53.84387332277778],[12.88605929152643,53.843873322860425],[12.886059291175709,53.84387332394811],[12.856799382795614,53.93443328160439],[12.66575482520698,54.03203743749703],[12.482337312278998,54.0014369756106],[12.326480044603983,53.931767228271795],[12.325710270957925,53.930978726136516],[12.324378262166531,53.92979406742136],[12.115326565369307,53.91640640946529],[12.113048342354574,53.91652143749498],[12.111141246142418,53.90755093948084],[12.066858103703794,53.83103664150866],[12.067250213551064,53.8298193447519],[12.067585604261799,53.82872815669861],[12.05769233260151,53.73974873636538],[12.133908150700742,53.6764140733375],[12.152590303848841,53.56567239733529],[12.152117759933684,53.564239429241645],[12.151813682813183,53.56340986276167],[12.017717651177069,53.55916790932243],[11.892168977903449,53.55463585105461]]]},"properties":{"art":"Netzbezirk","bezeichnung":"Güstrow","standort":"Güstrow"}},{"type":"Feature","geometry":{"type":"Polygon","coordinates":[[[12.057025896882918,52.79891050492985],[12.226491865736552,52.774415316755196],[12.361568323733595,52.77272599008866],[12.363392287419419,52.77249017013271],[12.365388604111049,52.77226154472834],[12.452876142041696,52.728821911495906],[12.51355172514579,52.67167627801794],[12.829553216883289,52.60210587994152],[12.829553222885163,52.602105878610125],[12.82955322520362,52.60210587809585],[12.849057509624053,52.62502587243493],[12.931374322042076,52.736347899237494],[12.931374334180846,52.736347915605386],[13.036521974205947,52.76617924241618],[13.038568422962559,52.76606527231606],[13.040446755185583,52.76593490118192],[13.101988767724961,52.8032191699746],[13.101988767528558,52.80321917005175],[12.9861537102637,52.84863163863627],[12.963273449168929,52.908227819695014],[12.963273449219711,52.908227819756526],[12.963273449890242,52.90822782056667],[12.964074764325243,52.909195958870434],[12.964952131604512,52.91031439043675],[12.964952131534982,52.91031439054145],[12.964952130617187,52.91031439192359],[12.925299030757321,52.96994297389225],[12.721839861254475,53.128440163584315],[12.571824688456934,53.18451492428428],[12.570685912910374,53.18553441131125],[12.5698031853454,53.18650298987838],[12.482367267520063,53.2643974330452],[12.297031379585334,53.15073258646981],[12.297230810772081,53.14962876808359],[12.297400728327107,53.14835931259916],[12.254604791883462,53.13070088756326],[12.179583153455468,53.142304276414514],[12.17758788512923,53.14228708201107],[12.175707689647123,53.14221138170298],[12.094032633418603,53.03184749109988],[12.095308672588786,52.902173886622215],[12.09483819937966,52.90111841495754],[12.094340021742497,52.899911246688305],[12.057025898078503,52.79891050817421],[12.057025896951686,52.79891050511646],[12.057025896882918,52.79891050492985]]]},"properties":{"art":"Netzbezirk","bezeichnung":"Neustadt (Dosse)","standort":"Neustadt (Dosse)"}},{"type":"Feature","geometry":{"type":"Polygon","coordinates":[[[11.66302373377943,54.120800442850424],[11.84490853496223,54.08238986035768],[11.845386181915197,54.08113375262287],[11.892872686616958,53.963889396827135],[11.905678109653097,53.79437736241186],[11.906498712404877,53.79328148364266],[11.907582081404286,53.792385880313226],[12.057692332596659,53.739748736369386],[12.067585604261799,53.82872815669861],[12.06725021355106,53.82981934479899],[12.066858103703794,53.83103664150866],[12.111141246142413,53.90755093952754],[12.113048342354574,53.916521437541476],[12.115326565369307,53.91640640951179],[12.324378262166528,53.92979406746787],[12.325710270957934,53.93097872618305],[12.326480044603985,53.93176722831831],[12.482337312279002,54.001436975656624],[12.665754822109548,54.03203743911934],[12.595549026499189,54.131715164846895],[12.466331022995355,54.24468733710943],[12.465203260600333,54.245469201810735],[12.463892512990979,54.2465987028614],[12.258533079140369,54.45121500404803],[12.158811557813058,54.38538058941043],[11.951591185459236,54.33371327046456],[11.66302373377943,54.120800442850424]]]},"properties":{"art":"Netzbezirk","bezeichnung":"Rostock","standort":"Rostock"}},{"type":"Feature","geometry":{"type":"Polygon","coordinates":[[[11.298799851339295,53.10088394116913],[11.277175818919408,52.910911688824015],[11.277175818615586,52.910911686140714],[11.277175818491934,52.910911685048646],[11.277175818469688,52.910911684852195],[11.622317849111095,52.955048140027515],[11.736987711577177,52.95334644183645],[11.736987713705787,52.95334644180383],[11.73659756583231,52.9491954731421],[11.73659755995042,52.94919547301676],[11.735213851722234,52.94916597760884],[11.735213847036881,52.94916597314482],[11.65018450239934,52.867965222525896],[11.650184500623363,52.86796522082591],[11.650184500490777,52.867965220698984],[11.739476497075115,52.82223796322126],[11.743381054278789,52.82278602688326],[11.982550929671548,52.80959053787513],[12.057025896882918,52.79891050492985],[12.057025896951686,52.79891050511646],[12.057025898078503,52.79891050817421],[12.094340021742497,52.899911246688305],[12.09483819937966,52.90111841495754],[12.095308672588786,52.902173886622215],[12.094032633418603,53.03184749109988],[12.175707689647123,53.14221138170298],[12.17758788512923,53.14228708201107],[12.179583153455468,53.142304276414514],[12.254604791883462,53.13070088756326],[12.297400728327107,53.14835931259916],[12.297230810772081,53.14962876808359],[12.297031379585334,53.15073258646981],[12.482367267520063,53.2643974330452],[12.265368106941178,53.336616935153955],[12.26175344082422,53.33735419972135],[11.89531392789674,53.33242871988127],[11.65044552858544,53.243788982402265],[11.64936223422901,53.24300964587454],[11.647407917712314,53.2413440612345],[11.298799851339295,53.10088394116913]]]},"properties":{"art":"Netzbezirk","bezeichnung":"Wittenberge","standort":"Wittenberge"}},{"type":"Feature","geometry":{"type":"Polygon","coordinates":[[[11.041546066661304,52.26523535168385],[11.04058583594834,52.21957584009085],[11.040437256569513,52.21249687971307],[11.040437238683387,52.21249687323498],[11.037963005120472,52.21169271609298],[11.035392773155131,52.21086536064442],[11.03539277239339,52.210865349200674],[11.036308441867392,52.09276418119059],[11.036308441872237,52.09276418056734],[11.375482782075283,52.01084137090898],[11.375570830154095,52.00981042101106],[11.37563556714236,52.008469281005695],[11.370093922261594,51.97560988342174],[11.409547491008077,51.95729082959101],[11.411118089628566,51.95657126355806],[11.45547456747738,51.95115521790025],[11.474831447423158,51.949033509061046],[11.485775919456952,51.94967591815277],[11.557897410958601,51.94678323195386],[11.707027952825426,51.98859220438277],[11.708523956391945,51.98793184993833],[11.710177441816333,51.987325931162],[11.791915353443933,51.96801441447235],[11.793852651329068,51.96831283659245],[11.876169668127769,51.97845011390511],[11.878379720825732,51.9770477456866],[11.88051933181075,51.97591309143598],[11.893535803985548,51.97918646255537],[11.962253962963025,51.97894286692727],[11.962253969432405,51.97894286671522],[12.028190481546442,51.97676436174575],[12.030594765873737,51.97855396390819],[12.306882455800931,52.05722512389859],[12.384989069172196,52.0437600918435],[12.386810322511023,52.043486637677056],[12.531788492009884,52.07418313271851],[12.53178849301062,52.07418313423386],[12.53178849091589,52.07418313524455],[12.471535360190908,52.10322087866114],[12.470759953916215,52.10480322786141],[12.470033544307576,52.10577311146569],[12.394836574854626,52.136960634263744],[12.287364880271374,52.21735079169374],[12.085743268757954,52.23181049766605],[11.955179066093764,52.32491140498013],[11.953992630214238,52.32569394441809],[11.852865026746723,52.337893977633485],[11.752193542281,52.3272424481382],[11.752006747514772,52.327298526782904],[11.750284747059748,52.327815477210905],[11.748877059629388,52.32827962881001],[11.748724854766168,52.328329813185654],[11.745756646214467,52.32812353596045],[11.579658705173435,52.30746096301964],[11.497030666110154,52.254659283525235],[11.49615262911658,52.253622205032656],[11.495190087306817,52.25251336912456],[11.456194697230726,52.18968879048656],[11.299905959998894,52.15409998770631],[11.23451041203986,52.154968655672626],[11.23220146311346,52.15553545122369],[11.23096603463124,52.1559195046333],[11.161357559801548,52.232177214461615],[11.041546066661304,52.26523535168385]]]},"properties":{"art":"Netzbezirk","bezeichnung":"Magdeburg","standort":"Magdeburg"}},{"type":"Feature","geometry":{"type":"Polygon","coordinates":[[[11.852865032038265,52.33789398265291],[11.953992634656915,52.32569394826554],[11.955179070536447,52.32491140882687],[12.085743273174286,52.23181050141203],[12.287364884915668,52.21735079554995],[12.394836579472743,52.136960638033536],[12.47003354368227,52.10577311741851],[12.470033544226062,52.10577311719266],[12.470033547382135,52.1057731158818],[12.468682166970959,52.200855610515774],[12.468682166952876,52.20085561179291],[12.468682167015517,52.200855613103606],[12.468682168560417,52.200855613748004],[12.595239361086712,52.253511903799506],[12.59722039520054,52.253407058378215],[12.599056529112266,52.25334020324746],[12.834112126379798,52.31818290069716],[12.834112128083754,52.3181829011648],[12.834112130807402,52.31818290288277],[12.901535322174654,52.400681733791615],[12.902429572528124,52.401650569436036],[12.903329468865746,52.40269749072207],[12.903381847522624,52.4195800839522],[12.90290473327728,52.43806717977116],[12.794805215809157,52.47361881801334],[12.794805213779698,52.47361881823731],[12.794805211750225,52.47361881846126],[12.794805209964474,52.473618818658345],[12.794805200588286,52.473618819693094],[12.689605861611232,52.48517880840284],[12.58561772764104,52.5143662391761],[12.509954244480223,52.53317352926307],[12.412591980442931,52.51853729165957],[12.411793294172826,52.517578219825026],[12.410640571227324,52.51646973952342],[12.299072262119811,52.49416771381941],[12.215527028564852,52.49725734357014],[12.10724889935504,52.51747482289989],[12.042083879416435,52.51573087524524],[12.016129738578242,52.5150857576752],[12.013593115078866,52.5148826641257],[12.013593114976212,52.514882664117486],[11.932426716210495,52.43955075632508],[11.852865032038265,52.33789398265291]]]},"properties":{"art":"Netzbezirk","bezeichnung":"Brandenburg","standort":"Brandenburg"}},{"type":"Feature","geometry":{"type":"Polygon","coordinates":[[[10.962818999692566,52.43447613627999],[10.962818998086785,52.43447613592935],[10.962818970223445,52.434476129845024],[10.955947638851004,52.4329754312052],[10.955947638713718,52.43297543028624],[10.95594763639257,52.43297541474907],[10.955476709148439,52.4298229027528],[10.955036600020039,52.42872560206297],[10.95483418828801,52.42840524564231],[10.954630795245988,52.428111055832076],[10.95763790070027,52.427312629751796],[11.042318801908246,52.3018669195789],[11.041546070193844,52.26523535609213],[11.161357564290775,52.23217721864244],[11.230966039014739,52.155919508671275],[11.232201467497859,52.15553545526178],[11.23451041642585,52.154968659711415],[11.299905964474481,52.15409999179837],[11.456194697230726,52.18968879048656],[11.4951900923144,52.25251337364692],[11.496152634128565,52.25362220955893],[11.497030666110154,52.254659283525235],[11.579658710451023,52.30746096776472],[11.598693965106019,52.539079135895875],[11.594074374548802,52.54422560391949],[11.590314181640766,52.54295898842787],[11.585612828201196,52.5413592071628],[11.585552865512176,52.54139120783272],[11.584547245791825,52.54244391403944],[11.57931922555702,52.543512698489316],[11.302026858168327,52.637349719940566],[11.128897001219228,52.549534962571315],[11.020805086159163,52.55526130052983],[11.01858547000191,52.55546899532585],[10.952999593411876,52.55434290779595],[10.962119633398197,52.43563288054858],[10.96275273218367,52.43471552456369],[10.962740222631357,52.43460713852302],[10.962818999692566,52.43447613627999]]]},"properties":{"art":"Netzbezirk","bezeichnung":"Oebisfelde","standort":"Oebisfelde"}},{"type":"Feature","geometry":{"type":"Polygon","coordinates":[[[12.013593114976212,52.514882664117486],[12.013593115078866,52.5148826641257],[12.016129738578242,52.5150857576752],[12.10724889935504,52.51747482289989],[12.215527028564852,52.49725734357014],[12.299072262119811,52.49416771381941],[12.410640571227324,52.51646973952342],[12.411793333916297,52.51757821322207],[12.412591980442931,52.51853729165957],[12.509954244480223,52.53317352926307],[12.58561772764104,52.5143662391761],[12.689605861611232,52.48517880840284],[12.794805200588286,52.473618819693094],[12.794805209964474,52.473618818658345],[12.794805211750225,52.47361881846126],[12.794805213779698,52.47361881823731],[12.794805215809157,52.47361881801334],[12.794805218443013,52.473618822700814],[12.845204905088192,52.56311384928225],[12.845751606631032,52.56400935340224],[12.845633661491881,52.56417374254693],[12.846213114566453,52.56530801203683],[12.829553221348647,52.602105876803435],[12.829553215346769,52.602105878134815],[12.51355172316748,52.671676276357736],[12.452876140049986,52.72882190980762],[12.365388602128949,52.77226154302828],[12.363392285438113,52.77249016843302],[12.36156831955777,52.772725988417875],[12.226491855838528,52.77441531624627],[11.98255093086557,52.80959053580409],[11.982550927858137,52.80959053620506],[11.982550930227845,52.809590532094695],[12.034544601131147,52.71921249560239],[11.99285114458593,52.64733084928638],[12.016482260901466,52.5944795384055],[12.016738646069111,52.594312332474466],[11.99478496261137,52.56051063441562],[12.013593114976212,52.514882664117486]]]},"properties":{"art":"Netzbezirk","bezeichnung":"Rathenow","standort":"Rathenow"}},{"type":"Feature","geometry":{"type":"Polygon","coordinates":[[[11.579658710451023,52.30746096776472],[11.74575665180636,52.3281235409091],[11.74872486036335,52.32832981813764],[11.748877059629388,52.32827962881001],[11.750284688948991,52.327815433504],[11.752006747514772,52.327298526782904],[11.75219354788099,52.327242453090555],[11.852865032038265,52.33789398265291],[11.932426717760103,52.43955075768167],[12.013593115078866,52.5148826641257],[11.994784964271464,52.56051063587263],[12.016738647762507,52.59431233396108],[12.016482262594861,52.59447953989212],[11.992851146306318,52.64733085080604],[12.034544602921244,52.71921249718492],[11.982550933253671,52.80959053166184],[11.982550930883956,52.809590535772216],[11.98255093086557,52.80959053580409],[11.982550929671548,52.80959053787513],[11.743381054278789,52.82278602688326],[11.739476497075115,52.82223796322126],[11.650184500490777,52.867965220698984],[11.650184498338255,52.867965216278606],[11.650184497578719,52.86796521471883],[11.57093814975951,52.704570948470455],[11.56721640957108,52.69398453427679],[11.565511703337583,52.693334024182725],[11.563984827055219,52.692790306503355],[11.544195446415287,52.69004005455202],[11.38152905258298,52.66504994018949],[11.38010988128049,52.664538463844025],[11.302026858168327,52.637349719940566],[11.57931922555702,52.543512698489316],[11.584547245791825,52.54244391403944],[11.585552865512176,52.54139120783272],[11.585612828201196,52.5413592071628],[11.590314181640766,52.54295898842787],[11.594074374548802,52.54422560391949],[11.598693965106019,52.539079135895875],[11.579658710451023,52.30746096776472]]]},"properties":{"art":"Netzbezirk","bezeichnung":"Stendal","standort":"Stendal"}},{"type":"Feature","geometry":{"type":"Polygon","coordinates":[[[9.362999885538356,53.61325703549927],[9.362367170268588,53.61184860969508],[9.450056073988208,53.538928840569206],[9.450056074808474,53.53892883988561],[9.450056075407968,53.53892883938602],[9.44806992369742,53.53665533843556],[9.44514106365219,53.53428302493385],[9.44113633575219,53.530335352676744],[9.441136331975036,53.53033534895298],[9.441136327623504,53.53033534466298],[9.447619369753449,53.53494549412986],[9.453613498688568,53.53768368396181],[9.783910406627966,53.42129238287487],[9.810145157997985,53.355397020403885],[9.810145158008066,53.35539702037853],[9.810145158525357,53.355397019077195],[9.705101505464537,53.36808038185047],[9.497873404978861,53.32126229587906],[9.497873404296163,53.321262295724054],[9.54002659663814,53.19189231925641],[9.540799241825118,53.19096722169777],[9.540821133905938,53.19090130925429],[9.541696184421616,53.18982340098085],[9.857329997278578,52.98258536412193],[9.859238624912788,52.98223171512742],[9.861289874108595,52.982857356324324],[10.004020814730769,53.01493834751029],[10.190149183871503,53.023926979577176],[10.190149183709046,53.023926981378295],[10.17944311262458,53.14231979339554],[10.01958233971941,53.27445232865809],[10.004012192998948,53.31542709098041],[10.008060527048164,53.3196074972643],[10.013667577866325,53.31907197489171],[10.038999917490079,53.31664906800828],[10.157940509959937,53.32072586944866],[10.092608011537544,53.39131367454859],[10.093062011656361,53.392269613929265],[10.086407192609219,53.39307019853232],[10.08376989247114,53.39356579730062],[10.079736502482126,53.394789455837156],[10.077051176845634,53.39443356367617],[10.071916983315523,53.39485074893498],[10.058589387617525,53.39877945875576],[10.059368222642439,53.39914063562083],[10.072549563113723,53.395422182875585],[10.076048159011364,53.39505282842022],[10.079567867169471,53.3954259395425],[10.085904432243899,53.39335314415384],[10.092755281268639,53.39256247347374],[10.092775412631179,53.392612585414234],[10.076203004410722,53.3979246649236],[10.068479283902874,53.40194911791649],[10.058062097051122,53.408661371442804],[10.053195474423363,53.411777943229396],[10.051121418960971,53.413029318080845],[10.048972584239207,53.414167819936225],[10.046552249021092,53.41533626976714],[10.042324401301858,53.41713317803746],[10.04130335277193,53.417634755807654],[10.046430095181801,53.42059000204505],[10.137909321256197,53.4575466242209],[10.146314184119996,53.4609353342087],[10.146314189568571,53.46093533640508],[10.025250333837318,53.52880035226514],[10.019638175548033,53.52648208253662],[10.014419817494208,53.51999364526873],[10.012586828007754,53.519966244469266],[10.012339133009789,53.51918403421753],[10.013964780900162,53.51899194834561],[10.011978456612644,53.51468992544213],[10.011888979059004,53.50661735032616],[10.008298041296106,53.48886930736599],[9.99971910791949,53.46618170604499],[9.997561487946175,53.46577548784572],[9.996410864224544,53.46761799191569],[9.996770533150453,53.46923189238762],[9.99776236235473,53.47131197275978],[10.000777709879051,53.47724744410627],[10.002458034253628,53.48122206557836],[10.003024660585803,53.4828201170481],[10.003526088959395,53.48445533284513],[10.003885251795257,53.48576633570056],[10.004556551233653,53.488654954570606],[10.005620766917996,53.49440153609726],[10.006241854620004,53.49713167124776],[10.007328279369716,53.50075274069627],[10.008234501563669,53.50359341050184],[10.008558554366163,53.506335180273204],[10.008668246709748,53.51150696980152],[10.008993339793927,53.513048989931086],[10.012383117696347,53.520494588038325],[10.014378924672036,53.52342947434514],[10.015654956468335,53.52515585345312],[10.016832182815177,53.52651767457509],[10.020834760919424,53.530692050907945],[10.024067072089153,53.534183104840395],[10.024817731919232,53.535098975552415],[10.025212796418067,53.53597818832433],[10.02546280453534,53.53694839899687],[10.025697411241286,53.53770709291939],[10.026043642962994,53.53829578810249],[10.026381942218647,53.53860438911572],[10.027529139907417,53.539297891031715],[10.02750466877435,53.53932997224438],[10.02744893778398,53.53936146391724],[10.027306117988099,53.53930845814639],[10.026691158801958,53.53903402433318],[10.025995058974562,53.53849327766361],[10.025266939738191,53.53753651546026],[10.025122527634224,53.53640618825075],[10.024997543859364,53.5357563227799],[10.024784521182461,53.53533063508726],[10.024534233255743,53.53495539534006],[10.024882255619328,53.5357223188128],[10.024958011921488,53.53605882880523],[10.025012876866281,53.53649340837812],[10.024949409454203,53.536779694577746],[10.024614487339784,53.53745685533228],[10.023767731764671,53.53821145266258],[10.023646577030545,53.538151908373734],[10.024241189101499,53.53762281423402],[10.024616596994136,53.53714095313347],[10.024836255086099,53.536642156527115],[10.024875435005658,53.536132637662114],[10.024779057742506,53.5357132347224],[10.024612568074422,53.53536664169237],[10.024405424052409,53.535030826734065],[10.021182701910005,53.536172745172856],[10.008752839412896,53.53964273654065],[9.984574612519179,53.53980074212988],[9.944531512513079,53.53355502183178],[9.944531512404968,53.53355502181771],[9.86334435930685,53.54787758977788],[9.78213771898763,53.53267397894225],[9.645094115639386,53.5615820459819],[9.5741095690805,53.66196575692349],[9.411730594357483,53.71196040157893],[9.362999885538356,53.61325703549927]]]},"properties":{"art":"Netzbezirk","bezeichnung":"Hamburg-Harburg","standort":"Hamburg-Harburg"}},{"type":"Feature","geometry":{"type":"Polygon","coordinates":[[[9.944531512404968,53.53355502181771],[9.944531509444376,53.5335550182632],[9.944531509482923,53.53355501825638],[9.944531509542891,53.53355501826575],[9.984574609502374,53.539800738535526],[10.008752836381476,53.53964273293709],[10.021182698836482,53.53617274157759],[10.024405424052409,53.535030826734065],[10.024612565036694,53.53536663808979],[10.024779054704387,53.53571323111916],[10.024875431967029,53.536132634058056],[10.024836252046773,53.53664215292225],[10.024616593954505,53.537140949527604],[10.024241186061571,53.53762281062785],[10.023646577030545,53.538151908373734],[10.023767728724549,53.53821144905561],[10.024614484300159,53.53745685172641],[10.02494940641508,53.536779690972814],[10.025012873827553,53.53649340477368],[10.024958008883358,53.53605882520161],[10.024882252579804,53.53572231520564],[10.024534233255743,53.53495539534006],[10.024784518142132,53.53533063147822],[10.024997540819133,53.53575631917165],[10.025122524595501,53.53640618464638],[10.02526693669786,53.53753651185399],[10.025995058974562,53.53849327766361],[10.026691155758428,53.539034020723705],[10.027306114943574,53.539308454536126],[10.027448934709351,53.539361460303475],[10.027504665729719,53.53932996863401],[10.027529139907417,53.539297891031715],[10.026381939175815,53.53860438550706],[10.026043642962994,53.53829578810249],[10.025697408199868,53.53770708931244],[10.025462801495209,53.536948395391434],[10.025212793379337,53.53597818472065],[10.024817728881903,53.53509897195033],[10.024067072089153,53.534183104840395],[10.020834757890706,53.530692047315064],[10.016832179794651,53.52651767099118],[10.015654956468335,53.52515585345312],[10.014378921657016,53.52342947076707],[10.012383114686516,53.52049458446614],[10.008993336795898,53.51304898637292],[10.00866824371383,53.51150696624488],[10.008558551376641,53.50633517672585],[10.008234498577737,53.50359340695708],[10.007328276387085,53.50075273715481],[10.006241851642374,53.497131667712914],[10.005620763945165,53.49440153256904],[10.00455654826882,53.488654951052354],[10.003885248835322,53.485766332190856],[10.003526086001267,53.484455329337834],[10.003024657630176,53.48282011354357],[10.002458031300494,53.48122206207677],[10.000777706932114,53.47724744061197],[9.997762359415095,53.47131196927668],[9.996770530214244,53.46923188890869],[9.996410861289574,53.46761798843961],[9.997561485013517,53.46577548437232],[9.99971910791949,53.46618170604499],[10.008298038329073,53.48886930384927],[10.01188897606688,53.506617346776906],[10.011978453610414,53.51468992187994],[10.013964777889036,53.51899194477184],[10.012339129999459,53.51918403064407],[10.012586828007754,53.519966244469266],[10.014419817494208,53.51999364526873],[10.019638175548033,53.52648208253662],[10.02525033080769,53.52880034867357],[10.146314184116374,53.46093533421073],[10.146314184119996,53.4609353342087],[10.481631242754336,53.42988657051164],[10.601808586204413,53.41126570930307],[10.603854814169349,53.41097990705175],[10.636938636511816,53.4228499910993],[10.636938637214232,53.42284999329838],[10.648671962454113,53.45955054690344],[10.648671965833579,53.459550548920554],[10.64867196588402,53.45955054895066],[10.648671965963823,53.45955054899831],[10.649778757433943,53.46021114293644],[10.651416001062113,53.46112004366301],[10.703715369422065,53.504548538430576],[10.70371536934059,53.50454853845404],[10.703715369247163,53.50454853848095],[10.703715366270586,53.50454853933835],[10.703715365355116,53.504548539602055],[10.632909764710533,53.52491317978812],[10.63142211158345,53.52571735698893],[10.629985814411874,53.526523746637224],[10.427275804579454,53.605478143171865],[10.425883039349047,53.6048788745378],[10.424069810441752,53.60400715056208],[10.289842065586935,53.623709563095574],[10.254250232639524,53.690197500991154],[10.25246287393788,53.69042893286273],[9.976835527768822,53.72232238537036],[9.97683552776518,53.722322385370745],[9.97683552775609,53.722322385369026],[9.9458494154231,53.67227712554006],[9.904373096420835,53.598329487996644],[9.946557400560296,53.58383832675563],[9.959939542113966,53.56415825205977],[9.960519874563836,53.56312046213057],[9.960492200857242,53.563072988604944],[9.96049739239049,53.56305119752251],[9.960508100401535,53.56300932738554],[9.96102094786101,53.561944869758044],[9.957287780913816,53.549663684907706],[9.956973321983781,53.54848672532806],[9.944531512404968,53.53355502181771]]]},"properties":{"art":"Netzbezirk","bezeichnung":"Hamburg-Billwerder","standort":"Hamburg-Billwerder"}},{"type":"Feature","geometry":{"type":"Polygon","coordinates":[[[9.944531509444376,53.5335550182632],[9.944531509482923,53.53355501825638],[9.944531509542891,53.53355501826575],[9.944531512513079,53.53355502183178],[9.956973322068944,53.54848672531177],[9.95728778101207,53.549663684907806],[9.96102094786101,53.561944869758044],[9.960508083672863,53.56300930744432],[9.96049739239049,53.56305119752251],[9.960492200953361,53.56307298859705],[9.960519874662241,53.56312046213057],[9.959939542202509,53.56415825207436],[9.946557400657166,53.58383832675542],[9.904373096513718,53.59832948799665],[9.94584941552051,53.67227712554016],[9.976835527768822,53.72232238537036],[9.97683552776518,53.722322385370745],[9.97683552775609,53.722322385369026],[9.754692267746588,53.67937118107064],[9.75296954920935,53.678460975787964],[9.751730137810704,53.67781940811321],[9.5741095690805,53.66196575692349],[9.645094112891883,53.56158204248133],[9.782137716197905,53.532673975438925],[9.86334435645171,53.54787758621717],[9.944531509444376,53.5335550182632]]]},"properties":{"art":"Netzbezirk","bezeichnung":"Hamburg-Altona","standort":"Hamburg-Altona"}},{"type":"Feature","geometry":{"type":"Polygon","coordinates":[[[10.092755281268639,53.39256247347374],[10.085904432333002,53.39335314416414],[10.079567867216868,53.39542593955819],[10.076048159048566,53.39505282843083],[10.072549563149531,53.39542218288182],[10.059368222642439,53.39914063562083],[10.058589387660218,53.39877945876038],[10.07191698336743,53.394850748944314],[10.077051176903035,53.394433563686455],[10.079736502543819,53.394789455848446],[10.083769892532345,53.39356579731332],[10.086407192662513,53.393070198548415],[10.093062011745872,53.39226961393968],[10.09260801162634,53.39131367456016],[10.157940510056736,53.32072586944866],[10.038999917503372,53.3166490680055],[10.013667577866325,53.31907197489171],[10.008060527048164,53.3196074972643],[10.004012193030851,53.31542709098214],[10.019582339815814,53.27445232865819],[10.179443114288047,53.142319792794495],[10.333308649522179,53.08310255103374],[10.573639360732791,53.03571215693947],[10.565717870349562,52.997670999003816],[10.566526485880695,52.99668491132846],[10.56764862649435,52.995663724257454],[10.877662344191739,52.94297893997723],[10.857004450690912,52.894385701399855],[10.857004450087281,52.894385699978244],[10.857004449793328,52.894385699285976],[10.857004449777914,52.89438569924969],[10.85700444977579,52.894385699244665],[11.13006423532616,52.92182871168891],[11.132314968826657,52.9216075891877],[11.133913408496257,52.92144051970678],[11.277175817055866,52.91091168495697],[11.277175817168688,52.910911685953394],[11.277175817472509,52.910911688636695],[11.298799849059153,53.10088393989608],[11.255928070625023,53.135593255234326],[11.187254293123278,53.15339099152063],[10.741360522320175,53.281848692891124],[10.636938637214232,53.42284999329838],[10.636938635369109,53.422849992636806],[10.603854817550937,53.41097991066035],[10.601808589640509,53.411265712929705],[10.48163124605753,53.42988657412898],[10.146314189568571,53.46093533640508],[10.146314184116374,53.46093533421073],[10.137909321256197,53.4575466242209],[10.046430095278803,53.42059000204618],[10.041303352868928,53.417634755807654],[10.042324401362459,53.417133178053845],[10.046552249083293,53.41533626978426],[10.048972584302396,53.41416781995353],[10.051121419025272,53.413029318098175],[10.053195474489263,53.41177794324641],[10.058062097117629,53.408661371459786],[10.068479283969971,53.401949117933285],[10.076203004507716,53.3979246649236],[10.092775412728178,53.39261258541424],[10.092755281268639,53.39256247347374]]]},"properties":{"art":"Netzbezirk","bezeichnung":"Lüneburg","standort":"Lüneburg"}},{"type":"Feature","geometry":{"type":"Polygon","coordinates":[[[11.277175818469688,52.910911684852195],[11.277175817055866,52.91091168495697],[11.277175812233159,52.91091168531439],[11.277175812207373,52.91091168531633],[11.133913410026858,52.92144052123921],[11.132314970357067,52.921607590719866],[11.13006423292721,52.92182871283063],[11.052465178608728,52.914097144476095],[10.85700445089504,52.89438569984801],[10.857004449777914,52.89438569924969],[10.850962615459006,52.89113161629565],[10.808875270574532,52.868441427950785],[10.806113448462002,52.86706312315335],[10.804479166813435,52.86623517741654],[10.821962112600962,52.79976080704733],[10.842990592009402,52.71954301912261],[10.841597596784325,52.6707912941882],[10.949110398210363,52.603840657299806],[10.952999593411876,52.55434290779595],[11.01858547000191,52.55546899532585],[11.020805086187064,52.55526130052983],[11.128897001219228,52.549534962571315],[11.302026858168327,52.637349719940566],[11.38010988128049,52.664538463844025],[11.38152905258298,52.66504994018949],[11.544195446415287,52.69004005455202],[11.563984827055219,52.692790306503355],[11.565511703337583,52.693334024182725],[11.56721640957108,52.69398453427679],[11.57093814975951,52.704570948470455],[11.650184497578719,52.86796521471883],[11.650184498338255,52.867965216278606],[11.650184500490777,52.867965220698984],[11.650184500623363,52.86796522082591],[11.65018450239934,52.867965222525896],[11.735213847036881,52.94916597314482],[11.735213851722234,52.94916597760884],[11.73659755995042,52.94919547301676],[11.73659756583231,52.9491954731421],[11.736987713705787,52.95334644180383],[11.736987711577177,52.95334644183645],[11.622317849111095,52.955048140027515],[11.277175818469688,52.910911684852195]]]},"properties":{"art":"Netzbezirk","bezeichnung":"Salzwedel","standort":"Salzwedel"}},{"type":"Feature","geometry":{"type":"Polygon","coordinates":[[[10.077124886646509,52.84695501364265],[10.15389369805039,52.69279804605061],[10.155213185805168,52.69190975812807],[10.156617485617867,52.69116393936023],[10.397051506505042,52.58552137829763],[10.609820238976916,52.56226911838285],[10.611938353790796,52.5622991742274],[10.613618406461752,52.56232784318165],[10.681607793921204,52.570940836252745],[10.949110389659824,52.60384065625867],[10.949110390393853,52.603840656348034],[10.949110392853486,52.60384065664753],[10.949110398210363,52.603840657299806],[10.841597596791523,52.670791294188206],[10.842990592016603,52.7195430191226],[10.819053885002107,52.81083224116644],[10.804479166819773,52.86623517741975],[10.8061134484692,52.867063123153365],[10.808875270844332,52.86844142791845],[10.825871061244802,52.877608904458896],[10.85700444977579,52.894385699244665],[10.85700445089504,52.89438569984801],[10.857004450897387,52.894385699853515],[10.85700445098931,52.89438570007001],[10.85700445159294,52.89438570149161],[10.877662345711357,52.94297894147215],[10.567648627881958,52.995663725736144],[10.566526487313908,52.99668491279997],[10.56571787178248,52.99767100047265],[10.573639362192997,53.035712158440454],[10.33330865092059,53.083102552525254],[10.179443114288047,53.142319792794495],[10.190149185346728,53.02392698019766],[10.216098645108472,52.99946672869096],[10.216362760284825,52.99826036163188],[10.216566919674644,52.99717725574557],[10.177328639532497,52.93225282120244],[10.077124886646509,52.84695501364265]]]},"properties":{"art":"Netzbezirk","bezeichnung":"Uelzen","standort":"Uelzen"}},{"type":"Feature","geometry":{"type":"Polygon","coordinates":[[[10.568487752239593,54.330107551226924],[10.541309765132292,54.33807363429126],[10.743662302910462,54.51210649349897],[10.3172123680108,54.590555448231065],[10.169406264581395,54.738175493761304],[10.08469629576104,54.76161627595088],[10.051115168039853,54.76324810702311],[9.983216994170776,54.795617073003605],[9.96036306055947,54.685934965103556],[9.950243124811434,54.5958973136183],[9.908880763727845,54.50744664412203],[9.892741571186981,54.44094869132343],[9.892090893065186,54.43976487847116],[9.86206647220427,54.38941215958288],[9.862118417198642,54.316697569759334],[9.861871434955006,54.31545759007556],[9.855755032363625,54.27712401243958],[9.806023730726254,54.234037613327494],[9.804174145897646,54.23365168958448],[9.802333941751325,54.233287230048326],[9.72387626285151,54.225556070976104],[9.34722993238312,54.214244714376385],[9.347229928287314,54.214244714246945],[9.127519117047976,54.18092311886898],[9.12585826529189,54.179075676835815],[9.12315784837988,54.177198314196744],[9.097135567149929,54.172406465694664],[9.621054794073817,53.99038438328183],[9.61655948748762,53.96036561375832],[9.609019936326728,53.91406232857522],[9.689597859250153,53.86534325655714],[9.691023441919391,53.86485949471902],[9.69303526382216,53.86421926441877],[9.933583716981712,53.91696989856444],[10.100061919011042,53.830809235261945],[10.237269455659423,53.951738492102834],[10.239082604923864,53.95237199239705],[10.240697323135857,53.95290854420318],[10.389313585556533,54.06068447920654],[10.397258671431956,54.14889298199292],[10.397544280697003,54.149852765125004],[10.405454623965412,54.17730331424256],[10.56464993928484,54.23104108348843],[10.568487752239593,54.330107551226924]]]},"properties":{"art":"Netzbezirk","bezeichnung":"Neumünster","standort":"Neumünster"}},{"type":"Feature","geometry":{"type":"Polygon","coordinates":[[[8.99089717975107,54.12311527589811],[9.093381150281616,54.17306731585314],[9.09713556621522,54.17240646552245],[9.097135567149929,54.172406465694664],[9.123157846781108,54.17719831247965],[9.12585826529189,54.179075676835815],[9.127519117047976,54.18092311886898],[9.347229928287314,54.214244714246945],[9.497082377056667,54.29643152946475],[9.498044227701277,54.30497247548642],[9.428554105154934,54.384814828512376],[9.391670952794177,54.45521469195937],[9.295416582086975,54.54175349516578],[9.29420353102024,54.54272567063701],[9.105818964840031,54.77080612832492],[9.106423362734125,54.77203250413551],[9.106844033005784,54.773307579913194],[9.212582000320356,54.85686191880726],[9.142149854252953,54.87302964307437],[9.107683161960294,54.87349824311099],[9.047657160775906,54.87206208665632],[8.99475753727927,54.89014013171213],[8.952223689997401,54.90179899835372],[8.89199810770418,54.904947958322644],[8.872712496926692,54.89936223511629],[8.86560744569913,54.899843406477736],[8.859865759046764,54.8967611625107],[8.848821045075175,54.89735872877015],[8.834224796783435,54.90621895669707],[8.79962439414357,54.904607801450304],[8.776965885299811,54.89294075786551],[8.750527267900337,54.89717833690042],[8.729287364908107,54.89132898607782],[8.68113970955394,54.91039329288675],[8.660064671524328,54.90867198063954],[8.55546359770052,54.920842326701866],[8.557282093413065,54.99282016302118],[8.519216133391177,54.99264055487384],[8.47219884268419,55.02534188432809],[8.290072732294838,55.06476716615526],[8.044417421620983,55.09916753807737],[7.955483865643563,54.94712885254707],[7.9364673336287535,54.827724126404355],[7.930937892516251,54.75355509108941],[7.946487568794608,54.64820279547372],[7.971781148251443,54.59044027987255],[8.162427030787859,54.337475521777925],[8.16242703199997,54.33747552015858],[8.183605383001646,54.32803336318638],[8.183717359033507,54.327983418313934],[8.26355339782817,54.29231640382453],[8.281121159870613,54.28445248733282],[8.564583985874881,54.15679071885712],[8.890143839844608,54.01368438814767],[8.890143840651596,54.01368438902681],[8.890143841120286,54.01368438953741],[8.99089717975107,54.12311527589811]]]},"properties":{"art":"Netzbezirk","bezeichnung":"Husum","standort":"Husum"}},{"type":"Feature","geometry":{"type":"Polygon","coordinates":[[[9.97683553270363,53.72232239123243],[10.101563556057824,53.70797420715542],[10.252462879222755,53.690428938807585],[10.254250237922204,53.69019750694373],[10.289842070783012,53.62370956888767],[10.424069815701987,53.60400715639579],[10.425883044687659,53.60487888036447],[10.427275809860932,53.60547814900235],[10.629985819761382,53.526523752423934],[10.631422117024258,53.52571736273904],[10.632909770046638,53.52491318556759],[10.703715371908874,53.5045485450371],[10.703715372856735,53.50454854476409],[10.70371537580092,53.50454854391604],[10.703715375976135,53.504548543865575],[10.821295534042973,53.60079339719997],[10.822495134422937,53.6017724364531],[10.905766889773947,53.76753232839991],[11.096432761564927,53.8227516233962],[11.09643276882955,53.82275162549154],[11.09643276889806,53.82275162559741],[11.116481442371404,53.8537064401833],[11.116481442366318,53.85370644022244],[11.116481442159346,53.85370644181382],[11.116332059274864,53.854855003488545],[11.116100717125939,53.85603234434727],[11.073226875211487,53.987483199453784],[11.073226874067338,53.98748319983155],[10.945608638557804,54.02951149661688],[10.699815026805396,53.91180543000266],[10.69673783706811,53.91111483785155],[10.389313585661524,54.06068447868913],[10.240697323220141,53.95290854367338],[10.239082605013758,53.95237199187188],[10.237269455744904,53.95173849157446],[10.100061919005533,53.83080923472824],[9.97683553480876,53.72232239311734],[9.97683553270363,53.72232239123243]]]},"properties":{"art":"Netzbezirk","bezeichnung":"Lübeck","standort":"Lübeck"}},{"type":"Feature","geometry":{"type":"Polygon","coordinates":[[[10.74366230314563,54.51210649348351],[10.541309765132292,54.33807363429126],[10.568487752239593,54.330107551226924],[10.564649939406234,54.2310410833691],[10.405454624083612,54.17730331411965],[10.397544280816,54.149852765004894],[10.397258671550855,54.14889298187184],[10.38931358567553,54.060684479084735],[10.69673783708412,53.91111483825485],[10.699815026820408,53.91180543040587],[10.945608638575822,54.02951149701479],[11.07322687391806,53.98748320028783],[11.073226875645048,53.98748319971763],[11.073226876294,53.987483199910514],[11.119154361083558,54.015404414237224],[11.49698906387172,54.24300640576851],[11.63326298948655,54.32418364299303],[11.644421182587255,54.33080923197793],[11.644421195490956,54.330809239643386],[11.644421195035259,54.330809239916995],[11.311062331927047,54.52955324636003],[11.141341940628022,54.577055345084375],[10.824936966322424,54.54760314803925],[10.74366230314563,54.51210649348351]]]},"properties":{"art":"Netzbezirk","bezeichnung":"Neustadt (Holstein)","standort":"Neustadt (Holstein)"}},{"type":"Feature","geometry":{"type":"Polygon","coordinates":[[[9.21258200177798,54.85686191856078],[9.106844033005784,54.773307579913194],[9.106423360761815,54.77203250060491],[9.105818962868561,54.77080612479534],[9.294203529120436,54.54272566728882],[9.295416580187034,54.54175349181827],[9.391670950912012,54.45521468867191],[9.428554103303695,54.3848148252821],[9.498044225874946,54.30497247231451],[9.497082377056667,54.29643152946475],[9.34722993238312,54.214244714376385],[9.723876259172199,54.225556065950705],[9.802333938002787,54.23328722497723],[9.804174142148335,54.233651684511905],[9.806023726974558,54.23403760825304],[9.855755032363625,54.27712401243958],[9.861871431052252,54.31545758482439],[9.862118413293842,54.316697564505844],[9.862066468200602,54.389412154187205],[9.89209088896844,54.43976487296477],[9.892741567088123,54.440948685814185],[9.908880759523875,54.507446638474434],[9.950243120449105,54.595897307776234],[9.960363056060872,54.68593495907428],[9.983216991107827,54.79561707446181],[9.893340300119945,54.84152295340099],[9.613961663724579,54.901992361372734],[9.314069452585795,54.84276354914439],[9.21258200177798,54.85686191856078]]]},"properties":{"art":"Netzbezirk","bezeichnung":"Schleswig","standort":"Schleswig"}},{"type":"Feature","geometry":{"type":"Polygon","coordinates":[[[9.339038621891818,52.36398629769267],[9.339038622377018,52.363986296908514],[9.339038622379395,52.36398629690471],[9.339038622695957,52.363986296393094],[9.375454108737241,52.349890906704466],[9.37782373050196,52.34986469223532],[9.381034184281386,52.349787124942644],[9.645530666769993,52.31744658875623],[9.649003008029025,52.316626820598856],[9.803713294847748,52.21454137658369],[9.818764588525024,52.20419754352354],[9.818764588534805,52.20419754351683],[9.821084295274774,52.203640333847254],[9.822763179053554,52.203213357287446],[9.824284142743497,52.18472316560227],[9.830592469942138,52.18583408937195],[9.832367811269583,52.18616658240226],[9.845618738161177,52.19005174306466],[9.845618751847837,52.19005176305116],[9.884239418520641,52.252871370971064],[9.786694855411703,52.35006865489815],[9.785277407995917,52.350968088752595],[9.784139458322201,52.351748468791065],[9.791316298674063,52.359937784781984],[9.823971397890967,52.373287499326025],[9.832222619733148,52.3735330960033],[9.834763257143537,52.37307211886418],[9.834752714176389,52.37318287489751],[9.827742909546672,52.37498521085641],[9.827656316669978,52.376262081944674],[9.964706741053622,52.55542527019365],[9.963739292830232,52.55626796567675],[9.962583472339245,52.55730168670648],[9.623652498510996,52.66687749338448],[9.621542091479759,52.666796555390455],[9.620729125007236,52.67138402197281],[9.621383271650977,52.673017485928824],[9.624995941418922,52.679559582841456],[9.625757538485933,52.681184024703974],[9.626109305631655,52.68512010554184],[9.621569660901471,52.69025599022182],[9.593257961578535,52.70527347590338],[9.579817319822041,52.70936486003767],[9.574818363730188,52.71600933839718],[9.57596162472187,52.71890617735755],[9.580354822404587,52.71680286905073],[9.586316361598799,52.71188521521038],[9.60505848595449,52.70545921560841],[9.626204003262503,52.69234218049849],[9.627250782617182,52.68727374980817],[9.627025033976015,52.683851355959646],[9.62583103671152,52.68122191231716],[9.633046468846578,52.68036421836035],[9.637144836089922,52.690048553733966],[9.641649169160447,52.69974280981078],[9.642421522729297,52.70694164370305],[9.639744475387994,52.70727449912944],[9.58037292223934,52.71682467112484],[9.575958072561827,52.71891087957423],[9.575958072561603,52.7189108795743],[9.575958071693123,52.71891087998469],[9.574785900480205,52.7160157444399],[9.574785898466974,52.71601573946705],[9.574785897906922,52.716015738083726],[9.353941382204223,52.59132878000556],[9.353941381125074,52.59132877939358],[9.353941380833776,52.59132877922837],[9.353439413384566,52.59015076048151],[9.352968580388422,52.58913202756587],[9.352968578443395,52.58913202335736],[9.352968577560095,52.58913202144615],[9.248590450287598,52.59434693344551],[9.17066791554621,52.59618946667221],[9.170667913851155,52.596189466711756],[9.170667909799867,52.59618946680621],[9.33772210039232,52.366149843408834],[9.338523177781717,52.36481930785441],[9.339038621891818,52.36398629769267]]]},"properties":{"art":"Netzbezirk","bezeichnung":"Hannover","standort":"Hannover"}},{"type":"Feature","geometry":{"type":"Polygon","coordinates":[[[10.00002077047488,52.16759786016716],[9.963851827677962,52.13841642396471],[9.962107685305911,52.1383526988023],[9.960101444704472,52.13831439739831],[9.960101429260042,52.13831438687563],[9.961664010711134,52.12698006690095],[9.962580745673726,52.12510719097727],[9.99542445175035,52.02863066804634],[9.996699639989567,52.02778180150287],[10.000104150675805,52.03008974418622],[10.002771916938977,52.028919080250006],[10.14181563624254,51.89463727538149],[10.180754879648699,51.89387854135744],[10.182954507287645,51.89331909974188],[10.183059324062636,51.89331615830712],[10.185199491961287,51.89660792807048],[10.186475911053847,51.898229678365524],[10.188299726820567,51.89972927951061],[10.191750455709066,51.90154481382205],[10.197620375647885,51.90878867375353],[10.197525632798861,51.93003200443711],[10.211775836018601,51.993204350563474],[10.238632766981583,51.99012095783572],[10.240000368799134,51.98935879511332],[10.241369121510877,51.988610189297916],[10.231649161523661,51.945436617321484],[10.23222395110396,51.94451564670164],[10.232936166439375,51.94330452347793],[10.214251063644115,51.80826598215257],[10.214251063643948,51.80826598215137],[10.44906835412185,51.752819594098455],[10.449068357551893,51.75281959328414],[10.449068365150984,51.7528195960304],[10.449068366276526,51.7528195968218],[10.449068366676272,51.75281959710287],[10.449068366769799,51.75281959716866],[10.449068374471674,51.75281960258416],[10.449068375273713,51.752819603148126],[10.449068376834417,51.75281960424553],[10.449068376890741,51.75281960428512],[10.548205221972063,51.82237674464765],[10.556716527874254,51.828334502565646],[10.621372822580263,51.87352046871583],[10.629730377527705,51.879351954563646],[10.64949865261603,51.89313680115509],[10.64989698797263,51.89344554093045],[10.650063683823625,51.89357474103765],[10.651328800917543,51.894555256633616],[10.651600179235007,51.894765578089945],[10.654871941855493,51.89730102917647],[10.654871941803364,51.89730102929861],[10.654871941800623,51.89730102930506],[10.654871939892939,51.89730103377558],[10.654871938535079,51.897301036957614],[10.63258262324053,51.94947271847029],[10.632421055308585,51.94953582443518],[10.60077237712177,52.041902715697454],[10.600772378166544,52.04190271575843],[10.600772378366537,52.04190271577011],[10.600772379098299,52.041902715812796],[10.60077237944256,52.041902715832876],[10.896983869156863,52.05880707550791],[10.896983870066684,52.058807076386],[10.89698387096008,52.05880707724827],[10.899573204387094,52.06130598372785],[10.899573204573375,52.06130598825413],[10.899732727788278,52.065181786547136],[10.89497506003946,52.065773521176126],[10.89449592257767,52.06580423503834],[10.89447065376702,52.06584934958191],[10.894475698604719,52.06585881878092],[10.894475701861738,52.0658588186165],[10.89447570497948,52.065858818459105],[10.894475705394633,52.06585881843815],[10.894475706005347,52.065858818407314],[10.897302020037207,52.06570471580758],[10.899801508626634,52.06554862977117],[10.900519513735384,52.06551557751481],[10.902165988362148,52.065423051314475],[10.906267566660555,52.06526354859643],[10.920391361444551,52.064510565091645],[11.036308424733535,52.09276417570308],[11.036308424728132,52.09276417639976],[11.036308424723284,52.092764177023014],[11.036308424687236,52.09276418166041],[11.036308424663922,52.092764184660716],[11.035392770336323,52.2108653485385],[11.035392772215639,52.210865349143454],[11.035392772221613,52.210865349145394],[11.03539277239339,52.210865349200674],[11.035392773241549,52.210865349473714],[11.040437238683152,52.21249687322376],[11.040437238683387,52.21249687323498],[11.04043723869744,52.21249687390471],[11.040437238807492,52.21249687914924],[11.040437238870126,52.21249688213402],[11.042318778166155,52.301866897173745],[10.957637881989502,52.42731260428493],[10.954630789640227,52.428111057320386],[10.95483417335186,52.42840523721908],[10.955036575311313,52.42872557817955],[10.955476684403806,52.429822878880195],[10.955947628639858,52.432975413055594],[10.955947631256025,52.432975413627055],[10.95594763218114,52.43297541382915],[10.955947633172856,52.43297541404578],[10.95594763639257,52.43297541474907],[10.96281897210582,52.43447612671495],[10.962818971632846,52.434476127501426],[10.962818970223445,52.434476129845024],[10.962818969065957,52.43447613176972],[10.962818967779018,52.43447613390967],[10.962740197765239,52.4346071145608],[10.962752707318351,52.43471550059965],[10.962119608525386,52.43563285657197],[10.952999567007797,52.554342882104244],[10.949110371190466,52.6038406308879],[10.681607769315784,52.570940811502446],[10.613618382435456,52.5623278188508],[10.609820214977923,52.562269094069315],[10.397051483694273,52.58552135453625],[10.372235780413762,52.52678881228022],[10.352238264502564,52.45627002254262],[10.353134078259684,52.454038520878186],[10.307166215641706,52.4454532293619],[10.284939869655426,52.43633951967312],[10.284939867270413,52.43633951808806],[10.284929483325474,52.43632872500416],[10.278533531184305,52.43971411463056],[10.277814373519574,52.4401015112867],[10.277140313973389,52.440443167215726],[10.27708042416899,52.44045802312358],[10.276242669569314,52.44066580992471],[10.275563349888781,52.43961239359695],[10.276313146495978,52.438016019739074],[10.290855818547076,52.42417993799845],[10.143890885197951,52.3470226666571],[10.143027769801733,52.34646922349929],[10.141353334656094,52.34536593317525],[9.99872155917358,52.1697381185542],[9.99941275308938,52.16861746198826],[10.00002077047488,52.16759786016716]]]},"properties":{"art":"Netzbezirk","bezeichnung":"Braunschweig","standort":"Braunschweig"}},{"type":"Feature","geometry":{"type":"Polygon","coordinates":[[[9.633046468846578,52.68036421836035],[9.625831031198354,52.681221906063676],[9.62702502846332,52.683851349635525],[9.627250777124905,52.6872737434589],[9.626203997762477,52.6923421741264],[9.6050584804571,52.70545920920113],[9.586316356124764,52.711885208795366],[9.580354803267506,52.71680284658918],[9.57596162472187,52.71890617735755],[9.574818344634307,52.71600931596923],[9.579817314357163,52.70936485364657],[9.59325795608203,52.70527346952062],[9.621569655397153,52.69025598388274],[9.626109300135427,52.68512009924762],[9.625757533056532,52.681184018390994],[9.624995935995226,52.67955957653507],[9.62138326625541,52.67301747965561],[9.620729119616467,52.671384015708234],[9.62154208609596,52.66679654914448],[9.623652493123306,52.666877487135864],[9.962583466739744,52.5573016805488],[9.963739287241456,52.55626795951877],[9.964706735463762,52.55542526403543],[9.827656311902004,52.3762620766882],[9.82774290478166,52.374985205603124],[9.834752709397888,52.3731828696466],[9.834763257143537,52.37307211886418],[9.83222261495622,52.37353309075131],[9.823971393127401,52.373287494084416],[9.791316298674063,52.359937784781984],[9.784139453692411,52.35174846368108],[9.785277403375678,52.350968083644226],[9.78669485078387,52.35006864979214],[9.884239152117718,52.252871448993425],[9.845618750118536,52.19005176254427],[9.845618738161177,52.19005174306466],[9.849066560681065,52.16920004980286],[9.848227117624477,52.1676237436198],[9.850266388857438,52.16625164842162],[9.86252028740913,52.15381127550971],[9.866097396126442,52.143366866062415],[9.866636342216257,52.14222021165434],[9.869967487815124,52.14274328044762],[9.960101429260042,52.13831438687563],[9.960101446111135,52.138314387197475],[9.962107675470333,52.13835268838272],[9.963851817891035,52.138416413546636],[10.00002077047488,52.16759786016716],[9.999412742891211,52.16861745119687],[9.998721549022955,52.16973810775984],[10.141353334656094,52.34536593317525],[10.143027757748595,52.34646921067679],[10.1438908731528,52.34702265383543],[10.290855818547076,52.42417993799845],[10.2763131331846,52.43801600567228],[10.275563336555908,52.439612379523574],[10.276242669569314,52.44066580992471],[10.27708042416899,52.44045802312358],[10.2771403149308,52.44044316822181],[10.277814376391817,52.44010151430467],[10.278533531184305,52.43971411463056],[10.284929483325474,52.43632872500416],[10.284939867270413,52.43633951808806],[10.284939869655426,52.43633951967312],[10.307166202137235,52.445453215144866],[10.353134078259684,52.454038520878186],[10.35223825072139,52.456270008100574],[10.372235779461754,52.52678881119519],[10.397051468718393,52.58552133869539],[10.156617448081995,52.69116389860811],[10.155213148455287,52.69190971751785],[10.153893660696108,52.692798005427676],[10.0771248466559,52.84695496996284],[9.642421522729297,52.70694164370305],[9.641649163648799,52.699742803399914],[9.637144830617848,52.69004854737099],[9.633046468846578,52.68036421836035]]]},"properties":{"art":"Netzbezirk","bezeichnung":"Lehrte","standort":"Lehrte"}},{"type":"Feature","geometry":{"type":"Polygon","coordinates":[[[9.268362995577995,51.79832311018825],[9.42212134485178,51.78915745481028],[9.422708684082833,51.78901247321908],[9.424935605306889,51.7884627344676],[9.424935605737838,51.788462734364415],[9.430277522976812,51.7911536118507],[9.430277526255425,51.79115361349549],[9.432465443801783,51.7905925422236],[9.458447331307845,51.74713624344091],[9.4584473336123,51.747136239605915],[9.932530310745687,51.781083187375614],[9.934511278719306,51.78127660386303],[9.9361929632876,51.78142225881637],[9.961976607276537,51.76078981163662],[9.963948259838006,51.75864427594982],[9.96593074275143,51.758448578568704],[9.96762961889533,51.75831332780616],[10.185920722951934,51.80609093933195],[10.214251063644115,51.80826598215257],[10.23293618056059,51.94330453759841],[10.23222396523568,51.944515660834504],[10.23164917566158,51.945436631463146],[10.241369136190402,51.98861020404109],[10.240000383480558,51.98935880986507],[10.238632781625503,51.99012097259877],[10.211775590774778,51.99320444881703],[10.197525387101448,51.930032101776774],[10.197620129836872,51.908788770819875],[10.19175020981556,51.901544910757906],[10.188299740198469,51.899729292873964],[10.186475911053847,51.898229678365524],[10.185199505273301,51.896607941395146],[10.183059324062636,51.89331615830712],[10.182954520538564,51.89331911301936],[10.180754892893416,51.893878554633815],[10.14181564932456,51.894637288510786],[10.002771930738218,52.028919094586584],[10.000104164482352,52.03008975851858],[9.996699653755693,52.02778181579124],[9.995424465517193,52.02863068234502],[9.962580760302117,52.12510720642935],[9.961664025355459,52.12698008237542],[9.960101446111135,52.138314387197475],[9.960101444704472,52.13831439739831],[9.869967511625498,52.142743305995666],[9.866636366022927,52.14222023716839],[9.866097419948627,52.14336689160125],[9.862520311392077,52.153811301258656],[9.850266412921453,52.16625167436989],[9.848227141688264,52.16762376958755],[9.849066584785529,52.169200075810956],[9.845618751847837,52.19005176305116],[9.845618750118536,52.19005176254427],[9.832367831371908,52.18616660418172],[9.830592490022743,52.185834111136266],[9.824284162803556,52.18472318731164],[9.822763199381589,52.20321337933938],[9.821084315597215,52.203640355895885],[9.818764618927784,52.20419755863694],[9.818764588525024,52.20419754352354],[9.655260694114592,52.12259254374715],[9.610218041810322,52.100120214969934],[9.610356236755225,52.09783688187182],[9.719725675115173,51.90101451057381],[9.715906044530096,51.89806153347362],[9.714712239174482,51.89658994414905],[9.71441614817787,51.896634930703954],[9.713773049305203,51.896817500802],[9.712402894157774,51.89712265079611],[9.710913746032315,51.897352567273494],[9.709007738561809,51.8975665693658],[9.707104406911936,51.89763632139142],[9.701788178632741,51.89765588689324],[9.692366548546708,51.897742403021304],[9.692423671546832,51.89952159222508],[9.60287674890459,51.885983191230665],[9.210804401359699,51.80170160483809],[9.210804393691296,51.801701603173754],[9.210804385165808,51.8017016013234],[9.268362995577995,51.79832311018825]]]},"properties":{"art":"Netzbezirk","bezeichnung":"Kreiensen","standort":"Kreiensen"}},{"type":"Feature","geometry":{"type":"Polygon","coordinates":[[[8.54763528683631,52.83768316079083],[8.702487299747808,52.82852038558217],[8.705031647805578,52.82674750563463],[8.735695884594746,52.753303759786625],[8.809949814642813,52.697171542715],[8.812049735772316,52.695854245027654],[8.814274027711368,52.69576466034785],[8.8142740279715,52.69576466033736],[8.81427402807045,52.69576466033337],[8.81595219721635,52.6981212333406],[8.819999708328146,52.7132836451926],[9.076535512266318,52.8793912897781],[8.966647354075207,53.03178408570834],[8.968416655686902,53.033852059760775],[9.003841369144538,53.07603676713818],[9.002249944762276,53.076747614044265],[9.000783806352405,53.07734895939844],[8.962145402849933,53.0834451118569],[8.962323506187175,53.08458501923734],[8.985745076040248,53.247089806173534],[8.807491024235228,53.24125373715191],[8.806082501458718,53.241367510902435],[8.803664709829874,53.24159719380225],[8.615476567138503,53.24415533563377],[8.612766679716962,53.182278807178825],[8.708300441924122,53.060664005205126],[8.708667853077362,53.05952522569161],[8.70906933887187,53.058389800891916],[8.72725056292882,53.01552641946849],[8.547635288930561,52.837683162876246],[8.54763528683631,52.83768316079083]]]},"properties":{"art":"Netzbezirk","bezeichnung":"Bremen","standort":"Bremen"}},{"type":"Feature","geometry":{"type":"Polygon","coordinates":[[[9.497873403473335,53.32126229824166],[9.70510150684959,53.36808038467814],[9.810145158008066,53.35539702037853],[9.810145160167256,53.35539702011679],[9.783910408103505,53.421292385755976],[9.453613499564229,53.537683686634],[9.447619371127416,53.53494549702755],[9.441136331975036,53.53033534895298],[9.441136330699294,53.53033534804568],[9.441136330141317,53.53033534868622],[9.445141065025835,53.534283027829645],[9.448069925077672,53.536655341337635],[9.450056074808474,53.53892883988561],[9.450056076244836,53.53892884152967],[9.362367171071915,53.611848610163456],[9.362999885538356,53.61325703549927],[9.411730594885045,53.71196040378968],[9.099632287450842,53.85135102957071],[8.956224893928464,53.95825085693442],[8.890143840974948,54.013684388756026],[8.890143840651596,54.01368438902681],[8.564583987169891,54.15679072106501],[8.45445816731817,54.20656118207499],[8.281121159870613,54.28445248733282],[8.190182286082681,54.3250994708951],[8.183717359033507,54.327983418313934],[8.171214088921735,54.33355887952755],[8.162427034852323,54.33747552017723],[8.162427030787859,54.337475521777925],[8.162427020557102,54.33747552580712],[8.080399468169547,54.36972701597303],[7.9548065362704055,54.394413595236486],[7.7852545772732205,54.38801575023172],[7.626689516728244,54.34685769140699],[7.5387707518226135,54.26441795310654],[7.515219613672221,54.18916236801169],[7.554857971101866,54.11100854980511],[7.641474765291296,54.033842056306334],[7.728332754539598,53.9941938749866],[8.511342353953795,53.56794846246074],[8.551546346212742,53.52757019020364],[8.615476567133971,53.244155336884404],[8.803664709825945,53.24159719505294],[8.806082501456423,53.24136751215292],[8.807491024231805,53.241253738402506],[8.985745076368497,53.247089809695794],[9.242725407684222,53.31586608534943],[9.497873403473335,53.32126229824166]]]},"properties":{"art":"Netzbezirk","bezeichnung":"Bremerhaven","standort":"Bremerhaven"}},{"type":"Feature","geometry":{"type":"Polygon","coordinates":[[[7.526786842619887,53.04799637172526],[7.703343856039568,53.20946373997657],[7.702993855661763,53.210245413897404],[7.702326661803599,53.21167363495699],[7.602940617179996,53.46399403780745],[7.327385109239722,53.6184947609469],[7.011270608852694,53.89833456523495],[7.011270604944313,53.89833456866635],[7.011270604441503,53.89833456910777],[6.907263100631895,53.87427725270728],[6.731431815296256,53.86085504532808],[6.663795715818022,53.83928847558941],[6.592032865045194,53.816340463135695],[6.519231594429796,53.798580617916336],[6.452770056670446,53.78231589813187],[6.345918155091822,53.72454303457667],[6.34591815525515,53.72454303428308],[6.41261432992045,53.60428471357093],[6.551673117741822,53.5784470425878],[6.6074050889188625,53.55373908556228],[6.627538838788709,53.530233357854684],[6.686685466755294,53.49260675833518],[6.8813551010249405,53.4402705896255],[6.878999723195038,53.3934878951862],[6.895483403504094,53.34384197521609],[7.046195408783566,53.29976748964798],[7.181208724876672,53.30821028014205],[7.19847697705033,53.21994307347329],[7.175712233299134,53.13149370658691],[7.182384298252243,53.12136683658062],[7.197298460640134,53.112179909912705],[7.209856791066791,53.007216176918945],[7.208429572203421,53.00440841031772],[7.184382600593719,52.95704459849518],[7.184382600942929,52.95704459831343],[7.191757118444981,52.95414737013939],[7.258177072418402,52.92801450115129],[7.3365108953806075,52.89710505653424],[7.338412559084691,52.89672981277916],[7.340148547984157,52.89643804637892],[7.526786842619887,53.04799637172526]]]},"properties":{"art":"Netzbezirk","bezeichnung":"Leer","standort":"Leer"}},{"type":"Feature","geometry":{"type":"Polygon","coordinates":[[[7.011270604230981,53.89833456856863],[7.011270608139362,53.89833456513723],[7.327385109264992,53.61849476017348],[7.602940617200901,53.46399403701843],[7.702326661822757,53.21167363414132],[7.70299385568099,53.21024541308121],[7.703343856039568,53.20946373997657],[7.526786843087552,53.047996371304265],[7.924260052288755,52.686491616099474],[7.936412850967919,52.68609508575063],[7.937930029385906,52.686847060165704],[7.9393098406608384,52.68758745183156],[8.058186040112494,52.75986200365915],[8.195173089021049,52.84270582935749],[8.207662410052178,52.8929685219835],[8.208898906374667,52.89592362286459],[8.209397435979296,52.898077363656995],[8.209603873407346,52.89983649893785],[8.211198761492465,52.89973052463984],[8.391140278525,52.8137514773448],[8.393259475335629,52.81377995609893],[8.394936449595564,52.81383222905049],[8.54763528843927,52.837683162904995],[8.72725056292882,53.01552641946849],[8.709069338870169,53.058389801394114],[8.7086678530757,53.05952522619317],[8.708300441921958,53.06066400570732],[8.612766679716962,53.182278807178825],[8.615476567136263,53.24415533612387],[8.551546346215767,53.52757018946976],[8.511342353956065,53.56794846173298],[7.728332753094147,53.994193874542376],[7.728332742521329,53.99419387316365],[7.011270604441503,53.89833456910777],[7.011270604230981,53.89833456856863]]]},"properties":{"art":"Netzbezirk","bezeichnung":"Oldenburg (Oldb)","standort":"Oldenburg (Oldb)"}},{"type":"Feature","geometry":{"type":"Polygon","coordinates":[[[8.8142740279715,52.69576466033736],[8.814274027756829,52.695764660035906],[8.814274026850054,52.695764658762485],[8.814521091774902,52.69406937151566],[8.815739588037394,52.694039351293675],[8.838393576486755,52.59162746682058],[9.049231253090024,52.57288653729812],[9.167538497650186,52.598158841578254],[9.168583300613388,52.59748598267306],[9.170667895245481,52.596189492185815],[9.170667896940532,52.5961894921463],[9.248590470823538,52.59434695835014],[9.352968578443395,52.58913202335736],[9.352968586976381,52.5891320229272],[9.353439434568957,52.59015078580572],[9.353941382204223,52.59132878000556],[9.353941389151997,52.59132879631049],[9.574785898466974,52.71601573946705],[9.574785913843398,52.71601574810933],[9.575957712355024,52.718909989955684],[9.575958072561603,52.7189108795743],[9.575958073065415,52.71891088081862],[9.575958074097985,52.71891088336817],[9.580372946848154,52.71682470001098],[9.639744500321838,52.707274528116585],[9.642421548203842,52.706941677516035],[10.077124886620574,52.8469550136205],[10.077124886646509,52.84695501364265],[10.177328639532497,52.93225282120244],[10.177328639571366,52.93225282126686],[10.216566916759934,52.99717725486847],[10.216362757728696,52.99826035882805],[10.216098643720287,52.999466724781314],[10.190149182826993,53.02392697681464],[10.004020813566454,53.01493834612518],[9.861289873002475,52.98285735499271],[9.859238623854612,52.98223171380732],[9.85732999619591,52.982585362818035],[9.541696183295915,53.18982339956813],[9.540821132785444,53.190901307837294],[9.540799240704713,53.190967220280776],[9.540026595518622,53.19189231783503],[9.497873402159705,53.321262293984745],[9.24272540538964,53.31586608116985],[8.985745076040248,53.247089806173534],[8.962323504306905,53.08458501676413],[8.96214540097134,53.08344510938549],[9.000783804459193,53.07734895692323],[9.00224994286892,53.07674761156948],[9.003841369144538,53.07603676713818],[8.968416653856233,53.03385205736407],[8.966647354075207,53.03178408570834],[9.076535512266318,52.8793912897781],[8.819999708328146,52.7132836451926],[8.815952195800751,52.6981212314958],[8.8142740279715,52.69576466033736]]]},"properties":{"art":"Netzbezirk","bezeichnung":"Verden (Aller)","standort":"Verden (Aller)"}},{"type":"Feature","geometry":{"type":"Polygon","coordinates":[[[7.609812654532113,52.229187696751126],[7.609812655596556,52.22918769566568],[7.6098126567884075,52.22918769445026],[7.609812656962896,52.22918769427234],[7.609812657718721,52.22918769350157],[7.609812658020997,52.229187693193325],[7.661291266025177,52.25185477714899],[7.717178096508804,52.27641158875118],[7.727713917493618,52.27138649512765],[7.892816891302267,52.201330360593374],[7.895059314831414,52.19918869878792],[7.897475968371204,52.197078660687616],[8.072088797452682,52.14988535131075],[8.146906696829054,52.128555855973985],[8.154601095380215,52.126358429626244],[8.154601096238737,52.12635842938168],[8.155045478957947,52.126685557887036],[8.15545530064984,52.12698723887469],[8.15546271555104,52.12699269713633],[8.155685404802659,52.12715662244863],[8.15576105867555,52.12721231217133],[8.155888301084863,52.1272830115873],[8.156176444125032,52.12744311053006],[8.156244382594942,52.12748085844735],[8.156957894510734,52.12787729315283],[8.157251237063658,52.12804027406641],[8.464151972985041,52.1548958387682],[8.464151972131797,52.15489583975926],[8.464151970319657,52.154895841864054],[8.420404525726266,52.20564218028734],[8.420269947449112,52.20792715864494],[8.411458269353867,52.21583078981913],[8.308450132383747,52.31937191437058],[8.20694987950845,52.34792005080234],[8.204877709720726,52.34781754152942],[8.203261471884502,52.34771117640753],[7.948104541557444,52.33698924455556],[7.9444311364765525,52.336447207680514],[7.687875450949633,52.40946181849801],[7.552339329012564,52.28830070580036],[7.553002810765131,52.28729033994502],[7.55382897234134,52.28618966666008],[7.609812654532113,52.229187696751126]]]},"properties":{"art":"Netzbezirk","bezeichnung":"Osnabrück","standort":"Osnabrück"}},{"type":"Feature","geometry":{"type":"Polygon","coordinates":[[[8.308450133248424,52.31937191553157],[8.509224031161677,52.54709911745251],[8.70208890184241,52.56150018408551],[8.704133955236008,52.56087856297005],[8.704552726763547,52.560753079560186],[8.70550872725206,52.5604779589577],[8.838393576486755,52.59162746682058],[8.838393577347126,52.591627467021645],[8.838393578102115,52.59162746719808],[8.838393577556909,52.59162746966864],[8.815739589273155,52.69403935313692],[8.814521092841995,52.69406937571928],[8.81427402807045,52.69576466033337],[8.8142740279715,52.69576466033736],[8.814274027711368,52.69576466034785],[8.812049735772867,52.69585424502774],[8.809949814643439,52.697171542715104],[8.735695884595732,52.753303759786625],[8.705031647806694,52.82674750563463],[8.702487299747808,52.82852038558217],[8.54763528683631,52.83768316079083],[8.394936449604609,52.813832228534686],[8.393259475341617,52.81377995558273],[8.391140278533067,52.813751476827576],[8.2111987615041,52.8997305241287],[8.209603873478477,52.899836498933134],[8.20939743599098,52.898077363145596],[8.208898906386478,52.8959236223525],[8.20766241006398,52.892968521472724],[8.195173090245126,52.84270582957596],[7.9393098406709015,52.687587451306584],[7.937930029702479,52.6868470597929],[7.936412850011294,52.686095085257605],[7.924260052270478,52.68649161555025],[7.840641327329794,52.615127674214015],[7.841481841009638,52.61411225668332],[7.842388779451,52.61308314103347],[7.687875451688796,52.40946181959661],[7.944431137230853,52.33644720875672],[7.94810454231228,52.33698924563176],[8.203261472733923,52.34771117757341],[8.204877710575749,52.347817542696106],[8.206949880360185,52.34792005197093],[8.308450133248424,52.31937191553157]]]},"properties":{"art":"Netzbezirk","bezeichnung":"Diepholz","standort":"Diepholz"}},{"type":"Feature","geometry":{"type":"Polygon","coordinates":[[[7.267430039333924,52.19508129070816],[7.277470704129862,52.18432077812686],[7.393546997947405,52.202898548436785],[7.394956373927228,52.20225675260431],[7.396601867851943,52.201547115905825],[7.51852772039078,52.189098707478756],[7.520321062976503,52.18967463886717],[7.5218163359726224,52.19018927064614],[7.6098126567884075,52.22918769445026],[7.6098126571994085,52.22918769637367],[7.6098126561341735,52.22918769745994],[7.553828972626883,52.28618966874407],[7.553002811053921,52.28729034202704],[7.552339329012564,52.28830070580036],[7.687875451305854,52.40946182065503],[7.842388779451,52.61308314103347],[7.841481840520941,52.614112257540526],[7.840641327329794,52.615127674214015],[7.924260051086169,52.68649161577738],[7.5267868418387645,53.04799637070993],[7.340148547501153,52.89643804569123],[7.33841255860226,52.89672981209226],[7.336510894897471,52.89710505584754],[7.234245054462894,52.93743851107853],[7.191757118444981,52.95414737013939],[7.1843826009617775,52.957044598350606],[7.184382600593719,52.95704459849518],[7.184382600084071,52.957044598695376],[7.06973977240311,52.849646841869955],[7.06973977234183,52.849646841365406],[7.044226561759874,52.63866064580478],[7.044226561171782,52.63866064584328],[6.770125368547005,52.65627651275535],[6.7051236479537994,52.631516076210154],[6.705123648434053,52.63151607567875],[6.718467843455024,52.61674442586321],[6.711008973029929,52.58752749756458],[6.749865789371442,52.56619728440616],[6.749865787754299,52.566197283892656],[6.715327424783029,52.55522195533449],[6.677649314130543,52.55426756871032],[6.6776493146434355,52.55426756787111],[6.698057967369158,52.52084632581067],[6.69413282733624,52.485965724818534],[6.75513783104492,52.4636070710711],[6.773021072113463,52.458710657138006],[6.848769739124875,52.458232086455155],[6.852275425779562,52.44935177217755],[6.954739127560272,52.434309844065815],[6.9884927277403,52.46588384938247],[7.0309608728090485,52.40464168675628],[7.056979834235865,52.39804309664299],[7.070029535917019,52.37690383699838],[7.070912308021109,52.35191897076556],[7.070912307652309,52.35191897043976],[7.0561941294866894,52.338911717353774],[7.0243649046775785,52.29282103846603],[7.02436490472776,52.292821038288025],[7.031789613691259,52.26646725107604],[7.058939362171112,52.2410245537861],[7.259537355497999,52.20353547187055],[7.267430039333924,52.19508129070816]]]},"properties":{"art":"Netzbezirk","bezeichnung":"Lingen (Ems)","standort":"Lingen (Ems)"}},{"type":"Feature","geometry":{"type":"Polygon","coordinates":[[[8.464151971840453,52.154895841995064],[8.464151973651289,52.154895839891786],[8.464151974505668,52.15489583889943],[8.663398813014478,52.172101075030646],[8.664908058928638,52.17252856030794],[8.666722299471864,52.17213363394326],[8.666722302001505,52.17213363339257],[8.667989134219916,52.17029299898835],[8.667989134272814,52.170292998911485],[8.668106771222249,52.17026813113705],[8.8988727815319,52.1360864058699],[9.093661031517819,52.189652820588385],[9.093661034265535,52.18965282134082],[9.09366103592735,52.18965282148708],[9.14563790720434,52.19420796990112],[9.145858895050305,52.195475740286426],[9.146064752166893,52.19648691975545],[9.339038622379395,52.36398629690471],[9.339038641053794,52.36398631303727],[9.339038644068255,52.36398631564144],[9.338523197090623,52.36481933047469],[9.337722119715547,52.36614986605119],[9.17066791554621,52.59618946667221],[9.17066789831911,52.596189490258794],[9.170667896940532,52.5961894921463],[9.16858330209952,52.597485984494355],[9.167538497727596,52.59815884310004],[9.049231254066115,52.57288653908206],[8.838393578102115,52.59162746719808],[8.838393577346752,52.59162746702167],[8.838393576486755,52.59162746682058],[8.705508727256378,52.5604779589589],[8.704552726763547,52.560753079560186],[8.704133955236008,52.56087856297005],[8.70208890184742,52.561500184086015],[8.509224031160038,52.54709911745252],[8.308450133248424,52.31937191553157],[8.41145827016637,52.215830790874826],[8.420269948258253,52.20792715969283],[8.420404526533053,52.20564218133243],[8.464151971840453,52.154895841995064]]]},"properties":{"art":"Netzbezirk","bezeichnung":"Minden","standort":"Minden"}},{"type":"Feature","geometry":{"type":"Polygon","coordinates":[[[7.337873827524263,51.070441440536406],[7.528321048412884,51.08136469279469],[7.531560114440239,51.08067755142145],[7.533969012659529,51.084121173485755],[7.5363241514856565,51.08527041898442],[7.53701456272311,51.084345935989084],[7.5379834819899125,51.08302031977425],[7.542523688029594,51.077720604961],[7.658055282061548,51.04125869275223],[7.658055282076853,51.04125869275464],[7.658055282951132,51.04125869289184],[7.809614761762011,51.064930926815904],[7.610707923057277,51.28932950233884],[7.635421311926996,51.33202150099206],[7.637146994868335,51.3333887908841],[7.638728802292386,51.334797180488486],[7.733884938224417,51.36317703334492],[7.759785926828488,51.3707271156838],[7.759680165846773,51.3748762410613],[7.759968783654794,51.38427817945149],[7.739644670595366,51.407596926575884],[7.6934425179338,51.43128490054272],[7.6359636362575065,51.46032216363139],[7.633491215191335,51.46195794783662],[7.63049373561237,51.46418611584165],[7.613196221404259,51.47247586913374],[7.583033892988239,51.487966978800905],[7.5819186158229135,51.48874518536214],[7.580518604475992,51.489667211595886],[7.580518604470763,51.48966721159933],[7.575628674004149,51.48789319566072],[7.573526924562741,51.48026606188937],[7.578488761546365,51.46798210795041],[7.578501951575406,51.46687496605392],[7.577270459379584,51.46545112326038],[7.452597752772945,51.4526865567699],[7.446980144573272,51.45181551575293],[7.444728121810767,51.451431691772214],[7.370907329420339,51.3940542819367],[7.370312889178081,51.39360124083171],[7.369866154119225,51.393260762553936],[7.364582161626799,51.39343261956414],[7.363691465978883,51.392397824722394],[7.362899434366628,51.39135252262849],[7.341145805767701,51.34241261095835],[7.340759910382665,51.340714201190764],[7.337347895020408,51.32569191976866],[7.337217497550517,51.32511762368198],[7.337217497273221,51.32511762246071],[7.338638137700789,51.32376053381587],[7.340225375203662,51.322116148651965],[7.340225375240271,51.32211614861405],[7.340225375452747,51.322116147773066],[7.304391461824411,51.292192109419794],[7.303950240686288,51.29194635904374],[7.3039502398082154,51.29194635855469],[7.303950239756539,51.29194635817505],[7.303813272923736,51.290618881683244],[7.303809546864193,51.289655055751474],[7.392790109101247,51.119256196823265],[7.392303001018066,51.118216043303896],[7.392303000086447,51.118216041414954],[7.391501130046639,51.11705964543478],[7.337873831094424,51.07044144406151],[7.337873831054476,51.07044144402671],[7.337873828578551,51.07044144187167],[7.337873827524263,51.070441440536406]]]},"properties":{"art":"Netzbezirk","bezeichnung":"Hagen","standort":"Hagen"}},{"type":"Feature","geometry":{"type":"Polygon","coordinates":[[[7.613196221414535,51.47247586913954],[7.630493735629592,51.464186115841365],[7.6334912152066465,51.46195794783662],[7.635963636276167,51.460322163631695],[7.693442517951495,51.43128490054272],[7.739644670628641,51.40759692657571],[7.759968783684394,51.38427817945777],[7.759680165878688,51.37487624106111],[7.759785926861514,51.37072711568379],[7.733884938257748,51.36317703334491],[7.76061159577437,51.27349487750521],[7.983804947063404,51.296421935307045],[8.163215185811975,51.264061257847004],[8.163885756309146,51.26213328337893],[8.164649460317321,51.260487471233894],[8.284381063288945,51.15526414202438],[8.28606748908896,51.15462931097339],[8.287755200836893,51.15415551063173],[8.305315753700564,51.0845328594879],[8.568610091574296,51.06030329422056],[8.56861010087775,51.060303293353456],[8.568610106327778,51.06030329284552],[8.625335569507058,51.11293942973315],[8.625335569514556,51.11293942974011],[8.62533556946794,51.11293943036665],[8.625335567212998,51.11293943390509],[8.62533556360043,51.11293943957389],[8.602687029784676,51.14844966889831],[8.562947334874783,51.210613689975105],[8.548910872390088,51.23252723544307],[8.545530498473404,51.2378012485874],[8.545530499505363,51.237801252565276],[8.572138326428915,51.34013699946482],[8.572138326904112,51.34013699996899],[8.572138326905922,51.340136999969225],[8.57519151583018,51.34054094984581],[8.5778482169354,51.34078444832073],[9.146581666689817,51.49907430568449],[9.146581670107981,51.49907430757795],[9.146581670107361,51.49907430757896],[9.146581667726988,51.499074311590086],[9.146529055808928,51.49916296681276],[9.145120925894195,51.5004184914035],[9.142930683640891,51.50233439491518],[9.127283552602755,51.51569672651251],[9.125267879815327,51.51726547316445],[9.122035767700131,51.51872324022023],[9.100805193907172,51.524022959346894],[9.053721107445845,51.52462778198395],[9.053721107465506,51.52462778622161],[9.053866670916987,51.52894871118949],[9.053866660693117,51.52894871157467],[8.825877375441573,51.537314825039175],[8.60529746888095,51.48194442112858],[8.603898633474701,51.48177415467404],[8.5998482116338,51.48131845221286],[8.191693930328832,51.60469955655025],[8.190163941835511,51.60537127097743],[8.19016394156681,51.605371268750254],[8.188154296848712,51.503944305613516],[8.188154295846292,51.50394430551388],[7.73986263558692,51.52696934989843],[7.73236738436591,51.536118551722765],[7.704342682563618,51.53824719982826],[7.704102483776126,51.53821853572035],[7.704102483684254,51.53821853546449],[7.703086631023453,51.52915348721286],[7.665492600061064,51.50204060701696],[7.613196221414535,51.47247586913954]]]},"properties":{"art":"Netzbezirk","bezeichnung":"Bestwig","standort":"Bestwig"}},{"type":"Feature","geometry":{"type":"Polygon","coordinates":[[[7.580518604478309,51.489667211591495],[7.580518604475992,51.489667211595886],[7.579517642058081,51.49156776233918],[7.579187023638946,51.49219547780373],[7.5785768647149645,51.493526674654255],[7.6621113845854225,51.53944154047508],[7.668039324574761,51.54269410863788],[7.669943985625036,51.54266485331255],[7.671732059626157,51.54262551289047],[7.744084960075755,51.559748176139706],[7.756919420700477,51.56277952955903],[7.75691942077187,51.562779529575906],[7.7548107754428255,51.56702465355822],[7.75137439887962,51.569691371864145],[7.751374398033997,51.569691371717404],[7.714516299428213,51.563290773812625],[7.608509614198087,51.56404092812466],[7.606906249746165,51.56511137687492],[7.605936310674663,51.566081615212006],[7.642272484249056,51.60007114054926],[7.677392856184243,51.63286480156577],[7.677392856915392,51.63286480445142],[7.677232028690577,51.63381997254201],[7.676923992769005,51.63525289593525],[7.6844255668715045,51.654978969240005],[7.684425565857263,51.6549789690724],[7.557162183805448,51.6338713183673],[7.555269814614834,51.6347594191125],[7.554141440968859,51.635362253793076],[7.53896042829814,51.63456852311299],[7.527360706191335,51.623521188053815],[7.525908654215516,51.622137828553115],[7.525908654080931,51.62213782843033],[7.523662297029233,51.62046865997044],[7.522088469711541,51.619549088368444],[7.462967559992654,51.62654749837636],[7.460941908776667,51.61854438866048],[7.459678646786946,51.617417427429615],[7.457552708312501,51.615572548627824],[7.339400458818589,51.60680389462935],[7.3316059990050215,51.603493470260275],[7.288829013443717,51.58530768929569],[7.259487015416686,51.57281618971452],[7.2594870149883395,51.57281618953206],[7.261282387919244,51.56356427915821],[7.261580108000715,51.5620296788369],[7.26281726482576,51.56110428679002],[7.2641596554645504,51.560226708059105],[7.2941600112540845,51.56138592814317],[7.332820731272429,51.55811178375688],[7.377714411321687,51.51968220626809],[7.379614702659313,51.51852977625919],[7.381902621049751,51.51725450647926],[7.383610772691405,51.513415986893065],[7.38361077308626,51.51341598600568],[7.383610773233815,51.51341598567405],[7.357821721075472,51.49930981845257],[7.337753267973584,51.505858320972365],[7.323094656571351,51.50152241592429],[7.323094655855161,51.50152241571235],[7.323094655446684,51.501522415591516],[7.329595006469681,51.49310493536957],[7.34083065817608,51.48569033281518],[7.341167863187722,51.48526146569824],[7.341205154718941,51.48522669314261],[7.341205155247618,51.48522669264962],[7.341205155538013,51.485226692378845],[7.340864001583362,51.484883184635976],[7.340531780991417,51.48446227191942],[7.340531779697865,51.48446227028051],[7.340531778900987,51.48446226927087],[7.341217737754439,51.48483199539267],[7.341298086477879,51.48505180031627],[7.3413769279535614,51.48526747990734],[7.341462138742919,51.48534000822871],[7.342900397245679,51.48626145292032],[7.345537542618844,51.48779407171269],[7.3474428431232734,51.48878853733137],[7.351867677766746,51.49035162823253],[7.359800957217652,51.49097314642455],[7.359640978113224,51.48967563023633],[7.359570502185703,51.4883554682478],[7.402793104958583,51.456403610559775],[7.403975334814102,51.45503859391928],[7.40503396215945,51.45403437319572],[7.444540363582121,51.45330419154172],[7.446980142498986,51.45181551701866],[7.446980143675765,51.45181551630058],[7.446980144527523,51.45181551578084],[7.446980144573272,51.45181551575293],[7.452597752746014,51.45268655665211],[7.577270459398387,51.465451123191066],[7.578501951621319,51.46687496598943],[7.578488761591684,51.46798210789073],[7.57352692461703,51.48026606183788],[7.575628674064057,51.48789319561793],[7.580518604478309,51.489667211591495]]]},"properties":{"art":"Netzbezirk","bezeichnung":"Dortmund","standort":"Dortmund"}},{"type":"Feature","geometry":{"type":"Polygon","coordinates":[[[7.767094426847104,50.87183329609469],[7.7670944271667794,50.871833295670136],[7.76709442768864,50.871833294977016],[7.767094428266426,50.8718332942096],[7.87167234748291,50.892287494887626],[7.873643449631782,50.89320506418954],[7.876320607521588,50.89594166203941],[7.89706540265759,50.89928952055533],[7.913563827752701,50.99004157918635],[8.00548711247475,51.045471706271606],[8.007370690790685,51.04520544630492],[8.009120153232967,51.04494407214467],[8.16193345902275,51.0271449903026],[8.245188609394521,51.021089743211824],[8.25000425477474,51.0217590235982],[8.249844248961066,51.02406060680511],[8.249670386122192,51.02556195977803],[8.251841736990707,51.03092753824656],[8.241952555791013,51.0573565923394],[8.305315753261688,51.08453285890872],[8.287755200586794,51.154155510059915],[8.28606748883788,51.15462931040458],[8.284381063048079,51.15526414144747],[8.164649460232416,51.26048747086911],[8.163885756215752,51.262133283028504],[8.163215185754025,51.26406125749588],[7.983804946930495,51.296421934908665],[7.76061159546447,51.27349487685252],[7.7338849381186705,51.3631770329477],[7.638728802104229,51.33479717993419],[7.637146994650824,51.3333887903164],[7.635421311709756,51.33202150042536],[7.610707923057277,51.28932950233884],[7.809614761762011,51.064930926815904],[7.658055282800838,51.0412586915707],[7.658055281926556,51.04125869143351],[7.658055281911256,51.04125869143111],[7.655725041847983,51.0207670986153],[7.655967604822918,51.01957381839309],[7.656278127220299,51.018465771209556],[7.767094426847104,50.87183329609469]]]},"properties":{"art":"Netzbezirk","bezeichnung":"Finnentrop","standort":"Finnentrop"}},{"type":"Feature","geometry":{"type":"Polygon","coordinates":[[[7.715703820558206,50.70337089239585],[7.715703821026476,50.703370891546015],[7.715703821057351,50.703370891489975],[7.715703821088828,50.70337089143286],[7.715703821182517,50.70337089126282],[7.715703821338605,50.70337089097956],[7.8363746470620805,50.71063968709955],[8.206037778578754,50.675012315377415],[8.206037780354867,50.67501231940681],[8.206037780948089,50.67501232075262],[8.21230895278124,50.68923362465746],[8.236834021033292,50.7413457858126],[8.236834020509994,50.74134578628937],[8.235756034146165,50.74232789855479],[8.234631296415673,50.743565273249914],[8.24199045485094,50.774458846507386],[8.251744269129496,50.891759853252935],[8.251744269131208,50.89175985327346],[8.260425023060723,50.99248927449491],[8.260820222861202,50.997053984066454],[8.259276613134436,50.99779132133378],[8.259276613097857,50.99779132135126],[8.259276616417017,50.9977913235662],[8.259276619989741,50.99779132569579],[8.259276636186373,50.997791335350044],[8.262256031237186,50.99957404764348],[8.300277965715162,51.01018772822629],[8.49358184260381,50.98902847079242],[8.498220869361504,50.99475358941241],[8.49917016231738,50.995668687015915],[8.568610105922819,51.06030329246924],[8.5686101004728,51.06030329297717],[8.568610091169347,51.06030329384427],[8.305315753261688,51.08453285890872],[8.241952555791013,51.0573565923394],[8.251841737164783,51.030927538566466],[8.249670386300547,51.02556196010394],[8.249844249140395,51.02406060713251],[8.25000425477474,51.0217590235982],[8.245188609576486,51.02108974354304],[8.161933459217392,51.0271449906517],[8.00912015344194,51.04494407251979],[8.007370691000004,51.0452054466802],[8.005487112684186,51.0454717066473],[7.913563827752701,50.99004157918635],[7.89706540265759,50.89928952055533],[7.876320607850856,50.89594166259056],[7.873643449966378,50.89320506474451],[7.871672347814828,50.89228749544327],[7.767094428266426,50.8718332942096],[7.675932605064116,50.79309359721715],[7.6759326029615975,50.79309359539727],[7.675932601669936,50.793093594279256],[7.676311612459146,50.7817716015797],[7.676296255765783,50.78071928780411],[7.706811998464011,50.71950226257311],[7.715703820558206,50.70337089239585]]]},"properties":{"art":"Netzbezirk","bezeichnung":"Siegen","standort":"Siegen"}},{"type":"Feature","geometry":{"type":"Polygon","coordinates":[[[7.660292840431028,51.538443582608856],[7.578576864712134,51.493526674660416],[7.579205739332506,51.49215994446777],[7.580518604470763,51.48966721159933],[7.580518604478309,51.489667211591495],[7.581918615870235,51.488745185321946],[7.583033892901994,51.48796697869801],[7.613196221404259,51.47247586913374],[7.613196221414535,51.47247586913954],[7.665492600096632,51.50204060701337],[7.703086631085259,51.52915348724888],[7.704102483748299,51.53821853547211],[7.704102483776126,51.53821853572035],[7.704342682632004,51.53824719987446],[7.732367384434053,51.536118551775864],[7.73986263565511,51.52696934994194],[8.188154295849321,51.50394430566675],[8.188154296848712,51.503944305613516],[8.190163941789374,51.60537126865253],[8.190163941835511,51.60537127097743],[8.19016394133649,51.60537127167766],[8.189007711720071,51.60617156103512],[8.18765750267213,51.60723068760229],[8.316882813633441,51.79114003854045],[8.319435300904988,51.791210350180314],[8.322637371899944,51.791449430372715],[8.411893715418014,51.84443584935772],[8.34164796537852,51.87798399880791],[8.318381417404803,51.86355093950693],[8.307105677161111,51.85973722725482],[8.305855534261912,51.85948856981899],[8.305041095892378,51.8602477406522],[8.301332625071938,51.85972875157515],[8.29938401758779,51.85932598165044],[8.295411438349825,51.85859352995341],[8.28865068123217,51.857457542832975],[8.284382561289753,51.85663548915626],[8.281546180227961,51.85599230881596],[8.274627854035936,51.85453239403825],[8.27282259788623,51.85356142740538],[8.272619337195808,51.854244712417014],[8.272608435136345,51.854335334893335],[8.27241709694864,51.8551359621897],[8.300756227835684,51.86041358146342],[8.31614625320483,51.865263214157395],[8.33975819075776,51.8791330568664],[8.239734393260381,51.942232808202],[8.175161228027365,51.910766183419966],[8.173724475555796,51.909732766889874],[8.172634339191108,51.90897199428282],[8.11911627043668,51.89415073742227],[7.7392862495347625,51.78149445759425],[7.737416808141601,51.78147462707758],[7.735458742908276,51.78144415230584],[7.6747512083588285,51.74898294970734],[7.684425566668976,51.65497897122338],[7.68442556667039,51.654978971209665],[7.68442556684369,51.65497896952189],[7.6844255668715045,51.654978969240005],[7.6769239927641495,51.635252895957784],[7.677232028677208,51.633819972542],[7.6773928569026175,51.63286480443952],[7.677392856182432,51.6328648015765],[7.638816663356195,51.596841154615696],[7.60593631066773,51.56608161521894],[7.606906249732108,51.565111376874995],[7.608509614198087,51.56404092812466],[7.714516299428213,51.563290773812625],[7.751374398031889,51.56969137171906],[7.75137439887962,51.569691371864145],[7.7548107754398625,51.567024653557205],[7.7569194207703624,51.562779529578926],[7.756919420698966,51.56277952956208],[7.743981805091168,51.559723804809664],[7.671732059626157,51.54262551289047],[7.669943985625036,51.54266485331255],[7.668039324574761,51.54269410863788],[7.660292840431028,51.538443582608856]]]},"properties":{"art":"Netzbezirk","bezeichnung":"Hamm","standort":"Hamm"}},{"type":"Feature","geometry":{"type":"Polygon","coordinates":[[[7.095380177416524,51.708620536276335],[7.0961485498304535,51.70744403829792],[7.096771881938896,51.70635391554503],[7.096771881972166,51.70635391548684],[7.096771882271054,51.706353914964104],[7.116161815602485,51.70116648242982],[7.143989156517138,51.693714058178806],[7.146282280146722,51.69306302898382],[7.1473651613351485,51.692755571410736],[7.15002957801578,51.69696981843985],[7.150545648642361,51.69908631048535],[7.151273477367387,51.70207092163898],[7.1513566164278295,51.702268949341594],[7.152051364902803,51.70392369207429],[7.152515186584272,51.704713809941126],[7.153048118572606,51.70562162129288],[7.153315572744765,51.70592605721762],[7.156636997634015,51.70534506512587],[7.156636997873285,51.705345065084046],[7.155711675147614,51.70123483977947],[7.15571167504342,51.70123483931662],[7.157017193902633,51.69918846194011],[7.292982216310323,51.67540175301009],[7.4629675599275735,51.62654749930814],[7.522088469886832,51.619549088545455],[7.523662297237246,51.62046866014715],[7.525908654189598,51.62213782853386],[7.525908654215516,51.622137828553115],[7.531149612341529,51.62713037465683],[7.53896042829814,51.63456852311299],[7.55414144118132,51.635362254018816],[7.555269814854947,51.6347594193377],[7.5571621840186545,51.633871318587595],[7.684425565973583,51.65497896937811],[7.68442556684369,51.65497896952189],[7.6747512083588285,51.74898294970734],[7.735458743430619,51.7814441529524],[7.737416808682384,51.781474627734376],[7.739286250052232,51.78149445824494],[8.119116271324774,51.89415073855606],[8.172634340133788,51.90897199548389],[8.173724476516544,51.90973276809816],[8.175161228978544,51.91076618462558],[8.239734393449027,51.942232809107985],[8.108003478982589,52.042086776496305],[8.072088797958429,52.14988534979656],[8.07208879745516,52.14988535130332],[8.072088797452682,52.14988535131075],[7.89747596680646,52.19707866345699],[7.8950593154908,52.19918869966971],[7.892816891140382,52.20133036182748],[7.727713918158022,52.27138649605854],[7.717178097181643,52.27641158968238],[7.609812657718721,52.22918769350157],[7.521816336274287,52.19018926937655],[7.520321063286929,52.18967463759945],[7.518527720688886,52.189098706211155],[7.396601869442026,52.20154711453081],[7.39660186903669,52.20154711323468],[7.634576699062135,51.994545763407885],[7.636386320752066,51.99107145950584],[7.573275336941773,51.975001498932976],[7.552313627706706,51.93322866629528],[7.551062585200017,51.93231735906834],[7.549481266823642,51.93147555350794],[7.255410592855096,51.85948656042028],[7.232068597276345,51.8536948650157],[7.229255795997086,51.85213671793921],[7.21669239829886,51.83787196734766],[7.110419540268913,51.722930378916445],[7.095380177416524,51.708620536276335]]]},"properties":{"art":"Netzbezirk","bezeichnung":"Münster (Westfalen)","standort":"Münster (Westfalen)"}},{"type":"Feature","geometry":{"type":"Polygon","coordinates":[[[8.155685888788376,52.127156978714474],[8.155464892454892,52.12699429959561],[8.155456146185555,52.12698786128679],[8.15504927361858,52.126688351258466],[8.154601096238737,52.12635842938168],[8.15460109538089,52.126358429626755],[8.146906696829054,52.128555855973985],[8.07208879745516,52.14988535130332],[8.072088796901376,52.14988535009742],[8.108003478393082,52.0420867757504],[8.239734393449027,51.942232809107985],[8.33975819075776,51.8791330568664],[8.316146253674965,51.865263214750975],[8.300756228296965,51.8604135820466],[8.27241709694864,51.8551359621897],[8.27260843558373,51.854335335460945],[8.272619337643269,51.85424471298451],[8.272822598333207,51.853561427972],[8.274627854482882,51.85453239460647],[8.281546180678259,51.85599230938797],[8.284382561741443,51.856635489729854],[8.288650681685857,51.85745754340876],[8.295411438806518,51.85859353053259],[8.299384018046464,51.85932598223155],[8.301332625531538,51.85972875215771],[8.305041096353479,51.860247741236414],[8.305855534723301,51.85948857040258],[8.307105677623875,51.859737227839105],[8.318381417874248,51.863550940099145],[8.341647965867082,51.8779839994243],[8.41189371619257,51.844435849816726],[8.63724060761491,51.87388692026716],[8.918449165273737,51.90609035027683],[8.920946120497948,51.90783165263259],[8.977772859076804,51.92303156927468],[9.035717730244073,51.938953628396106],[9.035717731767303,51.938953628814126],[9.035717733510413,51.93895362929675],[9.244525509125397,51.997145636431526],[9.24452551156768,51.99714563710912],[9.244525512536349,51.997145638173905],[9.259231231510036,52.047711672310626],[9.259231230443138,52.047711672721356],[9.257883954952595,52.04823028452633],[9.25612344505657,52.04896409963219],[9.09366103442845,52.18965281905188],[9.093661032360089,52.18965281986186],[8.898872780612015,52.1360864047591],[8.668106770359906,52.17026813005767],[8.667989132341354,52.17029299938547],[8.666722300500055,52.17213363244942],[8.664908058065517,52.17252855922663],[8.663398812155128,52.172101073950756],[8.464151974322434,52.154895837221666],[8.157251237077116,52.1280402740676],[8.156954490362333,52.12787540179386],[8.15624363098431,52.127480440835654],[8.156174673578391,52.12744212677626],[8.155887849129261,52.1272827604671],[8.155761058678,52.12721231217134],[8.155685888788376,52.127156978714474]]]},"properties":{"art":"Netzbezirk","bezeichnung":"Bielefeld","standort":"Bielefeld"}},{"type":"Feature","geometry":{"type":"Polygon","coordinates":[[[6.68951073731844,52.05811748950914],[6.689510737312527,52.058117489507296],[6.684800924983861,52.056669549355696],[6.68480092501145,52.05666954920292],[6.687835700412305,52.03985971604225],[6.714285641776535,52.039954182277455],[6.7539259041659125,52.02800210632156],[6.809166737458302,51.998410172363506],[6.807498632915458,51.9950270175438],[6.826926397734518,51.99345609878826],[6.832126405043596,51.97290925017584],[6.828495813112421,51.964808806675144],[6.828495812767358,51.964808806653465],[6.814072120450306,51.96390199917172],[6.81201155782586,51.96184639152551],[6.798274669004013,51.95900469771566],[6.798274668951443,51.95900469743305],[6.793956943462813,51.935780332685],[6.793956943241871,51.93578033256072],[6.786107234410764,51.93136394464835],[6.769426524972246,51.9183542227928],[6.752236557043112,51.91457059289575],[6.75223655682876,51.914570592578634],[6.747839837215918,51.90806481300599],[6.747839836915658,51.90806481293036],[6.7199734974025365,51.9010424779241],[6.719973497410609,51.901042477864024],[6.7199734974475644,51.901042477589165],[6.720825043408659,51.89470779564384],[6.7218590226114445,51.88701358629774],[6.721859022154977,51.88701358573311],[6.721859022096621,51.887013585660924],[6.7070579978091525,51.86869687052765],[6.702772141028511,51.86338992269145],[6.642934810789893,51.84979441245724],[6.641752528393694,51.850004062785224],[6.634202786234932,51.84530711768273],[6.630745047869163,51.84260931540986],[6.629139807637499,51.84138436119831],[6.628664890606099,51.84099425743588],[6.6279450795688835,51.840424195988454],[6.626271602666596,51.83913376383836],[6.624794354837942,51.837975775697764],[6.623178596569445,51.836697971424385],[6.621987636825977,51.835726790776604],[6.621647565334997,51.8354590666975],[6.621307124066255,51.83515143971508],[6.621079372678906,51.834889575863315],[6.62107937269834,51.83488957585832],[6.623399612780579,51.83429018774122],[6.637792117320599,51.811590313932484],[6.740573900831691,51.69344770420183],[6.8185290286425815,51.69073612288308],[6.8693566627878,51.68254007971101],[6.869452029832828,51.68187046029598],[6.869461095898909,51.681806801733174],[6.869554383663835,51.68104010644336],[6.869569207198353,51.68090046583453],[6.869644780562669,51.68018853458856],[6.965632980999522,51.65674675032437],[6.970298908049659,51.656170832976265],[6.970604911794306,51.655606084890735],[6.9706971660572625,51.654249452117675],[6.97087814743668,51.651587768502324],[6.970761027062222,51.65028767319494],[6.965386252955735,51.64163914161973],[6.964867856523461,51.6306355065261],[6.964867856591469,51.630635506170044],[6.967780000294865,51.61538222391587],[6.969326157428865,51.60727921561001],[6.980025279529366,51.587788302216545],[6.98002527918241,51.58778830088239],[6.977623906885364,51.578552412948994],[6.977623907251179,51.578552412822546],[6.979044102174309,51.578061541407386],[6.981631996438542,51.58088068090487],[6.983348978643604,51.582149961054824],[6.987030539701529,51.583551134422535],[6.987439850052425,51.58276029339367],[6.9874398499752335,51.58276029319619],[6.987439849472297,51.58276029228292],[6.986436732441452,51.580938685757914],[6.985589714335201,51.57959846693794],[6.985589714421022,51.57959846633993],[6.985589715181999,51.579598465687475],[7.006815711987177,51.561390247238805],[7.013562780593127,51.558359123177745],[7.015776456255647,51.55926676581222],[7.016561702689895,51.56029421988565],[7.01656170341561,51.56029422083518],[7.016561703488295,51.56029422121087],[7.012376469684174,51.56562522999443],[6.990823100420181,51.58265502431879],[6.988208352903154,51.58283313392055],[6.987810043029555,51.58374979880569],[6.9878100424609215,51.58374980011429],[6.9878100424809855,51.583749800811766],[6.990193240058749,51.58599893681793],[6.997749719662535,51.59339479376931],[7.007499765788181,51.604724457776975],[7.048212974407175,51.65113728453616],[7.096771881938896,51.70635391554503],[7.096148549911438,51.70744404065271],[7.095380177416524,51.708620536276335],[7.110419540308249,51.72293038121835],[7.216692398286777,51.837871969543535],[7.229255795977914,51.852136720115915],[7.232068597175912,51.85369486720072],[7.255410592750116,51.859486562594654],[7.5494812666611,51.93147555558933],[7.551062585130423,51.93231736117274],[7.5523136276261305,51.9332286683804],[7.57327533685196,51.97500150100056],[7.636386320752066,51.99107145950584],[7.634576698920686,51.99454576547457],[7.39660187119424,52.20154711301558],[7.396601869442026,52.20154711453081],[7.3966018683736285,52.2015471154547],[7.396601867851943,52.201547115905825],[7.3966018657713,52.20154711717002],[7.39495637409457,52.202256753218535],[7.3935469977916375,52.20289854899924],[7.2774707047833544,52.18432077823182],[7.270327420214784,52.19197681873899],[7.259537355679245,52.203535472484354],[7.058939362171112,52.2410245537861],[7.058939361650152,52.24102455371355],[7.058939360692457,52.241024553580196],[6.986624275959915,52.23092971115662],[6.950906794756538,52.18120198274338],[6.909696001518296,52.17759209220426],[6.9049444532294135,52.174228550586555],[6.904944453244022,52.17422855031275],[6.905182240382905,52.169769437203094],[6.905182240293842,52.169769437156724],[6.880455517688142,52.15688919018863],[6.880455517585837,52.15688918985999],[6.87221273863778,52.13039462030065],[6.872212738611662,52.13039462028596],[6.855728293584673,52.12111782811393],[6.821778570954911,52.11822604883898],[6.7599480232738625,52.11958822815483],[6.75994802320973,52.119588227861335],[6.754859931468993,52.09629017645408],[6.744404466242018,52.093228034136864],[6.744404466268008,52.093228033915615],[6.7448024105993944,52.08983989457345],[6.750297078188919,52.08706654852847],[6.747549582594023,52.08254446788885],[6.747549582457611,52.08254446781479],[6.733665342240783,52.07500668745573],[6.695594527841366,52.07090572337857],[6.695594527709814,52.070905723102115],[6.68951073731844,52.05811748950914]]]},"properties":{"art":"Netzbezirk","bezeichnung":"Coesfeld","standort":"Coesfeld"}},{"type":"Feature","geometry":{"type":"Polygon","coordinates":[[[9.053866660283623,51.52894871296083],[9.053866670963169,51.52894871255849],[9.053866672832475,51.52894871248809],[9.053866671036019,51.52894871471816],[8.897637486708655,51.721963391156166],[8.947556702852761,51.74820857464842],[8.951769498807128,51.75042109896453],[8.951769510387885,51.75042110504613],[8.95204970787482,51.750397718109745],[8.953266213893375,51.75029616982674],[8.955489589556587,51.75012648109705],[8.970493607612088,51.75013882970134],[8.970493607967544,51.7501388297016],[8.976932719235291,51.74028126294995],[9.106233791494319,51.54134791210679],[9.106753310261029,51.5405448106874],[9.108455832773352,51.539212986191046],[9.109248333959096,51.538640195483595],[9.109248336358638,51.53864019374926],[9.109248337342642,51.538640193038034],[9.109248337343018,51.53864019303777],[9.360577668519074,51.62653974931889],[9.368131375802475,51.62916796427366],[9.368131376736725,51.62916796459966],[9.36813137673818,51.629167964603454],[9.36813137673865,51.629167964604655],[9.36813137886865,51.62916797014096],[9.39133573253478,51.68939769711853],[9.398416815684085,51.69217845217605],[9.402015667858791,51.6920138375577],[9.402568978594534,51.691990826465045],[9.404687369342609,51.69193272067395],[9.41071709516379,51.69666904218731],[9.45844733361255,51.74713623960549],[9.4584473336123,51.747136239605915],[9.458447331316377,51.74713624344992],[9.43246544379664,51.79059254223219],[9.430277526255425,51.79115361349549],[9.430277522985476,51.79115361184846],[9.424935605737838,51.788462734364415],[9.424935605311147,51.788462734469746],[9.422708684082833,51.78901247321908],[9.42212134485178,51.78915745481028],[9.268362995577995,51.79832311018825],[9.210804385159461,51.80170160132311],[9.060513890195004,51.81075612942647],[9.034163773513411,51.812323480508226],[9.034163771386602,51.81232348335116],[9.03333773966266,51.81342817055676],[9.031780081116647,51.815422987787414],[9.035717733488253,51.93895362860353],[9.035717733507825,51.93895362921567],[9.035717733510413,51.93895362929675],[9.035717733532637,51.93895362999204],[9.035717731789665,51.93895362951372],[9.03571773026644,51.93895362909571],[8.977772859832394,51.923031570146776],[8.920946121219766,51.907831653467596],[8.918449165993126,51.90609035110884],[8.6372406082124,51.87388692097006],[8.41189371619257,51.844435849816726],[8.411893715418014,51.84443584935772],[8.322637372749284,51.7914494313902],[8.31943530175153,51.79121035119515],[8.316882813633441,51.79114003854045],[8.187657503156583,51.60723068811929],[8.189007712213556,51.60617156154909],[8.190163941353298,51.60537127252468],[8.191693931052377,51.60469955731766],[8.599848212391285,51.48131845294305],[8.60389863423223,51.481774155410854],[8.605297469644677,51.48194442186827],[8.82587737653687,51.53731482616738],[9.053866660283623,51.52894871296083]]]},"properties":{"art":"Netzbezirk","bezeichnung":"Paderborn","standort":"Paderborn"}},{"type":"Feature","geometry":{"type":"Polygon","coordinates":[[[6.708724734496034,51.326342227696],[6.778658896425474,51.342625911077064],[6.780494102211741,51.342709821957136],[6.782444226695958,51.34277744842083],[6.832919842208399,51.308940825916366],[6.835054485996159,51.30922685133021],[6.837502993903948,51.30502021715984],[6.8392712821549795,51.304266435492835],[6.838926645876516,51.30046200438217],[6.838926645840617,51.30046200398586],[6.83872407544366,51.299563683065905],[6.8387240752843335,51.29956368235932],[6.838881488623383,51.29902646026636],[6.841247720618241,51.29898879334308],[6.865726061058931,51.30505958862456],[6.866846524776588,51.304969530081834],[6.868294533359648,51.30805254481769],[6.8683388236836365,51.30814683859288],[6.8701763169717065,51.30780733441377],[6.8701763172466315,51.307807334363],[6.87017631781389,51.30780733403905],[6.870012344441276,51.307514921040244],[6.868498716121564,51.30481549252689],[6.868498715818843,51.30481549198701],[6.8695834413717565,51.30465110126508],[6.905884483681061,51.302642849622444],[7.0468268113791686,51.260491921221636],[7.046826811695908,51.260491921636714],[7.046826812864261,51.26049192378841],[7.046826813187914,51.260491924384425],[7.049951543247487,51.26624579642071],[7.059525909773625,51.283866768977525],[7.046929770437668,51.28239539802307],[7.04437451009485,51.285358479857486],[7.044428860637799,51.28581128733718],[7.04919990088293,51.28714028391288],[7.0531810009144005,51.28725216192336],[7.0557654256194695,51.28804292432822],[7.063464960540609,51.291112277616925],[7.081658687592892,51.300674275685914],[7.058646683024938,51.3599427156254],[6.932241701776216,51.35342247750261],[6.931880586849816,51.3523601438567],[6.931423569013816,51.35021156025655],[6.9308404979717935,51.34835995948671],[6.917602754206662,51.34201219184215],[6.871293325381343,51.30790452955597],[6.8702941434351095,51.308017449539115],[6.869421877705737,51.308090976367474],[6.868418609229653,51.30831670059355],[6.867546273449603,51.30846239068784],[6.8646679666416475,51.31321385049709],[6.88929816795875,51.36227545634238],[6.907267465827638,51.36644506600628],[6.91370796782761,51.368801366084405],[6.899135537984642,51.43233335386627],[6.897449470264999,51.43334437232633],[6.8976975338687225,51.43359264310251],[6.895558302678957,51.43496358777251],[6.905197754316608,51.4486619358864],[6.949148715028152,51.46166214497933],[6.952093468638496,51.46172590471515],[6.95382949316937,51.46171287766116],[6.953595110178179,51.45868196816879],[6.953769597321833,51.45821526692396],[6.963538405539355,51.4656508569952],[6.994074397891192,51.47828054126018],[6.997943224179819,51.48193130519609],[6.99981994548631,51.482519473188134],[7.007296324947736,51.484233572227744],[7.010041515075752,51.48464017158717],[7.016485756365855,51.48476193066072],[7.0684211176813285,51.49578724218352],[7.06745313989724,51.497849902882535],[7.06661739195181,51.49971374389693],[7.055659626586245,51.50093904073817],[7.019861713213581,51.491300940675856],[6.993624403301991,51.4841436297953],[6.989656068366267,51.485933644960305],[6.989660194292819,51.48594752736893],[6.989810808019444,51.48598160675066],[6.990814569766505,51.486153740530675],[6.993471491269156,51.48621093506691],[6.995269106154032,51.48707186572121],[6.994250638920258,51.487864586650765],[6.993013944814363,51.48879624053905],[6.979595333709205,51.518286673913444],[6.9787916973200534,51.519336397521485],[6.977958840103512,51.52036362050464],[7.01031446705623,51.53817092190079],[7.009850595090718,51.53932281434448],[7.009328193539776,51.540474133501554],[7.013711342534933,51.55829237027467],[7.01577780022392,51.55926613065383],[7.016680062290321,51.5601434366978],[7.057201210118806,51.58793263926098],[7.062030638657642,51.59266331008586],[7.066502360602418,51.59560713120005],[7.125359352194121,51.64066748398742],[7.147365161326697,51.69275557139735],[7.146282280146722,51.69306302898382],[7.143989156634144,51.69371405817898],[7.116161815602485,51.70116648242982],[7.096771882877537,51.70635391410483],[7.00749976589955,51.604724455368654],[6.99774971976458,51.593394791348786],[6.990193240160576,51.585998934392734],[6.987810043258714,51.58374979902196],[6.987810043029555,51.58374979880569],[6.987810042937675,51.58374979871898],[6.988208353004966,51.58283313149524],[6.990823100521089,51.58265502189377],[7.012376469785274,51.56562522756279],[7.016561702581238,51.56029422002406],[7.016561702689895,51.56029421988565],[7.016561702918097,51.56029421959492],[7.01577645631606,51.559266763380904],[7.013562780656917,51.55835912074663],[7.00681571208749,51.56139024480798],[6.985589714995236,51.579598465391946],[6.985589715181999,51.579598465687475],[6.985589715396965,51.57959846602763],[6.986436732543225,51.5809386833303],[6.987439849677233,51.58276029188698],[6.987439849472297,51.58276029228292],[6.987439849457018,51.582760292312464],[6.98703053980338,51.58355113199644],[6.9833489787455445,51.582149958627234],[6.9816319965396065,51.58088067847566],[6.979044102275939,51.57806153897847],[6.977623907133681,51.57855241237056],[6.977623907251179,51.578552412822546],[6.977623907359822,51.57855241324048],[6.980025279400805,51.58778830048436],[6.980025279254524,51.58778830075094],[6.98002527918241,51.58778830088239],[6.969326157504346,51.60727921324306],[6.964867856584457,51.6306355060213],[6.964867856591469,51.630635506170044],[6.964867856617501,51.63063550672277],[6.965386253060698,51.64163913920961],[6.970761027167344,51.650287670788046],[6.970878147492635,51.651587767679445],[6.9708781474534165,51.65158776825625],[6.97087814743668,51.651587768502324],[6.970604911899271,51.655606082483814],[6.970298908154452,51.65617083057076],[6.965632981149523,51.656746747905835],[6.869644780346923,51.68018853221131],[6.836117093264746,51.61608437456022],[6.784494826611751,51.547711530569565],[6.783382683263637,51.54690389828272],[6.783234512373931,51.54686832944733],[6.782020024966386,51.54597077482368],[6.753758605291827,51.54147234474922],[6.665685728864653,51.60562618203096],[6.636505355211289,51.61757657503706],[6.634553428408388,51.61782580186599],[6.6326163864848064,51.6180383133124],[6.5923396275682915,51.61469943064516],[6.670871944197772,51.484435047648645],[6.674220456740719,51.478650473593824],[6.674980494514234,51.4775973811207],[6.675750460576544,51.47639756714783],[6.726495668539596,51.45459880247405],[6.718852018406803,51.428380240459404],[6.744768779426537,51.40916323652232],[6.747025013631157,51.40835935118936],[6.749628089421933,51.40877493549658],[6.749686699830037,51.40860418586108],[6.747229340721527,51.40821067757692],[6.743387722324293,51.406914768039016],[6.741570666355446,51.40148325544032],[6.682340215477741,51.37250225767281],[6.665349879841531,51.36797815378081],[6.66534987939533,51.36797815366197],[6.665349878727235,51.36797815348398],[6.708724734496034,51.326342227696]]]},"properties":{"art":"Netzbezirk","bezeichnung":"Duisburg","standort":"Duisburg"}},{"type":"Feature","geometry":{"type":"Polygon","coordinates":[[[7.044428860637799,51.28581128733718],[7.0443745106004725,51.28535848102079],[7.046929770946358,51.282395399193696],[7.059525909773625,51.283866768977525],[7.049951543247487,51.26624579642071],[7.046826813240143,51.26049192440355],[7.046826812916492,51.260491923807514],[7.0667872916470325,51.26780051879507],[7.070175223784619,51.26646966986226],[7.072075960208296,51.265800963230745],[7.121044591710853,51.28108465801507],[7.236389969744891,51.31442837244051],[7.238253721687119,51.3146688173612],[7.240064959264221,51.314876462450506],[7.307120512186874,51.318227500335276],[7.318947811988719,51.31881452797014],[7.321333200689841,51.31946809828193],[7.337217497269012,51.32511762246473],[7.33721749754494,51.32511762367999],[7.337347895020408,51.32569191976866],[7.340177241265973,51.33814951788256],[7.341145806607133,51.34241261257542],[7.362899434413033,51.39135252257322],[7.363691466138375,51.3923978248219],[7.364582161626799,51.39343261956414],[7.369866154202896,51.39326076263495],[7.370312889178081,51.39360124083171],[7.370907329578241,51.394054282034105],[7.444728121810767,51.451431691772214],[7.446980144527523,51.45181551578084],[7.4469801439836525,51.451815516353044],[7.446980142806867,51.45181551707111],[7.4445403636056895,51.453304191712725],[7.405033962245971,51.45403437338222],[7.403975334934308,51.45503859410309],[7.402793105069703,51.456403610748104],[7.359570502277736,51.48835546840191],[7.359654396412966,51.48978446175918],[7.359759435090086,51.49063638553346],[7.359800957293471,51.49097314656512],[7.359800957237532,51.490973146560734],[7.35186767786757,51.49035162837983],[7.347442843230128,51.488788537484446],[7.345537542726632,51.48779407186809],[7.342900397354241,51.48626145307821],[7.341460949958998,51.48533924674151],[7.341376927970289,51.48526748006664],[7.341298086477879,51.48505180031627],[7.341217737754439,51.48483199539267],[7.340531778900987,51.48446226927087],[7.340531779667901,51.48446227026435],[7.340531780961451,51.484462271903254],[7.340864001678622,51.484883184807074],[7.341205155538013,51.485226692378845],[7.341205155338654,51.4852266927413],[7.341205154809983,51.485226693234246],[7.341167863207252,51.48526146585783],[7.340830658269213,51.4856903329862],[7.329595006563535,51.493104935531],[7.323094655446684,51.501522415591516],[7.3230946557852326,51.50152241580289],[7.323094656501422,51.50152241601481],[7.337753268062855,51.505858321099865],[7.357821721165512,51.49930981858307],[7.383610773233815,51.51341598567405],[7.383610773176548,51.51341598605504],[7.383610772781687,51.5134159869424],[7.3819026211111725,51.517254506576755],[7.37961470272413,51.51852977635029],[7.377714411378452,51.51968220636429],[7.332820731312029,51.55811178380147],[7.294160011234625,51.56138592819905],[7.264159655500051,51.560226708127175],[7.262817264883214,51.561104286856306],[7.261580108014693,51.56202967912034],[7.2594870149883395,51.57281618953206],[7.259487015411607,51.57281618974066],[7.288829013443717,51.58530768929569],[7.339400458450432,51.60680389443945],[7.457552708193381,51.61557254852443],[7.459678646727227,51.61741742732731],[7.460941908776667,51.61854438866048],[7.462967559953697,51.62654749838095],[7.462967559844268,51.62654749897905],[7.292982216048854,51.67540175269511],[7.157017193676031,51.69918846165032],[7.155711674922353,51.70123483950637],[7.155711675026539,51.701234839969224],[7.156636997796703,51.70534506474386],[7.156636997557434,51.70534506478572],[7.153315572505295,51.705926056904595],[7.153048118572606,51.70562162129288],[7.1525826131761026,51.704828668492574],[7.152051365041335,51.70392369240423],[7.151273476415982,51.70207091962389],[7.150181051731679,51.69759105846628],[7.1500295777708684,51.69696981805249],[7.1473651613351485,51.692755571410736],[7.147365161326697,51.69275557139735],[7.125359351925264,51.64066748395923],[7.066502360443989,51.595607131364766],[7.062030638505811,51.592663310264086],[7.057201209977937,51.58793263945779],[7.016680062226479,51.560143437039635],[7.015777800162557,51.559266130974244],[7.013711342499634,51.55829237060198],[7.009328193539776,51.540474133501554],[7.0098505950584356,51.53932281473401],[7.01031446705623,51.53817092190079],[6.977958840103512,51.52036362050464],[6.9787916973353985,51.5193363979983],[6.979595333728164,51.51828667438888],[6.993013944883874,51.488796241099344],[6.994250638988907,51.48786458721776],[6.995269106154032,51.48707186572121],[6.993471491339108,51.48621093563922],[6.9908145698363064,51.486153741104886],[6.989810808090795,51.48598160732609],[6.989660194373261,51.485947527948156],[6.989656068366267,51.485933644960305],[6.993624403377792,51.4841436303744],[7.019861713264783,51.49130094121296],[7.055659626606852,51.50093904121827],[7.066617391993813,51.49971374436801],[7.0674531399230665,51.497849903364745],[7.0684211176813285,51.49578724218352],[7.016485756454648,51.48476193122631],[7.0100415151809825,51.4846401721605],[7.00729632505473,51.484233572804754],[6.999819945598196,51.48251947377572],[6.997943224258294,51.4819313057793],[6.994074398000883,51.47828054187039],[6.963538405683455,51.465650857667605],[6.953769597457903,51.45821526761441],[6.953595110313461,51.45868196885787],[6.953829493298996,51.461712878340464],[6.9520934688033424,51.46172590540486],[6.949148715193681,51.46166214567134],[6.905197754484401,51.4486619366414],[6.895558302678957,51.43496358777251],[6.8976975338687225,51.43359264310251],[6.897449470264999,51.43334437232633],[6.8991355382921835,51.432333354677084],[6.91370796782761,51.368801366084405],[6.907267466213778,51.36644506703749],[6.889298168288162,51.36227545738751],[6.8646679666416475,51.31321385049709],[6.867546273884723,51.30846239189962],[6.868418609661094,51.30831670181095],[6.869421878022179,51.308090977584314],[6.870294144074704,51.30801745075589],[6.871293325875371,51.307904530772795],[6.917602754640956,51.34201219292154],[6.9308404979717935,51.34835995948671],[6.931423569456497,51.350211561301165],[6.931880587287667,51.352360144894305],[6.932241701776216,51.35342247750261],[7.05864668340056,51.35994271654939],[7.081658687592892,51.300674275685914],[7.063464961037593,51.29111227874913],[7.055765426122891,51.28804292547543],[7.053181001418534,51.28725216307479],[7.049199901386893,51.287140285067196],[7.044428860637799,51.28581128733718]]]},"properties":{"art":"Netzbezirk","bezeichnung":"Bochum","standort":"Bochum"}},{"type":"Feature","geometry":{"type":"Polygon","coordinates":[[[6.202621817486671,51.39545237496357],[6.202621818726323,51.395452375046574],[6.404233880659043,51.40877418352599],[6.4172606980898435,51.409622765924084],[6.628542281101044,51.40478317068744],[6.664512569375037,51.403921141469866],[6.68248730295779,51.38547001606488],[6.6898491673326514,51.38946387629675],[6.694009243169481,51.39086360315059],[6.694785700966442,51.39094866586604],[6.6947857007065545,51.39094866638349],[6.694612182607443,51.3912941478653],[6.689109084566355,51.39381640060679],[6.683922716554508,51.395577085758774],[6.680496399497095,51.39671647873858],[6.676617092339899,51.39798634810476],[6.674217446642318,51.39867141597569],[6.672889172295762,51.39912651566559],[6.671496297234334,51.399754765147726],[6.6704628410194715,51.40033432250314],[6.6695494678772915,51.400965105467854],[6.668460184498829,51.401983145846586],[6.66796195230963,51.40256635468378],[6.667435127227196,51.4032847975378],[6.6671016124544,51.403839399597885],[6.667142891343078,51.403890876923164],[6.669076692220653,51.404209429925906],[6.69470768443692,51.39424231434768],[6.694949161751302,51.3913078783864],[6.695133348202491,51.390961645400665],[6.69736906493916,51.38954547216561],[6.697369065408215,51.389545471868495],[6.694936050657988,51.388255080671776],[6.692202267926231,51.38620857744327],[6.688080434740686,51.38413302466925],[6.6655495266248845,51.37375877215625],[6.662215132355679,51.37236564257248],[6.661396624335102,51.371925050507265],[6.6613304005523135,51.37183176160936],[6.665349877402217,51.367978154754475],[6.665349878070312,51.36797815493244],[6.665349878516512,51.36797815505128],[6.682340215477493,51.372502259292936],[6.741570666449174,51.40148325705681],[6.743387722366164,51.40691476959323],[6.747229340815119,51.40821067919153],[6.749686699830037,51.40860418586108],[6.749628089460526,51.40877493711098],[6.747025013724613,51.40835935280268],[6.744768779408462,51.4091632382064],[6.718852018406803,51.428380240459404],[6.726495668539596,51.45459880247405],[6.675750460579493,51.47639756875244],[6.674980494514211,51.47759738272229],[6.674220456740511,51.478650475194904],[6.6708719441977005,51.484435049250045],[6.5923396275682915,51.61469943064516],[6.632616386484733,51.618038314890406],[6.634553428408211,51.6178258034419],[6.636505355211192,51.61757657661431],[6.665685728864566,51.60562618360949],[6.7537586053858805,51.54147234634003],[6.782020024788717,51.54597077640628],[6.783234512207462,51.546868331035256],[6.78338268299994,51.54690389987232],[6.784494826368079,51.54771153217607],[6.83611709335589,51.61608437613761],[6.869644780512354,51.680188533763705],[6.869583536323823,51.68076548147433],[6.869569207198353,51.68090046583453],[6.869507828406709,51.68147866077177],[6.869452029832828,51.68187046029598],[6.869436992264118,51.68197604794904],[6.869356662858478,51.68254007890392],[6.844016060913316,51.68662942280297],[6.8185290288474,51.690736122050474],[6.740573900851207,51.69344770334703],[6.637792117229414,51.811590313255294],[6.6233996125624115,51.83429018697727],[6.621079372304058,51.834889575404965],[6.62107937269834,51.83488957585832],[6.621307124135145,51.83515143897438],[6.621647565335146,51.835459065878176],[6.621987636826334,51.83572678995721],[6.623178596569435,51.83669797060528],[6.624794354837966,51.837975774877705],[6.626271602666873,51.83913376301876],[6.6279450795687795,51.84042419516876],[6.628664890606301,51.84099425661627],[6.629139807637489,51.84138436037859],[6.630745047869155,51.842609314592785],[6.634202786234916,51.84530711686382],[6.641752528393685,51.85000406196802],[6.642934810790146,51.84979441164035],[6.702772141030982,51.86338992187607],[6.707067652746037,51.86870882334805],[6.721859022248924,51.88701358503389],[6.7218590226114445,51.88701358629774],[6.720825043408659,51.89470779564384],[6.71997349753473,51.90104247761115],[6.719973497466822,51.90104247787819],[6.7199734974025365,51.9010424779241],[6.706596064905824,51.91059249295467],[6.685573623060053,51.92558877359798],[6.471473503285221,51.860555037730066],[6.389052081701198,51.87751934177377],[6.378062376643999,51.8450397613632],[6.164943974308634,51.90464885505095],[6.122485839729524,51.90821035738313],[6.1009691217026525,51.89205527239771],[6.100969120638669,51.89205527153977],[6.160234024060485,51.844555251299326],[6.160234027162857,51.84455524860696],[6.063458639344187,51.86545570173516],[6.0582737928960215,51.862978631954924],[6.000493242536024,51.83534037021778],[5.965954871660581,51.83994808426405],[5.941228475368377,51.82296991172265],[5.944586488617788,51.802502996291445],[5.955127431378635,51.73812107875338],[6.02129497647789,51.72291132731387],[6.024434895625893,51.66987785296028],[6.102146508054559,51.648939164718456],[6.102146508968741,51.64893916447172],[6.080167438628802,51.60362036731857],[6.080167437829745,51.60362036566933],[6.197912184243387,51.51773196200451],[6.202621817486671,51.39545237496357]]]},"properties":{"art":"Netzbezirk","bezeichnung":"Wesel","standort":"Wesel"}},{"type":"Feature","geometry":{"type":"Polygon","coordinates":[[[6.56288556238689,51.00603466936957],[6.562885562003859,51.00603466817291],[6.553430895257648,50.976403665769304],[6.555230235836348,50.971573110540646],[6.549703664890026,50.912698106946486],[6.551894446003954,50.91213876955856],[6.554195076836793,50.91151654319316],[6.549389307059776,50.85412136188949],[6.550371569120128,50.85320579460069],[6.551275982496852,50.85216610523162],[6.557999936972695,50.83955471099409],[6.715097716228328,50.89142064301251],[6.718359198705257,50.89188400719027],[6.720595256590278,50.89211740833755],[6.722543817239704,50.89697925218023],[6.760183932424477,50.91033014944096],[6.799594784851112,50.90803372752886],[6.906129550868071,50.8703676563122],[6.907454970172596,50.87251174113383],[6.911334262747923,50.88033931915777],[6.91507167724776,50.88583021601429],[6.916482144002407,50.88765942257483],[6.926515723408703,50.88572121860269],[7.016365664477591,50.88865216886705],[7.058952881033012,50.88871607093231],[7.060810594957215,50.88893100532616],[7.060838262578821,50.88902091246486],[7.057057788296762,50.895269458929334],[7.055592624174964,50.897621833799036],[7.055034410513726,50.898398520916125],[7.054442531923492,50.899077219344214],[7.053572503407683,50.89975012046416],[7.052580264215633,50.900327377997456],[7.051332074570386,50.900990115850114],[7.050937497093769,50.901190781518196],[7.0433688517469415,50.910942367860024],[7.043575359312764,50.91092376200559],[7.0435983175868,50.910921693473334],[7.043732283484189,50.911007375078675],[7.044935523249617,50.91177682713589],[7.071058135628515,50.89731383264431],[7.085781425392486,50.89655479460283],[7.087566458463925,50.89690361658982],[7.089467037943149,50.89735225332292],[7.1381214841958895,50.88724035815139],[7.199211106485336,50.84738296250545],[7.208902834575575,50.840558089373076],[7.224445194518967,50.836379862175285],[7.26400270910952,50.83882389452411],[7.478975116493402,50.85186593620715],[7.675932601622953,50.79309359568197],[7.6759326029146235,50.7930935968],[7.675932605017135,50.793093598619855],[7.76709442768864,50.871833294977016],[7.767094429921294,50.87183329804425],[7.767094429601626,50.87183329846883],[7.6562781288197375,51.01846577394013],[7.655967606420452,51.0195738211163],[7.655725043441333,51.0207671013319],[7.658055281911256,51.04125869143111],[7.658055282061548,51.04125869275223],[7.542523688739042,51.07772060613347],[7.537983482693318,51.08302032093574],[7.537014563424069,51.084345937148974],[7.536324152188243,51.085270420141214],[7.533969013366715,51.08412117464866],[7.531560115152902,51.08067755259515],[7.528321049121746,51.08136469396771],[7.337873829092754,51.0704414419016],[7.337873828578551,51.07044144187167],[7.119215068936696,51.026710335298134],[7.0343582256181625,51.009607210708246],[7.032522940316277,51.00937026936764],[7.030604641946604,51.00910205912459],[7.03060464071937,51.00910205664678],[7.020445852296641,50.988542241535555],[7.020445851899211,50.98854224153431],[7.018242421331459,50.9885354114406],[7.016614063510678,50.988550983384236],[7.016614062650092,50.988550983879264],[7.00224033497818,50.99681645812948],[7.000455197603209,50.996699604105736],[7.000397157718554,50.996653798909996],[7.000397157491131,50.996653796633495],[7.002023092545666,50.990112294334615],[7.002364779171414,50.98783515246253],[7.002364778746694,50.98783515025913],[7.002364776862719,50.98783515023567],[7.000370688971045,50.98781028045373],[6.893464037491242,51.08666409615135],[6.893464036477956,51.08666409569003],[6.893464033955504,51.08666409454166],[6.846656077778754,51.06533504985834],[6.844803306113041,51.06496052179908],[6.843112035182231,51.06466815647165],[6.833267568005513,51.063604693511174],[6.770647002734828,51.056819403307564],[6.702814413029291,51.049429346180936],[6.695003416724874,51.04764388580269],[6.6871312460173185,51.045843778182345],[6.685775764868206,51.04553375677834],[6.68445835739492,51.045075191109035],[6.682040607336129,51.04418985096281],[6.5724712051403165,51.00269309883386],[6.571078389814879,51.003467844771315],[6.569617590417244,51.004241972798184],[6.56288556238689,51.00603466936957]]]},"properties":{"art":"Netzbezirk","bezeichnung":"Köln-Deutz","standort":"Köln-Deutz"}},{"type":"Feature","geometry":{"type":"Polygon","coordinates":[[[5.864104557384736,51.05181910452851],[5.864104557278813,51.05181910449305],[5.879215162504339,51.01282070228121],[5.8994280622264075,50.999484580381626],[5.894326001610531,50.9737893541407],[5.995979147900812,50.97972007415278],[6.016633905315395,50.929670299872456],[6.078820558858526,50.917660844585],[6.067046872030768,50.860465929618734],[6.0316151995017036,50.85341626480216],[6.016414570105433,50.848821390503204],[6.01170532275764,50.83395149211641],[6.022103757891758,50.816809012363734],[6.022103759171999,50.81680901025196],[6.00464242581377,50.80444442917829],[5.983028991249097,50.81336723923786],[5.9727395990115975,50.79692737499913],[5.972739598269655,50.79692737381329],[6.017986359904116,50.77355354502727],[6.018180679475543,50.75145851186419],[6.036631098341257,50.742642417381006],[6.036631100179773,50.74264241650197],[6.029977273834427,50.730803005808966],[6.029977273806939,50.73080300576002],[6.037391756561396,50.71780441972774],[6.111984236428847,50.71512997932302],[6.173211161390683,50.6176123155912],[6.257987212662218,50.62010338316425],[6.257987216892818,50.62010338328698],[6.168109438212982,50.55207216229556],[6.168109438062254,50.55207216218125],[6.223150243523206,50.49183213263119],[6.341202645342816,50.487031201301335],[6.341202646901319,50.48703120251799],[6.341202648099841,50.48703120407852],[6.341202650644364,50.48703120739162],[6.341202651452474,50.4870312084438],[6.341202659727955,50.48703121921885],[6.341202672172654,50.48703123542242],[6.3912038376479074,50.55206233577364],[6.460961726377583,50.64247079669446],[6.528937850613491,50.79669366943445],[6.530685844648374,50.797324992537426],[6.532108328149639,50.797914358442696],[6.5579999349403915,50.83955470811981],[6.551275980493231,50.85216610239959],[6.550371567118924,50.853205791770456],[6.549389305060733,50.85412135906457],[6.554195074970854,50.91151654059462],[6.551894444139836,50.91213876696074],[6.54970366302645,50.912698104348756],[6.5552302341124795,50.97157310818289],[6.5534308935449515,50.97640366343104],[6.562885560926804,51.00603466772534],[6.503112981358579,51.02550439672339],[6.475928171384515,51.076336227640304],[6.4739160399992235,51.076194084078345],[6.471800019918251,51.076347221734906],[6.272106237309536,50.98319453944715],[6.250831750859315,51.018623188632624],[6.249552360826026,51.01947672130611],[6.247979348717639,51.020305929709515],[6.062373325572289,51.116850964045526],[6.037974707797522,51.100890301679016],[5.988914233836787,51.081662499635485],[5.945741095279543,51.04145548531798],[5.917558782453275,51.069705831685624],[5.864104557384736,51.05181910452851]]]},"properties":{"art":"Netzbezirk","bezeichnung":"Aachen","standort":"Aachen"}},{"type":"Feature","geometry":{"type":"Polygon","coordinates":[[[6.636058766372457,50.484613644324625],[6.636058766680947,50.48461363921299],[6.636058767059597,50.48461363293887],[6.6360587671739415,50.484613631044226],[6.636058767290724,50.48461362910916],[6.62061057997603,50.46111888293309],[6.6077213652384055,50.44823392877272],[6.599964721405715,50.44269690015174],[6.58933646148742,50.4361782287662],[6.588733890068166,50.43489206935089],[6.588733875131426,50.43489203746826],[6.5887338728816776,50.434892032666156],[6.588733872360219,50.43489203155311],[6.588733869915187,50.434892026334154],[6.5903177085999385,50.434296546828136],[6.601056816356484,50.43478864604088],[6.626306293347345,50.44110091235727],[6.641246372017191,50.43452895329255],[6.745313680853309,50.36256108664145],[6.798618341002318,50.36535099035293],[6.79861833880941,50.36535099457773],[6.798618337795509,50.36535099653109],[6.798618334780387,50.36535100233996],[6.798618319290187,50.365351032183014],[6.723871831185117,50.50888191953695],[6.723871836641761,50.50888192017486],[6.723871837043918,50.5088819202219],[6.723871839006484,50.5088819204513],[6.723871868148594,50.50888192385829],[6.856497025112064,50.52429507943833],[6.856497026751306,50.524295079606844],[6.925227614263806,50.53133764183502],[6.986256218049708,50.527591924655916],[7.03489669969514,50.521554545393855],[7.036581930543059,50.52112463847357],[7.0370625028045435,50.5211061811938],[7.03706250428408,50.521106188279404],[7.037062504747399,50.52110619049828],[7.03706251173266,50.52110622395111],[7.039424577797279,50.53241601651818],[7.039424578135405,50.532416016829956],[7.039424580159114,50.532416018696004],[7.039424587607423,50.53241602556413],[7.044870061360323,50.53743667471258],[7.073584465192993,50.53478476902061],[7.092210891455635,50.54529326030551],[7.096244319953075,50.54704117732091],[7.1230378114287065,50.56225707308803],[7.179054140422674,50.62278753396387],[7.200704879225321,50.64613514072965],[7.202637116752687,50.646607029069074],[7.204222666918032,50.64704874983626],[7.204222664572777,50.647048754689834],[7.204222663311531,50.647048757299984],[7.20422266067764,50.64704876275089],[7.204222652244125,50.64704878020426],[7.198342550310518,50.65921590883375],[7.156730285128129,50.70075580831696],[7.10370692033105,50.74217962385497],[7.016365654355683,50.88865216514615],[6.9265157210292445,50.885721214766725],[6.916482141634239,50.88765941873497],[6.915071674873834,50.885830212164045],[6.911334262747923,50.88033931915777],[6.907454970172596,50.87251174113383],[6.9061295485207985,50.87036765237121],[6.799594782498262,50.908033723643655],[6.760183930165086,50.910330145519104],[6.722543817239704,50.89697925218023],[6.720595256590278,50.89211740833755],[6.718359196298112,50.891884003127544],[6.715097713808289,50.89142063893968],[6.557999934488838,50.839554706485224],[6.532108327676452,50.797914356762476],[6.530685844174816,50.79732499085603],[6.528937850139626,50.79669366775182],[6.460961725827649,50.64247079485539],[6.3912038376479074,50.55206233577364],[6.341202671561395,50.487031235439126],[6.341202659924457,50.487031220287314],[6.3412026508412085,50.48703120846053],[6.341202650033106,50.487031207408336],[6.3412026474885845,50.48703120409524],[6.34120264709782,50.487031203586454],[6.341202645342816,50.487031201301335],[6.341202644644764,50.487031200321205],[6.341202646488038,50.48703120027079],[6.341202656194385,50.48703120000539],[6.4518739610171565,50.48394380491136],[6.590821143396878,50.50042750169212],[6.591230587984578,50.50058991021883],[6.623254591465623,50.50169947099801],[6.63500175726837,50.502121125311014],[6.636058766372457,50.484613644324625]]]},"properties":{"art":"Netzbezirk","bezeichnung":"Bonn","standort":"Bonn"}},{"type":"Feature","geometry":{"type":"Polygon","coordinates":[[[7.204222664736572,50.64704878368446],[7.204222674517245,50.64704876344309],[7.209540676482069,50.64556312094486],[7.215934985771701,50.627002831526084],[7.2188074869554955,50.62683922316153],[7.315079477592225,50.62461311347041],[7.316329380758935,50.614873222600075],[7.316329378647225,50.61487319864336],[7.316329377649716,50.6148731982195],[7.316329375268,50.614873197207444],[7.3153959297252715,50.6144765480738],[7.314653813846023,50.61416119048473],[7.31403559781179,50.61389847648012],[7.313565130718593,50.61382453398624],[7.312869681614894,50.613715227525056],[7.312418006935108,50.61364423353008],[7.312417993068656,50.613644228863464],[7.312417993846607,50.61364422618726],[7.312417995476259,50.613644220581115],[7.326261827018052,50.565969037464924],[7.444121392941295,50.572871204490305],[7.511889306428375,50.56884184221065],[7.513258511147855,50.56993882257595],[7.515253339534734,50.571585496909336],[7.653226900812332,50.5456360941653],[7.65479330550304,50.54600165932826],[7.656551248810567,50.54661665867092],[7.689232382895265,50.57277459948725],[7.6892323845148,50.57277460078259],[7.689232385439156,50.5727746015219],[7.689232394455532,50.57277462808013],[7.719171984798414,50.69058621158947],[7.70908361442689,50.693353666566445],[7.707834610467046,50.693696209322354],[7.707834609956951,50.69369620946226],[7.707834609702034,50.693696209532156],[7.707834609511142,50.693696209584516],[7.707834609319922,50.693696209636954],[7.715703820558206,50.70337089239585],[7.715703824212811,50.70337089688798],[7.715703825276169,50.703370898195054],[7.7068120047263395,50.719502272764714],[7.676296261547994,50.780719297372805],[7.676311618231271,50.781771611137664],[7.675932605064116,50.79309359721715],[7.675932605017135,50.793093598619855],[7.675932604973239,50.79309359993042],[7.675932604954167,50.79309360050001],[7.478975120043373,50.851865942470326],[7.26400270910952,50.83882389452411],[7.224445193880544,50.836379861021356],[7.208902834575575,50.840558089373076],[7.199211107321091,50.847382964023865],[7.1381214877894354,50.88724036487942],[7.089467041558439,50.89735226006903],[7.087566462037292,50.89690362335158],[7.085781429014722,50.896554801370804],[7.071058139206063,50.89731383943437],[7.044935526791866,50.9117768338467],[7.043732283484189,50.911007375078675],[7.0435983171907495,50.910921692724905],[7.043575359312764,50.91092376200559],[7.0433688517469415,50.910942367860024],[7.050937500662535,50.901190788318075],[7.0513320781681195,50.90099012263459],[7.052580267814352,50.90032738478483],[7.053572507006589,50.89975012725388],[7.054442535523566,50.899077226138104],[7.055034414094738,50.89839852773039],[7.055592627766662,50.8976218406083],[7.057057791899192,50.895269465755],[7.060838266209371,50.88902091933797],[7.060810594957215,50.88893100532616],[7.058952884704887,50.88871607782209],[7.016365664477591,50.88865216886705],[7.103706927480647,50.74217963610014],[7.1567302925590495,50.70075582091929],[7.1983425580568055,50.65921592180241],[7.204222664736572,50.64704878368446]]]},"properties":{"art":"Netzbezirk","bezeichnung":"Troisdorf","standort":"Troisdorf"}},{"type":"Feature","geometry":{"type":"Polygon","coordinates":[[[6.774751297426456,51.23487587292397],[6.727056525854882,51.20946492885141],[6.720959234894888,51.20807265106159],[6.721801465404024,51.206726962803415],[6.727758101233865,51.207855065332105],[6.728052360030878,51.20702678360566],[6.724091070873746,51.204730433928816],[6.893464032232083,51.086664095747416],[6.8934640338249284,51.086664094633],[6.893464033955504,51.08666409454166],[6.893464034478396,51.08666409417584],[7.000370686885082,50.98781027668053],[7.002364776899478,50.98783514999061],[7.002364776862719,50.98783515023567],[7.0023647765335735,50.98783515242967],[7.00202309047024,50.99011229056847],[7.000397156760989,50.99665379605725],[7.000397157491131,50.996653796633495],[7.000397158154323,50.996653797156874],[7.00045519579293,50.99669960057876],[7.00224033290208,50.99681645439608],[7.016614062810972,50.988550983187245],[7.016614062650092,50.988550983879264],[7.016614061993995,50.98855098670144],[7.010314950859666,51.01554204545583],[6.997096318828065,51.06062124695125],[6.887018562596415,51.18472278220461],[6.888131243094631,51.18538131491385],[6.888264676450976,51.18543675660418],[6.889860153905567,51.186228755461286],[6.977124654005974,51.213674544090296],[6.97797287715964,51.21484661142355],[6.977967489147706,51.21494267222268],[6.978633166833354,51.2158242765031],[7.053715464633692,51.24072436725645],[7.054232550506503,51.24168175566035],[7.054814390601584,51.242952195802694],[7.045218660417998,51.24887587243931],[7.040329153402742,51.25124889801],[7.041905009463665,51.252670790934346],[7.046826811253365,51.260491921021774],[6.90588448321739,51.30264284942105],[6.86958344124568,51.30465110106049],[6.868498715598826,51.30481549202033],[6.868498715901546,51.30481549256024],[6.870012344441276,51.307514921040244],[6.87017631781389,51.30780733403905],[6.870176317135283,51.30780733416442],[6.870176316860366,51.30780733421522],[6.868338823596585,51.3081468383899],[6.868294533359648,51.30805254481769],[6.866846524776588,51.304969530081834],[6.865726060845339,51.30505958843048],[6.8412477204224995,51.29898879317026],[6.838881488249381,51.29902646005539],[6.838724074447101,51.29956368001975],[6.83892664547624,51.30046200343115],[6.839271281918989,51.30426643522621],[6.837502993531136,51.305020216951746],[6.835054485624091,51.309226851123995],[6.832919841919112,51.30894082565655],[6.782444226428628,51.34277744816132],[6.780494101838631,51.34270982176175],[6.778658896235067,51.342625910922095],[6.70872473461388,51.32634222753312],[6.774751297426456,51.23487587292397]]]},"properties":{"art":"Netzbezirk","bezeichnung":"Düsseldorf","standort":"Düsseldorf"}},{"type":"Feature","geometry":{"type":"Polygon","coordinates":[[[6.456412147720768,51.069195002597745],[6.471800020249237,51.07634722232599],[6.473916040330181,51.07619408466927],[6.47409711090415,51.07620687753997],[6.475928171715377,51.07633622823077],[6.503112981715081,51.02550439735539],[6.562885562003859,51.00603466817291],[6.56961758913807,51.00424197122438],[6.571078388534391,51.00346784319608],[6.572471203858804,51.00269309725687],[6.682040606177315,51.04418984958259],[6.684458356264667,51.0450751897519],[6.685775763698484,51.04553375541144],[6.695003416724874,51.04764388580269],[6.701311972424056,51.04908596562321],[6.702814413535453,51.04942934722705],[6.716107107017516,51.050880805871344],[6.770647002734828,51.056819403307564],[6.843112033927406,51.064668155278355],[6.844803305060445,51.06496052063068],[6.846656076641754,51.0653350486431],[6.893464034478396,51.08666409417584],[6.893464036477956,51.08666409569003],[6.893464036347373,51.0866640957814],[6.89346403475453,51.08666409689578],[6.724091070873746,51.204730433928816],[6.728052360030878,51.20702678360566],[6.72775810194959,51.20785506750194],[6.72180146612169,51.20672696497691],[6.720959234894888,51.20807265106159],[6.727056526568314,51.20946493101693],[6.774751297426456,51.23487587292397],[6.70872473461388,51.32634222753312],[6.708724734496034,51.326342227696],[6.665349878727235,51.36797815348398],[6.665349877402217,51.367978154754475],[6.66133040044892,51.371831761161374],[6.661330400680028,51.37183176148691],[6.661396624506845,51.37192505050506],[6.662215132593842,51.37236564260496],[6.665549526861426,51.37375877218649],[6.688080434965507,51.38413302467634],[6.692202268148767,51.386208577445885],[6.694936050878334,51.38825508067026],[6.697369065523853,51.38954547192982],[6.697369065054798,51.38954547222695],[6.695133348420507,51.39096164539487],[6.694949161969149,51.391307878380196],[6.694707684652153,51.39424231433687],[6.669076692220653,51.404209429925906],[6.667142891542442,51.403890876905095],[6.667101612550046,51.403839399438844],[6.6671016123629165,51.40383939920549],[6.667435127438663,51.403284797522396],[6.667961952521442,51.40256635466889],[6.668460184711021,51.40198314583256],[6.6695494680901595,51.40096510545516],[6.670462841232765,51.40033432249142],[6.671496297447993,51.399754765136315],[6.6728891725098185,51.39912651565412],[6.6742174468566,51.398671415964756],[6.676617092554416,51.397986348094484],[6.680496399712123,51.396716478728806],[6.683922716770106,51.39557708574961],[6.689109084782763,51.39381640059866],[6.694612182825355,51.3912941478592],[6.694785700911135,51.39094866640593],[6.694785701171022,51.39094866588847],[6.694009243387777,51.39086360314521],[6.689849167552751,51.38946387629517],[6.68248730295779,51.38547001606488],[6.664512569375037,51.403921141469866],[6.628542281101044,51.40478317068744],[6.417260698325672,51.40962276598008],[6.404233880659043,51.40877418352599],[6.202621818931801,51.395452374430896],[6.2026218176921395,51.39545237434792],[6.2126301391196055,51.36544390047252],[6.212630140166589,51.365443897331055],[6.072513562073232,51.24509042270464],[6.063093924663315,51.22198970453737],[6.063093924301715,51.221989703650145],[6.07565331563978,51.171078063404686],[6.099202336784905,51.16541772911688],[6.137665785694997,51.183626702633404],[6.138774905968592,51.17333728425869],[6.167102029985972,51.15827976868765],[6.167102034913256,51.15827976606704],[6.141983058424704,51.1518793298677],[6.092530060393031,51.1383370232679],[6.062373328472781,51.11685096792525],[6.062373327028508,51.1168509668956],[6.247979349082421,51.02030593039863],[6.249552361191188,51.01947672199552],[6.2508317512248714,51.018623189322724],[6.272106237692305,50.9831945401652],[6.456412147720768,51.069195002597745]]]},"properties":{"art":"Netzbezirk","bezeichnung":"Neuss","standort":"Neuss"}},{"type":"Feature","geometry":{"type":"Polygon","coordinates":[[[6.977967489147706,51.21494267222268],[6.97797287715964,51.21484661142355],[6.977124654341254,51.213674544807795],[6.889860154276221,51.186228756250024],[6.888264676822408,51.185436757394676],[6.888131243452929,51.185381315700184],[6.887018562596415,51.18472278220461],[6.997096319283123,51.06062124788106],[7.010314951353186,51.01554204644314],[7.016614062854587,50.98855098620641],[7.016614063510678,50.988550983384236],[7.0166140636715575,50.988550982692225],[7.018242419908621,50.98853540870972],[7.020445852296641,50.988542241535555],[7.03060464071937,51.00910205664678],[7.032522938819381,51.00937026672823],[7.034358224117946,51.009607208070534],[7.337873827524263,51.070441440536406],[7.337873829092754,51.0704414419016],[7.337873831568671,51.070441444056634],[7.3378738316086265,51.07044144409141],[7.3915011296663655,51.11705964472758],[7.392303000086447,51.118216041414954],[7.392303000873222,51.11821604309503],[7.392790108751001,51.11925619607539],[7.303809546633525,51.289655055273386],[7.303813272694788,51.29061888120473],[7.303950239756539,51.29194635817505],[7.303950239769813,51.291946358182464],[7.303950240647877,51.29194635867154],[7.304391461593989,51.29219210894119],[7.340225375452747,51.322116147773066],[7.34022537490835,51.32211614833711],[7.340225374871733,51.32211614837504],[7.3386381375108485,51.32376053340126],[7.337217496830949,51.32511762093196],[7.321338958090235,51.319469675416336],[7.320150728111146,51.31914412201405],[7.318947811988719,51.31881452797014],[7.309917742335957,51.3183664450755],[7.240064958935816,51.314876461855086],[7.238253721356922,51.314668816765106],[7.236389969413717,51.314428371843206],[7.121044591307143,51.281084657294976],[7.0720759597737475,51.26580096245685],[7.070175223286165,51.26646966907065],[7.066787291216776,51.26780051802157],[7.046826811695908,51.260491921636714],[7.0468268113791686,51.260491921221636],[7.046826811253365,51.260491921021774],[7.041905009747464,51.25267079156884],[7.040329153402742,51.25124889801],[7.045218660703309,51.248875873075015],[7.054814390601584,51.242952195802694],[7.054232550793564,51.24168175630445],[7.053715464933614,51.240724367906175],[6.9786331671662705,51.2158242772169],[6.977967489147706,51.21494267222268]]]},"properties":{"art":"Netzbezirk","bezeichnung":"Wuppertal","standort":"Wuppertal"}},{"type":"Feature","geometry":{"type":"Polygon","coordinates":[[[13.6080341082058,50.945856481819256],[13.598717605482104,50.8880905747906],[13.60387733708999,50.78667033564808],[13.682228283666047,50.76851224501154],[13.682228285157498,50.768512246491895],[13.682228287684657,50.76851224900018],[13.730019525448808,50.815886847311205],[13.737931324337644,50.91140907025684],[13.819740791280708,51.00108949533369],[13.820665449833813,51.00260984752047],[13.821922851033106,51.003475728852145],[13.82214297290865,51.00347851504617],[13.823238495783986,51.00432746963671],[13.824462205514534,51.0077316110022],[13.863864255331611,51.07985407221628],[13.982764700469128,51.07449680772755],[13.986862331374736,51.074413462587394],[14.019469309888425,51.084734717041016],[14.020637881934732,51.09348934611795],[14.019745892723018,51.094603345126885],[14.01876920650575,51.096519217534976],[14.055335229008111,51.17838337771697],[14.007619531712306,51.178544215319775],[14.005673057332734,51.17857241627849],[13.999574258039654,51.180766316190294],[13.879779595494794,51.22410624177069],[13.868680167542793,51.20723130330371],[13.845713310024276,51.212017011470266],[13.843971815505236,51.212535919409945],[13.842375121812488,51.213049108532864],[13.827565434944258,51.22156865590121],[13.868627791291505,51.25711324491718],[13.895263690543688,51.273392950597575],[13.729143269063202,51.27563673270309],[13.552934101834195,51.195076501238105],[13.551935377306538,51.19396451561208],[13.534650346408856,51.196485608676184],[13.53286904971219,51.21077696206143],[13.542822451402136,51.227961863889426],[13.536920390819265,51.242560936844406],[13.52489091627189,51.24506002697192],[13.523193159022023,51.243910964441746],[13.398266029303295,51.17133865014639],[13.42684000065784,51.126215481049485],[13.42930147238871,51.12506133258169],[13.432267365335356,51.12594901790794],[13.433579630082685,51.124572746651936],[13.494231922812924,51.099211862508355],[13.503816910528876,51.094678688821475],[13.500772984443902,51.09007160890318],[13.499762387301303,51.08854180517581],[13.498940849432202,51.0876641688485],[13.496482515606278,51.08503772957049],[13.426042398453543,51.12319450717931],[13.426042370647236,51.123194522221404],[13.426042354096037,51.12319453117492],[13.426042348975734,51.12319453394481],[13.426042347592999,51.1231945335305],[13.426042363376146,51.123194516539364],[13.426042377815095,51.123194500995325],[13.495683104672965,51.04808649398118],[13.581375790999243,50.96824049852604],[13.583860573137652,50.96799876395713],[13.58527600986295,50.96784762602462],[13.6080341082058,50.945856481819256]]]},"properties":{"art":"Netzbezirk","bezeichnung":"Dresden","standort":"Dresden"}},{"type":"Feature","geometry":{"type":"Polygon","coordinates":[[[14.581916299595228,50.913246594301924],[14.581916305304954,50.913246592588095],[14.584208016393626,50.91506696832972],[14.593004426190273,50.9162929789242],[14.59813719238649,50.91918380210719],[14.599262741115915,50.91981764112616],[14.611732912685689,50.90474693883329],[14.637657859987238,50.898845222494586],[14.615853792709085,50.85769779051462],[14.705279907180097,50.837259857433324],[14.714411690039563,50.82104490426764],[14.8017135693736,50.819246987056054],[14.801713576526744,50.81924698690605],[14.831934518784811,50.886890306138284],[14.898067244772388,50.937619564175314],[14.986571473734454,51.077641725623685],[15.03345538024435,51.24096815636828],[15.023464482457237,51.223264768377156],[15.038501559006882,51.28910833498467],[14.983444351624042,51.3334831013647],[14.96619001041359,51.47109442518709],[14.762014982773414,51.537605000980065],[14.7203385742426,51.562757921460445],[14.718657982049407,51.56174338288775],[14.708853474531919,51.55582317393284],[14.631374203933417,51.508953170459264],[14.629640854795534,51.50819527809805],[14.629640848796356,51.508195280735315],[14.626079047273908,51.509760966138465],[14.620252894499925,51.51070187937288],[14.57816372632129,51.53929967665469],[14.460767780910738,51.55368149652966],[14.460767779380323,51.55368149516517],[14.460767778689185,51.553681494548975],[14.45879719351318,51.551928874818884],[14.458804429156137,51.55190697801918],[14.461832488552542,51.55112195487512],[14.464918144614447,51.54996064657767],[14.467258772343502,51.5485904206875],[14.474792478093374,51.54673258711603],[14.478079055226889,51.54695511109723],[14.481571722433346,51.546344726743776],[14.484121303779768,51.54581151191279],[14.484137044409314,51.54578196196885],[14.498430963858839,51.537534226319075],[14.564850286251682,51.35557835435769],[14.563664500418824,51.35357072326808],[14.562840411621258,51.35251451070117],[14.363777039099684,51.25409089945974],[14.362405746452895,51.253287666105074],[14.140931557168134,51.20127127290287],[14.137833957187137,51.20171488332089],[14.137359115535162,51.20173846103677],[14.0553352326542,51.178383380947366],[14.018769211267031,51.096519223635816],[14.019745897481894,51.094603351225366],[14.020637886692517,51.093489352214796],[14.019469314102428,51.084734719198785],[14.227876561424479,51.081987921434845],[14.228539526689717,51.07978205139489],[14.228756628269785,51.07838585096738],[14.30939048281157,51.041884019029915],[14.558613866105894,50.988798161077526],[14.56073812429526,50.91960072952539],[14.581916299595228,50.913246594301924]]]},"properties":{"art":"Netzbezirk","bezeichnung":"Bautzen","standort":"Bautzen"}},{"type":"Feature","geometry":{"type":"Polygon","coordinates":[[[13.895263690543688,51.273392950597575],[13.868627791291505,51.25711324491718],[13.827565439673807,51.221568659029835],[13.842375126546534,51.213049111658194],[13.84397182024079,51.21253592253559],[13.845713314761323,51.2120170145964],[13.868680167542793,51.20723130330371],[13.879779595494794,51.22410624177069],[13.999574262948226,51.18076631937839],[14.005673062246114,51.178572419467464],[14.007619536628686,51.17854421851023],[14.0553352326542,51.178383380947366],[14.137359115534792,51.20173845803175],[14.137833957186757,51.20171488032023],[14.140931557167754,51.20127126990484],[14.362405746452886,51.25328766312252],[14.36377703909967,51.25409089647755],[14.56284041162125,51.35251450774737],[14.563664500418815,51.353570720314394],[14.564850286251682,51.35557835435769],[14.49843096385884,51.5375342234253],[14.484137044409321,51.545781959080784],[14.48306674207858,51.544591352847746],[14.46576302089602,51.5384165875111],[14.46576301988386,51.53841658785181],[14.465763013122837,51.53841659012755],[14.463100781312628,51.5393126462672],[14.461351531429937,51.53985208815199],[14.172220010490426,51.57964452211339],[14.172220009243844,51.579644521584775],[14.170421909615246,51.578882006097984],[14.167974710496281,51.57801278637102],[14.167974709271707,51.57801278663554],[14.131320318158267,51.58592319503353],[14.126160337792948,51.58869635287266],[14.122312759410365,51.591000661059994],[14.064470877881963,51.60968297010439],[14.019967758421473,51.62449219602207],[14.019967756671429,51.624492196059045],[14.018423000383194,51.6245248236287],[14.016278070383416,51.62449980878013],[13.903698460204334,51.54947331534478],[13.776403740281777,51.516608216579456],[13.797907484493782,51.46026594423592],[13.796425366125913,51.45944256327376],[13.794976237821663,51.45875254216944],[13.727386670146005,51.35079666854714],[13.72817151088723,51.34988480389066],[13.729238289428597,51.34878109869919],[13.729143283142069,51.27563674012608],[13.895263690543688,51.273392950597575]]]},"properties":{"art":"Netzbezirk","bezeichnung":"Hoyerswerda","standort":"Hoyerswerda"}},{"type":"Feature","geometry":{"type":"Polygon","coordinates":[[[13.682228285157498,50.768512246491895],[13.728785193726344,50.73062832551227],[13.839288447151526,50.72793974867874],[13.879821829682932,50.72692715581856],[13.922209593319826,50.74977841520927],[13.902585828414322,50.77510061687407],[13.988931008970077,50.804377600223226],[14.063501892711672,50.80388146529637],[14.213821424745609,50.849497813429345],[14.27504819274234,50.87278470238467],[14.393576727481125,50.900020700555025],[14.413970677471198,50.93547494237573],[14.32450086476859,50.98904488505915],[14.279758342564147,50.997443965825],[14.309390481459278,51.04188401536901],[14.309390482022074,51.04188401621211],[14.228756628269794,51.07838585014147],[14.228539526689723,51.0797820505701],[14.227876561424468,51.08198792061022],[14.019469309888425,51.084734717041016],[13.986862336040618,51.07441346780686],[13.982764705128703,51.07449681294492],[13.863864255331611,51.07985407221628],[13.824462209797625,51.00773161601316],[13.823238495783986,51.00432746963671],[13.822142977179741,51.00347852004894],[13.821922855303994,51.003475733855],[13.820665449833813,51.00260984752047],[13.819740791280708,51.00108949533369],[13.737931324337644,50.91140907025684],[13.730019525448808,50.815886847311205],[13.68222828711753,50.768512249461196],[13.682228285157498,50.768512246491895]]]},"properties":{"art":"Netzbezirk","bezeichnung":"Pirna","standort":"Pirna"}},{"type":"Feature","geometry":{"type":"Polygon","coordinates":[[[12.776250694988954,51.28962059085289],[12.776250693385476,51.28962058796598],[12.776250648525716,51.28962058145204],[12.774116712538039,51.2896280823226],[12.774116710571196,51.28962808232952],[12.774116708112413,51.28962803149595],[12.774678431524505,51.28430525589462],[12.776523252560722,51.28435619929748],[12.825303433224013,51.23741266320583],[12.825303438362129,51.237412658255195],[12.983818431160037,51.20442460973091],[13.065823690372444,51.22250747871012],[13.067363961859241,51.223027920755264],[13.06883724622675,51.22396821863757],[13.092139133512923,51.22697255982657],[13.277213797314602,51.29953469338132],[13.281082295572109,51.29941220371184],[13.282710371805091,51.29849525510517],[13.200284893544605,51.14057336876759],[13.200400870609188,51.139588528978216],[13.200404290784494,51.139559508851164],[13.200407065205635,51.139547621286574],[13.200415455885986,51.139511668297644],[13.200708622827424,51.1382554544838],[13.200708624146943,51.138255449027994],[13.227947665917377,51.12858915355461],[13.28420761563697,51.106426690553945],[13.285471831436967,51.105540342147975],[13.286943261131148,51.104791080756286],[13.29076942508544,51.103871683640044],[13.311110601247444,51.10615163477276],[13.354657258307952,51.138754006238564],[13.390025947024803,51.124720868247636],[13.422170510809224,51.12393082105651],[13.425027420780077,51.12360146685849],[13.426238101897047,51.123813448992706],[13.426238223044075,51.1238134788191],[13.426238224069074,51.12381348292868],[13.426836405849256,51.126211666540186],[13.426836443092006,51.126211794176314],[13.426836445594674,51.126211792998234],[13.429292779317915,51.125055465263515],[13.429110704867899,51.124289195436674],[13.429110704069952,51.12428919207843],[13.429110575344849,51.12428913357525],[13.427388559098215,51.12359789338642],[13.42604235740982,51.12319453647194],[13.42604235096844,51.12319453454189],[13.426042348975734,51.12319453394481],[13.426042347592999,51.1231945335305],[13.426042363376146,51.123194516539364],[13.426042372049386,51.1231945118475],[13.426042387014727,51.12319450375184],[13.426042388600596,51.12319450289397],[13.496482515606278,51.08503772957049],[13.498940849432202,51.0876641688485],[13.499762389952698,51.08854180695699],[13.500772984443902,51.09007160890318],[13.503816902538816,51.09467868345222],[13.494231914831756,51.09921185713843],[13.433579622169914,51.124572741287274],[13.43226735742078,51.125949012540374],[13.429301464486135,51.125061327221424],[13.426839992757671,51.126215475689015],[13.398266029303295,51.17133865014639],[13.52319315037182,51.24391095855468],[13.524890907612086,51.245060021078864],[13.53692038213526,51.24256093094205],[13.542822442760944,51.227961858027385],[13.532869041169604,51.21077695627087],[13.534650337920088,51.19648560293024],[13.551935377306538,51.19396451561208],[13.552934101834195,51.195076501238105],[13.729143269063202,51.27563673270309],[13.729238274887308,51.348781088883506],[13.728171496343256,51.34988479407168],[13.727386655600217,51.35079665872497],[13.794976237821663,51.45875254216944],[13.796425350567592,51.45944255273138],[13.797907484493782,51.46026594423592],[13.77640372392848,51.51660820713243],[13.577050463798937,51.55751886222396],[13.575009372368566,51.55757870040758],[13.43982568119236,51.56260801834274],[13.381806398302597,51.52311749874432],[13.38180638893547,51.52311749236061],[13.381806382768168,51.52311748573291],[13.381430215507217,51.52259738371556],[13.380898428058323,51.52186209264375],[13.380566549304271,51.52138320489337],[13.30931763871278,51.417458935723644],[13.309317637162037,51.41745893345575],[13.309317586488119,51.41745892675784],[13.306856599552168,51.417555138800765],[13.305034679726246,51.41752543891743],[13.051170634983443,51.43554520522539],[12.824167966498145,51.399468272241826],[12.824167963085639,51.39946827169568],[12.824167945142063,51.39946822574906],[12.810287381228633,51.35212708659358],[12.809905429142562,51.35082287731867],[12.809718392026554,51.34978802480984],[12.776250694988954,51.28962059085289]]]},"properties":{"art":"Netzbezirk","bezeichnung":"Riesa","standort":"Riesa"}},{"type":"Feature","geometry":{"type":"Polygon","coordinates":[[[12.503879131926743,50.52552373796206],[12.504614489094266,50.525093871721445],[12.530909391492166,50.52414104735336],[12.534772923661823,50.52452482305904],[12.535878751409898,50.52391381794361],[12.625472192462954,50.474324587643544],[12.70992860659343,50.394781641756566],[12.70992864163896,50.3947816086835],[12.709928721801885,50.394781533032344],[12.709928759005523,50.39478156124478],[12.709928762888966,50.39478156581496],[12.709928770964781,50.39478157531887],[12.739070362447718,50.4290468751318],[12.790877510171727,50.44404573059171],[12.812071286267933,50.42929688200579],[12.823453296052683,50.45404231146191],[12.846216946029378,50.44504541344681],[12.846216963330154,50.445045477168904],[12.869370039903517,50.530150798522165],[12.870019929914998,50.53069141994237],[12.869866062196369,50.53311027646762],[12.76719152434909,50.574083236004014],[12.739328234333513,50.60072714918744],[12.764284604272659,50.61113371901168],[12.782877816179976,50.627436157522645],[12.792487265342587,50.628885649749435],[12.796351249261871,50.630886746607636],[12.79668726961235,50.630855960814706],[12.807287025236274,50.62675919090073],[12.848229359580113,50.64077624991423],[12.833210400497094,50.65412722391824],[12.831527712234807,50.65496578162573],[12.830298744929165,50.65573357810841],[12.770790866366093,50.70445504475581],[12.769155095917975,50.704929574707386],[12.767329715047195,50.70551343723326],[12.748143875700848,50.715442550035256],[12.747029647727565,50.7171085469777],[12.745966064330522,50.71898924336679],[12.818352869853463,50.77640023786538],[12.809175369391085,50.81313937586826],[12.808081221663272,50.81400436246109],[12.80606274466241,50.81537201097858],[12.775575688435367,50.81277823689377],[12.774058545369023,50.814331756139474],[12.733988038929015,50.86400492065749],[12.711449583843542,50.93373457638619],[12.713190636077922,50.93379836044331],[12.71569767642281,50.934004588887944],[12.726483505571917,50.950393348928834],[12.704240584697288,50.965578336463096],[12.687112038133643,50.960737002138984],[12.68711203282447,50.96073700115154],[12.687112031054733,50.96073700082239],[12.687091281327799,50.9597930100821],[12.687257627224795,50.95845019608762],[12.689077395868159,50.94595621223899],[12.689153109637811,50.94543626409009],[12.68915310968297,50.945436263779925],[12.67145382282937,50.936242868797976],[12.435163094117613,50.87838525411748],[12.435163094072808,50.878385254106426],[12.433928062879449,50.8774849285037],[12.433867702948696,50.8774408719298],[12.432640385547336,50.876544051333404],[12.431770653725897,50.87199945780934],[12.42776427000977,50.85105191669915],[12.4277642699461,50.851051916366096],[12.427764269372972,50.85105191336793],[12.405107585793342,50.839561240710765],[12.40024204610338,50.84194459737908],[12.397259082459358,50.84362075961908],[12.397259082352448,50.84362075967914],[12.39725908160362,50.84362076009992],[12.38250279850867,50.83157606785793],[12.382502797496851,50.831576067031754],[12.382502795038704,50.83157606502462],[12.316045719561162,50.80175396721169],[12.316045708025195,50.80175396202829],[12.265947354210082,50.73933338043948],[12.265947346862223,50.73933337127],[12.262409995918505,50.73847935959013],[12.260991461829992,50.738157626889766],[12.260991449935126,50.73815762419186],[12.241053489435371,50.694877278042696],[12.241053487171392,50.69487727312318],[12.24105348358421,50.69487726532847],[12.289059207204762,50.68765887757789],[12.314126343685626,50.66524497241146],[12.312917553248559,50.663437625726736],[12.311698738687607,50.66204784682701],[12.326434518268837,50.636176656712315],[12.32746283132602,50.635131757562576],[12.393435821784204,50.587463325849995],[12.403020172398627,50.58436672043501],[12.503879131926743,50.52552373796206]]]},"properties":{"art":"Netzbezirk","bezeichnung":"Zwickau","standort":"Zwickau"}},{"type":"Feature","geometry":{"type":"Polygon","coordinates":[[[12.654484366332202,51.17725918115185],[12.65448436976151,51.177259177444434],[12.676617752462358,51.15331677785249],[12.726069117700392,51.105956895032705],[12.708569533557359,51.07108382795366],[12.730917018198317,51.02900786811651],[12.723789570329519,51.01812218182737],[12.723789569307336,51.01812218180799],[12.723789542195739,51.01812218129424],[12.721966339535667,51.018087618277974],[12.721921505739163,51.0180847135354],[12.719768177909346,51.01786363104905],[12.710394923241259,51.014398656971764],[12.710394921967547,51.01439865585912],[12.710394914328296,51.01439864918595],[12.703448157953439,51.008329371057414],[12.705334221144893,50.99956988017585],[12.7078234519658,50.99957704610257],[12.707029747102037,50.99663056280212],[12.707029745458152,50.996630562252314],[12.707029709002938,50.996630550059784],[12.704478228547277,50.99577713202703],[12.703402032528624,50.995088373403455],[12.703402032586013,50.99508837138428],[12.704240676996182,50.96557840110784],[12.72648359780961,50.95039341329255],[12.71569767642281,50.934004588887944],[12.713190640522875,50.93379836357683],[12.711449583843542,50.93373457638619],[12.733988126113076,50.86400498073679],[12.774058631086092,50.81433181462138],[12.775575774115234,50.81277829532803],[12.806062831719148,50.81537207024696],[12.808081308719512,50.81400442170927],[12.809175456437629,50.81313943509476],[12.818352955002965,50.77640029545728],[12.745966143125605,50.71898929644784],[12.747029726451231,50.7171085999957],[12.748143954363318,50.715442602993065],[12.767329793861974,50.70551349014108],[12.769155174764046,50.704929627632616],[12.770790945251468,50.70445509769237],[12.830298823193846,50.65573363003077],[12.831527790501603,50.65496583353797],[12.833210478782112,50.65412727583038],[12.848229457872566,50.64077628353787],[12.848229469937444,50.64077628766498],[12.879052421809481,50.70493250247164],[12.8858070032003,50.71399119373064],[12.885526554273458,50.71670684254008],[12.885558886015723,50.717038868853415],[12.885625615598814,50.717319090439524],[12.88567867574714,50.71791598816718],[12.885666660516835,50.71963812198429],[12.885674411668074,50.720302362509095],[12.885747214746388,50.720889390826],[12.885924106069227,50.72139005754366],[12.88622969882821,50.72180966456665],[12.886740915157969,50.72225925253616],[12.887682921177266,50.72277120559065],[12.888566183730502,50.723128538426934],[12.888723446425052,50.72301276195736],[12.892171635594456,50.72096950719863],[13.000344638756946,50.7315700362641],[13.048146657763475,50.85905252909521],[13.048930614415845,50.86032028311049],[13.049479092799368,50.86132727815179],[13.144128182936866,50.90871008422689],[13.221932668450165,51.01572134859445],[13.152959907975498,51.07351018946382],[13.15324645433249,51.07462268984109],[13.15276443093567,51.07606842669189],[13.135297544650202,51.088225559629045],[13.13365176107779,51.094252299369884],[13.13642292673851,51.09411682910523],[13.138900725045994,51.09401964401867],[13.20070851067818,51.13825536792939],[13.200708624146943,51.138255449027994],[13.200708625260216,51.138255456222566],[13.200415455885986,51.139511668297644],[13.200407233461945,51.13954689998923],[13.200404290784494,51.139559508851164],[13.20040321626215,51.139568633089624],[13.200284895990892,51.14057337046239],[13.282710374535878,51.298495257012945],[13.281082298302508,51.29941220561995],[13.277213800041586,51.29953469528768],[13.09213913597664,51.22697256156454],[13.068837245919857,51.223968218597975],[13.067382820398924,51.223034293557156],[13.065823692807326,51.22250748043087],[12.983818433500035,51.204424611393506],[12.825303438362129,51.237412658255195],[12.825303317554257,51.237412659021196],[12.78518082181051,51.23766018047728],[12.773302777614596,51.247414458927715],[12.760601537444524,51.25340004936544],[12.738006439274766,51.25751303234183],[12.717688742406018,51.24400394529886],[12.717688736933036,51.24400393721852],[12.73254696918388,51.1958819418493],[12.732546889364107,51.19588193582708],[12.7325468393149,51.19588193486605],[12.726230352106398,51.195760474047894],[12.726230362124623,51.195760427196376],[12.726230370385215,51.1957604058617],[12.727176226284397,51.19331741393929],[12.72766929312052,51.19184658150026],[12.727918039987475,51.19143342668368],[12.728284728137242,51.190938227048996],[12.728607041474595,51.19061942306787],[12.729168947223007,51.19018245713216],[12.729689519047854,51.189868833936515],[12.730165605527757,51.18963951424878],[12.73088628886268,51.18935403240523],[12.731933876522454,51.18907882628582],[12.732867579403925,51.188919605089765],[12.732839483850006,51.18889144191609],[12.732816511276859,51.18884802656082],[12.732816471229143,51.18884802830075],[12.732816442578695,51.188848033678674],[12.73057290653144,51.18926913903374],[12.729793031109358,51.189625276765625],[12.727996537931253,51.190750582485386],[12.72499127453039,51.19638938981262],[12.723159698474856,51.19805008488757],[12.713064318745793,51.19999952822029],[12.654484366332202,51.17725918115185]]]},"properties":{"art":"Netzbezirk","bezeichnung":"Chemnitz","standort":"Chemnitz"}},{"type":"Feature","geometry":{"type":"Polygon","coordinates":[[[12.8858070032003,50.71399119373064],[12.879052421809481,50.70493250247164],[12.848229469937444,50.64077628766498],[12.848229457872566,50.64077628353787],[12.848229359580113,50.64077624991423],[12.807287106048888,50.62675925132951],[12.796687350239765,50.63085602119915],[12.79635132987839,50.63088680697971],[12.792487345675701,50.62888570992701],[12.782877816179976,50.627436157522645],[12.764284604272659,50.61113371901168],[12.739328234333513,50.60072714918744],[12.767191600136837,50.574083292800196],[12.869866139619056,50.533110333724764],[12.870020007185081,50.53069147708022],[12.869370117119091,50.53015085562662],[12.84621701587494,50.44504546117948],[12.94492508540914,50.402787039863064],[12.989863876352114,50.41466804577778],[12.989863911838096,50.414668055150294],[13.025972106658267,50.45029349502559],[13.033821921376003,50.49887592292252],[13.043633900276,50.5084865195225],[13.043633965598987,50.50848658348847],[13.054625963122042,50.499175959760706],[13.098596604598866,50.499810098311585],[13.116635029515352,50.507737756915226],[13.130077447912662,50.517471343181676],[13.13635715712784,50.512355253222935],[13.13596462876701,50.505865679743756],[13.144206685273552,50.50561606153591],[13.15480363170187,50.507488153407934],[13.178344743320823,50.502831764143636],[13.198445821533916,50.5043706063165],[13.1984459052632,50.50437061271891],[13.199055583430322,50.51522530923411],[13.199055583477039,50.515225310065695],[13.208769360947747,50.521339228531225],[13.208769447968974,50.52133928329195],[13.213675495612707,50.53057115081797],[13.230748419604213,50.54915414862933],[13.227804949988926,50.56374105397567],[13.237616938369834,50.570222660220466],[13.23938317116753,50.58019264248156],[13.254689826806038,50.593773260135876],[13.254689904685378,50.5937733292073],[13.259988338432544,50.59115716679942],[13.279023505004467,50.59065881741215],[13.281264172996094,50.58483251796599],[13.29085902897979,50.57407162852781],[13.297448148047895,50.57646367060246],[13.302572071509385,50.57832337167011],[13.326316877555657,50.580067939600475],[13.326316981788612,50.58006794724764],[13.323373563859382,50.60124721292469],[13.328279492768218,50.60685179872215],[13.328279553458842,50.60685186804582],[13.335913713016547,50.60565244175593],[13.335913748271945,50.60565243621553],[13.341035059417202,50.61121052235699],[13.341035105129434,50.61121057196071],[13.368205091166956,50.61840999210894],[13.368205174185297,50.61841001409361],[13.370667244321984,50.62422200004617],[13.370667253713279,50.62422202221235],[13.379288602189343,50.628245081457],[13.379288713458218,50.62824513337064],[13.376063866084355,50.63318478243624],[13.373709084934651,50.648865376593406],[13.373709064953124,50.6488655096159],[13.401967423492199,50.63362039021098],[13.413541592552454,50.61511326393538],[13.421198762761462,50.61451034445443],[13.429242144717374,50.61028627758521],[13.441067945566047,50.6106811463088],[13.447985356172513,50.607630032960934],[13.450242095764649,50.605761910261386],[13.459170961270859,50.6038625632048],[13.463387495476121,50.60124326867931],[13.463387511662694,50.60124325862343],[13.497952766373556,50.631146267500874],[13.497952833012548,50.63114632510323],[13.525745044297992,50.6386920470457],[13.52574518477103,50.63869208516153],[13.523122065045623,50.64140605413599],[13.525622600025972,50.64968965055836],[13.516602279971044,50.648150940551],[13.510904715822624,50.65404442580113],[13.531224736047005,50.668836388677896],[13.531224837213855,50.6688364622893],[13.54073292260102,50.66723065765633],[13.54073306454787,50.667230633676546],[13.538591560125148,50.67419791956546],[13.543971066451402,50.67811270574577],[13.539948237012187,50.690794918156186],[13.525917213118523,50.70042863057064],[13.525868159304675,50.703939716588756],[13.525868158558907,50.70393976997302],[13.53803494208839,50.706052529875876],[13.538034961882508,50.70605253331189],[13.545099467785787,50.71127183731467],[13.545099559898604,50.71127190535751],[13.55510774669441,50.71388137285428],[13.56767343824306,50.712792714379646],[13.589449524569757,50.712763005491915],[13.602090598288756,50.70981077194453],[13.610692368978444,50.71301150029863],[13.618642406864819,50.71356660817407],[13.62766690157815,50.715682952849406],[13.627667021874636,50.715682981054236],[13.627617988073823,50.72164668604771],[13.627617987824737,50.72164671635038],[13.645671978796782,50.72860342755108],[13.665982701966197,50.730590849529804],[13.691809193636006,50.71678397222893],[13.708419292140205,50.71652160124008],[13.70841930231767,50.71652160107861],[13.712893000379877,50.71962073660305],[13.712932833724977,50.724162326489136],[13.712932833974172,50.72416235488851],[13.72878503615686,50.730628261261806],[13.728785189464716,50.73062832377453],[13.728785193726344,50.73062832551227],[13.682228287684657,50.76851224900018],[13.68222828711753,50.768512249461196],[13.603877340617693,50.78667034476114],[13.598717609015972,50.8880905828417],[13.608034112714186,50.94585649043049],[13.585276013720042,50.96784763527577],[13.58386057699295,50.96799877320715],[13.581375794851635,50.96824050777488],[13.495683108563556,51.04808650323392],[13.426042388600596,51.12319450289397],[13.42604238763191,51.12319450393676],[13.426042370647236,51.123194522221404],[13.42604235740982,51.12319453647194],[13.426042351864169,51.12319454244206],[13.427388570934992,51.123597908007724],[13.429110577937521,51.12428914448689],[13.429110704867899,51.124289195436674],[13.429110710972136,51.12428919788691],[13.429292791171786,51.12505547989341],[13.426836448658328,51.12621180528008],[13.426836445594674,51.126211792998234],[13.426836413188438,51.12621166308541],[13.4262382297112,51.12381348391658],[13.426238224069074,51.12381348292868],[13.426238105168911,51.1238134621108],[13.425027432606953,51.123601481472406],[13.422170522626196,51.12393083566505],[13.390025958713075,51.12472088279112],[13.354657253206785,51.13875400826118],[13.31111062170979,51.10615165010751],[13.29076943624253,51.10387169789095],[13.286943272277632,51.1047910950028],[13.285471842582552,51.10554035639589],[13.284207626782562,51.10642670480117],[13.227947676966266,51.12858916777222],[13.200708631054658,51.13825546036396],[13.200708625260216,51.138255456222566],[13.200708622827424,51.1382554544838],[13.200708504694564,51.13825537005164],[13.13890073320658,51.094019656293135],[13.1364229348921,51.09411684137563],[13.13365176107779,51.094252299369884],[13.135297552773702,51.08822557187617],[13.152764439057366,51.07606843892628],[13.153246462448982,51.07462270207082],[13.152959916086381,51.0735102016959],[13.221932668450165,51.01572134859445],[13.144128190284691,50.90871009596181],[13.049479092799368,50.86132727815179],[13.048930614415845,50.86032028311049],[13.048146657763475,50.85905252909521],[13.000344638756946,50.7315700362641],[12.892171641407364,50.72096951802255],[12.888723452237167,50.723012772777594],[12.888566189542606,50.72312854924929],[12.887682926985777,50.722771216407466],[12.886740920961671,50.72225926335338],[12.886229704628418,50.72180967537557],[12.885924106069227,50.72139005754366],[12.885747220541495,50.72088940163396],[12.88567441746058,50.72030237332003],[12.885666666306554,50.719638132793214],[12.885678681529145,50.717915998969694],[12.885625621378733,50.71731910124036],[12.885558891794238,50.717038879652655],[12.885526560050478,50.71670685333683],[12.8858070032003,50.71399119373064]]]},"properties":{"art":"Netzbezirk","bezeichnung":"Freiberg (Sachsen)","standort":"Freiberg (Sachsen)"}},{"type":"Feature","geometry":{"type":"Polygon","coordinates":[[[12.128277663025234,50.311140203371686],[12.128277663883077,50.31114020351276],[12.176355299170917,50.31903513004748],[12.199119912289511,50.27340328398305],[12.25131904332104,50.26474854865896],[12.2352282327714,50.243668963046325],[12.274868219470436,50.22760236236728],[12.281932893729962,50.21818574349339],[12.281933196964916,50.20386885978196],[12.273691538588249,50.19658311706495],[12.277812716327368,50.18992453575463],[12.289194635915097,50.18288809165065],[12.290176171342122,50.17409098928236],[12.336455891857547,50.16992277109412],[12.336455917734426,50.169922778596145],[12.355610396047359,50.21388617941696],[12.340411018538765,50.222831850479515],[12.336486033469175,50.239151227953315],[12.336486039373767,50.239151246223265],[12.354539964769188,50.2346326086097],[12.354539989929371,50.23463261426012],[12.36208177606663,50.24515058202343],[12.355717131848262,50.25697067837554],[12.374948224739033,50.28255872003146],[12.374948231090924,50.28255872611142],[12.400459191765115,50.291084976822596],[12.400459225038396,50.29108499517575],[12.403599075466058,50.32066424725933],[12.403599086203538,50.32066426242308],[12.434665236255116,50.322266040471774],[12.434665268885006,50.32226605271703],[12.443239507804975,50.33782676601384],[12.465218339096255,50.3500997736671],[12.485234746709741,50.34433933341746],[12.485234775118217,50.34433934007176],[12.495243047320054,50.35748709962882],[12.492103292075049,50.37163256274587],[12.513885950747406,50.3942814851475],[12.513885968872552,50.3942815038059],[12.670288554401505,50.41079184806605],[12.70992864163896,50.3947816086835],[12.709928755357529,50.394781562719295],[12.709928759005523,50.39478156124478],[12.709928762888966,50.39478156581496],[12.709928760169113,50.39478156838171],[12.709928739223503,50.394781588148476],[12.625472238741628,50.474324619745936],[12.535878751409898,50.52391381794361],[12.534772923079828,50.52452482266916],[12.530909391474559,50.52414104697565],[12.504614488719366,50.525093871513555],[12.503879131926743,50.52552373796206],[12.403020217412713,50.58436675265311],[12.393435866671897,50.587463358017615],[12.327462832470914,50.635131758354355],[12.326434563511855,50.6361766895099],[12.311698784688211,50.66204788032814],[12.312917553832051,50.66343762617803],[12.314126389892412,50.6652450060707],[12.289059253735442,50.687658911640405],[12.241053520973528,50.694877285626234],[12.241053509566,50.694877282883205],[12.241053489435371,50.694877278042696],[12.241053483967407,50.69487727672789],[12.183941390948975,50.68112614876988],[12.181021197030093,50.68136689186305],[12.0263113906242,50.69774520602766],[12.023602519492789,50.69800531191124],[11.767286010600673,50.6021138195358],[11.767285998366866,50.602113812611265],[11.767285997529155,50.602113811453435],[11.767285994343958,50.60211380705101],[11.694905868636392,50.50183036652898],[11.73570238856754,50.395317826955335],[11.735702389866262,50.39531782355724],[11.735702392751518,50.39531781600803],[11.735702392891865,50.395317815640844],[11.950976068714533,50.4049135243899],[11.95256501461933,50.403989049628244],[12.128277663025234,50.311140203371686]]]},"properties":{"art":"Netzbezirk","bezeichnung":"Plauen","standort":"Plauen"}},{"type":"Feature","geometry":{"type":"Polygon","coordinates":[[[10.806433399612917,51.213463284896626],[10.80643343267332,51.21346326579455],[10.860530124541635,51.18217311445866],[10.670834372350017,51.10088215625014],[10.672016423639057,51.09744049539648],[10.711426793965494,51.05250790218498],[10.712682087819989,51.050635944674646],[10.712687953513743,51.04921220908763],[10.859501612745904,50.90515987962418],[10.86950046647294,50.904839932720094],[10.870387862300626,50.902543468864415],[10.823536748952106,50.84891599869802],[10.823536748973162,50.84891599868515],[10.878075355999947,50.815476257445965],[10.916985080806953,50.79157471136022],[10.920057569228447,50.79034105337883],[10.941872197314602,50.776727505838686],[10.977651402198168,50.75437354025696],[10.980661967829493,50.679140318588175],[10.985471445015083,50.66627507559092],[10.98329397471592,50.66067058414749],[10.981798303461526,50.64794719256286],[10.978543593238753,50.63036174123676],[10.989727132727237,50.589034317107064],[10.99154146409601,50.58809215979448],[10.992388119478498,50.58696357797315],[10.994587322455805,50.58699003994098],[10.991345075520917,50.60154446812674],[10.995888539970025,50.611361554556254],[10.997757189969136,50.64361665373527],[10.987448740918692,50.651454128050545],[10.987081703350858,50.65966039155984],[10.989020624293316,50.665323553203734],[10.993022311294457,50.66506921351518],[11.033402266142788,50.66249491543177],[11.012876531085155,50.61610254375401],[11.005221122145967,50.600511446456366],[11.009659447251218,50.57791355249006],[11.006710425398893,50.57750055706288],[11.00277167410454,50.57694882678033],[10.995821327114246,50.57894342418365],[10.99146914837814,50.57906705348639],[10.990730589028441,50.582372905588535],[10.990429090527789,50.58372231119281],[10.989763907574286,50.58341303082595],[10.987449456240876,50.58233685236306],[10.977227682224449,50.57836754839988],[10.982295538128604,50.550885982681514],[10.985334069328871,50.530121012425596],[10.991866081129945,50.457558410866675],[10.980353351718968,50.43335155935449],[10.980353350506578,50.43335155680387],[10.980353347821143,50.4333515511543],[10.980353347727853,50.43335155090398],[10.980353347737314,50.43335155089646],[11.029523055039109,50.39425313574661],[11.03060445219451,50.39455097142616],[11.031351659597947,50.392278125890094],[11.031351660834723,50.39227812212793],[11.031351663236425,50.392278114822126],[11.03135165831764,50.392278113022336],[11.031314595815678,50.392267447080016],[11.030908198998747,50.392150492058036],[11.02324859628584,50.36233193269369],[11.023248595344349,50.362331929026006],[11.023248593434962,50.362331921587824],[11.027621424761463,50.36113520299435],[11.03576293548775,50.35965806127354],[11.035762939226847,50.359658060608034],[11.042667895923929,50.382958057767404],[11.042667894154052,50.38295806022766],[11.042667892970773,50.382958061872536],[11.035185824983653,50.393356287581845],[11.034709057327692,50.393226215328596],[11.033892015802842,50.39545193207098],[11.033892015848421,50.395451939489654],[11.033892015864105,50.39545194204277],[11.033953323371657,50.40540982077868],[11.034462057924571,50.44912093292952],[11.034462057969915,50.449120934138605],[11.034462058695974,50.44912094228777],[11.034462059067632,50.449120946459104],[11.053501051904684,50.66167697312815],[11.03934631653557,50.73837948888119],[11.065183063400445,50.74507626662754],[11.06681553268394,50.744459306794326],[11.068434110180895,50.74397294362131],[11.068643468182215,50.74391003168457],[11.544206842483092,50.86883194376141],[11.54420685874984,50.86883194798951],[11.551496481320347,50.93613055227645],[11.55220734345756,50.93755901794077],[11.553322653658077,50.938942702072],[11.619445286918872,50.9573157742059],[11.449114299907786,51.02276925289629],[11.448052414101767,51.024378168543834],[11.394603747025826,51.12137480884644],[11.398432826553572,51.12562511630089],[11.40477335819047,51.12750817342581],[11.407873634022403,51.12710062025453],[11.425264679604549,51.131357027133156],[11.457591314668086,51.1403157948492],[11.454151066137507,51.1430771378282],[11.451515992844275,51.145169758744935],[11.400504241298606,51.12909636672836],[11.401205298136418,51.12792525303837],[11.394070106516597,51.12576364870922],[11.390873802404673,51.12609783229728],[11.386056246112746,51.12459739036202],[11.14627877789971,51.165125492520126],[11.14469272877158,51.16668000235314],[11.143820766659802,51.16811675643263],[11.163869915607899,51.18527220361019],[11.163869946457988,51.18527222999499],[11.158510518128235,51.18519202438565],[11.14946389244088,51.18505608041356],[11.149463892399575,51.18505608041299],[11.14879059545598,51.18519400549659],[11.147737095649225,51.1854098058742],[11.145989434888497,51.18594850034682],[11.035008680901289,51.236808539156264],[11.035008680815679,51.23680853917859],[10.94465152252023,51.222761991063614],[10.944070589558443,51.22278999671533],[10.943366590767,51.22282393122465],[10.943294435815387,51.22282696220873],[10.940593833356822,51.22293767044129],[10.939246335245834,51.22299288615648],[10.81849356739088,51.21433502409752],[10.806433399612917,51.213463284896626]]]},"properties":{"art":"Netzbezirk","bezeichnung":"Erfurt","standort":"Erfurt"}},{"type":"Feature","geometry":{"type":"Polygon","coordinates":[[[10.00707240775503,50.707275606566384],[10.112406825916079,50.54565205669538],[10.112406828617443,50.54565205253516],[10.112406831506044,50.54565204808657],[10.11240683161354,50.545652047921045],[10.112406831614926,50.545652047918864],[10.112406831712375,50.545652047939456],[10.112406832456678,50.54565204851077],[10.112406836861664,50.5456520518917],[10.112406838837233,50.545652053408034],[10.112406842569401,50.54565205627259],[10.352606330729095,50.72903693120748],[10.355752541542294,50.73049185635697],[10.469385667291931,50.832169088658276],[10.589705168229155,50.747135722573766],[10.70065787326884,50.83183859915616],[10.700761664984032,50.83310892397579],[10.700898192552804,50.834449817363115],[10.823536748973162,50.84891599868515],[10.823536749048946,50.84891599869406],[10.870387862521724,50.90254346886442],[10.869500466506947,50.90483993277657],[10.859501612924603,50.90515987966666],[10.712687953734942,51.04921220908763],[10.712682088009489,51.05063594471314],[10.711426794154196,51.05250790222427],[10.672016423826664,51.09744049543581],[10.670834372471019,51.10088215620615],[10.860530124762839,51.18217311445866],[10.80643343267332,51.21346326579455],[10.806433399612917,51.213463284896626],[10.531053172159364,51.16218667996831],[10.530019131416536,51.161679951529884],[10.529239410997201,51.16130153696315],[10.528097217971023,51.160758500483745],[10.528097217958805,51.16075850048411],[10.413966131037808,51.16422639354725],[10.413966130988536,51.16422639354226],[10.26494272304314,51.148953424046546],[10.242469832024149,51.12011025562745],[10.125249501341838,51.073377120014804],[10.042812644288551,50.95503562932022],[10.043553498935449,50.953667932013374],[10.04456589391512,50.95175488787676],[10.044565889750036,50.951754873568646],[9.992160045091596,50.91973912639937],[9.908631366789837,50.86856895787068],[9.908631364052436,50.868568956190884],[9.942095595725197,50.80638151773124],[10.00707240775503,50.707275606566384]]]},"properties":{"art":"Netzbezirk","bezeichnung":"Eisenach","standort":"Eisenach"}},{"type":"Feature","geometry":{"type":"Polygon","coordinates":[[[11.163869946608209,51.18527222999724],[11.163869915861216,51.18527220370061],[11.143820766774795,51.168116756405624],[11.144692728914873,51.16668000235314],[11.146278777955006,51.16512549253504],[11.386056246112746,51.12459739036202],[11.390873802404673,51.12609783229728],[11.394070106516597,51.12576364870922],[11.401205298136418,51.12792525303837],[11.400504241298606,51.12909636672836],[11.451515992844275,51.145169758744935],[11.454151066137507,51.1430771378282],[11.457591314668086,51.1403157948492],[11.425264679604549,51.131357027133156],[11.407873634022403,51.12710062025453],[11.40477335819047,51.12750817342581],[11.398432826553572,51.12562511630089],[11.394603747025826,51.12137480884644],[11.448052414101767,51.024378168543834],[11.449114299907786,51.02276925289629],[11.619445286918872,50.9573157742059],[11.62171118533389,50.95644216111637],[11.62386787340608,50.95570754155502],[11.75932685669321,50.982296621165325],[11.759326857341373,50.98229662129208],[11.759326858637687,50.98229662154563],[11.827069143286144,51.08221501919943],[11.82706914389778,51.08221502009937],[11.827069145121044,51.0822150218993],[12.046090080720921,51.11803695732029],[12.046090081326147,51.11803695741864],[12.046090082536633,51.11803695761531],[12.046951051432934,51.11903912075357],[12.044703318433683,51.12273882337861],[12.046178832995539,51.1240538813443],[12.04617883413533,51.12405388236011],[12.046178836414711,51.124053884391564],[12.04909849439158,51.12513417851313],[12.049098551414815,51.12513419961054],[11.995588073954726,51.225405436768845],[11.995446001780754,51.22544078537898],[11.992669746358553,51.22731304640457],[11.678048122909672,51.291411720663106],[11.651204550222463,51.2878151300847],[11.64771451554885,51.28568437802445],[11.647011063514533,51.28162448568345],[11.610688435383258,51.25386456294596],[11.590342018878076,51.228766052524406],[11.572532616862091,51.21508434901573],[11.56767963564341,51.20971746231045],[11.559515220871555,51.20628715189554],[11.554077661089089,51.209098758377166],[11.548954404333028,51.20692710309183],[11.550408272312712,51.20628963830556],[11.518804602684504,51.190552875564386],[11.484744695182073,51.15371557075578],[11.46883470344578,51.142365443123296],[11.457830392574609,51.140415956608805],[11.45419831630726,51.14309708120786],[11.45165943655049,51.145210825793804],[11.474884603369127,51.16060307423335],[11.512261440725688,51.1966845183306],[11.545925425256026,51.208277895851396],[11.54716013922728,51.207702782919334],[11.553583960042552,51.21006707561887],[11.552393263257768,51.21108326794319],[11.554929269029131,51.21353649276444],[11.574094302912027,51.22912474467749],[11.60446976099519,51.26170725404845],[11.624788132709524,51.280439009562905],[11.63368189911414,51.28534619662398],[11.638330429055626,51.287399296894414],[11.646287828409628,51.286747881600846],[11.649271839100779,51.2882517182591],[11.643441975835978,51.29309772867337],[11.65086705810831,51.29690160985218],[11.611150009379022,51.30490990530201],[11.611149974745409,51.3049098658993],[11.607007914660675,51.30019688329124],[11.60123612457741,51.29856580005263],[11.597644115843469,51.29852850356928],[11.594013120920941,51.298719616060325],[11.591991381478957,51.29884652604492],[11.5880728932636,51.29898391230819],[11.58786364348209,51.30014898501895],[11.58138120643742,51.300664046072306],[11.569087107918762,51.300103282512616],[11.560774275028006,51.297423033988146],[11.560264407281771,51.29077023763893],[11.567121498205466,51.28022683500308],[11.568548836746473,51.279489684212955],[11.570436997514967,51.278607238249975],[11.570099857585026,51.26299296544408],[11.469149124643327,51.248667509980265],[11.350900505001746,51.25178775706346],[11.163869946608209,51.18527222999724]]]},"properties":{"art":"Netzbezirk","bezeichnung":"Naumburg (Saale)","standort":"Naumburg (Saale)"}},{"type":"Feature","geometry":{"type":"Polygon","coordinates":[[[11.065183063400445,50.74507626662754],[11.039346316778772,50.73837948888119],[11.053501052047876,50.66167697312817],[11.034462059213515,50.44912094650721],[11.03446205884187,50.44912094233588],[11.034462058115801,50.44912093418673],[11.060892434491556,50.45783402594658],[11.145759037592628,50.48574853727249],[11.1617791480885,50.48734838257971],[11.164234338994987,50.487310963594496],[11.166507542823934,50.48721396315389],[11.351158759039725,50.51811634146149],[11.393200679315665,50.51825999241569],[11.39522901303291,50.5178625083289],[11.39804335930134,50.51720603818212],[11.645454644214924,50.41325819268401],[11.645454644525557,50.413258192552895],[11.688120769986636,50.39523405008254],[11.69014819889621,50.39451160125198],[11.694122188466796,50.39323783758037],[11.735702370225804,50.39531781451108],[11.735702381309228,50.39531781506353],[11.735702392891865,50.395317815640844],[11.735702401337464,50.395317816435984],[11.735702398452206,50.39531782398518],[11.735702397153492,50.39531782738328],[11.694905877699334,50.50183037030489],[11.76728600426741,50.60211381078231],[11.767286007388929,50.60211381509671],[11.76728600829032,50.60211381634256],[11.767286010600673,50.6021138195358],[11.65307608469366,50.6107645958986],[11.650808909916465,50.61104858387475],[11.64945824705716,50.611279770047666],[11.63828186576844,50.6297143312754],[11.671505089627882,50.71283746629573],[11.670533984259155,50.714112307566474],[11.669801387059954,50.715012796166874],[11.576141263382238,50.7939254308657],[11.57449968195471,50.79576600335051],[11.573354017208692,50.797136074355386],[11.54420685874984,50.86883194798951],[11.544206842483092,50.86883194376141],[11.068643468278513,50.74391003164619],[11.068434110180895,50.74397294362131],[11.066815532927137,50.74445930679429],[11.065183063400445,50.74507626662754]]]},"properties":{"art":"Netzbezirk","bezeichnung":"Saalfeld","standort":"Saalfeld"}},{"type":"Feature","geometry":{"type":"Polygon","coordinates":[[[10.112406831580607,50.54565204787594],[10.359715634012963,50.44688197301091],[10.362292165140612,50.44412387477039],[10.515040502783846,50.3219603361484],[10.515040502852742,50.32196033615722],[10.515040504107013,50.32196033631765],[10.956300070595926,50.377497170902195],[10.956300069072046,50.377497178723424],[10.956300068290387,50.377497182735205],[10.953638801187038,50.391152241095305],[10.914138081020216,50.40329076728768],[10.91218290818108,50.41304268708078],[10.912182909549035,50.41304268768349],[10.91218290991722,50.4130426878457],[10.914169090053761,50.41391775253254],[10.914169092945686,50.41391775377545],[10.91435455153978,50.413813988729295],[10.915930236553763,50.41174713286086],[10.915930237063199,50.41174713228535],[10.960351153095294,50.42664975518955],[10.97486244956909,50.431512344942625],[10.980353347737314,50.43335155089646],[10.980353347781561,50.43335155091129],[10.980353347889961,50.43335155109965],[10.980353350575394,50.43335155674922],[10.98035335178778,50.433351559299815],[10.991866081228345,50.45755841086668],[10.985334069434376,50.53012101242557],[10.982295538214203,50.55088598268154],[10.977227682306944,50.57836754839989],[10.987449456324969,50.582336852363056],[10.989763907574286,50.58341303082595],[10.990429090527789,50.58372231119281],[10.990730589028441,50.582372905588535],[10.991469148384834,50.57906705350028],[10.995821327118044,50.57894342419414],[11.00277167410454,50.57694882678033],[11.006710425398893,50.57750055706288],[11.009659447251218,50.57791355249006],[11.00522112218107,50.60051144645515],[11.012876531115152,50.61610254375123],[11.033402266165593,50.66249491545738],[10.993022311294457,50.66506921351518],[10.989020624307713,50.665323553200125],[10.98708170336916,50.65966039155983],[10.987448740944298,50.65145412805103],[10.997757190000733,50.6436166537359],[10.995888540027826,50.61136155455313],[10.991345075587018,50.60154446812074],[10.994587322529206,50.58699003993887],[10.992388119478498,50.58696357797315],[10.991541464097613,50.588092159794485],[10.989727132810446,50.58903431710706],[10.978543593349155,50.63036174123677],[10.981798303549425,50.64794719256286],[10.983293974834321,50.66067058414741],[10.985471445118286,50.66627507559092],[10.980661967932688,50.67914031858816],[10.977651402301369,50.75437354025696],[10.941872197314602,50.776727505838686],[10.920057569204747,50.79034105335434],[10.916985080782961,50.79157471133543],[10.878075355999947,50.815476257445965],[10.823536749048946,50.84891599869406],[10.823536748952106,50.84891599869802],[10.700898192515309,50.8344498173752],[10.70076166485313,50.83310892397577],[10.700657873177146,50.83183859918637],[10.589705168229155,50.747135722573766],[10.469385667291931,50.832169088658276],[10.35575254147209,50.73049185637788],[10.352606330664292,50.729036931229274],[10.112406842520127,50.54565205629217],[10.112406838787958,50.54565205342761],[10.112406836812385,50.545652051911304],[10.112406832407393,50.54565204853036],[10.112406831663098,50.54565204795906],[10.112406831621561,50.54565204792718],[10.11240683161354,50.545652047921045],[10.112406831580607,50.54565204787594]]]},"properties":{"art":"Netzbezirk","bezeichnung":"Suhl","standort":"Suhl"}},{"type":"Feature","geometry":{"type":"Polygon","coordinates":[[[11.57755792523391,51.605621394154554],[11.577557925749343,51.60562139227843],[11.577557926092972,51.605621391027675],[11.61336238854629,51.47494151353208],[11.612180963979986,51.47387539896083],[11.610052347675177,51.47205675672535],[11.502918247431102,51.41439330210911],[11.491111515585613,51.34723352600494],[11.539264708515683,51.310388065439874],[11.598322812948782,51.30359408650483],[11.599704948370228,51.30558809376506],[11.60128183081588,51.30733627982347],[11.611150009379022,51.30490990530201],[11.65086705810831,51.29690160985218],[11.643441975835978,51.29309772867337],[11.649271839100779,51.2882517182591],[11.646287828409628,51.286747881600846],[11.638330429055626,51.287399296894414],[11.63368189911414,51.28534619662398],[11.624788132709524,51.280439009562905],[11.60446976099519,51.26170725404845],[11.574094302912027,51.22912474467749],[11.554929269029131,51.21353649276444],[11.552393263257768,51.21108326794319],[11.553583960042552,51.21006707561887],[11.54716013922728,51.207702782919334],[11.545925425256026,51.208277895851396],[11.512261440725688,51.1966845183306],[11.474884603369127,51.16060307423335],[11.45165943655049,51.145210825793804],[11.45419831630726,51.14309708120786],[11.457830392574609,51.140415956608805],[11.46883470344578,51.142365443123296],[11.484744695182073,51.15371557075578],[11.518804602684504,51.190552875564386],[11.550408272312712,51.20628963830556],[11.548954404333028,51.20692710309183],[11.554077661089089,51.209098758377166],[11.559515220871555,51.20628715189554],[11.56767963564341,51.20971746231045],[11.572532616862091,51.21508434901573],[11.590342018878076,51.228766052524406],[11.610688435383258,51.25386456294596],[11.647011063514533,51.28162448568345],[11.64771451554885,51.28568437802445],[11.651204550222463,51.2878151300847],[11.678048122909672,51.291411720663106],[11.992669746358553,51.22731304640457],[11.995446001780754,51.22544078537898],[11.995588073954726,51.225405436768845],[12.049098551414815,51.12513419961054],[12.049839180677088,51.124252323701526],[12.050971149979393,51.12305716361649],[12.118221595814145,51.13674455689883],[12.118221596886093,51.136744557116614],[12.136013461635573,51.171125418299525],[12.136013472932762,51.17112544011224],[12.066509270612322,51.223470401174346],[12.065598497412577,51.22432602840419],[12.06495235460626,51.30298386386671],[12.06456544311811,51.30401339091434],[12.064047264264413,51.30519906265388],[12.064047256474467,51.305199080478005],[12.191828017817864,51.359598271372455],[12.191828085541726,51.35959830013182],[12.191714484047184,51.36077376247218],[12.191577325718132,51.361913330397094],[12.178997150293343,51.40959124886257],[12.178997147156528,51.40959126073935],[12.179315025241051,51.40977457267758],[12.180398024274343,51.41039909125127],[12.181488720982642,51.411132408876696],[12.181625252029756,51.41122420156551],[12.181625317809889,51.41122424579074],[12.183991459480827,51.42266398007026],[12.184670455407844,51.42697234654098],[12.184926983220402,51.428065205784584],[12.181726814282328,51.46045385653786],[12.177360370501257,51.50458858585731],[12.177304939694707,51.50573104139344],[12.177304938892199,51.505731057933374],[12.269937168513081,51.55660381732451],[12.269937228230535,51.55660385005946],[12.286386216973757,51.58368281064487],[12.28730515108039,51.58463875719297],[12.287608259598954,51.58583346135896],[12.286806649560429,51.58625177866664],[12.285172052755417,51.586931981041005],[12.076301114707093,51.60941677031634],[12.075825826821548,51.610572091677405],[12.0756593821036,51.61204661986549],[12.095004730308988,51.68319803425117],[12.03126655919266,51.704226019530445],[12.006837905691343,51.71540583821447],[12.006837887920524,51.715405846343515],[12.00683788737373,51.71540584659364],[12.006837886826935,51.715405846843765],[12.005014942907659,51.71518647888247],[12.003215282501026,51.71501978367081],[11.836843316071327,51.723617356892554],[11.836843315508897,51.72361735507739],[11.813731588809329,51.648894069729074],[11.813731587004195,51.648894068656624],[11.81244090261574,51.64812724027253],[11.811173619162568,51.6472612614512],[11.81117361765421,51.64726126013545],[11.736883819174393,51.58233819397425],[11.736883819094784,51.58233819399247],[11.616217124233499,51.609896877266266],[11.614273037746779,51.60951680735328],[11.612329138072534,51.609486347943076],[11.57755792523391,51.605621394154554]]]},"properties":{"art":"Netzbezirk","bezeichnung":"Halle (Saale)","standort":"Halle (Saale)"}},{"type":"Feature","geometry":{"type":"Polygon","coordinates":[[[10.324006376537351,51.59730539960472],[10.324006377882874,51.59730539921671],[10.324006380518231,51.59730539845673],[10.324006384987158,51.59730539716801],[10.639220818297398,51.50580160496261],[10.655236024362383,51.45554760423245],[10.654700964268953,51.45460396669294],[10.65385300099629,51.45343138794887],[10.552215487135047,51.31674268621514],[10.659196441000066,51.249974910643594],[10.659175712856594,51.248569178288314],[10.659210706004515,51.24765477135175],[10.806433399537406,51.21346328490958],[10.806433399605968,51.213463284897685],[10.81849356739088,51.21433502409752],[10.939246335294332,51.22299288614426],[10.94165386007064,51.22289422329494],[10.943294435815387,51.22282696220873],[10.943366590767,51.22282393122465],[10.943711691247968,51.222807297043644],[10.944651522576834,51.2227619910372],[11.0350086808738,51.236808539152],[11.035008680901289,51.236808539156264],[11.035008681018397,51.23680853917442],[11.047814463015191,51.358332185342775],[11.048060930404292,51.35989859672053],[11.112889137240353,51.4640683536685],[11.11358477457981,51.46636355289318],[11.062147741815329,51.6520957966567],[11.062147741215195,51.65209579881515],[11.062147740856487,51.652095800105336],[11.062147740856002,51.652095800107084],[11.062147738892786,51.65209580017481],[11.06214773608529,51.65209580027101],[10.777858454148022,51.66148902867125],[10.449068376890741,51.75281960428512],[10.449068374085451,51.75281960505897],[10.449068373824238,51.75281960513102],[10.449068373784508,51.752819605141966],[10.449068373527371,51.752819605157754],[10.449068373117033,51.75281960467263],[10.449068373035852,51.75281960457665],[10.44906837250209,51.75281960394561],[10.449068372479477,51.75281960391887],[10.449068371940987,51.75281960328224],[10.449068366769799,51.75281959716866],[10.355084195609528,51.64139118720562],[10.343510321294602,51.63588571459863],[10.340340310445377,51.63422903883961],[10.339908265690696,51.633253201638645],[10.344761752064688,51.606169247153574],[10.324006380375582,51.597305401257785],[10.324006378340282,51.59730540038825],[10.324006376537351,51.59730539960472]]]},"properties":{"art":"Netzbezirk","bezeichnung":"Nordhausen","standort":"Nordhausen"}},{"type":"Feature","geometry":{"type":"Polygon","coordinates":[[[11.06214773608529,51.65209580027101],[11.062147736085453,51.652095800270445],[11.062147736453936,51.65209579896664],[11.062147736478373,51.652095798880154],[11.062147741740507,51.65209579665895],[11.062147741815329,51.6520957966567],[11.148130575653763,51.649495137165445],[11.491867181368463,51.60694289327783],[11.505796882691904,51.585393528091565],[11.505162467338447,51.58283628601551],[11.505043608112498,51.58246480991929],[11.503845528696006,51.58099126688019],[11.501366922197723,51.57841991788953],[11.500546178497256,51.57763114265262],[11.500546177472485,51.57763114166774],[11.499827033779866,51.57707931715107],[11.498926745169758,51.57654361128574],[11.497847500904195,51.57606382736251],[11.496724340806118,51.5756800053362],[11.496650174865717,51.575684291433014],[11.496059373701431,51.576532536626026],[11.488629831458798,51.57656327981694],[11.467653952562252,51.576270717439826],[11.451041942657238,51.56856247031502],[11.451041940765577,51.56856246943699],[11.427570982449987,51.51803788389537],[11.444169752710218,51.5131233965687],[11.44559925002967,51.51152297424427],[11.44630768664401,51.51158496532051],[11.44794313459783,51.512018121039205],[11.44904111880187,51.51251440553227],[11.449749823322238,51.512927953251996],[11.449749824618461,51.512927954621226],[11.450918708203075,51.514162623357095],[11.452419253428788,51.51692203796513],[11.45564070201607,51.52111218980068],[11.455640702946354,51.52111218992763],[11.474489304170513,51.52368272993362],[11.577557926092972,51.605621391027675],[11.61232913359553,51.60948634418147],[11.61427303326658,51.60951680358934],[11.616217119748999,51.609896873499295],[11.736883816447948,51.582338191675134],[11.736883819094784,51.58233819399247],[11.81117361695244,51.6472612596559],[11.81117361765421,51.64726126013545],[11.812440897671244,51.64812723618074],[11.813731586742167,51.64889406780794],[11.813731587004195,51.648894068656624],[11.83684331321935,51.723617355194065],[11.836843315508897,51.72361735507739],[12.00321527699653,51.715019779168884],[12.005014937399181,51.71518647437808],[12.006837886544542,51.7154058455672],[12.006837887920524,51.715405846343515],[12.141404939248245,51.79112067005399],[12.213121080806975,51.829114336718725],[12.213121174044094,51.829114386748124],[12.213121173676393,51.82911438725878],[12.212244719970757,51.830331580495475],[12.211460560282239,51.83139419746588],[12.202249276027164,51.83760738205375],[11.96225408721296,51.97894279052644],[11.893535802758052,51.97918646151575],[11.880519330590346,51.97591309040137],[11.878379719605439,51.97704774465183],[11.876169666907467,51.97845011286993],[11.793852650146667,51.96831283558193],[11.791915352262437,51.96801441346245],[11.71017744065324,51.98732593015794],[11.708523955229149,51.98793184893414],[11.70702795166272,51.98859220337845],[11.557897409876693,51.946783231008546],[11.485775916283453,51.949675915358924],[11.474831442153668,51.9490335044167],[11.455474566429078,51.951155216974385],[11.411118088592467,51.95657126263826],[11.409547489972065,51.95729082867113],[11.370093921133213,51.975609881935576],[11.199315031926886,51.86410715163789],[11.19910993478694,51.86315366531272],[11.198944448020239,51.86179419205723],[11.270050270416768,51.80188492579131],[11.242503548827434,51.7786630143321],[11.127925810927861,51.7426962379635],[11.124913527765958,51.74388624616657],[11.123107751953405,51.744520276716344],[11.041727037519822,51.72424000562095],[11.06214773608529,51.65209580027101]]]},"properties":{"art":"Netzbezirk","bezeichnung":"Güsten","standort":"Güsten"}},{"type":"Feature","geometry":{"type":"Polygon","coordinates":[[[10.167574681321328,51.228268993731156],[10.167574519938213,51.228268838915156],[10.166352733743611,51.22718407843111],[10.165507174482524,51.2263052394045],[10.16550561438227,51.22630361786434],[10.264942727963055,51.14895344285559],[10.264942734002043,51.14895343814763],[10.413966130986656,51.16422639354229],[10.413966131037808,51.16422639354725],[10.528097217958805,51.16075850048411],[10.528097217971023,51.160758500483745],[10.529239410997201,51.16130153696315],[10.530019131416536,51.161679951529884],[10.531053172159364,51.16218667996831],[10.806433399605968,51.213463284897685],[10.806433399550766,51.21346328491055],[10.659210706024023,51.247654771351336],[10.659175712874095,51.248569178288314],[10.659196441018569,51.249974910643004],[10.55221548715005,51.31674268621516],[10.653853001020192,51.45343138795395],[10.654700964286453,51.45460396669294],[10.655236024380379,51.45554760423054],[10.639220818314904,51.50580160496261],[10.324006384981129,51.597305397173365],[10.324006380512213,51.59730539846208],[10.324006377887928,51.597305399218854],[10.324006376537351,51.59730539960472],[10.324006377270088,51.5973053989549],[10.368909547157502,51.557439954318525],[10.36890954998964,51.55743995180136],[10.368909551360447,51.55743994675866],[10.279874298619792,51.49722159698208],[10.25797538794657,51.4855502265881],[10.226677933046904,51.47558379411234],[9.941479252712558,51.3846687905301],[9.941479251036807,51.384668789992794],[9.941479249686349,51.38466878880896],[9.94631510054823,51.37732404510912],[9.946315101294472,51.377324043975534],[9.946293169337151,51.37608533095845],[9.946321217681138,51.37500430214662],[9.94632121777734,51.3750042984387],[10.051604314725648,51.29506333288112],[10.167574681321328,51.228268993731156]]]},"properties":{"art":"Netzbezirk","bezeichnung":"Leinefelde","standort":"Leinefelde"}},{"type":"Feature","geometry":{"type":"Polygon","coordinates":[[[11.035008681018397,51.23680853917442],[11.145989434991492,51.1859485003798],[11.147737095825324,51.1854098058742],[11.14946389244088,51.18505608041356],[11.150188389597007,51.18506699328266],[11.163869946457988,51.18527222999499],[11.163869946608209,51.18527222999724],[11.350900505001746,51.25178775706346],[11.469149124643327,51.248667509980265],[11.570099857585026,51.26299296544408],[11.570436997514967,51.278607238249975],[11.568548836746473,51.279489684212955],[11.567121498205466,51.28022683500308],[11.560264407281771,51.29077023763893],[11.560774275028006,51.297423033988146],[11.569087107918762,51.300103282512616],[11.58138120643742,51.300664046072306],[11.58786364348209,51.30014898501895],[11.5880728932636,51.29898391230819],[11.591991381478957,51.29884652604492],[11.594013120920941,51.298719616060325],[11.597644115843469,51.29852850356928],[11.60123612457741,51.29856580005263],[11.607007914660675,51.30019688329124],[11.611149974745409,51.3049098658993],[11.611150009379022,51.30490990530201],[11.60128183081588,51.30733627982347],[11.599704948370228,51.30558809376506],[11.598322812948782,51.30359408650483],[11.539264708515683,51.310388065439874],[11.491111515585613,51.34723352600494],[11.502918247431102,51.41439330210911],[11.610052347675177,51.47205675672535],[11.612180963979986,51.47387539896083],[11.61336238854629,51.47494151353208],[11.577557926092972,51.605621391027675],[11.577557925749343,51.60562139227843],[11.57755792523391,51.605621394154554],[11.474489308164012,51.5236827333006],[11.455640703908532,51.521112191179],[11.455640702946354,51.52111218992763],[11.452419257366788,51.51692204128961],[11.450918712130576,51.51416262667206],[11.449749825323112,51.51292795503238],[11.449749824618461,51.512927954621226],[11.449041122721368,51.512514408840545],[11.447943138514326,51.512018124344785],[11.446307690556512,51.51158496862317],[11.44559925394067,51.51152297754625],[11.444169756623719,51.51312339987369],[11.427570986350984,51.51803788719684],[11.451041942657238,51.56856247031502],[11.451041943030718,51.56856247111804],[11.467653956698255,51.5762707209508],[11.488629835630299,51.57656328335091],[11.496059377884935,51.576532540167484],[11.496650179047705,51.575684294973],[11.496724344988518,51.57568000887617],[11.497847505089588,51.57606383090484],[11.498926749358267,51.576543614830705],[11.499827037971361,51.5770793206983],[11.500546178497256,51.57763114265262],[11.500546179491302,51.57763114341539],[11.501366926395727,51.578419921442546],[11.503845532905512,51.58099127044316],[11.505043612328498,51.582464813487704],[11.505162471555947,51.582836289585074],[11.505796886917905,51.58539353166935],[11.491867185634964,51.6069428969033],[11.148130579492754,51.649495140555096],[11.079909047005117,51.651563767993714],[11.062147740856487,51.652095800105336],[11.06214774114038,51.65209579881738],[11.062147741740507,51.65209579665895],[11.113584774501213,51.46636355288178],[11.112889137172655,51.464068353691395],[11.04806093034369,51.35989859674071],[11.047814462942393,51.358332185342775],[11.035008681018397,51.23680853917442]]]},"properties":{"art":"Netzbezirk","bezeichnung":"Sangerhausen","standort":"Sangerhausen"}},{"type":"Feature","geometry":{"type":"Polygon","coordinates":[[[12.732816445359497,51.18884803893407],[12.732816474009946,51.18884803355612],[12.732816511276859,51.18884802656082],[12.732839490180597,51.18889144650548],[12.732867585734509,51.18891960967915],[12.73193388285124,51.18907883087457],[12.730886295190269,51.1893540369934],[12.730165611854344,51.18963951883674],[12.72968952537424,51.18986883852464],[12.729168953549395,51.19018246172034],[12.728607047800985,51.19061942765717],[12.728284734464225,51.19093823163847],[12.727918046315551,51.191433431274255],[12.72766929944931,51.19184658609202],[12.727176232617584,51.19331741853504],[12.726230378447363,51.195760406016944],[12.726230370186773,51.195760427351644],[12.726230352106398,51.195760474047894],[12.732546837938235,51.19588193932913],[12.732546887987446,51.195881940290164],[12.73254696918388,51.1958819418493],[12.717688743544215,51.24400394161614],[12.717688742406018,51.24400394529886],[12.738006438765135,51.257513032434545],[12.760601544088905,51.2534000542038],[12.77330278426737,51.24741446376387],[12.785180828455486,51.23766018529764],[12.825303312416132,51.237412663971824],[12.825303433224013,51.23741266320583],[12.776523261631201,51.284356205914456],[12.774678440275402,51.284305265475126],[12.774116717905974,51.28962803146162],[12.774116712538039,51.2896280823226],[12.776250652224325,51.28962058811104],[12.776250693385476,51.28962058796598],[12.809718401546517,51.3497880317802],[12.809905438668922,51.350822884293805],[12.810287388218333,51.35212708488661],[12.810287385231087,51.35212708561609],[12.810287381228633,51.35212708659358],[12.810287327932166,51.35212709960927],[12.771540632235384,51.36158127365622],[12.614144981966376,51.407165593752666],[12.516935807420303,51.40818593314068],[12.515669188293998,51.4090800519636],[12.514015489012431,51.41004173634524],[12.380171925595596,51.421817137544615],[12.378408756419544,51.421627375507455],[12.37655541175798,51.42144264360463],[12.284949402581564,51.42501413250384],[12.26640295122266,51.42381405783336],[12.240776791373605,51.43022291246372],[12.217834016027725,51.45030327222443],[12.181726814282328,51.46045385653786],[12.181726813163978,51.46045385685202],[12.184926982230207,51.428065205011265],[12.184670454418445,51.42697234576837],[12.18399145849432,51.422663979300154],[12.181625317809889,51.41122424579074],[12.181625252004476,51.41122420144327],[12.181490672607548,51.41113372089365],[12.180398023296746,51.41039909048896],[12.179310481692745,51.4097719523538],[12.178997147156528,51.40959126073935],[12.178997149271279,51.40959124827313],[12.19157732476623,51.36191332965954],[12.191714483095888,51.36077376173517],[12.191828085541726,51.35959830013182],[12.191828017848765,51.35959827105287],[12.064047256474467,51.305199080478005],[12.064047263280708,51.305199062234045],[12.064565442247815,51.30401339023673],[12.06495235373646,51.302983863189596],[12.065598496589574,51.22432602776958],[12.066509269789519,51.223470400540066],[12.136013472932762,51.17112544011224],[12.26356980125381,51.22926670448854],[12.32701772327494,51.23580948748272],[12.381595349959584,51.213152482350075],[12.383399075921297,51.213009267239],[12.383498647716248,51.21300873798335],[12.385222222084373,51.212826489775935],[12.614402875746277,51.17917060603774],[12.616300831468916,51.1794615858444],[12.618051785688465,51.17973916022185],[12.654484357606465,51.17725920162035],[12.713064325069771,51.19999953281866],[12.723159704816242,51.1980500894931],[12.724991280869972,51.1963893944152],[12.727996544257048,51.19075058707415],[12.729793037435144,51.189625281353194],[12.730572912857832,51.18926914362121],[12.732816445359497,51.18884803893407]]]},"properties":{"art":"Netzbezirk","bezeichnung":"Leipzig","standort":"Leipzig"}},{"type":"Feature","geometry":{"type":"Polygon","coordinates":[[[11.962253967451783,51.978942867876036],[11.962253969432405,51.97894286671522],[11.962254100151723,51.97894279010243],[12.202249281056755,51.83760738613374],[12.211460565310228,51.831394201539084],[12.212244719970757,51.830331580495475],[12.213121179436811,51.82911439030611],[12.218807735993538,51.794705998772386],[12.247760161868646,51.76269041527973],[12.249720664648173,51.76287432961734],[12.251460167345037,51.76298423343849],[12.477778989415148,51.73924138943494],[12.47984222815587,51.73821898785874],[12.482196379144618,51.73702318835849],[12.780681280275703,51.713151119792265],[12.782142530733486,51.711517196020864],[12.789236266800197,51.70165565742144],[12.801160853371295,51.70727892207408],[12.806167188249935,51.709359064094095],[12.842476381904937,51.82393458611805],[12.844860624543779,51.82723358483139],[12.846070655011598,51.82843378145641],[13.010428871825708,51.85555525982655],[13.010428981643857,51.85555527786077],[13.010428988401905,51.85555527897056],[13.010428987987824,51.855555284788586],[13.002313851559963,51.969397947243394],[13.001925243109124,51.97067574704321],[13.001617258620204,51.97184070508948],[12.79525644739388,52.023104268215505],[12.615180981007677,52.03388212839634],[12.531788495021981,52.0741831361108],[12.53178849091589,52.07418313524455],[12.531788488034378,52.07418313463666],[12.386810326926128,52.043486641256955],[12.384989073585487,52.04376009542279],[12.306882460141628,52.05722512744997],[12.030594699376943,51.978553914756134],[12.028190545006563,51.97676440932577],[11.962253967451783,51.978942867876036]]]},"properties":{"art":"Netzbezirk","bezeichnung":"Lutherstadt-Wittenberg","standort":"Lutherstadt-Wittenberg"}},{"type":"Feature","geometry":{"type":"Polygon","coordinates":[[[12.227790621889742,51.02840884974926],[12.24063475713486,51.0265430365647],[12.241202291112943,51.02646055743638],[12.275181847228044,51.01788556846656],[12.2502789903331,50.995454931844705],[12.158940204872438,50.912945869568176],[12.159716130533813,50.867552635995786],[12.157347418322232,50.865664545679536],[12.156326121450908,50.85484167613831],[12.194372361451936,50.852338964839475],[12.316045712014459,50.80175397225234],[12.316045716108066,50.80175397208347],[12.316045727644033,50.80175397726686],[12.358186726469409,50.82067341208065],[12.38250279850867,50.83157606785793],[12.382502804657467,50.83157607061358],[12.382502809199234,50.831576072648986],[12.397259082459358,50.84362075961908],[12.397259099716358,50.84362077370008],[12.397259109001363,50.84362078127631],[12.40024207671496,50.841944619434074],[12.405107615886616,50.83956126215864],[12.42776427000977,50.85105191669915],[12.427764285100166,50.85105192434904],[12.42776429770299,50.85105193073789],[12.432640416248274,50.87654407254564],[12.433890502968174,50.87745753164821],[12.433907578536012,50.87746999504037],[12.435163094117613,50.87838525411748],[12.43516311068635,50.878385266195586],[12.435163121025276,50.878385273732356],[12.671453850295668,50.9362428913883],[12.689153109637811,50.94543626409009],[12.689153145001018,50.94543628245206],[12.68738605660273,50.957568727490504],[12.68725763973927,50.95845020495511],[12.687091298307735,50.95979302315918],[12.68711203282447,50.96073700115154],[12.687112032958664,50.96073700726049],[12.6871120382885,50.96073700918746],[12.68715595022752,50.96074526846235],[12.704240582684355,50.965578350952605],[12.704240619966338,50.96557836149547],[12.703401976196675,50.9950883352948],[12.703402032528624,50.995088373403455],[12.704478242764583,50.995777136782515],[12.707029702717422,50.9966305267231],[12.707029739172649,50.99663053891558],[12.707029747102037,50.99663056280212],[12.707823395413431,50.99957700589405],[12.70533416465254,50.99956984000167],[12.703448101175361,51.00832933063301],[12.71039489600228,51.014398642410214],[12.710394903641534,51.01439864908338],[12.710394923241259,51.014398656971764],[12.719768120380904,51.01786359009959],[12.721726634633184,51.01806470325907],[12.721946050819799,51.01808723218972],[12.722119808792028,51.01809052379608],[12.72378951573489,51.018122140869856],[12.72378954284611,51.01812214138303],[12.723789570329519,51.01812218182737],[12.730916959980515,51.0290078266596],[12.708569474290261,51.071083785463074],[12.72606905668229,51.105956851176416],[12.67661769085246,51.15331673314591],[12.65448429342776,51.177259147777846],[12.654484289998447,51.17725915148525],[12.6180517184744,51.17973911105932],[12.616300764315064,51.17946153672029],[12.61440280865282,51.1791705569532],[12.385222159556243,51.212826442937],[12.383498585225322,51.213008691164106],[12.38339901343036,51.21300922042084],[12.381595287508855,51.21315243555582],[12.32701766127963,51.2358094406834],[12.263569741107931,51.229266658872824],[12.136013461635573,51.171125418299525],[12.118221596886093,51.136744557116614],[12.11822157856517,51.13674452353961],[12.050971098435527,51.123057124339795],[12.049839129112833,51.124252284399056],[12.049098499830151,51.12513416028774],[12.04617883413533,51.12405388236011],[12.046178822166214,51.12405387793126],[12.046178820278223,51.12405387663862],[12.044703267049721,51.12273878420724],[12.046951000140675,51.11903908168061],[12.046090081326147,51.11803695741864],[12.046090052476272,51.118036923836],[12.046090050067928,51.11803692163878],[11.82706914389778,51.08221502009937],[11.82706912130093,51.08221501637931],[11.827069119277025,51.08221501524684],[11.759326857341373,50.98229662129208],[11.759326847590074,50.98229660687435],[12.103576597768527,51.04700847439535],[12.105278427891983,51.046465752422755],[12.107021406847338,51.045876303585686],[12.227790621889742,51.02840884974926]]]},"properties":{"art":"Netzbezirk","bezeichnung":"Altenburg","standort":"Altenburg"}},{"type":"Feature","geometry":{"type":"Polygon","coordinates":[[[12.269937228230535,51.55660385005946],[12.269937168275245,51.55660381693271],[12.177304938892199,51.505731057933374],[12.177304938647485,51.50573104081726],[12.177360369466358,51.504588585042015],[12.181726813163978,51.46045385685202],[12.181726814282328,51.46045385653786],[12.217834016027725,51.45030327222443],[12.240776791373605,51.43022291246372],[12.26640295122266,51.42381405783336],[12.284949402581564,51.42501413250362],[12.37655541175798,51.42144264360463],[12.378408756419544,51.421627375507455],[12.380171925595596,51.421817137544615],[12.514015489012431,51.41004173634524],[12.515669188293998,51.4090800519636],[12.516935807420303,51.40818593314068],[12.614144981966376,51.407165593752666],[12.771540632235384,51.36158127365622],[12.810287327932166,51.35212709960927],[12.810287381228633,51.35212708659358],[12.810287385231087,51.35212708561609],[12.810287388218333,51.35212708488661],[12.824167953230582,51.399468227043585],[12.824167966498145,51.399468272241826],[12.824167968238093,51.399468278169316],[12.82416796645823,51.399468280985985],[12.76260124393342,51.49668609880351],[12.76222399314088,51.49783455680243],[12.761939483684028,51.49901681316737],[12.761930787580551,51.49905294798826],[12.789236266800197,51.70165565742144],[12.782142530733486,51.711517196020864],[12.780681280275703,51.713151119792265],[12.482196379144618,51.73702318835849],[12.47984222815587,51.73821898785874],[12.477778989415148,51.73924138943494],[12.251460167345037,51.76298423343849],[12.249720664648173,51.76287432961734],[12.247760161868646,51.76269041527973],[12.218807735993538,51.794705998772386],[12.213121179436811,51.82911439030611],[12.213121176556635,51.82911438878246],[12.213121173676393,51.82911438725878],[12.213121080071412,51.829114337740435],[12.141404944059824,51.79112067396436],[12.006837886826935,51.715405846843765],[12.006837885997745,51.7154058458173],[12.006837886544542,51.7154058455672],[12.006837904315354,51.71540583743816],[12.031266558087854,51.704226018630365],[12.095004729193189,51.68319803334947],[12.075659381040005,51.612046619010414],[12.075825825758855,51.6105720908231],[12.076301113644886,51.60941676946253],[12.285172051626919,51.58693198015361],[12.286806648431636,51.58625177777925],[12.287608258470158,51.58583346047168],[12.2873051499525,51.5846387563065],[12.286386215846862,51.58368280975907],[12.269937228230535,51.55660385005946]]]},"properties":{"art":"Netzbezirk","bezeichnung":"Bitterfeld","standort":"Bitterfeld"}},{"type":"Feature","geometry":{"type":"Polygon","coordinates":[[[12.789236266800197,51.70165565742144],[12.761930787580551,51.49905294798826],[12.761939483684028,51.49901681316737],[12.76222397788405,51.49783455853688],[12.76260124393342,51.49668609880351],[12.82416796645823,51.399468280985985],[12.824167968238093,51.399468278169316],[13.051170645800227,51.435545213038736],[13.305034691378234,51.41752544713272],[13.30685661121135,51.41755514701984],[13.30931759226848,51.417458935211336],[13.309317637162037,51.41745893345575],[13.380898540016924,51.52186208318441],[13.38180639484512,51.523117493963355],[13.381806398302597,51.52311749874432],[13.43982568147701,51.56260801887182],[13.439825789365,51.56260809221287],[13.439825791648216,51.5626080945864],[13.439825792017793,51.56260809527334],[13.439825793557429,51.562608098135186],[13.439825794201267,51.56260809933194],[13.46019902445712,51.600442386087764],[13.460206303132003,51.60192074974145],[13.460170627819338,51.602764674139856],[13.443288480458211,51.66710919395015],[13.44133600414005,51.67454027435648],[13.421463856006085,51.75004818283907],[13.388511853225426,51.773315050275365],[13.36555709696218,51.78950389550526],[13.309078217279062,51.82926702703134],[13.309078215788679,51.829267027283954],[13.309078214856129,51.829267027442036],[13.309078213925998,51.82926702759968],[13.081219360211344,51.86763915457359],[13.079483378686438,51.86742771495127],[13.010428988401905,51.85555527897056],[13.010428981643857,51.85555527786077],[13.010428871825708,51.85555525982655],[12.846070655011598,51.82843378145641],[12.844860624543779,51.82723358483139],[12.842476381904937,51.82393458611805],[12.806167188249935,51.709359064094095],[12.801160845343517,51.7072789182883],[12.789236266800197,51.70165565742144]]]},"properties":{"art":"Netzbezirk","bezeichnung":"Falkenberg","standort":"Falkenberg"}},{"type":"Feature","geometry":{"type":"Polygon","coordinates":[[[7.489049044950473,50.12062374340902],[7.489049046203301,50.120623736837224],[7.489049048556149,50.12062372449525],[7.587533832336328,50.112967942398726],[7.588773066583149,50.11187902080692],[7.589949055103766,50.110721502608015],[7.621621047389136,50.11146465755908],[7.621621062517727,50.11146468890406],[7.65026220161959,50.17073079293034],[7.65303478660809,50.17531721366741],[7.653034787565338,50.17531721343292],[7.6702412386562004,50.17110067607482],[7.687455524859744,50.17001498108601],[7.700821617224599,50.16570178473338],[7.708293759775012,50.1566175478567],[7.717229838050519,50.15308681848754],[7.725656699856949,50.14803572270905],[7.726327750621118,50.139216169534954],[7.735312332643833,50.136255329810474],[7.738971461432925,50.13175508527575],[7.737760016808915,50.127071388183076],[7.737760012884451,50.12707137300886],[7.726783482935278,50.119462800034654],[7.726783459673876,50.11946278390695],[7.7294017357692395,50.11823930980486],[7.730640472548433,50.11778365724424],[7.885507904379737,50.16567285712621],[7.885507897912866,50.16567287063974],[7.885507894096797,50.165672878614],[7.8158615086711265,50.310739327938386],[7.816416652803903,50.311665267365704],[7.81759858758552,50.31230630800852],[7.818078293328451,50.31256647539727],[7.818078291906,50.312566478672316],[7.818078288058926,50.31256648748838],[7.751110607552785,50.465509346426494],[7.750300492439416,50.46694645224316],[7.7498693668900565,50.46772410621351],[7.6873493791824,50.491663373511706],[7.547155869068842,50.504925706102384],[7.444121387628436,50.57287119231036],[7.444121387623049,50.57287119231069],[7.444121387619371,50.57287119231047],[7.326261820245436,50.565969022021655],[7.312417988989704,50.61364421956157],[7.3124179895824115,50.61364421965472],[7.312417990226464,50.613644219755976],[7.312417995476259,50.613644220581115],[7.312418010034087,50.61364422286936],[7.313986929912604,50.61389081721962],[7.3140355911768316,50.613898465152104],[7.314088141473872,50.61392079689214],[7.316329375765409,50.61487319333049],[7.316329375377828,50.61487319635145],[7.316329375268,50.614873197207444],[7.3163293746168945,50.614873202282396],[7.316329372462485,50.61487321907459],[7.315079476268181,50.62461310118109],[7.218807479766253,50.62683921073243],[7.215934979345934,50.62700281686677],[7.209540675128808,50.64556310709929],[7.204222666918032,50.64704874983626],[7.2026371175494655,50.64660702991485],[7.200704879225321,50.64613514072965],[7.179054140422674,50.62278753396387],[7.123037812296952,50.56225707406146],[7.096244320835522,50.547041178321116],[7.0922108923396285,50.54529326130931],[7.073584466085769,50.53478477004361],[7.044870062251977,50.53743667574157],[7.039424587662082,50.53241602582583],[7.039424580213771,50.53241601895773],[7.039424578135405,50.532416016829956],[7.037062512413656,50.521106223924946],[7.037062504965077,50.52110618825324],[7.0370625028045435,50.5211061811938],[7.036581931449278,50.52112463952467],[7.034896700599986,50.52155454644519],[6.986256218950575,50.52759192571582],[6.925227615165801,50.531337642914814],[6.856497026027812,50.524295080546054],[6.856497025112064,50.52429507943833],[6.901459485601554,50.4658446809301],[6.948076208755732,50.45960350454909],[6.949528531100133,50.45930375407411],[7.044030249525204,50.41266010821236],[7.196983769116212,50.31775946805626],[7.208461667910016,50.312962360420656],[7.2120358837460214,50.313065600349844],[7.2140187927741035,50.31329341443109],[7.334534974675676,50.22219337224382],[7.454798862081121,50.280791357555415],[7.456438144066403,50.28090800582607],[7.458361145003729,50.281026614941645],[7.489049044950473,50.12062374340902]]]},"properties":{"art":"Netzbezirk","bezeichnung":"Koblenz","standort":"Koblenz"}},{"type":"Feature","geometry":{"type":"Polygon","coordinates":[[[6.169998488834919,49.98508573962348],[6.163449002040814,49.97211907370072],[6.16344898100292,49.97211903203833],[6.170920584384854,49.961383009357235],[6.175076229856077,49.96123187626345],[6.177921190233323,49.95132074720456],[6.191266153089192,49.955866250003346],[6.1976631534283495,49.948653093532855],[6.204545406268743,49.95502546619233],[6.210694062086232,49.94955301941203],[6.222351441901603,49.95011243863337],[6.222351473308897,49.95011244013896],[6.216164002760155,49.94501292592014],[6.216163969050617,49.94501289813408],[6.224747341163625,49.93512987355102],[6.224747342459274,49.93512987205884],[6.217993044462268,49.92304999581039],[6.2179930217797725,49.92304995523299],[6.233248318681626,49.89854713299886],[6.249080837017832,49.892833172438884],[6.260342299832759,49.88093746567542],[6.273923917658789,49.875343598739946],[6.2821251577145585,49.877397249757855],[6.295799206926524,49.866330884301114],[6.29905870975778,49.864988332548215],[6.310621708513287,49.8698025815422],[6.314003218566747,49.86008526778332],[6.320784873186049,49.85159201324216],[6.319701669025201,49.84092413137867],[6.327165620181836,49.83593962016025],[6.3398198375265915,49.83881088589062],[6.339819849796516,49.8388109266778],[6.34237096455054,49.847289855380524],[6.342370974624394,49.84728985642323],[6.363172530834832,49.8494409726959],[6.397778228225442,49.82061598455539],[6.409299878034677,49.81692569200122],[6.4247917763784965,49.81539095311405],[6.425520590134876,49.81172641247023],[6.431404419895252,49.810277572829],[6.440854754439297,49.81415706650604],[6.4436702393718095,49.811278040330286],[6.453980196063431,49.811321610193254],[6.4703081067119115,49.82226493946809],[6.485429840442904,49.8120353338728],[6.500834654369454,49.808932701787775],[6.511550535705901,49.801366824441054],[6.515194433325415,49.803615802073885],[6.521537981792827,49.811402122162676],[6.527032687213382,49.809629208433726],[6.528798849644649,49.80532332000041],[6.5287988589814345,49.80532329723524],[6.504780057959799,49.79076581292842],[6.504780025846921,49.790765793453716],[6.513210162092285,49.766806296044244],[6.513210166290962,49.76680628410473],[6.500446464126683,49.75256821042173],[6.500446439650641,49.752568183109204],[6.500814424199096,49.7319843481483],[6.517044704259626,49.72392445141941],[6.517044718138219,49.723924444525196],[6.514685854554837,49.721639634844216],[6.5108148006512065,49.72138433901286],[6.505896189440558,49.726497362592475],[6.501631956401597,49.72748144568559],[6.496529704707262,49.72710088743286],[6.494773407815121,49.72433432635746],[6.494773381050746,49.72433428419503],[6.504967978653664,49.715317749387836],[6.504968001076054,49.715317729551565],[6.493433699378831,49.709318404563405],[6.47950942163409,49.69718087826813],[6.458797081254552,49.69129850047161],[6.445654440283749,49.67812602324444],[6.432536496819943,49.67107805144242],[6.424497247835308,49.664886232982596],[6.4244972176342605,49.66488620971798],[6.425785003295307,49.65951939840876],[6.437461298935096,49.65774090869079],[6.422375196331132,49.62579653329306],[6.421489034081919,49.62145286432776],[6.421489028867905,49.621452838768136],[6.417542822420672,49.6174218268896],[6.410506836834432,49.614474518489],[6.397519679874662,49.601785342766966],[6.380747998625738,49.60003227368905],[6.372965002814497,49.59194390704987],[6.372964975331363,49.59194387848077],[6.373618482686239,49.58593867701386],[6.381590207613495,49.581114137823505],[6.381060194915392,49.57715100839841],[6.381060188010106,49.577150956760114],[6.370934028610085,49.57968891257703],[6.361418246393674,49.577515071589225],[6.3577571570633085,49.57492238873089],[6.357757149197443,49.57492238316009],[6.356785942215343,49.5726502609346],[6.3577898780375515,49.57029451870543],[6.380355266597566,49.55651518209436],[6.3803552780762915,49.556515175081785],[6.35579953124701,49.530051677354976],[6.35579949934593,49.53005164295599],[6.367337647234729,49.503682816382174],[6.366118672856538,49.494203473164156],[6.3686140592300635,49.489442764856705],[6.366446430621883,49.479820970423205],[6.366679323664798,49.469599494198135],[6.374970366714977,49.46437079272309],[6.399784390083951,49.464644074112975],[6.412735409678533,49.469490038362345],[6.420682634945319,49.47561058752382],[6.428139303109061,49.47446307321057],[6.448908245026345,49.46230903036669],[6.448908250873715,49.46230903277928],[6.448908363840882,49.4623090793885],[6.6084443004919065,49.527934569808515],[6.879513007515281,49.63734427140249],[6.879513008997371,49.63734427198986],[6.879513009617492,49.637344272235595],[6.879513034833955,49.637344282228945],[6.87951303908164,49.63734428391231],[6.879513039579087,49.637344284109446],[6.898759431802553,49.64496890980991],[6.929619350018722,49.657182812394616],[6.931536103831508,49.657039138467276],[6.931591844822579,49.657078541881035],[6.9322983291747695,49.65831576391938],[6.933238614332715,49.65956645101436],[6.933435965541619,49.659893449684894],[6.933505466555992,49.66006425187644],[6.933570301486053,49.66033987936444],[6.933590280600422,49.660533670203385],[6.933576409359947,49.66076606761272],[6.933504875719683,49.661028803441084],[6.933311116418162,49.66142005374281],[6.933068845011821,49.661678349090096],[6.930263893455026,49.66420284057724],[6.929932615320446,49.6646303661492],[6.929803943979288,49.66488341833103],[6.929552968687177,49.665970744430204],[6.929385056692405,49.66647268847485],[6.929131325849102,49.666879470506345],[6.928863371027711,49.66717550017007],[6.92841073684135,49.667532681623214],[6.924151284923369,49.66988134831628],[6.923607476140389,49.67021231954887],[6.9231331795596684,49.6705767661743],[6.922713683752361,49.670931450743765],[6.922104842118523,49.67145616690888],[6.921528221324304,49.672001409966505],[6.921216191099524,49.672552937806266],[6.921127681828269,49.672798450196225],[6.920794762593235,49.67450530102113],[6.920698205231086,49.67493944798974],[6.920512112814462,49.675421098884684],[6.920209813660773,49.67585461965833],[6.9198016104184195,49.67622023952092],[6.919097862219615,49.67663886767775],[6.914525441640837,49.67853339574239],[6.912872903484349,49.68022871254002],[6.883711892294142,49.78990463444554],[6.883711890360197,49.7899046417013],[6.906981037831247,49.9451721584068],[6.905675228112674,49.94617519054397],[6.854926539761834,49.99002365116092],[6.854926539365148,49.990023651091285],[6.6278949309508,49.94990614923121],[6.627073170183224,49.949981620422584],[6.624239334228569,49.95033470677792],[6.472555863753927,49.90920018156763],[6.4703658242660635,49.9092874035075],[6.468915665160507,49.90936630441815],[6.169998488834919,49.98508573962348]]]},"properties":{"art":"Netzbezirk","bezeichnung":"Trier","standort":"Trier"}},{"type":"Feature","geometry":{"type":"Polygon","coordinates":[[[6.871772121678062,50.20939902905248],[6.873087623610426,50.208240226984564],[6.873837298632098,50.207484741566155],[6.973957122373349,50.07049544804982],[6.93284983123556,50.02008716884655],[6.878323141892551,50.026216805573405],[6.85820897521726,50.02958208939787],[6.854926539761834,49.99002365116092],[6.905675227045355,49.94617518077998],[6.906981037831247,49.9451721584068],[6.883711890360197,49.7899046417013],[6.883711892294142,49.78990463444554],[6.883711893447122,49.789904635082756],[6.88371189636786,49.78990463669694],[6.883711924612578,49.78990465230681],[7.489049047061515,50.12062372368807],[7.489049044708672,50.120623736030026],[7.489049043455831,50.12062374260182],[7.458361143855459,50.28102661317813],[7.456438142917566,50.28090800406354],[7.454798860946338,50.2807913557992],[7.33453497347055,50.222193370371244],[7.214018791637818,50.31329341261899],[7.212035882610633,50.31306559853602],[7.208461666795345,50.31296235859876],[7.1969837679839594,50.31775946624264],[7.044030251243879,50.41266010508097],[6.871772121678062,50.20939902905248]]]},"properties":{"art":"Netzbezirk","bezeichnung":"Cochem","standort":"Cochem"}},{"type":"Feature","geometry":{"type":"Polygon","coordinates":[[[6.15057086423273,50.148038050347814],[6.1505708749244175,50.14803805110858],[6.128875289659424,50.11908974139651],[6.112274969935443,50.060113078060475],[6.131142852632979,50.040336392787474],[6.129467177855711,50.033279039092456],[6.128689571136889,50.03000050389048],[6.145642450128906,50.02202351243274],[6.145642474402098,50.022023501007304],[6.1380113518057575,50.016951308721715],[6.131339208391321,50.0199144739519],[6.129599139556921,50.01807615056426],[6.129599109383658,50.01807611868613],[6.138207569047214,50.009889411031686],[6.14782332921818,50.00963718825437],[6.144389110636787,49.99872705002323],[6.139490788969657,50.0012693432079],[6.13683390111082,49.99860088644355],[6.13683386835958,49.998600853547146],[6.142465342888817,49.99461439016036],[6.150080068074074,49.99368098307252],[6.15675196728081,49.98630012836199],[6.163081029135171,49.986615631008135],[6.169998488482393,49.98508573970145],[6.169998488675358,49.985085739658786],[6.169998488834919,49.98508573962348],[6.46891566426684,49.90936630000984],[6.470365823372505,49.90928739910478],[6.472555862860297,49.90920017716483],[6.624239333274165,49.95033470245133],[6.627073169173717,49.94998161608696],[6.627894929999061,49.94990614490622],[6.854926539365148,49.990023651091285],[6.858208975272419,50.02958209482727],[6.878323141941019,50.02621681100812],[6.932849831297439,50.020087174285386],[6.973957122373349,50.07049544804982],[6.873837298695254,50.20748474690347],[6.873087623676055,50.20824023231648],[6.871772121678062,50.20939902905248],[7.044030249525204,50.41266010821236],[6.94952853014396,50.45930375753269],[6.948076207789499,50.45960350801178],[6.901459484644786,50.4658446843847],[6.856497026751306,50.524295079606844],[6.856497026027812,50.524295080546054],[6.723871865885553,50.508881928196004],[6.723871836743441,50.50888192478905],[6.7238718347808835,50.508881924559624],[6.723871834378727,50.508881924512586],[6.723871831185117,50.50888191953695],[6.798618321628382,50.36535103230484],[6.798618337118581,50.36535100246179],[6.798618340133705,50.36535099665293],[6.798618341147612,50.36535099469954],[6.798618341002318,50.36535099035293],[6.745313680835536,50.36256109130832],[6.641246371999579,50.434528957925174],[6.626306293327169,50.44110091698185],[6.601056816358776,50.43478865067111],[6.590317708600995,50.434296551456754],[6.588733869915187,50.434892026334154],[6.588733871038161,50.43489203335924],[6.588733873287909,50.434892038161365],[6.588733888224657,50.434892070043965],[6.589336464475435,50.43617823522532],[6.599964721408831,50.4426969047761],[6.6077213652398035,50.44823393339016],[6.6206105803506246,50.46111888811781],[6.6360587671739415,50.484613631044226],[6.63605876731055,50.484613633320365],[6.636058766931898,50.48461363959452],[6.636058766623403,50.484613644706144],[6.635001757255764,50.50212112990875],[6.6232545914669005,50.501699475596105],[6.591230587982698,50.50058991481858],[6.590821143395337,50.50042750629158],[6.451873961008388,50.48394380840203],[6.3412026562056525,50.48703120006667],[6.341202646499305,50.487031200332076],[6.341202644644764,50.487031200321205],[6.336851367413766,50.463320878538354],[6.368253334764454,50.44457954631456],[6.363540256967206,50.40782462700474],[6.363540254696984,50.407824609277554],[6.337832417170554,50.38017528240837],[6.337832391999669,50.38017525531669],[6.4020032042241395,50.329717512277924],[6.402003229530928,50.329717492350106],[6.355886855452287,50.314181057914965],[6.330571941483757,50.3245810369064],[6.307219373280802,50.32169933117132],[6.2962300984658945,50.31104822186266],[6.282727321506553,50.285090339573806],[6.282727303188496,50.28509030434166],[6.2899500030460445,50.277951422723625],[6.289950014300319,50.27795141159685],[6.277390621340047,50.267290417144174],[6.26236081963158,50.26810607503313],[6.206718823879856,50.254160268003766],[6.196932566802183,50.24056405815763],[6.1731265818146035,50.23454710031076],[6.173126550602019,50.23454709241643],[6.176786706141778,50.2263352223987],[6.17678672118523,50.22633518864091],[6.16671138680495,50.225250263873605],[6.166711373253239,50.22525026241373],[6.165936246713062,50.2192988518269],[6.178761362917391,50.21507690881415],[6.184765702088967,50.205158281481424],[6.183588344698752,50.19247046118383],[6.19021795977532,50.18645879356448],[6.190217979354845,50.1864587758069],[6.1858450642042815,50.18414662931531],[6.18584501315243,50.18414660231908],[6.191368532026048,50.182256443157165],[6.1913685667292215,50.1822564312805],[6.1831980573041445,50.17825222209569],[6.178245309793614,50.18044295035311],[6.164994481472436,50.180753754667535],[6.158322328860807,50.17409302671386],[6.1464988575963835,50.17927718614345],[6.1382072610043945,50.16784050052383],[6.138207236721656,50.167840467017534],[6.1464497848304,50.16023445631271],[6.146449802820141,50.160234439709214],[6.138992696843352,50.15577118591375],[6.13155375723291,50.15634793990364],[6.129376182282951,50.15300501946329],[6.129376158507722,50.153004982964134],[6.140857010561833,50.147346429254576],[6.15057086423273,50.148038050347814]]]},"properties":{"art":"Netzbezirk","bezeichnung":"Gerolstein","standort":"Gerolstein"}},{"type":"Feature","geometry":{"type":"Polygon","coordinates":[[[8.25353144888061,50.23511903407726],[8.253865626395893,50.22352104301156],[8.254375547978011,50.21840570347393],[8.255160397827181,50.21410192425253],[8.259661549218027,50.19775184101078],[8.265013928191344,50.190345173239386],[8.269477355398083,50.18600247717343],[8.290643847142311,50.17189578598768],[8.307163586755452,50.15832009536996],[8.313883906586053,50.150821718896054],[8.31236623674245,50.15007609575978],[8.310395736322254,50.149068216437385],[8.310395730265022,50.149068210456235],[8.310395728752283,50.14906820896254],[8.308275036066537,50.14697474001236],[8.308275032481347,50.14697473220608],[8.308275033892693,50.14697473142724],[8.32463366098979,50.1379447507678],[8.328292360648266,50.14166858117007],[8.328292366183673,50.1416685868035],[8.32829237705432,50.1416685996797],[8.328541514784849,50.14381891708231],[8.326174720953453,50.14913290128984],[8.326174719930448,50.14913290358646],[8.326174723897646,50.149132912936835],[8.327151332783593,50.14993126935733],[8.33457247272063,50.14721511859347],[8.32893505050568,50.13753595820779],[8.333373289639223,50.134054472468684],[8.342547038025131,50.12138396173549],[8.338376461348119,50.05571358678705],[8.338416495943285,50.05437084872327],[8.338560960112531,50.05338833435317],[8.407236477417959,50.00447898732824],[8.40817205200916,50.00348852183903],[8.41147013478086,50.000128668286536],[8.440671069760402,50.00335939651069],[8.441918249503619,50.002565300677134],[8.443355983819352,50.001761131278585],[8.504317729022004,49.95175213285901],[8.505086770018442,49.95112058020023],[8.519486071312436,49.939291550156],[8.610311570911083,49.9265766767449],[8.611235083376682,49.926485465914766],[8.614483662206235,49.92616455838104],[8.62281062398951,49.92534155259926],[8.622810626248441,49.92534155720978],[8.622810635939626,49.925341581768],[8.631050936850382,49.94621387505317],[8.658402936094932,50.01536224174398],[8.658402937585171,50.01536224550587],[8.658402946266007,50.01536226092234],[8.659999504846768,50.015253500359954],[8.660138591716635,50.01522926013613],[8.66575292258095,50.01465646575135],[8.665752954617915,50.01465653937393],[8.666264327942361,50.01583167144639],[8.666784428571098,50.01710801529032],[8.700137679315343,50.04418588191112],[8.7381459172864,50.102842118126276],[8.73929570428082,50.10404912543757],[8.734663019598763,50.10500857154837],[8.734269401651371,50.10660298413029],[8.724096064388378,50.10982016037451],[8.718040880488752,50.105945529250434],[8.703033539135422,50.10399808381392],[8.702723790250424,50.10585296530752],[8.71118133446486,50.12298535297455],[8.746159280646816,50.19533043691305],[8.743026214632412,50.19608309761548],[8.740847821112542,50.19091161291458],[8.73844743758251,50.18577486131513],[8.73641268711279,50.181684751412114],[8.7331519670275,50.18286951106788],[8.649331306521466,50.25814752189849],[8.647883604539972,50.25816709110384],[8.645902083561598,50.25682978935928],[8.645273687574202,50.25637065136553],[8.644817652819363,50.25590589789855],[8.644430410175776,50.255201995326715],[8.644392307580066,50.25473619230505],[8.644351711129309,50.254239892251235],[8.645055797760271,50.251011755525454],[8.645134291888105,50.250651843425906],[8.645158612999973,50.25042366970168],[8.645182960161911,50.25019524933367],[8.507568903626012,50.28939792215059],[8.464564012936103,50.32392950822868],[8.462711848241979,50.32541462471904],[8.462711824506147,50.32541461450477],[8.255133773175796,50.23573646467903],[8.25353144888061,50.23511903407726]]]},"properties":{"art":"Netzbezirk","bezeichnung":"Frankfurt(Main)","standort":"Frankfurt(Main)"}},{"type":"Feature","geometry":{"type":"Polygon","coordinates":[[[9.012226570627405,50.00403282198104],[9.01222657066541,50.004032820919264],[9.012226570670917,50.00403282076543],[8.979146236706539,49.965428421952595],[8.974770421041743,49.96348873765743],[8.974770398714348,49.96348872775948],[8.974770395002796,49.96348872611411],[9.045439023856414,49.81542914521917],[9.04782779221004,49.81352529129169],[9.044959328363568,49.79238832921558],[9.036618526509692,49.67960732522154],[9.144619650875072,49.5444272630495],[9.144619661026068,49.54442725030403],[9.144619668519487,49.544427240895374],[9.14461967423033,49.544427233724896],[9.144619675034175,49.54442723271559],[9.144619675150736,49.544427232569056],[9.144619675150905,49.54442723256906],[9.272588012286029,49.635166119797],[9.483966290052887,49.75931681240172],[9.483966290063632,49.75931681240801],[9.483966289968759,49.75931681259534],[9.483966288677786,49.75931681510277],[9.483966279041937,49.75931683381848],[9.483966271377477,49.75931684870515],[9.473322718894728,49.77998056176128],[9.470199194274477,49.78042092413816],[9.468364770786637,49.78095829983045],[9.459152167616791,49.79144044397334],[9.376115105447576,49.88521969614408],[9.313904832080103,49.95523623970949],[9.268365031405306,50.0063408701365],[9.267284909961353,50.00770116165822],[9.26418281575636,50.05248065379682],[9.157993872131753,50.0530623309506],[9.029860357718086,50.052874233078995],[9.028201143993686,50.0523005039019],[9.010707953475364,50.04642255016082],[9.010707937284565,50.0464225447186],[9.010707934586954,50.04642254381187],[9.012226570627405,50.00403282198104]]]},"properties":{"art":"Netzbezirk","bezeichnung":"Aschaffenburg","standort":"Aschaffenburg"}},{"type":"Feature","geometry":{"type":"Polygon","coordinates":[[[8.236834026838867,50.74134579972255],[8.212308961351152,50.689233637862095],[8.220364480387266,50.68908596241994],[8.221257063318976,50.68915789013974],[8.222278205447976,50.68933360184996],[8.226923159437359,50.69004532980248],[8.227507027103519,50.69007774703731],[8.228723067052892,50.69004456757749],[8.23247269725547,50.68955631530077],[8.237606505463736,50.68851764127147],[8.254751324449076,50.64516557392838],[8.217016194086971,50.60734778966234],[8.261885147994098,50.55346498694668],[8.306088988476967,50.52895966206357],[8.270383210999777,50.479892418250955],[8.266656836853379,50.479637123545366],[8.266983236876369,50.47908358672443],[8.267170595273768,50.47878557064739],[8.267381336678994,50.47821919125858],[8.267509994886133,50.477673774856235],[8.267612286738728,50.47683085317405],[8.268806132213928,50.47363465024405],[8.270443650833293,50.45068416385787],[8.462711848241979,50.32541462471904],[8.464564012936103,50.32392950822868],[8.507568911101975,50.28939793234418],[8.645182959741708,50.25019524973968],[8.645158612999973,50.25042366970168],[8.645134292217826,50.25065184386501],[8.645055797760271,50.251011755525454],[8.644351708172401,50.254239888310245],[8.644392307580066,50.25473619230505],[8.644430412973405,50.255201999298826],[8.644817652819363,50.25590589789855],[8.645273691834015,50.256370657044265],[8.645902087164496,50.25682979416218],[8.647883610069249,50.25816709763246],[8.649331306848302,50.25814752233411],[8.673100136738762,50.30015365904324],[8.670185401503003,50.34130757837576],[8.673907333585536,50.341589283475955],[8.760314579910734,50.34809476397084],[8.762169379591686,50.348654317245575],[8.773615542263482,50.3501747993945],[8.774023502622846,50.34894395644125],[8.77447109888091,50.34777043202201],[8.88026818586736,50.34931344916271],[8.978148028178852,50.3675033008223],[8.98019365859494,50.367305712508596],[9.04388613099814,50.360949533296356],[9.043886233213694,50.36094952306642],[9.043886233216448,50.360949523066154],[9.043886234293353,50.36094952295837],[9.170093597632262,50.594122815012454],[9.070165378792264,50.70097564823235],[9.068722593651168,50.701943913876924],[9.067461937247375,50.70273255333595],[9.023327809060868,50.74823453953351],[9.023327809060689,50.74823453953368],[8.986613151474861,50.737033443866366],[8.985394317128286,50.73644091347868],[8.983499411190698,50.735621438579855],[8.723042304492429,50.746505013173305],[8.721643838177028,50.747004474566765],[8.719964773765428,50.747744132589396],[8.456519561711572,50.8266807808691],[8.448543527373436,50.82923266380747],[8.25174427513395,50.89175986289708],[8.251744274093452,50.8917598557223],[8.251744273767073,50.89175985180642],[8.251744273765366,50.89175985178584],[8.24199046255159,50.77445886298777],[8.234631306152021,50.74356529368472],[8.235756041910895,50.742327910663896],[8.236834026838867,50.74134579972255]]]},"properties":{"art":"Netzbezirk","bezeichnung":"Gießen","standort":"Gießen"}},{"type":"Feature","geometry":{"type":"Polygon","coordinates":[[[8.649331306848302,50.25814752233411],[8.733151956606063,50.18286959715278],[8.73641267669524,50.18168483749846],[8.738447427179322,50.18577494741527],[8.74084781072665,50.19091169903083],[8.743026204263508,50.1960831837482],[8.746159280646816,50.19533043691305],[8.71118132385658,50.12298543888225],[8.702723790250424,50.10585296530752],[8.703033528465788,50.103998169663285],[8.718040869858482,50.10594561512137],[8.724096053783967,50.109820246261734],[8.73426939106345,50.1066030700204],[8.734663009005248,50.105008657435],[8.73929570428082,50.10404912543757],[8.738145906696204,50.102842204011],[8.700137668507129,50.044185967606566],[8.666784417628186,50.017108100883],[8.666264316978184,50.015831757084946],[8.665752954617915,50.01465653937393],[8.668348723810146,50.0143870520623],[8.735180095306289,49.96799926625115],[8.830363842267102,49.96652244687868],[8.832318584907034,49.9667519774647],[8.833806919300814,49.96705225092773],[8.930774548958668,50.01508387335074],[8.930774551768389,50.015083874739936],[8.927282988476883,50.111152689211075],[8.927282988380737,50.11115269185115],[8.937396762584132,50.1131268929518],[8.938610926253574,50.113106129727626],[8.9387986173334,50.11252731450128],[8.939777276551203,50.10851349859769],[8.940679412153798,50.093999702430104],[9.010707937868814,50.046422649090964],[9.02820115025936,50.05230061004089],[9.02986036397417,50.052874339200486],[9.157993878212162,50.05306243635062],[9.264182821675373,50.05248075859745],[9.597055505552353,50.24287699941129],[9.597055505558172,50.24287699941457],[9.597055512509982,50.242877003365074],[9.49501920427334,50.25645527469841],[9.384614921369764,50.29218735495557],[9.382920513277321,50.29297277156488],[9.38177106728361,50.29360230526201],[9.007403251441623,50.331940443550565],[9.007403248922236,50.331940443804314],[9.007767795468691,50.33325390323894],[9.009167844070337,50.33327835376635],[9.04388613099814,50.360949533296356],[8.980193649472021,50.36730579971356],[8.978148019051389,50.36750338802573],[8.880268176466183,50.34931353622732],[8.774471089221812,50.34777051897937],[8.774023492967837,50.34894404340094],[8.773615532607197,50.35017488635652],[8.762169369905106,50.348654404192814],[8.760314570224077,50.34809485091531],[8.673907333585536,50.341589283475955],[8.670185401503003,50.34130757837576],[8.673100125872754,50.30015364448467],[8.649331306848302,50.25814752233411]]]},"properties":{"art":"Netzbezirk","bezeichnung":"Hanau","standort":"Hanau"}},{"type":"Feature","geometry":{"type":"Polygon","coordinates":[[[7.444121387619371,50.57287119231047],[7.547155869066168,50.504925706100586],[7.68734937918824,50.49166337350699],[7.7498693668900565,50.46772410621351],[7.750300492439416,50.46694645224316],[7.751110607547651,50.4655093464218],[7.818078288053514,50.312566487485455],[7.818078291900591,50.31256647866938],[7.818078293328451,50.31256647539727],[7.81759858758552,50.31230630800852],[7.816416652807091,50.31166526737103],[7.815861508670366,50.310739327939956],[7.8855078940914485,50.16567287861234],[7.885507897907516,50.1656728706381],[7.885507904379737,50.16567285712621],[8.0507152943736,50.195470505526764],[8.052138948239174,50.19643488695227],[8.054873134800621,50.19795950457597],[8.247694406469265,50.16323523769264],[8.310395728580719,50.149068210837456],[8.310395730265022,50.149068210456235],[8.310395733789449,50.14906820965858],[8.31236622102804,50.150076074258386],[8.313883906586053,50.150821718896054],[8.307163571134602,50.1583200739683],[8.290643831667543,50.1718957646907],[8.269477340075996,50.18600245597547],[8.265013912911439,50.190345152070044],[8.259661534026852,50.19775181992849],[8.255160382850084,50.2141019034045],[8.254375533056526,50.21840568268827],[8.253865611541288,50.22352102229987],[8.25353144888061,50.23511903407726],[8.255133758486119,50.23573644416387],[8.462711824506147,50.32541461450477],[8.270443639384691,50.45068414729874],[8.268806121069694,50.473634634049276],[8.267612275634177,50.47683083702568],[8.267509983792985,50.47767375872118],[8.267381325592849,50.478219175131244],[8.267170584194753,50.47878555452824],[8.266983225800878,50.47908357060927],[8.266656836853379,50.479637123545366],[8.27038319994222,50.47989240216616],[8.306088988476967,50.52895966206357],[8.261885137904644,50.55346497203156],[8.217016194086971,50.60734778966234],[8.254751324449076,50.64516557392838],[8.237606497162561,50.688517628524195],[8.232472688953756,50.68955630254238],[8.228723058749594,50.690044554801304],[8.22750701879864,50.69007773425229],[8.226923151130315,50.690045317013556],[8.222278197117484,50.68933358902157],[8.221257054982102,50.68915787730395],[8.220364472045542,50.68908594957738],[8.21230895424389,50.68923362495866],[8.212308953838662,50.68923362496587],[8.20603778102837,50.67501232074475],[8.206037780435148,50.675012319398924],[8.206037778578754,50.675012315377415],[7.836374647308716,50.710639687463754],[7.715703821338605,50.70337089097956],[7.707834610467046,50.693696209322354],[7.707834609257352,50.69369620783476],[7.707834608352465,50.69369620672205],[7.7078346074491275,50.69369620561117],[7.707834606243884,50.69369620412908],[7.719171977786943,50.6905862017059],[7.689232389047723,50.57277462375489],[7.689232382895265,50.57277459948725],[7.689232382270405,50.572774597022566],[7.6892323819064705,50.57277459558709],[7.656551245268102,50.54661664815358],[7.654793298027326,50.546001647428064],[7.653226893315768,50.54563608225872],[7.515253336363625,50.571585488335714],[7.51325850372996,50.569938810465956],[7.511889300797578,50.56884182997653],[7.444121413804155,50.57287119076182],[7.444121400929372,50.5728711915235],[7.444121387628436,50.57287119231036],[7.444121387623049,50.57287119231069],[7.444121387619371,50.57287119231047]]]},"properties":{"art":"Netzbezirk","bezeichnung":"Limburg (Lahn)","standort":"Limburg (Lahn)"}},{"type":"Feature","geometry":{"type":"Polygon","coordinates":[[[8.56294733544285,51.21061369008738],[8.562947335474558,51.210613690094014],[8.562947338909623,51.21061369081301],[8.56294734273186,51.21061369161302],[8.877274398362431,51.2758903688354],[8.988000313581212,51.30270618291522],[9.44807055133142,51.19754001616649],[9.47823742472354,51.18867722481759],[9.511743861090231,51.091131221403906],[9.534000234567266,51.08029023535947],[9.53542424950659,51.079719950138596],[9.54760164598521,51.04074781705853],[9.518458907307133,50.927470337424246],[9.518458907347279,50.92747033742955],[9.572893802474011,50.938015372145536],[9.573186120663493,50.938034239935575],[9.574722528765912,50.93813339569761],[9.601259625918804,50.938930827601226],[9.60687236303436,50.93909871242942],[9.60687236304851,50.939098712429825],[9.624731798768028,51.05629073157069],[9.62517343095795,51.05650268676557],[9.626179885069861,51.05698570692855],[9.627557548450248,51.05785898131494],[9.654616087633286,51.075799204223415],[9.777237359725518,51.066701123921305],[9.797471031206165,51.12559126710742],[9.879162583326172,51.14979115152383],[9.879165354660868,51.149791971082664],[9.882428289338334,51.150470948090664],[9.883281307991517,51.1506839149059],[9.888075470068978,51.15203417935906],[9.889108685774593,51.15225484444484],[9.889480320073215,51.152319187481325],[9.888337648548973,51.16085587951889],[9.875736490691052,51.25479760338132],[9.87221795152861,51.25473865720192],[9.87100824116786,51.254718366129865],[9.825023255304204,51.25393776361738],[9.81965993883909,51.253988238895204],[9.819289924919921,51.2539917121064],[9.818598970425038,51.25399819586091],[9.814783197356755,51.256023547339154],[9.812723199975261,51.257116835365395],[9.808467285880969,51.2581527578346],[9.80787354273771,51.258277120401765],[9.806800877870838,51.25850178475827],[9.805536492563201,51.25861300242166],[9.804877770049307,51.258670939246414],[9.804216207563508,51.2586826546575],[9.802843238635095,51.25870695620832],[9.80284323853577,51.258706957216134],[9.802843238071492,51.25870696192706],[9.802270372648561,51.264519089159954],[9.80176661643445,51.269628897864365],[9.788931450048812,51.28536244376306],[9.784120368245818,51.29125682029016],[9.799667250043841,51.38415623929636],[9.800752780448247,51.38455997078416],[9.802895160385937,51.38530959100247],[9.792215484890582,51.44099263526714],[9.79066439109049,51.441734925575865],[9.789296566496665,51.4425587954303],[9.786123234959863,51.44308341233305],[9.725879246147391,51.453024507980466],[9.724881721211585,51.45375112061943],[9.72341354067838,51.45486850826692],[9.72317236688188,51.45493888819134],[9.621644241298869,51.484504267559],[9.59403075000411,51.492523722641984],[9.588109903546675,51.49424203141396],[9.566407700709437,51.50053663378713],[9.566366728093861,51.500548512166546],[9.48275034002332,51.64852067169373],[9.482750340013107,51.64852067169653],[9.36813137673818,51.629167964603454],[9.368131376731313,51.62916796460225],[9.368131375806694,51.629167964284605],[9.359931517172244,51.626314892464016],[9.109248337343018,51.53864019303777],[9.10924833734144,51.538640193037615],[9.10924833635744,51.53864019374883],[9.109248333957892,51.538640195483154],[9.10845583276483,51.53921298619107],[9.106753310253563,51.5405448106861],[9.106611338055224,51.54076428236182],[8.976925582215628,51.74029219151733],[8.970493607967544,51.7501388297016],[8.970493607612088,51.75013882970134],[8.955489589556587,51.75012648109705],[8.952950964839395,51.75032248661037],[8.95204970787482,51.750397718109745],[8.951769510390287,51.75042110504592],[8.951769498809528,51.75042109896435],[8.914699507410434,51.73093962110387],[8.897637486710689,51.72196339115365],[9.053866671036019,51.52894871471816],[9.053866672832475,51.52894871248809],[9.053721108744528,51.524627786205436],[9.100805202692701,51.52402296060176],[9.122035769031822,51.51872324157581],[9.125267881146375,51.517265474518645],[9.12728355393434,51.51569672786137],[9.142930684952233,51.502334396235156],[9.145120927200132,51.50041849272158],[9.146529057113082,51.49916296812823],[9.14658166951979,51.49907431208143],[9.146581671897346,51.499074308069524],[9.146581670107361,51.49907430757896],[9.146581666200898,51.49907430650837],[8.57784821734563,51.340784448578525],[8.575191516253474,51.340540950104405],[8.572138326959301,51.340137000174074],[8.572138326904112,51.34013699996899],[8.572138326785003,51.34013699951195],[8.545530499635484,51.2378012523623],[8.545530498603519,51.23780124838448],[8.550632306644596,51.229840975049854],[8.562947334879151,51.21061368997604],[8.56294733544285,51.21061369008738]]]},"properties":{"art":"Netzbezirk","bezeichnung":"Kassel","standort":"Kassel"}},{"type":"Feature","geometry":{"type":"Polygon","coordinates":[[[9.269410832425452,50.7982392682718],[9.023327809060689,50.74823453953368],[9.02332780250728,50.74823453819364],[9.023327798996826,50.74823453747585],[9.023327798997085,50.7482345374756],[9.06746193193191,50.702732545250846],[9.068722588328841,50.70194390578391],[9.070165373460503,50.70097564013256],[9.170093590996565,50.59412280559091],[9.043886233213694,50.36094952306642],[9.043886227130937,50.360949511769284],[9.009167841583581,50.333278251469274],[9.007767795576147,50.33325380097952],[9.007403248922236,50.331940443804314],[9.007403221224807,50.331940344014896],[9.381771064955242,50.29360220453476],[9.38292051092494,50.2929726708367],[9.384614919024266,50.29218725422158],[9.495019201655468,50.25645517410657],[9.542918275370843,50.250093266868156],[9.597055505558172,50.24287699941457],[9.59705561363434,50.24287698498113],[9.597055633792547,50.242876982289026],[9.597055642979434,50.24287698106212],[9.597055644042882,50.2428769809201],[9.597055646148158,50.242876980638925],[9.597488758032698,50.24279193248526],[9.600623819566957,50.242176257954156],[9.60077033384955,50.2421996729374],[9.600798591918743,50.242204188938864],[9.600934427639745,50.24233870155179],[9.601267478331906,50.24266850425329],[9.60183584062763,50.243231310899965],[9.604920133939322,50.24569402269894],[9.608138890158441,50.24809942848325],[9.608476399960853,50.24835163329705],[9.60880462687214,50.24854531515239],[9.611857016519709,50.25034636441745],[9.646883768462525,50.26070035269936],[9.646883769180947,50.26070035481891],[9.64688377816196,50.26070038131541],[9.655057709328236,50.284803076436624],[9.655057709501637,50.28480307642724],[9.655057710601968,50.28480307636757],[9.655057711420323,50.28480307632322],[9.658550433769422,50.284613695327835],[9.659118027489981,50.28457232321905],[9.660466323367817,50.284474034053815],[10.033198750990941,50.44633334281714],[10.033198751784349,50.44633334381442],[10.03319875194475,50.446333344016026],[10.112406831414884,50.54565204797254],[10.112406828526284,50.54565205242113],[10.11240682582492,50.545652056581375],[10.004123123944616,50.71178380497284],[9.94209559557293,50.8063815177313],[9.908631362405398,50.86856895519383],[9.908631358282236,50.86856895271477],[9.723680233502797,50.75349364804581],[9.695594370757732,50.735943021755745],[9.693702430570209,50.73536189761567],[9.69225876409052,50.73502996214084],[9.598065962454474,50.78501146222863],[9.595562218291068,50.78320707953367],[9.593726272335035,50.78188383819459],[9.59252699405757,50.77855664201811],[9.590098292362413,50.77922335683574],[9.589642660128339,50.77867561076282],[9.589001192238996,50.77809845368989],[9.588312925627573,50.777604984926725],[9.58767621853653,50.777196569601394],[9.587176565658883,50.776886855509034],[9.586216283409037,50.77631227549862],[9.585643797092935,50.775955468241925],[9.585472106946892,50.77584921661754],[9.584264386559141,50.77512355205191],[9.58337289110101,50.774419779861795],[9.580837137599088,50.77211869912901],[9.479381505912874,50.738509432468746],[9.479016652867353,50.738887887188234],[9.477636076691304,50.74031986541225],[9.474765939394157,50.742519993796115],[9.51953125010892,50.772778308171766],[9.522532024748747,50.777141731065015],[9.568130388745853,50.84333590716854],[9.571575954714701,50.8440363633038],[9.58098789572927,50.82334243791365],[9.58413041479201,50.81127745494597],[9.581143999029168,50.809487971107984],[9.564252097725646,50.7925316007568],[9.57966218474657,50.7812210284757],[9.591706567008499,50.785463944985594],[9.595107960763485,50.79315041157131],[9.591664481711863,50.80178438118584],[9.58832648424582,50.80447210780489],[9.592427663244447,50.80658803511739],[9.624751553417655,50.85413167562959],[9.624066128404081,50.901844066505866],[9.60687236304851,50.939098712429825],[9.606872363034261,50.939098712429654],[9.601259625918804,50.938930827601226],[9.574722528800752,50.93813339569761],[9.573186120663493,50.938034239935575],[9.572893802467394,50.93801537214553],[9.518458907347958,50.927470337432176],[9.518458907307133,50.927470337424246],[9.533281955458678,50.90482502600416],[9.552915086333828,50.87479467686402],[9.570346613673205,50.84809678418993],[9.571536376830943,50.84412334275019],[9.56963748774511,50.84374262993871],[9.567980321244493,50.843453317220096],[9.518835753934752,50.77290415186449],[9.269410832425452,50.7982392682718]]]},"properties":{"art":"Netzbezirk","bezeichnung":"Fulda","standort":"Fulda"}},{"type":"Feature","geometry":{"type":"Polygon","coordinates":[[[9.571575954714701,50.8440363633038],[9.568130388739757,50.843335907168544],[9.522532024748747,50.777141731065015],[9.519531250109313,50.772778308171766],[9.47476593941009,50.74251999379302],[9.477636076707991,50.74031986541226],[9.479016652867353,50.738887887188234],[9.479381505913384,50.73850943246366],[9.580837137616484,50.77211869912901],[9.583372891115273,50.774419779861816],[9.58426438656938,50.775123552051916],[9.585472106946892,50.77584921661754],[9.585643797092935,50.775955468241925],[9.58621628341134,50.7763122754986],[9.587176565660023,50.7768868555053],[9.587676218539178,50.77719656960222],[9.588312925639592,50.777604984926725],[9.589001192251486,50.7780984536899],[9.589642660141317,50.77867561076281],[9.590098292362413,50.77922335683574],[9.59252699405757,50.77855664201811],[9.59372627234998,50.781883838194595],[9.595562218291068,50.78320707953367],[9.598065962454474,50.78501146222863],[9.69225876409052,50.73502996214084],[9.69370243055205,50.73536189761567],[9.695594370738995,50.73594302175576],[9.723680233502797,50.75349364804581],[9.908631358313219,50.86856895265729],[9.908631362405398,50.86856895519383],[9.908631362443836,50.86856895521767],[9.908631364046673,50.86856895620158],[9.908631366784078,50.86856895788136],[9.991262895945532,50.91919044784138],[10.044565889746622,50.95175487357513],[10.04456589390454,50.951754887870315],[10.043553498923043,50.95366793201339],[10.042812644282764,50.955035629330915],[10.11611471536883,51.06029679261279],[10.125249501174684,51.07337711994801],[10.134576393317396,51.077103375189786],[10.242469832030439,51.12011025563551],[10.251544275153236,51.13176190845823],[10.264942722735388,51.14895342401476],[10.264942727856832,51.148953442719346],[10.165505614293693,51.22630361793309],[10.16550626203104,51.22630429111292],[10.16550636441019,51.2263043975134],[10.165507174482524,51.2263052394045],[10.166352800771195,51.22718406093481],[10.167574519938213,51.228268838915156],[10.167574681316712,51.22826899372705],[10.107826760768116,51.262719791808365],[10.087969169187353,51.274151666814845],[10.05160431950049,51.295063329095015],[10.051604319468233,51.29506332911353],[10.051604317874673,51.295063328404254],[10.05160430807268,51.29506332370401],[10.006514623770537,51.2734228778009],[9.981854505375237,51.26157131836292],[9.981825233194783,51.26132421612796],[9.981569593758552,51.259166105964546],[9.98156959374212,51.25916610587313],[9.981569591843625,51.25916609531662],[9.981569590776973,51.25916608938553],[9.98156956581078,51.259165950562036],[9.980896199167454,51.25542140177796],[9.980896154260678,51.25542115203289],[9.98089614873173,51.255421121284186],[9.980896145567666,51.255421103687496],[9.980896145335102,51.2554211023941],[9.980896144397112,51.255421102388944],[9.980896130469139,51.25542110231263],[9.962495381430305,51.2553188244013],[9.945121581488063,51.25521959891504],[9.87573649061228,51.254797604232294],[9.875736490612507,51.25479760423066],[9.875736490726618,51.25479760338155],[9.888337648548973,51.16085587951889],[9.889480320069993,51.152319187481325],[9.889108685772808,51.15225484444484],[9.888075470067562,51.152034179359084],[9.883281307990819,51.1506839149059],[9.882428289338334,51.150470948090664],[9.879165354660868,51.149791971082664],[9.879162583326172,51.14979115152383],[9.797471031206165,51.12559126710742],[9.777237359725518,51.066701123921305],[9.654616087633286,51.075799204223415],[9.626179885069861,51.05698570692855],[9.62517343095795,51.05650268676557],[9.62473179875368,51.05629073157069],[9.606872363034261,50.939098712429654],[9.60687236303436,50.93909871242942],[9.624066128388991,50.901844066505866],[9.624751553399832,50.85413167562959],[9.592427663227182,50.8065880351174],[9.58832648422779,50.80447210780489],[9.591664481694233,50.80178438118584],[9.595107960743693,50.793150411571325],[9.591706566990172,50.78546394498558],[9.57966218474657,50.7812210284757],[9.564252097709941,50.7925316007568],[9.581143999014197,50.809487971107984],[9.584130414788813,50.81127745494599],[9.580987895715557,50.823342437913645],[9.571575954714701,50.8440363633038]]]},"properties":{"art":"Netzbezirk","bezeichnung":"Bebra","standort":"Bebra"}},{"type":"Feature","geometry":{"type":"Polygon","coordinates":[[[8.251744269129496,50.891759853252935],[8.251744269383515,50.89175985317254],[8.25174427062143,50.89175985278079],[8.25174427112026,50.89175985262292],[8.251744273765366,50.89175985178584],[8.251744274174726,50.89175985165631],[8.448543521330475,50.82923265410213],[8.45651955565536,50.82668077116606],[8.719964767558386,50.74774412304675],[8.721643831962538,50.74700446502173],[8.72304229827943,50.74650500362718],[8.983499406012767,50.73562143055595],[8.98539431197345,50.73644090548204],[8.986613146335674,50.73703343588976],[9.023327798997085,50.7482345374756],[9.02332780250746,50.74823453819348],[9.023327809060868,50.74823453953351],[9.269410832425452,50.7982392682718],[9.518835753934752,50.77290415186449],[9.567980321262857,50.84345331722008],[9.569637487813482,50.84374262994193],[9.57153637684291,50.84412334275018],[9.570372609067851,50.84805694546179],[9.552915086333828,50.87479467686402],[9.533281955458678,50.90482502600416],[9.518458907347279,50.92747033742955],[9.518458907347958,50.927470337432176],[9.547601646026255,51.040747817058524],[9.535424249546079,51.079719950141126],[9.534000234607602,51.08029023535947],[9.51174386112887,51.0911312214039],[9.478237424760112,51.18867722481759],[9.448070551365513,51.19754001616649],[8.988000313581212,51.30270618291522],[8.877274398354178,51.27589036883543],[8.562947342728119,51.21061369161889],[8.56294733890588,51.21061369081885],[8.562947335470819,51.210613690099876],[8.5629473354391,51.21061369009322],[8.562947334879151,51.21061368997604],[8.562947334874783,51.210613689975105],[8.624238331375539,51.11466113759437],[8.625335563378703,51.11293943936843],[8.625335566991264,51.11293943369962],[8.625335569246214,51.112939430161184],[8.625335569514556,51.11293942974011],[8.599946338917718,51.08939868792077],[8.499170162171344,50.99566868673455],[8.498220869209977,50.99475358912748],[8.493581842456054,50.98902847050826],[8.300277965586506,51.010187727895406],[8.262256031049038,50.99957404729628],[8.25927663640662,50.99779133524481],[8.259276620209981,50.99779132559055],[8.259276616637262,50.99779132346097],[8.259276613097857,50.99779132135126],[8.260820222803725,50.99705398406353],[8.251744269129496,50.891759853252935]]]},"properties":{"art":"Netzbezirk","bezeichnung":"Treysa","standort":"Treysa"}},{"type":"Feature","geometry":{"type":"Polygon","coordinates":[[[7.722941415066906,50.11797463702988],[7.722024208810729,50.11469091698714],[7.727385524850517,50.109889973860355],[7.774592982324152,50.07522092117537],[7.772452647846297,50.06104730556723],[7.7760555618204545,50.054357749598196],[7.802411859841536,50.040508725967186],[7.821094079571179,50.02931245078082],[7.829396869742202,50.022000675651796],[7.839493546916001,50.01736328030965],[7.84910997463691,50.01520015240738],[7.853113263570025,50.01251848659894],[7.8567328741772355,50.00869516701113],[7.860289134245945,50.000766401349196],[7.864552127443813,49.980829989321],[7.872702646533449,49.9742308613687],[7.884195622199405,49.97115001066906],[7.982666876453343,49.979570074933115],[8.044104219269062,49.98441067878439],[8.144638879181493,50.01495865181823],[8.147641746067256,50.013538867634544],[8.148794345311119,50.01268120030229],[8.204241097230458,49.910401382003464],[8.207790672183913,49.910732616883884],[8.273861035583192,49.88568831738227],[8.275578175201986,49.885208053616935],[8.278839196631408,49.88441804378575],[8.304107059080039,49.88154104314677],[8.24163812207895,49.74198686871626],[8.241638111958572,49.74198684604047],[8.241638104106391,49.741986828446855],[8.241638100503138,49.741986820373405],[8.241638095256057,49.74198680861678],[8.241638093501399,49.74198680468527],[8.310223082086303,49.727675146402355],[8.316002766728188,49.724761987217505],[8.32556253470633,49.720173808103766],[8.327589052221409,49.71962196520279],[8.329175014313105,49.719114405394926],[8.357288587292908,49.70222241331143],[8.359148129388135,49.70129815992102],[8.366577588583034,49.686446734783836],[8.366577590045777,49.686446735510394],[8.366577604652637,49.686446742766066],[8.366577624787523,49.68644675276764],[8.366577630578487,49.68644675564416],[8.366577632394469,49.68644675654623],[8.459288232822313,49.732427462490804],[8.394920316024638,49.970812139858936],[8.396296297300864,49.97184391545439],[8.39743906727217,49.97258681603984],[8.443355963186479,50.00176110776465],[8.44191823081505,50.00256527606956],[8.440671051070295,50.003359371900636],[8.411470115973366,50.00012864342728],[8.40817203326433,50.00348849702091],[8.40723645867771,50.004478962525326],[8.338560941933162,50.05338830990077],[8.338416477786017,50.05437082428001],[8.338376443209906,50.055713562363785],[8.342547020829889,50.121383938379836],[8.333373272601976,50.1340544492637],[8.328935033508804,50.137535935033156],[8.33457245587379,50.14721509560852],[8.327151315959664,50.1499312463723],[8.326174726914866,50.14913290616327],[8.326174720953453,50.14913290128984],[8.326174707882549,50.14913289060444],[8.328541497876051,50.14381889400808],[8.328292360886394,50.141668583225474],[8.328292360648266,50.14166858117007],[8.328292360137048,50.14166857675751],[8.32463364398947,50.13794472757184],[8.308275019985798,50.14697471770059],[8.308275033892693,50.14697473142724],[8.308275040251008,50.14697473770315],[8.310395732276715,50.149068208164834],[8.310395728752283,50.14906820896254],[8.310395727067986,50.14906820934374],[8.247694405332641,50.163235236107255],[8.054873133647856,50.19795950295518],[8.052138947112159,50.19643488532396],[8.050715293218115,50.19547050389199],[7.885507903204376,50.16567285539661],[7.730640471314061,50.11778365540163],[7.729401734541571,50.118239307964274],[7.726783444059845,50.11946277208637],[7.722941415066906,50.11797463702988]]]},"properties":{"art":"Netzbezirk","bezeichnung":"Mainz","standort":"Mainz"}},{"type":"Feature","geometry":{"type":"Polygon","coordinates":[[[7.907038712754952,49.89056252979185],[7.885970956458482,49.86590881813233],[7.887711849643548,49.86495977807269],[7.889999804867377,49.86415501324571],[7.924218299086792,49.88270251240004],[7.932189810085276,49.88473779321351],[7.9341586430705595,49.884190210328505],[7.935445757207975,49.883564586537446],[7.916250174267253,49.67761857544669],[7.91625017311312,49.677618563016836],[7.9162501718479685,49.67761854939126],[7.916250169213065,49.6776185210136],[8.018677509471344,49.65160690027699],[8.01867751212077,49.65160689960265],[8.01867751443282,49.651606899014126],[8.018677524394997,49.651606929737085],[8.01867752701061,49.651606943020916],[8.018677529374928,49.65160695502849],[8.01950927336992,49.65583073236422],[8.019866520025445,49.65764468210412],[8.019866520570002,49.657644682836214],[8.019866520997263,49.6576446829835],[8.019866523987714,49.65764468401433],[8.019866525269622,49.65764468445622],[8.048795441861644,49.667611094771225],[8.152264281214915,49.70316546013137],[8.156004212368597,49.70580454293461],[8.2394712344409,49.740020550652424],[8.240813911712658,49.741178556335726],[8.241638095256057,49.74198680861678],[8.241638107679874,49.74198682741125],[8.241638107798785,49.74198682767768],[8.241638119135308,49.74198685307834],[8.241638125771344,49.74198686794708],[8.304107067978054,49.881541054930764],[8.278839205522265,49.884418055617765],[8.275578184096345,49.88520806545206],[8.273861044470875,49.88568832921992],[8.20779068096355,49.91073262873117],[8.204241106018566,49.91040139386164],[8.148794353532466,50.01268121163174],[8.147641754285406,50.01353887896048],[8.144638887386257,50.01495866314049],[8.044104227713502,49.98441069056585],[7.982666884944398,49.979570086899635],[7.88419563078465,49.97115002293479],[7.872702655105182,49.974230873642696],[7.864552135980426,49.98083000157336],[7.860289142673252,50.000766413478786],[7.85673288256012,50.008695179099576],[7.853113271934047,50.012518498668165],[7.849109982979827,50.015200164471814],[7.839493555250375,50.01736329238304],[7.829396878061168,50.02200068771641],[7.82109408785206,50.02931246281722],[7.802411868059662,50.04050873797809],[7.776055569976254,50.05435776157569],[7.7724526559660605,50.061047317509264],[7.774592990364202,50.07522093301632],[7.727385532708141,50.109889985583855],[7.72202421664842,50.11469092868716],[7.722941415066906,50.11797463702988],[7.726783455151449,50.11946278602006],[7.726783478412851,50.119462802147766],[7.737760012884451,50.12707137300886],[7.737760021710337,50.127071391579804],[7.738971470085717,50.13175509237401],[7.735400684720869,50.13614669791406],[7.735312339145255,50.136255339511266],[7.726327756748613,50.139216184005775],[7.725656701450728,50.148035735272096],[7.717229844478385,50.15308682812757],[7.708293766188957,50.15661755749362],[7.700821623598023,50.165701794332506],[7.687455531216891,50.17001499068749],[7.670241245013259,50.1711006857039],[7.653034793502064,50.175317223170154],[7.65303478660809,50.17531721366741],[7.650262207982582,50.17073080259958],[7.621621064321034,50.11146468894613],[7.790071164488403,49.98202202242335],[7.901983812175441,49.893000277196556],[7.90454738380664,49.89350964131166],[7.905723316898379,49.892299196008665],[7.907038712754952,49.89056252979185]]]},"properties":{"art":"Netzbezirk","bezeichnung":"Bingen","standort":"Bingen"}},{"type":"Feature","geometry":{"type":"Polygon","coordinates":[[[8.366577590045777,49.686446735510394],[8.368230358963999,49.683486964830955],[8.384846316551323,49.653712603663834],[8.384846322094903,49.653712593722254],[8.384846324651596,49.65371258913719],[8.383999359522138,49.65158861065856],[8.383999345900103,49.651588576496415],[8.38435915994423,49.64932353211793],[8.477395194508631,49.57623423120089],[8.481879013181295,49.575909382124834],[8.483733543881458,49.575897831748634],[8.483733551657103,49.57589785242765],[8.48373355632654,49.57589786595872],[8.483733561219237,49.575897880136736],[8.499292186599918,49.62089880329777],[8.499292187609406,49.620898804655425],[8.499292196628579,49.620898804217184],[8.499292201928133,49.6208988039597],[8.503774704859588,49.62068091660823],[8.512722749355822,49.620245441263215],[8.526662165436115,49.6116233093267],[8.533656889380135,49.60729498116638],[8.564529688131994,49.59914030622874],[8.639978757004128,49.62083365344925],[8.64215996390939,49.62119382276539],[8.64356554822801,49.62134812456069],[8.645435095047821,49.618070806597615],[8.667232436672762,49.55710839277525],[8.668359315182805,49.55609269423212],[8.675949644313175,49.552026668181874],[8.964165954322972,49.47332511699439],[8.964165982318132,49.473325126828705],[8.964166005028657,49.47332513480661],[8.964166027912706,49.47332514284543],[8.98102505069584,49.47924553681728],[8.983253695608477,49.46794685547811],[8.983253698415341,49.467946841244675],[8.983253701419402,49.46794682601128],[8.983253705398928,49.4679468058314],[9.026002366242931,49.463903431362766],[9.050843636232903,49.47762785290795],[9.14461967423033,49.544427233724896],[9.14461967373059,49.54442724460019],[9.144619666237167,49.54442725400885],[9.144619656086169,49.54442726675435],[9.036618530495504,49.679607329874344],[9.044959332037644,49.79238833356442],[9.047827795824292,49.813525295580625],[9.045439027467063,49.815429149505896],[8.974770395002796,49.96348872611411],[8.974770397715902,49.96348872984465],[8.974770420043292,49.963488739742616],[8.979146239941851,49.96542842590729],[9.012226570670917,50.00403282076543],[9.01222657377851,50.00403282454887],[9.012226573740504,50.00403282561061],[9.010707934586954,50.04642254381187],[8.940679398936236,50.093999606991716],[8.939777272146687,50.10851342271575],[8.938798614611567,50.11252721226179],[8.93861092353785,50.113106027494084],[8.937396759866935,50.11312679071291],[8.927283000246778,50.11115269150902],[8.927282988476883,50.111152689211075],[8.92728298465491,50.11115268846485],[8.930774548958668,50.01508387335074],[8.930774552060884,50.01508378782114],[8.930774552501218,50.01508377568075],[8.833806915058412,49.967052146718466],[8.832318580663285,49.96675187324664],[8.83036383801771,49.96652234265043],[8.735180091074655,49.96799916163965],[8.668348720041285,50.0143869476507],[8.660138576991752,50.01522924127778],[8.659999490127644,50.01525348150011],[8.65840293860108,50.015362241573264],[8.658402936094932,50.01536224174398],[8.658402930417918,50.01536224213067],[8.622810635516611,49.92534158180984],[8.622810625825426,49.925341557251606],[8.62281062398951,49.92534155259926],[8.614483662206235,49.92616455838104],[8.611405484430257,49.926468635837146],[8.610311571351735,49.926576677306905],[8.519486071312436,49.939291550156],[8.515000966463328,49.94297688178561],[8.443355963186479,50.00176110776465],[8.397439070762774,49.97258682065193],[8.39629630078928,49.97184392006688],[8.394920316024638,49.970812139858936],[8.459288232822313,49.732427462490804],[8.366577630947894,49.68644675913634],[8.366577629131916,49.6864467582343],[8.366577623340945,49.68644675535775],[8.366577603206055,49.686446745356186],[8.366577590045777,49.686446735510394]]]},"properties":{"art":"Netzbezirk","bezeichnung":"Darmstadt","standort":"Darmstadt"}},{"type":"Feature","geometry":{"type":"Polygon","coordinates":[[[6.898759431802553,49.64496890980991],[6.880328631816351,49.6376675033962],[6.879513039061326,49.63734428701125],[6.879513038563887,49.63734428681413],[6.879513034316202,49.637344285130744],[6.879513009099738,49.6373442751374],[6.879513008479614,49.63734427489164],[6.879513007036319,49.6373442740869],[6.879513007515281,49.63734427140249],[6.8819162269144565,49.62387137712549],[6.8825994336348755,49.620039630077116],[6.899244100929299,49.5264987741484],[6.905240353373749,49.51758290674339],[6.9775932140481425,49.526330310500136],[6.9776192052213135,49.526341758172876],[6.9824192904845965,49.52845575074497],[7.088560984337403,49.57510215508961],[7.105097207736298,49.57559949153947],[7.105097207297096,49.57559949503049],[7.105097203768353,49.57559952307853],[7.10509720200763,49.575599537073586],[7.105097200368886,49.57559955009908],[7.104846331244944,49.577593480687334],[7.104571447062083,49.5802304829775],[7.104571447417515,49.580230483180145],[7.104571472710357,49.58023049760228],[7.104571476363663,49.580230499685406],[7.104571477433632,49.58023050029551],[7.149333085638115,49.60573303365119],[7.159667281875933,49.60373559625353],[7.159667282444452,49.603735596143615],[7.159403298998142,49.60227555876707],[7.158963505069511,49.59999533806061],[7.158963504409704,49.599995334639544],[7.4002824009059545,49.57222792831916],[7.451334557971498,49.604624889823185],[7.581378872866977,49.66117847598412],[7.595069292737536,49.66062702697265],[7.614936709858715,49.659955857799055],[7.802898673350665,49.703211159618704],[7.805471091889122,49.70217821993862],[7.806425567126736,49.70187149880978],[7.916250163724023,49.677618522404366],[7.916250166342969,49.677618550610184],[7.916250167608119,49.67761856423574],[7.916250168762252,49.67761857666561],[7.935445751497617,49.88356457866027],[7.934158637362205,49.884190202453006],[7.932189804341718,49.88473778532953],[7.92421829334313,49.88270250449162],[7.889999799055335,49.864155005210506],[7.887711843860578,49.864959770049055],[7.885970956458482,49.86590881813233],[7.907038712754952,49.89056252979185],[7.905723311204432,49.892299188133464],[7.9045473781259625,49.89350963342764],[7.901983806475873,49.893000269319465],[7.790071159080541,49.982022014736955],[7.621621047389136,50.11146465755908],[7.58994905673561,50.11072150528831],[7.588773068264737,50.11187902348531],[7.587533833966624,50.11296794508089],[7.489049048556149,50.12062372449525],[7.489049047061515,50.12062372368807],[6.883711923690582,49.78990465576593],[6.88371189544586,49.789904640156095],[6.883711893447122,49.789904635082756],[6.912872903484349,49.68022871254002],[6.9145254441604935,49.67853339173151],[6.919097864728589,49.676638863674164],[6.919801612927942,49.676220235515736],[6.920209816172145,49.67585461565022],[6.920512112814462,49.675421098884684],[6.9206982077509664,49.674939443978744],[6.920794765111442,49.67450529701363],[6.9211276843464296,49.67279844618365],[6.921216193617541,49.67255293379268],[6.921528221324304,49.672001409966505],[6.92210484463191,49.67145616289888],[6.922713686267867,49.67093144673566],[6.923133182076398,49.67057676216382],[6.92360747865691,49.670212315539764],[6.924151287440257,49.66988134430859],[6.928410739362367,49.66753267761151],[6.928863373549389,49.66717549615579],[6.929131325849102,49.666879470506345],[6.929385059216318,49.66647268446676],[6.929552971211787,49.665970740417514],[6.929803946508943,49.66488341431583],[6.929932615320446,49.6646303661492],[6.93026389598254,49.66420283656192],[6.933068847545932,49.66167834507388],[6.933311116418162,49.66142005374281],[6.933504878256006,49.6610287994215],[6.93357641189696,49.660766063595325],[6.933590282483882,49.66053367714749],[6.933570303914152,49.66033987428338],[6.933505469096154,49.660064247859836],[6.933435968082629,49.65989344566767],[6.93323863922103,49.659566484021774],[6.932298311483824,49.65831573293892],[6.931591852937324,49.6570785476147],[6.931536106353272,49.65703913445041],[6.929619352509697,49.65718280840213],[6.898759431802553,49.64496890980991]]]},"properties":{"art":"Netzbezirk","bezeichnung":"Kirn","standort":"Kirn"}},{"type":"Feature","geometry":{"type":"Polygon","coordinates":[[[7.565089160172391,47.75549917726014],[7.570863507621743,47.75560060563654],[8.219885818224475,47.76415067140714],[8.216456390670423,47.906393482473895],[8.217717288744879,47.908168225391414],[8.21808745982906,47.90860597820848],[8.211564721123267,47.92937450900778],[8.117801919824442,48.250316893111375],[7.846313873566436,48.294960029553586],[7.817138511492416,48.31120375098585],[7.815657202887219,48.31157348060459],[7.8135559762966285,48.3120786410062],[7.685745381564583,48.30132772919999],[7.6850708859618875,48.277179960712495],[7.663570542576961,48.2233347955472],[7.64080672077371,48.20921264545152],[7.627070002359156,48.184358895243385],[7.5974378860578495,48.15739852993724],[7.594494345627521,48.13291264046989],[7.575459129517056,48.12439862758324],[7.567010008173877,48.08064122812397],[7.571883044777542,48.06411370415752],[7.573698126338432,48.05795474851504],[7.566040934805474,48.03393333004662],[7.606210934358737,48.0026908457273],[7.621915000939562,47.975210155448],[7.621915011683636,47.975210136635845],[7.579863979403416,47.93339072552059],[7.581584483023523,47.89774420985261],[7.5519142926188545,47.87596069461737],[7.560156644372919,47.84804851574397],[7.526992804096507,47.78360865751714],[7.545636094705385,47.74192418063997],[7.559771576047409,47.74649540877419],[7.56087173631601,47.74685107993695],[7.561124389277146,47.747360713592634],[7.561747451352434,47.74926864914126],[7.562699695732113,47.751389945833296],[7.563381940770243,47.75273718402268],[7.564265963813702,47.75420689286482],[7.565089160172391,47.75549917726014]]]},"properties":{"art":"Netzbezirk","bezeichnung":"Freiburg (Breisgau)","standort":"Freiburg (Breisgau)"}},{"type":"Feature","geometry":{"type":"Polygon","coordinates":[[[7.559771576047409,47.74649540877419],[7.545636094108698,47.741924177934116],[7.541417123544822,47.722785602251406],[7.517083459347479,47.710110437326705],[7.508056600923493,47.697168270310875],[7.508056552631524,47.69716820105408],[7.51909969544318,47.684502300938064],[7.519097575491467,47.68366404388905],[7.519046448308515,47.66347728370324],[7.564133041847246,47.63171543024459],[7.573258414229856,47.61567835273215],[7.589104937358737,47.605226853024185],[7.589644691653732,47.59784996389085],[7.583679617801434,47.586184061132116],[7.610643029065382,47.548930189268866],[7.631051960167982,47.5518441893193],[7.679327338892367,47.52852866459052],[7.788035269494441,47.55159009931204],[7.823367054915474,47.57859268352685],[7.90071914361195,47.58187569348358],[7.913245542131051,47.54071895683515],[8.091280089951061,47.55496168172071],[8.099817980519985,47.5633481925772],[8.104385134787194,47.578056018593045],[8.113994771995703,47.58370944726661],[8.138332816488669,47.58329338825672],[8.138332807741667,47.583293460625846],[8.137626391843979,47.589137371705746],[8.137626445041601,47.58913739766314],[8.151628162811388,47.595967690745745],[8.163585980477759,47.59378556040882],[8.186215393143069,47.60539425603999],[8.20093334907541,47.618623783711044],[8.216828938724742,47.61663962995223],[8.227818662187863,47.602615774648484],[8.256862267874162,47.613067997873785],[8.26824436460121,47.60777607701795],[8.280803790885612,47.61002526545022],[8.294933255508559,47.60605616009915],[8.29375598760467,47.590044247122115],[8.330060801929209,47.569261328357065],[8.381573840088821,47.56323704013009],[8.40188462455761,47.57164502929888],[8.401884648881138,47.57164509103901],[8.435674116467112,47.657270853157264],[8.438341346152084,47.664017706892466],[8.436517821669634,47.66501127111991],[8.435294565121614,47.66584494537186],[8.450652654000233,47.68776540576781],[8.500883002025423,47.768451750466895],[8.500883003876645,47.768451753646566],[8.48368806344116,47.77206393016641],[8.482534450220076,47.77243288621955],[8.480478444706076,47.7733021105648],[8.219885818225348,47.76415067137076],[7.603492207001979,47.75601743217952],[7.570863506641422,47.75560060338664],[7.565089160172391,47.75549917726014],[7.564265962833182,47.75420689274432],[7.5633819397898,47.752737183901466],[7.5626996947514336,47.751389945714315],[7.561747450371185,47.74926864902052],[7.561124388295425,47.74736071347173],[7.560871735333757,47.746851079814974],[7.559771576047409,47.74649540877419]]]},"properties":{"art":"Netzbezirk","bezeichnung":"Basel","standort":"Basel"}},{"type":"Feature","geometry":{"type":"Polygon","coordinates":[[[8.247422684132058,48.318526463560055],[8.375570359428508,48.31269638343384],[8.37607113624431,48.312162824385396],[8.377775648097169,48.310746610783006],[8.38029035987554,48.306149279327705],[8.424933763372485,48.23127932188724],[8.610324272847155,48.207033240250375],[8.61374017408094,48.20719906041227],[8.684711327855679,48.2040949931764],[8.71381439078213,48.38684801116432],[8.69743344361782,48.44284200304916],[8.696799073255686,48.44367799166392],[8.699737568614658,48.44753302787036],[8.699737568767114,48.447533027854305],[8.704617817318839,48.4470196688072],[8.71037211195889,48.445113059900486],[8.721237693303987,48.45003453476284],[8.733350037135386,48.45133226868818],[8.870263460105976,48.48796032715542],[8.878249196244365,48.56767533810706],[8.879134749517394,48.57649971577954],[8.879134748246505,48.576499715394384],[8.863333209029815,48.57171070574043],[8.853544586693877,48.586098267307996],[8.850735504486767,48.58920779478537],[8.84937547124907,48.5894878463699],[8.811231213498539,48.689570161671654],[8.731470773582215,48.683711160317365],[8.728716658073434,48.68394669080812],[8.457114118138675,48.7044365867433],[8.364503048875061,48.61806060161828],[8.363439929986715,48.617541359874096],[8.361467129576308,48.6164781628941],[8.336498015541771,48.50264876937982],[8.247422684132058,48.318526463560055]]]},"properties":{"art":"Netzbezirk","bezeichnung":"Horb","standort":"Horb"}},{"type":"Feature","geometry":{"type":"Polygon","coordinates":[[[8.424933763372485,48.23127932188724],[8.380290360777922,48.3061492834758],[8.377775648998487,48.31074661492764],[8.376071137144582,48.31216282853292],[8.37557036032916,48.31269638758035],[8.247422684132058,48.318526463560055],[8.336498016392596,48.50264877344395],[8.361467130404916,48.61647816690041],[8.35248407837501,48.62066895403591],[8.152046393050357,48.74374233259284],[8.150341742965104,48.74411874393223],[8.133286589234757,48.75074812265276],[8.04567621339237,48.784734813877854],[8.032959736523209,48.78965850955554],[8.02653294217762,48.785197854935866],[8.026532917893297,48.785197838039416],[8.019615673260883,48.76696330598696],[8.019615653290316,48.76696325466463],[8.009607472742008,48.76127163083965],[7.996851874503677,48.76088347372919],[7.9823301011542815,48.7629531431039],[7.970154081644188,48.75939159756136],[7.970154071308814,48.75939159428175],[7.96408000289158,48.744581014714626],[7.965208572104106,48.72778805608811],[7.95563279901769,48.71745944978963],[7.924783549582032,48.69256579217044],[7.922452317327121,48.69096069269929],[7.888675647132236,48.6676881173554],[7.84628800651032,48.65005891512317],[7.832158843567719,48.63994533227144],[7.8227395238043504,48.61919330602383],[7.804685575853231,48.601547233486365],[7.795658708318123,48.58597218607405],[7.80076140090948,48.53194142121466],[7.7992805987777984,48.510425950252895],[7.7749318229750655,48.49526608073385],[7.7667049755951565,48.490140760038905],[7.766704941903337,48.49014073897945],[7.7643503521985355,48.45839662459441],[7.734129885558193,48.40865889884717],[7.72960278236378,48.38469351007173],[7.7431575619454085,48.33356976733653],[7.736996733611963,48.32174591618737],[7.736996698683265,48.321745849776924],[7.70837941879124,48.31388570082385],[7.707834518589873,48.31373594391552],[7.685745382104045,48.301327748511085],[7.685745381617911,48.30132773110898],[7.813555976301962,48.31207864174968],[7.815657202888253,48.31157348134788],[7.817138511497391,48.31120375172933],[7.846313874456062,48.29496003067811],[8.117801918823327,48.25031689726586],[8.211125658964907,48.2527902198027],[8.213734371156315,48.25298702755625],[8.214762074008819,48.25308222878361],[8.424933763372485,48.23127932188724]]]},"properties":{"art":"Netzbezirk","bezeichnung":"Offenburg","standort":"Offenburg"}},{"type":"Feature","geometry":{"type":"Polygon","coordinates":[[[8.49568752932132,47.580146226115744],[8.49568749348931,47.580146274556476],[8.489027725208839,47.58914775477202],[8.469587292182402,47.58594235819424],[8.461345117806413,47.59957362789166],[8.46134519148929,47.59957365610783],[8.508296239960018,47.61753738521605],[8.522988448878758,47.63008301373465],[8.559292972094292,47.618444158284525],[8.568099289780958,47.61373161243773],[8.56005368022896,47.5986482474102],[8.569865703017662,47.59322260188497],[8.583823228418149,47.594761197988255],[8.596186257102755,47.600980851120795],[8.632882496057375,47.65004989235963],[8.632882494032911,47.65004989426295],[8.608548475731443,47.67291499104987],[8.608548562433077,47.672915023806844],[8.655449666200184,47.69061925666713],[8.669382802172565,47.68308938024445],[8.691950374099568,47.69114793037698],[8.711770687388757,47.68837402611309],[8.7543548575056,47.68929904969469],[8.79713547964403,47.67159518404482],[8.812095477962517,47.69705662145032],[8.80766106896021,47.69898295426389],[8.775594654293657,47.71290349913734],[8.79992826446007,47.72531385237267],[8.824608752270592,47.708582461183276],[8.848596168945086,47.70075501079331],[8.848557073348152,47.70033931883309],[8.846633947923417,47.67988376442652],[8.887210050016364,47.643838268403876],[9.038118770695402,47.67873242496876],[9.173917734856074,47.644104952007545],[9.2755703119233,47.645956726199636],[9.309154473761152,47.75666834318449],[9.310728812275043,47.75742528265093],[9.312291180063852,47.75812440053226],[9.312291180071584,47.758124400535706],[9.312291177353723,47.75812440871309],[9.222567995364287,47.92155826393131],[9.221918777331737,47.92267188456925],[9.221918777328916,47.9226718845741],[9.221918779398846,47.92267189027931],[9.325723452680386,48.050027547858136],[9.325723452684006,48.050027547862534],[9.32572345024218,48.05002755403632],[9.324646099674396,48.05137047228886],[9.3246460996801,48.051370481432315],[9.324647233310527,48.05250077102448],[9.324647233307026,48.05250077470922],[9.324647233297464,48.05250077470776],[8.901210038371078,47.98695404566678],[8.783124207274337,47.945604545725864],[8.771514772529954,47.93248393900498],[8.770139367201978,47.93183807677438],[8.770139367201962,47.931838076774234],[8.770118010280449,47.93168345319452],[8.771108192019637,47.93091788743466],[8.771672475075908,47.93038172894755],[8.771844169409736,47.93005896346356],[8.500883003876645,47.768451753646566],[8.500883001909104,47.768451750491344],[8.450652653999898,47.6877654059793],[8.435294565121614,47.66584494537186],[8.436517821668948,47.66501127133229],[8.438341346152084,47.664017706892466],[8.435674116467112,47.657270853157264],[8.401884650163096,47.57164509156949],[8.40188462555083,47.571645029096445],[8.435637937304481,47.56476020178554],[8.49568752932132,47.580146226115744]]]},"properties":{"art":"Netzbezirk","bezeichnung":"Singen","standort":"Singen"}},{"type":"Feature","geometry":{"type":"Polygon","coordinates":[[[8.734938933192977,47.93699535763804],[8.739778178319234,47.93763628487979],[8.746770661324371,47.93445127971975],[8.753892753710852,47.929769400738785],[8.763051978327274,47.93210138846497],[8.76415357419448,47.93369631247798],[8.76725700906414,47.932948730594255],[8.770139367201962,47.931838076774234],[8.770139367691936,47.93183807658561],[8.771514772531235,47.932483935281766],[8.783124207276344,47.945604542007864],[8.901210038371811,47.98695404196209],[9.324647233293769,48.0525007710219],[9.32464723330353,48.052500771023404],[9.324647233310527,48.05250077102448],[9.324647233313845,48.052500771024995],[9.324647959083178,48.05327492248206],[9.325201419699736,48.05439475470915],[9.325201419696324,48.054394754722026],[9.325201417582035,48.05439476271652],[9.309217847756674,48.11476007503801],[9.130576681211819,48.149339694192],[9.111661066607564,48.14116785608671],[9.110876491144985,48.139915099165364],[9.109977631561701,48.13901426764554],[9.096329197487462,48.13348846674014],[8.984443499253201,48.15704209708853],[8.915245397604277,48.171544043406335],[8.848552996351046,48.17193994631307],[8.75702092225468,48.20111961792279],[8.755239597391597,48.20107305138101],[8.753480743883067,48.20100153650332],[8.684711325872623,48.20409498059602],[8.61374017408094,48.20719906041227],[8.610324272847155,48.207033240250375],[8.42493376608316,48.23127931732951],[8.579295990508351,48.071085917845586],[8.580883711864411,48.07075944937536],[8.58269655202822,48.070324664911595],[8.734938933192977,47.93699535763804]]]},"properties":{"art":"Netzbezirk","bezeichnung":"Tuttlingen","standort":"Tuttlingen"}},{"type":"Feature","geometry":{"type":"Polygon","coordinates":[[[8.21808745982906,47.90860597820848],[8.21771728775334,47.90816822182445],[8.216456390670423,47.906393482473895],[8.219885818224475,47.76415067140714],[8.219885818225348,47.76415067137076],[8.480478444708226,47.773302106997775],[8.482534450222792,47.772432882652126],[8.483688063444129,47.77206392660159],[8.500883001909104,47.768451750491344],[8.500883002025423,47.768451750466895],[8.771844169409736,47.93005896346356],[8.771672475076738,47.93038172522156],[8.771108192020485,47.93091788370817],[8.770118010280449,47.93168345319452],[8.770139367691936,47.93183807658561],[8.770139367201978,47.93183807677438],[8.76725700906414,47.932948730594255],[8.76415357419448,47.93369631247798],[8.76305197832786,47.932101388464964],[8.753892753710852,47.929769400738785],[8.746770661324382,47.93445127972006],[8.739778178319234,47.93763628487979],[8.734938933192977,47.93699535763804],[8.582696552028416,48.07032466491235],[8.580883711865576,48.07075944937534],[8.579295990508756,48.07108591784638],[8.42493376608316,48.23127931732951],[8.214762073090684,48.253082224591196],[8.213734370244266,48.25298702336495],[8.211125658046766,48.252790215612784],[8.117801919824442,48.250316893111375],[8.211564720137186,47.92937450544418],[8.21808745982906,47.90860597820848]]]},"properties":{"art":"Netzbezirk","bezeichnung":"Villingen (Schwarzwald)","standort":"Villingen (Schwarzwald)"}},{"type":"Feature","geometry":{"type":"Polygon","coordinates":[[[8.230282517626248,48.966642308937494],[8.230282533170406,48.966642294493],[8.197657619093464,48.95946004170221],[8.179945075716494,48.939871028642266],[8.139075445880412,48.89940141342517],[8.111258888066612,48.8551006969075],[8.107002806089842,48.844243046566135],[8.101643495261749,48.818158859201574],[8.101643489913052,48.81815883315578],[8.083982059628337,48.80097023271187],[8.06141454674085,48.79062832395704],[8.046254983526426,48.791630189400394],[8.032959785428533,48.78965851681126],[8.032959736523209,48.78965850955554],[8.032959734758053,48.78965850929369],[8.133286589234757,48.75074812265276],[8.150341742181945,48.74411874452315],[8.15204639226663,48.743742333183725],[8.352484077551512,48.620668954643776],[8.361467129576367,48.61647816750919],[8.363439929986745,48.61754136448913],[8.364503048874743,48.618060606233115],[8.457114121113914,48.704436598637],[8.457114125340722,48.70443660902688],[8.560163624771864,48.95643633089408],[8.561859130805228,48.95717616768525],[8.700248846244605,49.030611541778896],[8.702071650475524,49.03082698317901],[8.703727533651499,49.03086457295044],[8.720009470172382,49.022983558999144],[8.775162344717813,49.06053722940576],[8.81970811481511,49.087102908299094],[8.824125204642277,49.109094916561084],[8.824125204914687,49.109094917916764],[8.823602271529086,49.10981324206328],[8.823602271470047,49.10981324214441],[8.82360227140555,49.109813242233],[8.616280604496524,49.158423131182204],[8.616029423640224,49.15825610106357],[8.61560942801832,49.15778097405594],[8.539938876196285,49.177993908432796],[8.539938875803607,49.17799390853754],[8.538452889083695,49.17695984507707],[8.536824886443192,49.17602922264999],[8.51498750517751,49.177565055817205],[8.500972331627617,49.20678392212998],[8.499652179051436,49.210818608983104],[8.499120091328543,49.21085556927806],[8.497935926976758,49.210983135216416],[8.446052604699863,49.250175068100674],[8.399066451341065,49.22616470225613],[8.39861972019686,49.22358395808216],[8.390251565503128,49.21456963373134],[8.357305620791776,49.17440780677094],[8.294832489570839,49.17070271173007],[8.29325540814587,49.17059028774115],[8.222510983610007,49.146233057600746],[8.217332151451808,49.07426485008883],[8.216117135489917,49.073325451805815],[8.214698484146458,49.07238676550189],[8.029038208594754,49.0149631507581],[8.029038129509797,49.014963126209445],[8.051949147520048,49.01049025806257],[8.073928090808321,48.99117827691117],[8.152473425676222,48.97517653851933],[8.194174406923612,48.97652906703085],[8.19623494177244,48.97248761791285],[8.195253757310988,48.96934761719086],[8.198945396424849,48.96659257242443],[8.22130455882326,48.97498340863985],[8.230282517626248,48.966642308937494]]]},"properties":{"art":"Netzbezirk","bezeichnung":"Karlsruhe","standort":"Karlsruhe"}},{"type":"Feature","geometry":{"type":"Polygon","coordinates":[[[8.539938875803607,49.17799390853754],[8.539938875632,49.17799390804014],[8.615609429378317,49.157780971255434],[8.616029425001056,49.15825609826346],[8.616280605859492,49.15842312838104],[8.823602270968134,49.10981324163318],[8.823602271078311,49.10981324160723],[8.823602271529086,49.10981324206328],[8.823602287907478,49.10981326452252],[8.912514097478077,49.23140260154494],[8.912514098027156,49.23140260229377],[8.918298631869344,49.230399610822516],[8.918298632525678,49.23039961070871],[8.918298633029021,49.23039963881477],[8.918292010965638,49.231647963733096],[8.918350448618868,49.2330701159961],[8.918350448627647,49.23307011620964],[8.918350460955436,49.233070126328556],[9.003529256387473,49.30141576309892],[9.003529257050056,49.301415763629564],[9.003529254751971,49.30141577704553],[8.992607094701825,49.348904068670365],[8.991625544659826,49.350415621027295],[8.964597957977041,49.40088226515689],[8.96459795792377,49.40088226525621],[8.964597974857872,49.40088228050532],[9.006261254350767,49.438003029457235],[9.008119876306068,49.438076945090735],[9.010666860033727,49.438094805181834],[9.010666860222836,49.438094805183155],[9.026002366022892,49.46390342611203],[9.02600236631901,49.4639034266101],[9.02600236386754,49.46390342736739],[8.983253706829187,49.4679467772647],[8.981288122970414,49.468619051909606],[8.675949640959896,49.55202666414046],[8.668359311835387,49.55609269019152],[8.667232433326117,49.55710838873604],[8.645435091810892,49.61807080265133],[8.643565544996822,49.62134812061879],[8.642159960677606,49.62119381882218],[8.63997875376937,49.62083364950262],[8.564529687503178,49.59914030294451],[8.565976814229284,49.59314914559458],[8.571364451629503,49.50503685006877],[8.557392350006724,49.474732470620786],[8.559676334341544,49.44482034726226],[8.558459339928026,49.44340192568854],[8.555053055244686,49.4445161414864],[8.554565442736104,49.444550829421566],[8.554321630103717,49.444568171523905],[8.554318112300749,49.444559609098974],[8.554311063563905,49.44454245227888],[8.56416237367676,49.44102100878303],[8.5697052349732,49.43884406716079],[8.570822692391847,49.43817900762586],[8.572348820185496,49.436984114306924],[8.610803773064859,49.38252596905017],[8.539938875803607,49.17799390853754]]]},"properties":{"art":"Netzbezirk","bezeichnung":"Heidelberg","standort":"Heidelberg"}},{"type":"Feature","geometry":{"type":"Polygon","coordinates":[[[7.866407022979456,49.03023470897661],[7.8897077278787044,49.044299420060526],[7.917966244284947,49.0388970480786],[7.939945122094137,49.04841546713642],[7.974875560327644,49.0229421401812],[8.029038114206232,49.01496312919488],[8.02903819329119,49.01496315374353],[8.214698492617503,49.07238677738997],[8.216117143958098,49.07332546369132],[8.217332151451808,49.07426485008883],[8.222510983610007,49.146233057600746],[8.293255416295402,49.1705902992001],[8.294832497719517,49.17070272318593],[8.357305628926165,49.17440781811687],[8.390251573497807,49.21456964489494],[8.39861972019686,49.22358395808216],[8.399066451341065,49.22616470225613],[8.446052612564689,49.250175079056014],[8.49015499609385,49.275796194952285],[8.483789582690749,49.360984754288715],[8.403738225715374,49.43714414457369],[8.401882965155833,49.43801021217298],[8.401823827742414,49.43803148522062],[8.261429809528865,49.51196543691473],[8.261480612893582,49.513187970119496],[8.26853427505194,49.607001227915255],[8.267814493919113,49.60964858188776],[8.290704180793668,49.63370733090995],[8.290972199749334,49.63607849457835],[8.234444610138107,49.658495177223834],[8.226921607584487,49.67494587290925],[8.236006054879253,49.705600685169294],[8.239471233914852,49.74002054543074],[8.2394712344409,49.740020550652424],[8.156004208676682,49.705804543621106],[8.152264277514961,49.70316546080599],[8.048795441861644,49.667611094771225],[8.019866525154596,49.65764468387219],[8.019866523872686,49.65764468343031],[8.01986652088225,49.65764468239949],[8.019866520454984,49.657644682252204],[8.019866520025445,49.65764468210412],[8.018677525648922,49.651606955976895],[8.018677523284596,49.65160694396929],[8.01867752066898,49.65160693068548],[8.018677515569205,49.65160690478544],[8.01867751443282,49.651606899014126],[8.018677506529707,49.651606886798504],[7.977279026461637,49.58930027266665],[7.9772790203443,49.58930026123931],[7.978064678382396,49.586949920941635],[7.990563499054794,49.570157532865274],[7.978214042151398,49.51937827304318],[7.983331654158854,49.51612048572583],[7.991325416321466,49.51129080289418],[7.991325417622351,49.5112908021081],[7.991325411648155,49.51129078883623],[7.932162776513181,49.439534969895504],[7.931296472468738,49.43853159643475],[7.931296467322632,49.438531585852864],[7.855980892937383,49.20195962524692],[7.856566367749929,49.20080332208383],[7.8572716237481925,49.19961494585764],[7.866407022979456,49.03023470897661]]]},"properties":{"art":"Netzbezirk","bezeichnung":"Neustadt (Weinstraße)","standort":"Neustadt (Weinstraße)"}},{"type":"Feature","geometry":{"type":"Polygon","coordinates":[[[6.577794565362602,49.33855123414159],[6.5777945779958165,49.33855122689676],[6.576421019818197,49.33728861914028],[6.576420990107344,49.337288591828546],[6.578285162070865,49.3344915070104],[6.5816210362124785,49.33401199689094],[6.585790865477459,49.33669723322473],[6.587999452336012,49.33445997662201],[6.588734289437715,49.334971031262285],[6.592609797433655,49.33298901682347],[6.595307938342896,49.330079794905664],[6.5953079453565735,49.330079787342754],[6.591768776826724,49.32624535899565],[6.588781488561421,49.32210785586716],[6.588781462606863,49.32210781991588],[6.594563303505019,49.317406887843454],[6.601587354497916,49.31441174811538],[6.609192657050648,49.306540839534186],[6.6124304282112885,49.30554927700228],[6.615471942161721,49.3014213591408],[6.618072161138342,49.30244663336471],[6.623027972610781,49.30251147779203],[6.63163143735763,49.29585501627509],[6.636331941952025,49.29494739074378],[6.650402292296361,49.28710482423164],[6.653149573655538,49.280880567709026],[6.659626909272571,49.282495902955105],[6.667671861448655,49.28019171633265],[6.669388747458308,49.27998366789191],[6.669388771577962,49.27998366496897],[6.665464440965044,49.27694317323893],[6.6654644122963065,49.27694315102476],[6.667622834017034,49.27073353495343],[6.6676228416706635,49.27073351293165],[6.666690801204928,49.27020534397994],[6.65923449396189,49.260473197007336],[6.6592344670888775,49.2604731619247],[6.665599612072523,49.253465408541985],[6.67493209973132,49.25632685694601],[6.682682838659633,49.25312482607111],[6.689550798967182,49.2482572941369],[6.6895508076582875,49.24825728797684],[6.683958332217002,49.24236458022181],[6.683958302688474,49.242364549101914],[6.687785066102485,49.237559911723565],[6.687572183930461,49.23039811726843],[6.68732410558153,49.22215521587258],[6.695159630645332,49.21465168661765],[6.702259109381836,49.21659016710797],[6.706139913845985,49.21593034686639],[6.720119187733507,49.22014851241237],[6.730419680079372,49.20623821236534],[6.730419690132653,49.20623819878973],[6.727083377924693,49.2035772613559],[6.710206491031139,49.188573323348976],[6.710206459500869,49.188573295307464],[6.719628217678645,49.17446204070435],[6.726790595448396,49.17147925643542],[6.728949133083611,49.168528406610456],[6.73827001528398,49.16349231237711],[6.750975803790539,49.16612268872428],[6.76137592654485,49.16439053888354],[6.780410113713569,49.16775873449502],[6.789142607821117,49.16615513701476],[6.79300545965182,49.163291414300595],[6.8014098059718595,49.162050454901234],[6.809064383735076,49.157493988123065],[6.817797452436291,49.15665927855091],[6.834181884052073,49.15081973614759],[6.848604077526886,49.15672350703764],[6.848604065037143,49.15672353231135],[6.845464525454418,49.16307570331062],[6.845955057344779,49.167630812606625],[6.845955034651151,49.17263454599078],[6.845955058246762,49.1726345489917],[6.8600860636821235,49.17443169923978],[6.862538831281506,49.177318038480685],[6.862538832311056,49.177318051514085],[6.862879189635561,49.18162644327481],[6.851549620122089,49.19392749866697],[6.852726773631437,49.1993850896567],[6.843062122119982,49.21284083487123],[6.843062162158111,49.21284085172189],[6.86072378927181,49.22027500432378],[6.890551807054261,49.20719905592108],[6.934312587559428,49.22143031188938],[6.95959576079762,49.200857923871546],[6.974395350274551,49.209187234855364],[6.997453403857206,49.19379958471041],[7.008149227328744,49.193030195657215],[7.008320282233818,49.19265427264291],[7.010738900559711,49.18733668844252],[7.019776038635505,49.19216416783029],[7.0233573195382295,49.1887335697988],[7.034149887103886,49.19113798067943],[7.032776319282182,49.18822041143794],[7.0329270870659,49.18406394488957],[7.0330217134301805,49.181454784272866],[7.0330217136921815,49.18145477704824],[7.027850480147432,49.174787815735],[7.027478552693457,49.16913954958336],[7.029882364674659,49.165883800700215],[7.032482364215032,49.16432802059968],[7.032772954795296,49.161505126419065],[7.032825794785776,49.16099176733998],[7.031618073478394,49.158847684515415],[7.031354187075944,49.157174025039566],[7.041070308222219,49.14645557781175],[7.0463684093132555,49.136249973616685],[7.043864588096644,49.12093683663538],[7.047248153249504,49.11506052695831],[7.057749364877117,49.11101572437189],[7.068836514061147,49.11461262125093],[7.073398793368616,49.12462994066311],[7.091402690060739,49.13008729787125],[7.091402678124736,49.130087326453875],[7.083062920919687,49.15004957191438],[7.08306295824041,49.150049580815654],[7.104059261365814,49.155054977517025],[7.108964945079705,49.151076410556804],[7.108964955628034,49.15107640200106],[7.101704598049825,49.144722846305825],[7.101704568710765,49.14472282062706],[7.104157454014484,49.13753396510625],[7.122406554303583,49.14106430355737],[7.135311623387031,49.12809527862502],[7.159450151768427,49.12003789801377],[7.165483873398386,49.127454275850134],[7.185451616907132,49.128962149539305],[7.189177029393814,49.124840146404956],[7.198157567608193,49.11489978431358],[7.209392546514692,49.12276659556868],[7.242851977382694,49.12861062550295],[7.242851978248066,49.12861062610267],[7.24285200378671,49.12861066455974],[7.249410819359635,49.138485086507636],[7.330291533537224,49.259904819238045],[7.332144493396863,49.260833684574806],[7.333356306231617,49.26137341129587],[7.398978695014894,49.37069050401224],[7.397779552942063,49.37191150066728],[7.396803500328728,49.37282139762603],[7.399967414497628,49.41555790631105],[7.402360819484098,49.46323843660394],[7.448876096846607,49.46509530730832],[7.4489061975278945,49.46511164236853],[7.448039883277516,49.46551287172226],[7.447263222909557,49.46594599599848],[7.446834872816118,49.46623645513608],[7.446562431684238,49.46643692066289],[7.44628545075838,49.466706389317444],[7.445997352323961,49.46702942493887],[7.4457771653368745,49.46733649001748],[7.445747705394444,49.467329118353426],[7.444012341811547,49.46726815723031],[7.402559893792783,49.46720110308505],[7.405996388403943,49.53552662796601],[7.406804283782666,49.53904871548074],[7.400282401100883,49.57222792732822],[7.4002824009059545,49.57222792831916],[7.158963504409704,49.599995334639544],[7.158963503000709,49.599995338296374],[7.159403298947498,49.60227556947014],[7.159667282444452,49.603735596143615],[7.159667283744007,49.603735606585026],[7.149333085607552,49.605733044350174],[7.104571476374224,49.58023051045788],[7.104571475304248,49.580230509847816],[7.104571471650949,49.580230507764675],[7.104571446358106,49.58023049334256],[7.104571447062083,49.5802304829775],[7.104846331193383,49.57759349142457],[7.105097201664028,49.57559955013792],[7.105097203302771,49.57559953711244],[7.105097205063499,49.575599523117376],[7.1050972085922375,49.57559949506934],[7.105097207736298,49.57559949153947],[7.088560984307498,49.57510216583254],[6.99503480756777,49.53401007459966],[6.9776192052213135,49.526341758172876],[6.9775932140481425,49.526330310500136],[6.905240353373749,49.51758290674339],[6.899244092042623,49.526498759758006],[6.8891440027991875,49.5833125282689],[6.8819162269144565,49.62387137712549],[6.879513008997371,49.63734427198986],[6.879513008518401,49.63734427467425],[6.879513008479614,49.63734427489164],[6.6097542811248085,49.5284660009708],[6.60844430318449,49.527934574461504],[6.6070550293636385,49.52736477859463],[6.4489083356295716,49.46230907682669],[6.448908222662374,49.46230903021747],[6.448908234685568,49.46230902942768],[6.448908245026345,49.46230903036669],[6.464073361765537,49.46368617098412],[6.474769196423735,49.458201250550594],[6.4837970134478,49.45131220261654],[6.498513536777593,49.44863318857789],[6.526377476254001,49.4342448071591],[6.533689283013885,49.43472400737512],[6.551058479028005,49.42432422611401],[6.551892425023742,49.42106940269848],[6.551892430648622,49.42106938074348],[6.536138161117643,49.411314287970356],[6.536138131497988,49.41131426962324],[6.540558402307758,49.40057511590891],[6.544188728044661,49.40121362393438],[6.548309537664157,49.3994577683613],[6.5510567352480935,49.39958547311698],[6.551890734530514,49.39390245256134],[6.559004019546371,49.391571594337975],[6.563224168724617,49.3872262734099],[6.575390559742165,49.3888223828668],[6.57911892106687,49.38473489116736],[6.585790690066243,49.38422393895435],[6.582847328754221,49.368062044906196],[6.594522885476472,49.371192664452494],[6.598300278314087,49.36911629340131],[6.599673877125264,49.36489936448048],[6.599673877865103,49.36489936220895],[6.5974172646730525,49.36122520503783],[6.591383280363275,49.358221774499086],[6.588538014746268,49.34997744589663],[6.581530638189842,49.35632510068766],[6.577500166145382,49.357390983989674],[6.575161027376575,49.3592532890323],[6.563419863643313,49.35630941619909],[6.563419834021637,49.35630940877009],[6.565873728933753,49.34650984634836],[6.571359338214969,49.3430210344216],[6.575685122076949,49.34145995092486],[6.576018592608506,49.33956967401996],[6.577794565362602,49.33855123414159]]]},"properties":{"art":"Netzbezirk","bezeichnung":"Saarbrücken","standort":"Saarbrücken"}},{"type":"Feature","geometry":{"type":"Polygon","coordinates":[[[7.363736417325046,49.14260343266321],[7.363736429788127,49.14260347091936],[7.370572327800417,49.16360315891927],[7.37359639266258,49.172892015099684],[7.433253437426616,49.18161536523228],[7.434038385107876,49.164166931799414],[7.455987301871194,49.16011751777731],[7.486238321830539,49.166733198315335],[7.487415720367789,49.139009727511514],[7.5239164229475435,49.09482512358784],[7.570491892634147,49.076438303417426],[7.598487130538034,49.080430879470306],[7.626746314758073,49.0696334464543],[7.628707458493755,49.054202957266185],[7.677375532472859,49.04339913063629],[7.704457022512474,49.05111635427116],[7.7283983042875475,49.0513735645368],[7.730755791173835,49.04306253177954],[7.759011758908259,49.04288439035088],[7.772403464659084,49.046517132043995],[7.796689887098148,49.06243290354175],[7.866407016512315,49.03023466145625],[7.866407013732116,49.03023471325354],[7.857271615744565,49.19961493188354],[7.856566359749937,49.200803308111034],[7.855980890385577,49.201959628461594],[7.931296467322632,49.438531585852864],[7.931296470120194,49.43853158909311],[7.9321627692698,49.4395349568847],[7.991325411648155,49.51129078883623],[7.991325408321639,49.51129079084637],[7.991325407020751,49.511290791632476],[7.983331647168791,49.51612047308372],[7.978214038766768,49.519378275197546],[7.99056349509709,49.57015751660803],[7.978064672402256,49.58694990629444],[7.9772790195731025,49.58930026007702],[7.9772790203443,49.58930026123931],[7.977279026946735,49.58930027119004],[8.018677506529707,49.651606886798504],[8.018677504025515,49.65160688743591],[8.018677501376096,49.65160688811027],[7.916250158650535,49.677618505640666],[7.806425563380373,49.70187149575691],[7.8054710881355565,49.70217821688935],[7.802898669624535,49.703211156575016],[7.614936706024008,49.65995585450223],[7.595069288909486,49.6606270236613],[7.581378869035313,49.661178472659415],[7.451334554046192,49.60462488628378],[7.400282401100883,49.57222792732822],[7.40680427978943,49.53904870100571],[7.405996384404218,49.53552661347971],[7.402559889674612,49.46720108841177],[7.444012337683075,49.467268142584295],[7.445747701267738,49.467329103712444],[7.445777161208395,49.4673364753758],[7.445997348194905,49.46702941029291],[7.446285446628749,49.46670637467275],[7.446562427554503,49.46643690602051],[7.446834868685435,49.466236440493404],[7.447263218778075,49.46594598135359],[7.448039879144578,49.46551285707695],[7.4489061975278945,49.46511164236853],[7.448876092712477,49.46509529266674],[7.402360819484098,49.46323843660394],[7.399967410288767,49.41555789148533],[7.396803496045126,49.372821382679305],[7.397779548656873,49.37191148571705],[7.398978695014894,49.37069050401224],[7.333356301774861,49.26137339599465],[7.332144488938168,49.260833669274476],[7.330291529078703,49.259904803933026],[7.249410819359635,49.138485086507636],[7.242852003395647,49.12861066467425],[7.242851977822371,49.12861062616505],[7.242851977382694,49.12861062550295],[7.266301369372337,49.12174050389291],[7.281312909345807,49.121419344861515],[7.281903238139171,49.11660239074478],[7.295051954994407,49.114578677895715],[7.315510755112177,49.134901380292455],[7.335133312000921,49.1431179724594],[7.363736417325046,49.14260343266321]]]},"properties":{"art":"Netzbezirk","bezeichnung":"Kaiserslautern","standort":"Kaiserslautern"}},{"type":"Feature","geometry":{"type":"Polygon","coordinates":[[[8.8112312194376,48.689570167129645],[8.849375475145841,48.58948785780807],[8.850735509813132,48.58920780112444],[8.853544592578855,48.586098273535406],[8.863333210541544,48.571710718449026],[8.87913474870494,48.576499719961774],[8.879134754615093,48.576499721752384],[8.880256971373528,48.57781455425288],[8.880275651316406,48.577815912222725],[8.881129326698494,48.578662532612874],[9.11454356253241,48.59452994163807],[9.228201113308982,48.67584155356664],[9.22350903573556,48.69249790342979],[9.223509035734741,48.69249790343271],[9.223040194487721,48.69416162202363],[9.196153954494385,48.76161661277724],[9.211876737766879,48.775655524389755],[9.23652168668725,48.77691524217915],[9.241562557413362,48.777987481014584],[9.24758617658228,48.7776163276907],[9.250285949191923,48.776916743611544],[9.253225562386435,48.775897316656604],[9.257648018190723,48.77423600698485],[9.25965014669243,48.77272704655915],[9.264328749042024,48.7664922274892],[9.26397131181017,48.767426061777805],[9.260153099529422,48.77273067475151],[9.25788111548285,48.77440739239479],[9.253600240703507,48.77651658308073],[9.251247388301813,48.77784785810254],[9.247882436652711,48.77859417346558],[9.244146928889172,48.77837497229141],[9.241327841004589,48.77811518977695],[9.232951083983584,48.77917876448753],[9.21499446227365,48.778814349390174],[9.229840011969282,48.793680312364785],[9.230654602518715,48.79480766483901],[9.231251549931592,48.79541706808908],[9.233610186282723,48.79504395183097],[9.236831675165572,48.79416670194909],[9.237306649536196,48.794124295214345],[9.233504131072532,48.79521914134371],[9.231218801390863,48.79573365762266],[9.227468749669455,48.79870979420246],[9.229296374482475,48.79779571029921],[9.233426817681023,48.797872581063665],[9.234263110840477,48.79806670293183],[9.234240893912075,48.79813602369521],[9.234235300411353,48.79820219860712],[9.232851091699974,48.79978919712461],[9.188551409495114,48.82605546620951],[9.201854777996367,48.83391040802248],[9.203270888038977,48.8346832927095],[9.311674245367124,48.944526730654694],[9.31229157781088,48.94537331423461],[9.313114987724104,48.946880338161606],[9.297341834559857,48.957982724587715],[9.297341834555207,48.95798272459099],[9.275238509973095,48.967276067970346],[9.231247150946661,48.969015157314736],[9.1465214311297,48.959148630426824],[9.144677985005321,48.95920083808191],[9.142746138533637,48.95935594524069],[9.049972677249364,48.9828447032919],[9.049972671572307,48.98284469925714],[9.018988156011881,48.96080971977449],[9.020395601774498,48.95985415359081],[9.021784365708443,48.95885694343936],[9.05559624892185,48.91258630804227],[9.144971943052052,48.87019044076648],[9.144192857352603,48.869013523002515],[9.143157883398308,48.867991732170466],[9.155803235839036,48.8417371854627],[9.13835415904434,48.83408024124918],[9.12081515227504,48.82637880364424],[9.118847316723194,48.82584581691355],[9.114892823389917,48.82477460944451],[9.065188551449214,48.826020576736965],[8.925535191213465,48.814781216223146],[8.857500836611964,48.75780965633848],[8.865553744017369,48.75369153783749],[8.868849818071983,48.752367126107664],[8.871207226749453,48.75051775371182],[8.927215345933458,48.712552239364],[8.8112312194376,48.689570167129645]]]},"properties":{"art":"Netzbezirk","bezeichnung":"Stuttgart","standort":"Stuttgart"}},{"type":"Feature","geometry":{"type":"Polygon","coordinates":[[[9.049972671572307,48.98284469925714],[9.049972671798722,48.98284469915419],[9.142746133460435,48.95935593987176],[9.144677979935823,48.95920083271364],[9.146521426056765,48.95914862505998],[9.231247145925874,48.96901515205095],[9.275238504963504,48.96727606274902],[9.297341825713168,48.95798272206262],[9.297341834559857,48.957982724587715],[9.629183118594897,49.05221538636667],[9.629183118632968,49.052215386377405],[9.629183119305802,49.0522153869567],[9.712080616256408,49.12604562723903],[9.714688689546389,49.12787127408569],[9.757770271489717,49.396444871402046],[9.757770271391115,49.39644487142172],[9.608596276671303,49.42262780387643],[9.590312399870603,49.50235885667657],[9.590312399877861,49.50235885667761],[9.59031240249379,49.502358857058276],[9.590312435645803,49.50235886188242],[9.590630461469527,49.50240513940579],[9.590631172500041,49.50240524287033],[9.593988857802756,49.502893777605735],[9.596768481883045,49.50329812465708],[9.598233257600176,49.503516103401985],[9.598863937041541,49.50361920718948],[9.599626316690332,49.50374383621307],[9.59962642278464,49.503743853556315],[9.599697677445763,49.50375550152981],[9.61967803964062,49.51002732925284],[9.619678039638972,49.51002732925481],[9.61967803323575,49.51002733678729],[9.619678003003134,49.51002737235164],[9.542231635042336,49.60093782715078],[9.483966290063632,49.75931681240801],[9.483966290052628,49.75931681240244],[9.272588012285228,49.635166119797006],[9.144619675150905,49.54442723256906],[9.144619675150736,49.544427232569056],[9.050843631717006,49.47762784777514],[9.026002366022892,49.46390342611203],[9.026002365747464,49.46390342595978],[9.010666860033727,49.438094805181834],[9.010666859643097,49.43809480452406],[9.008119875146326,49.43807694377172],[9.006261253190793,49.43800302813765],[8.964597974964406,49.40088228030665],[8.964597957977041,49.40088226515689],[8.964597957329762,49.400882264579636],[8.991625543442105,49.350415619653276],[8.992607093483214,49.348904067295734],[9.003529253426796,49.30141577598418],[9.003529256387473,49.30141576309892],[9.003529256426152,49.30141576293055],[8.91835046093778,49.233070125898806],[8.918350448618868,49.2330701159961],[8.91835044797948,49.23307011548213],[8.918292009666011,49.231647962272646],[8.918298631719656,49.230399639041856],[8.918298631869344,49.230399610822516],[8.918298631873823,49.2303996099788],[8.912514097478077,49.23140260154494],[8.912514097377782,49.2314026015623],[8.823602287783935,49.109813264692214],[8.82360227140555,49.109813242233],[8.823602270968134,49.10981324163318],[8.824125204642277,49.109094916561084],[8.81970811582255,49.087102908899354],[8.819708111864589,49.08710288918454],[8.819708111445639,49.08710288709775],[9.049972671572307,48.98284469925714]]]},"properties":{"art":"Netzbezirk","bezeichnung":"Heilbronn","standort":"Heilbronn"}},{"type":"Feature","geometry":{"type":"Polygon","coordinates":[[[8.753480743883067,48.20100153650332],[8.755239597391597,48.20107305138101],[8.757020922257919,48.20111961792389],[8.848552996351046,48.17193994631307],[8.915245397604277,48.171544043406335],[8.984443499253201,48.15704209708853],[9.096329197487462,48.13348846674014],[9.10997763155714,48.13901426764368],[9.110876491143227,48.13991509916618],[9.111661066608924,48.14116785608887],[9.130576680883859,48.14933969456827],[9.130576673209156,48.14933970346779],[9.116892981061516,48.1652014305908],[9.297674486294056,48.382203071295116],[9.292612868919791,48.392817833122486],[9.289830569020841,48.402660593883994],[9.289830569903085,48.40266059421889],[9.478099942729637,48.47387660840053],[9.47809994261109,48.47387660883955],[9.478099942602576,48.47387660887108],[9.4635685429058,48.52763435424663],[9.437921407133542,48.55202737803892],[9.383450016938331,48.59750301530385],[9.377415767666852,48.655159662106165],[9.369765501954216,48.663618636947824],[9.368263567293054,48.66463234952836],[9.36785036734583,48.66486122397143],[9.36790719649543,48.664106225586984],[9.366807040311814,48.661278209938025],[9.36567628083105,48.65877137963092],[9.365518058871311,48.65821725333546],[9.365523957348007,48.657528193053075],[9.365632390747303,48.65620980741894],[9.365640477018482,48.655752985159445],[9.365625314208033,48.65529291765534],[9.365582856744243,48.654836858876514],[9.365477500242646,48.654152299155164],[9.364984787916043,48.65147025219272],[9.368580824158926,48.65057023355212],[9.366873877848244,48.64022561919194],[9.357799283078851,48.633978099383164],[9.353297509521248,48.63437938694534],[9.352334610644695,48.635391412055576],[9.351366716063774,48.636466618250125],[9.223509035734741,48.69249790343271],[9.223509027493773,48.69249790703304],[9.228201113308982,48.67584155356664],[9.114543556691945,48.59452993567486],[8.881129320801836,48.578662526401665],[8.880275645418466,48.577815906009704],[8.880256971373528,48.57781455425288],[8.879134754615093,48.576499721752384],[8.879134750245678,48.57649971663284],[8.879134749517394,48.57649971577954],[8.878249196244365,48.56767533810706],[8.870263460108657,48.48796032715613],[8.733350037141062,48.45133226868818],[8.721237693309966,48.45003453476285],[8.71037211195889,48.445113059900486],[8.704617817319264,48.447019668808586],[8.699737568767599,48.447533027854924],[8.699737568614658,48.44753302787036],[8.696799073258964,48.44367799165958],[8.697433443624028,48.44284200305015],[8.713814390784297,48.386848011177875],[8.684711327862377,48.204094993176106],[8.753480743883067,48.20100153650332]]]},"properties":{"art":"Netzbezirk","bezeichnung":"Tübingen","standort":"Tübingen"}},{"type":"Feature","geometry":{"type":"Polygon","coordinates":[[[8.811231216183971,48.68957016675728],[8.8112312194376,48.689570167129645],[8.927215345933458,48.712552239364],[8.87120722595322,48.75051775285783],[8.868849817274503,48.752367125254764],[8.865553743220994,48.75369153698519],[8.857500836611964,48.75780965633848],[8.92553519043685,48.81478121539172],[9.06518855068128,48.82602057592716],[9.114892821856998,48.82477460783961],[9.118847316723194,48.82584581691355],[9.120815153037336,48.82637880444266],[9.13835415904434,48.83408024124918],[9.155803235839036,48.8417371854627],[9.143157883398308,48.867991732170466],[9.144192857352603,48.869013523002515],[9.144971942303187,48.87019043997968],[9.05559624818203,48.912586307251566],[9.021784364979679,48.95885694265465],[9.020395601045763,48.95985415280649],[9.018988156011881,48.96080971977449],[9.049972671798722,48.98284469915419],[9.049972677249364,48.9828447032919],[8.819708112483324,49.08710288955321],[8.819708111864589,49.08710288918454],[8.775162348947628,49.060537229743375],[8.720009470172382,49.022983558999144],[8.703727537944292,49.03086457337967],[8.702071650475524,49.03082698317901],[8.700248850537763,49.03061154221511],[8.561859135229787,48.95717616830776],[8.560163624118648,48.956436329304935],[8.560163621008016,48.956436325305475],[8.457114132518088,48.704436615706754],[8.457114125443052,48.70443659831565],[8.728716662953252,48.68394669612716],[8.731470778464537,48.683711165634804],[8.811231216183971,48.68957016675728]]]},"properties":{"art":"Netzbezirk","bezeichnung":"Vaihingen (Enz)","standort":"Vaihingen (Enz)"}},{"type":"Feature","geometry":{"type":"Polygon","coordinates":[[[9.130576673211054,48.14933970346858],[9.130576680885751,48.14933969456908],[9.130576681211819,48.149339694192],[9.309217847756674,48.11476007503801],[9.309217847880511,48.114760075095475],[9.309217847889403,48.11476007509958],[9.30921785076928,48.11476007643578],[9.512134246243233,48.20855540281386],[9.51363281004711,48.20821720705806],[9.809740209319763,48.14747311984013],[9.812993333938921,48.146983698775],[9.867092931154955,48.16954720128119],[10.038976873466586,48.155553224507344],[10.03897687454236,48.155553224418924],[10.038976875336635,48.15555322435367],[10.038976876873377,48.15555322422735],[10.038976876901076,48.15555322422509],[10.03897688323255,48.15555322682991],[10.102825654202704,48.18301756102188],[10.106210864675361,48.1834194631662],[10.237192687081775,48.21991818507393],[10.237192686808733,48.219918188443536],[10.237192686679036,48.219918190044226],[10.237192686225864,48.21991819563682],[10.237192681942158,48.21991824850299],[10.219747431392465,48.43442199656745],[10.219747431480862,48.434421996598545],[10.21974743174148,48.4344219966902],[10.21974743381111,48.43442199741795],[10.21974747333524,48.43442201131605],[10.260614385433055,48.448780900979244],[10.263145315845604,48.44936000452265],[10.26582546437831,48.44995133911433],[10.3096642967795,48.46550005131048],[10.330991220469791,48.473054731118964],[10.35855864108537,48.482810858606875],[10.358558640093992,48.482810863224245],[10.358558639015323,48.48281086824812],[10.358558629268318,48.4828109136446],[10.3573905821051,48.48825050931672],[10.357390583093451,48.488250509402306],[10.357390582997947,48.488250509930346],[10.357390582112915,48.488250514800214],[10.35719465793601,48.489328556228514],[10.35719465793363,48.48932855622884],[10.350562694982788,48.49029698624341],[10.301771400826595,48.54495522134344],[10.301771402371372,48.544955224487545],[10.301771404801444,48.544955229433526],[10.301771435986797,48.5449552929056],[10.306707657866113,48.55499991855015],[10.349068263784567,48.64102238048464],[10.349068263552025,48.64102238048337],[10.349068262586888,48.64102238047811],[10.349068261087833,48.641022380469934],[10.349068259677862,48.64102238046225],[10.225532014744658,48.64028199353643],[10.20392932844032,48.62676275351045],[10.203323422899516,48.62557292548317],[10.202651929156213,48.624455250117414],[10.165103857137915,48.60105918724389],[9.869466753186375,48.676741949182706],[9.77188091250927,48.67736209931663],[9.77039660010064,48.67659822502492],[9.668005669848652,48.6275495664554],[9.60013694847854,48.633152641828694],[9.576213109718289,48.635117910013776],[9.549385977112932,48.63505888663959],[9.547088827368594,48.633171703368824],[9.54708882661382,48.633171702748726],[9.547423193290735,48.630683549520015],[9.56121846494994,48.61947431296594],[9.478099943109942,48.47387660902757],[9.28983056990364,48.4026605942169],[9.289830569021403,48.40266059388199],[9.292612868925454,48.39281783312319],[9.297674486297883,48.38220307129967],[9.116892981062728,48.165201430589384],[9.130576673211054,48.14933970346858]]]},"properties":{"art":"Netzbezirk","bezeichnung":"Ulm","standort":"Ulm"}},{"type":"Feature","geometry":{"type":"Polygon","coordinates":[[[9.629183119305733,49.05221538695604],[9.62119218148092,48.97401340975503],[9.6211255946221,48.972893019656574],[9.63106897383827,48.90752152648351],[9.63481876853741,48.830381359571014],[9.648099641791896,48.79371953931438],[9.648942652105754,48.79244689179171],[9.649828229548387,48.791573265931106],[9.726197557987625,48.75636835178564],[9.89317021407798,48.716284439967524],[9.86946675366669,48.67674194990815],[10.165103857137915,48.60105918724389],[10.202651929161911,48.62445525011403],[10.203323422905811,48.62557292548026],[10.203929328446119,48.62676275350717],[10.225532014744658,48.64028199353643],[10.349068259677862,48.64102238046225],[10.349068261087833,48.641022380469934],[10.349068262586888,48.64102238047811],[10.349068263552025,48.64102238048337],[10.349068263784567,48.64102238048464],[10.41192186751069,48.76850677112863],[10.453098728675533,48.851647740661335],[10.453098727748284,48.85164774369855],[10.45309872747982,48.85164774457789],[10.45309872718248,48.85164774555185],[10.452551356446767,48.85344059265785],[10.451957481959761,48.855492649186985],[10.451957483037202,48.855492650046756],[10.451957485420959,48.855492651948914],[10.451957521591286,48.85549268081157],[10.457501561464476,48.859916101168885],[10.457501561173927,48.8599161014886],[10.457501558625529,48.859916104289425],[10.457501556214458,48.85991610693934],[10.457501538787305,48.85991612609294],[10.155010337801555,49.189813082395034],[10.154994335679802,49.18987795907243],[10.154654978468935,49.1912537604407],[10.154233065671173,49.19286551292102],[10.027388169519346,49.35996153008832],[9.984574927794359,49.357241322242814],[9.982308623666269,49.356618431629684],[9.98071504087397,49.35629133652315],[9.980416020492218,49.35622995735151],[9.757770271903372,49.396444871330246],[9.7577702714905,49.3964448714019],[9.714688689547156,49.1278712740862],[9.712080616258365,49.12604562724014],[9.629183119305733,49.05221538695604]]]},"properties":{"art":"Netzbezirk","bezeichnung":"Crailsheim","standort":"Crailsheim"}},{"type":"Feature","geometry":{"type":"Polygon","coordinates":[[[9.292273240685576,47.70107837544664],[9.275570312750496,47.64595672621435],[9.336387262751963,47.62765905777964],[9.445143136919267,47.59482664953149],[9.514698163043793,47.5369234665421],[9.548296938500094,47.535547648615726],[9.548296938653673,47.53554764873871],[9.548296940946779,47.535547650800446],[9.550540096510494,47.53756437082596],[9.60348303755857,47.58510496984707],[9.605131626686223,47.58557458166669],[9.606761097094132,47.58601496114797],[9.681233512535602,47.68427030743948],[9.870973546486931,47.792906902847065],[9.871202282114817,47.79405341235427],[9.871385676252272,47.79521256793558],[9.924664655348854,47.90983458052904],[10.038976876901076,48.15555322422509],[10.038976877125549,48.1555532247584],[10.038976875585096,48.155553224885026],[10.038976874790807,48.1555532249503],[10.038976873715043,48.1555532250387],[9.867092931165114,48.16954720183149],[9.812993333941737,48.1469836993234],[9.809740209329116,48.14747312039105],[9.513632810053156,48.20821720760597],[9.51213424624607,48.208555403359846],[9.309217850639179,48.11476007692654],[9.309217847889403,48.11476007509958],[9.32520141767774,48.05439476291017],[9.325201419699736,48.05439475470915],[9.324647959083228,48.05327492303687],[9.324647233313845,48.052500771024995],[9.324646099683564,48.05137048142799],[9.324646099674396,48.05137047228886],[9.325723448974944,48.050027552486],[9.325723452684006,48.050027547862534],[9.2219187804739,47.92267188843529],[9.221918777331737,47.92267188456925],[9.222567995364253,47.9215582607641],[9.312291175942775,47.75812440808172],[9.312291180071584,47.758124400535706],[9.31072881227467,47.75742527944103],[9.30915447376117,47.756668339974496],[9.292273240685576,47.70107837544664]]]},"properties":{"art":"Netzbezirk","bezeichnung":"Ravensburg","standort":"Ravensburg"}},{"type":"Feature","geometry":{"type":"Polygon","coordinates":[[[10.96834006346011,48.123600671107596],[10.968340065992507,48.12360067245811],[10.968340066187395,48.123600672562056],[10.968340068003364,48.12360067353047],[10.991302964749877,48.13584125528887],[10.992914521328526,48.13645059540147],[10.99439320467461,48.13699122661369],[11.146037848930241,48.20534593065603],[11.147277977903835,48.2166677102693],[11.14731652870216,48.2178233864944],[11.147317548464128,48.21785302994811],[11.14731879789284,48.217889344389384],[11.147610527157143,48.22132213263164],[11.146414351968302,48.3547231499965],[11.146234771171802,48.37479370688592],[11.146234771178705,48.37479370691277],[11.14623477222137,48.37479371096553],[11.146234772681227,48.37479371275291],[11.187749175802374,48.535603416868405],[11.18540901693744,48.53729960325742],[11.015976031071766,48.546209370832855],[10.9082825243332,48.540853576478504],[10.849740934343734,48.53789936963205],[10.848065762371768,48.537926263186776],[10.84806576236877,48.53792626318677],[10.846228558576854,48.53793119936892],[10.35849440554829,48.49152020778193],[10.357194695393526,48.48932861939723],[10.357194660697509,48.489328560889554],[10.35719465864342,48.48932855742576],[10.357194657995285,48.4893285563328],[10.35719465793363,48.48932855622884],[10.357194657933281,48.489328556228266],[10.357390582103761,48.48825051479937],[10.357390582988799,48.48825050992954],[10.357390583035922,48.4882505096702],[10.357390582105031,48.488250509317034],[10.358558629260138,48.4828109136417],[10.35855863900714,48.48281086824526],[10.358558640085805,48.48281086322135],[10.358558641077199,48.48281085860397],[10.330991220469791,48.473054731118964],[10.30966429678096,48.46550005130859],[10.492515161130413,48.22741603074348],[10.588732097532594,48.146666288861304],[10.592130220330487,48.14652190243611],[10.594061356300328,48.146651557204756],[10.595625628409424,48.14680499187377],[10.72665400757709,48.14775051530978],[10.74755594335074,48.14826617012461],[10.750943346215877,48.14750233668346],[10.779006365332055,48.15388601984333],[10.833771726767019,48.16525813799664],[10.835030374879294,48.16502853037685],[10.837142747011542,48.164553451128135],[10.96834006346011,48.123600671107596]]]},"properties":{"art":"Netzbezirk","bezeichnung":"Augsburg","standort":"Augsburg"}},{"type":"Feature","geometry":{"type":"Polygon","coordinates":[[[10.335121298758283,48.01631973209311],[10.33476412040309,48.0137190251681],[10.33442763260368,48.0109131187367],[10.614446158072486,47.82689000585085],[10.613615978498553,47.821871629864795],[10.612356564000445,47.8183203067131],[10.51100004181393,47.698096901040095],[10.584764919429936,47.60162663260852],[10.61336414276259,47.56411730569095],[10.613364148555583,47.56411729808706],[10.625235417035483,47.55908295593919],[10.687835671497954,47.55554073076478],[10.694677466963027,47.54477430784291],[10.72134356540175,47.53606916282802],[10.739397523381097,47.536731692021064],[10.756274070108446,47.53288961681312],[10.761180057263921,47.528252164795035],[10.759840225794354,47.52025957703581],[10.759718913859201,47.51953577504706],[10.778395562152653,47.51228627888994],[10.795521852309017,47.51857858609947],[10.813575802054423,47.51871122071685],[10.881473921231095,47.52745781928702],[10.888399077076063,47.51989301845849],[10.89199712235864,47.515961628977884],[10.869209128445767,47.5042638645871],[10.860511579715759,47.47595110335965],[10.860511577704745,47.47595109680951],[10.915654397019878,47.47488943908881],[10.9160279175815,47.47488215881925],[10.914900702709014,47.541486444109694],[10.91420580237128,47.58254014816024],[10.892484513538305,47.7998549034813],[10.891488331883055,47.80978397632729],[10.891488332086725,47.80978397674297],[10.89148833217658,47.80978397688156],[10.896645150302557,47.81773691432936],[10.899315042124234,47.824104637143584],[10.901201319946312,47.82476124170892],[10.901201320023246,47.82476124162262],[10.901207241734998,47.82475537457342],[10.901207240076019,47.82475537690844],[10.901207238929015,47.82475537846873],[10.901201323561777,47.82476123998629],[10.90120132215638,47.82476124066994],[10.901201318483945,47.82476124383088],[10.901201317458357,47.82476124526422],[10.9009830406161,47.825062295925306],[10.900612395610551,47.825478329715864],[10.900223929790123,47.825827876346246],[10.89980574233929,47.82617522691831],[10.899543410540874,47.82637314898531],[10.899543412113852,47.82637315040828],[10.89954341317449,47.82637315130664],[11.011281422362286,47.92928875570066],[11.011260738340999,47.93079319676506],[11.008884557374428,48.10381593594874],[11.008884557329159,48.103815936443446],[11.008669733898087,48.1056084175241],[11.007913708875858,48.107732091726774],[10.96834006346011,48.123600671107596],[10.837142747017342,48.16455345251559],[10.835030374875688,48.16502853176533],[10.833771726773918,48.16525813938881],[10.779006365335649,48.15388602123671],[10.750943346222773,48.14750233807753],[10.747555943358533,48.148266171516696],[10.726654007581285,48.147750516701755],[10.595625628415918,48.14680499326599],[10.594061356297308,48.146651558596645],[10.592130220336978,48.146521903828116],[10.58873209752958,48.14666629025347],[10.492515161127397,48.22741603212607],[10.30966429678096,48.46550005130859],[10.3096642967795,48.46550005131048],[10.3096642964492,48.46550005173829],[10.265825464367497,48.4499513404685],[10.263145315838093,48.44936000587725],[10.260614385406942,48.448780902351444],[10.219747473227507,48.43442201263588],[10.219747433703379,48.434421998737776],[10.219747431633749,48.434421998010016],[10.219747431437538,48.434421997129355],[10.219747431480862,48.434421996598545],[10.23719268204192,48.21991824853073],[10.237192686325622,48.21991819566454],[10.237192686778787,48.219918190071944],[10.237192686908493,48.21991818847122],[10.335121298758283,48.01631973209311]]]},"properties":{"art":"Netzbezirk","bezeichnung":"Buchloe","standort":"Buchloe"}},{"type":"Feature","geometry":{"type":"Polygon","coordinates":[[[10.357194657933281,48.489328556228266],[10.35719465793601,48.489328556228514],[10.357194657995894,48.48932855632949],[10.357194658644024,48.48932855742243],[10.357194660698118,48.489328560886236],[10.357194695394128,48.48932861939389],[10.358494405551195,48.49152020778193],[10.84622855857225,48.537931199368224],[10.84806576236877,48.53792626318677],[10.848065762371768,48.537926263186776],[10.849740934338934,48.53789936963166],[10.9082825243332,48.540853576478504],[11.015976031069055,48.546209370833],[10.999805224424088,48.69236875253982],[11.000145654529405,48.69508999191237],[11.000192553706734,48.69624988258783],[11.00018463008756,48.6973611301049],[11.024455434088251,48.88499382734463],[11.024428377827723,48.887321318544345],[11.027116657137844,48.94837199213768],[10.91564383741718,48.97245381350603],[10.913985278740428,48.97303434879028],[10.91223905878002,48.97403531949665],[10.911298552482926,48.97380356642767],[10.911070889840028,48.97358741204147],[10.910127172013427,48.97269137357901],[10.908453949186537,48.97271727194413],[10.793887284574593,49.019345740600414],[10.72409969469319,49.078631614391526],[10.722711393064785,49.093078962413344],[10.732243520150327,49.103819050475224],[10.733365190397809,49.105612994807274],[10.733414689605988,49.106237334034496],[10.733979463956585,49.10705646477844],[10.737349079895397,49.109451780254474],[10.737344539688815,49.109471252279036],[10.737327380430425,49.10954484472417],[10.670571679522533,49.14661762546724],[10.59526188192406,49.073354496233634],[10.502395463506025,48.91531325504577],[10.49611433925646,48.85973509703031],[10.495748804796719,48.85961237390138],[10.457501561464476,48.859916101168885],[10.457501561452176,48.85991610116903],[10.451957521587481,48.85549268082472],[10.451957485417156,48.855492651962074],[10.4519574830334,48.855492650059894],[10.451957481955958,48.85549264920015],[10.452551356426264,48.85344059265785],[10.453098727168861,48.851647745524374],[10.453098727466203,48.851647744550455],[10.453098727734666,48.8516477436711],[10.453098728661919,48.85164774063389],[10.41192186751069,48.76850677112863],[10.349068263826366,48.64102238047375],[10.306707657866113,48.55499991855015],[10.301771435983245,48.54495529290953],[10.301771404797895,48.54495522943752],[10.301771402367825,48.544955224491524],[10.30177140082305,48.544955221347415],[10.350562694976489,48.49029698624201],[10.357194657933281,48.489328556228266]]]},"properties":{"art":"Netzbezirk","bezeichnung":"Donauwörth","standort":"Donauwörth"}},{"type":"Feature","geometry":{"type":"Polygon","coordinates":[[[11.015976031069055,48.546209370833],[11.015976031071766,48.546209370832855],[11.185409016918642,48.53729960324945],[11.18774917578348,48.53560341686251],[11.146234772654612,48.374793712747454],[11.146234772194765,48.37479371096005],[11.146234771177863,48.37479370700745],[11.146234771171802,48.37479370688592],[11.146234771178932,48.37479370688739],[11.14623477341244,48.374793707346576],[11.478575408612338,48.442546521119596],[11.484038844234641,48.44023520441645],[11.488851684776316,48.437728707752754],[11.774090320056676,48.43307471410853],[11.774090320148538,48.43307471410694],[11.774090320179159,48.43307471410639],[11.774090320184976,48.43307471413285],[11.77409032020243,48.43307471421221],[11.77409032021229,48.433074714257096],[11.774090320590053,48.43307471597578],[11.77409032074226,48.43307471666827],[11.77842708450883,48.45279700877379],[11.82056155383221,48.51320622947598],[11.944844806763344,48.83379582612325],[11.944844806701868,48.83379582618378],[11.944844805266149,48.83379582759734],[11.889153051139457,48.88855563951035],[11.889153051754167,48.88855564397455],[11.889401914345349,48.890362886622164],[11.889604432884235,48.89269536880933],[11.889604432464772,48.89269536904618],[11.817602195105362,48.93329607991662],[11.643410931121855,49.06093880891496],[11.617010287404964,49.027793420129775],[11.547253255526597,48.9890568676905],[11.479310759890035,49.016947101932836],[11.472073835436676,49.03843780396731],[11.46972682939383,49.04172539779613],[11.469143682056972,49.04263278766368],[11.328444997838746,49.03882742022689],[11.3056067131519,49.065455139242225],[11.303193413481779,49.068229462739275],[11.300954107481632,49.070730107053286],[11.289062149986385,49.094669757606745],[11.285290033001404,49.0941289338111],[11.28141616485071,49.09364267142459],[11.281416153792303,49.09364267003629],[11.281416152025656,49.093642669814514],[11.287601226907396,49.07740200001805],[11.293212870715774,49.07393172159855],[11.296627629443577,49.07012863586406],[11.29814835681154,49.06827198972472],[11.298148357320654,49.06827198910309],[11.298148359665833,49.068271986239765],[11.027116657137844,48.94837199213768],[11.02442837779902,48.88732131854485],[11.024455434059757,48.88499382734612],[11.00018463005896,48.69736113010637],[11.000192553678039,48.69624988258783],[11.000145654491895,48.695089991913946],[10.999805224365192,48.6923687525403],[11.015976031069055,48.546209370833]]]},"properties":{"art":"Netzbezirk","bezeichnung":"Ingolstadt","standort":"Ingolstadt"}},{"type":"Feature","geometry":{"type":"Polygon","coordinates":[[[11.552284046459395,47.50457644293849],[11.552284046995437,47.50457644190026],[11.598257040323043,47.52298600676417],[11.617880778408077,47.57278958746529],[11.849149701451866,47.57795335319554],[11.90821208684287,47.604399345335565],[11.90821208806367,47.604399345345314],[11.976976326467074,47.604928693512036],[12.099653295044137,47.60577044620228],[12.099653300217808,47.6057704474313],[12.05016097335159,47.70032331791087],[11.773076544637037,47.91931170312289],[11.774006717804596,47.92065256360773],[11.774891883952153,47.92182250759902],[11.776138366267046,47.9271645222288],[11.776138366419993,47.927164522884226],[11.775094820305062,47.93272994630587],[11.772391576835517,47.933919229102905],[11.768141251855928,47.93546139832182],[11.61576930745038,48.0687290635646],[11.612254373384701,48.068769263221576],[11.608463339915192,48.068672764840386],[11.56313490659634,48.116291302528396],[11.564008930431985,48.11726980354335],[11.565073301759277,48.11838502855438],[11.562976720889512,48.13931839953047],[11.56297672066565,48.139318401764996],[11.558847931596944,48.14021535296762],[11.557045251255712,48.140370966326934],[11.550297900843752,48.14110873394854],[11.548560543746298,48.14127920453248],[11.537689501676006,48.14213388742124],[11.534788408139727,48.14227216623568],[11.53169277093063,48.142386077343296],[11.53037867560694,48.14244215214209],[11.528430996011863,48.14257432267633],[11.52001092658978,48.143195009362636],[11.518975677032774,48.14324826164525],[11.517905402946592,48.14326782921918],[11.516396209598936,48.14322414002463],[11.515583429211114,48.1431851398838],[11.51461726523359,48.14341047377951],[11.51465914966444,48.143441738740634],[11.514943392572185,48.14341868634676],[11.515645404433032,48.14323290875442],[11.516304137434524,48.14326453667102],[11.517914603353285,48.1433152184517],[11.518737362308915,48.143300251639914],[11.520015336881158,48.14323614615329],[11.53020674519247,48.14248661229499],[11.531795915872777,48.14242480801122],[11.536820397680495,48.142248107258915],[11.541342089979048,48.14194218933446],[11.543769908023904,48.14176781821014],[11.54777723894128,48.14143809991327],[11.548945144194368,48.14135664185043],[11.550838892705295,48.14117295269541],[11.554144496990737,48.140835858462715],[11.559024487759293,48.140444769809754],[11.560493272824734,48.1408245562672],[11.557061739565462,48.14177654140003],[11.554008521668077,48.14203250757899],[11.550725314856535,48.141838037221795],[11.550091423725377,48.14184276885442],[11.548578350934505,48.1419079517831],[11.547236401167245,48.142051876788564],[11.545353989540162,48.14220051256825],[11.544927445248925,48.142168708346865],[11.544314685175921,48.14214984802889],[11.538708999739955,48.14256226682814],[11.535345986538823,48.14260496945891],[11.5320779731944,48.142732450989136],[11.530859092550676,48.14268741055853],[11.525127826484834,48.14308959945089],[11.519255263898243,48.14355726623372],[11.519043494418602,48.143641872367816],[11.519123475059049,48.14366781516988],[11.520722980760075,48.14356627061691],[11.523138868898183,48.14332941802687],[11.524904643847337,48.14317174656986],[11.527497268908949,48.142961389047684],[11.529958032098703,48.1427962411479],[11.531227481190154,48.14278459427652],[11.532760414074003,48.142875724168796],[11.53498729605417,48.14282046189114],[11.53612712473999,48.14286285083821],[11.537525142893665,48.14283506091036],[11.538262384437486,48.14281031536845],[11.544212975248618,48.142391957735654],[11.546973219816614,48.14218234370891],[11.55001739856061,48.14197119711901],[11.551235650472632,48.1419761935338],[11.551648031052206,48.144462819649725],[11.565643599939614,48.14286151423713],[11.564561951516103,48.14028475723384],[11.565667892529364,48.13982757253168],[11.574294260264564,48.13827612364562],[11.57650018253124,48.138716497041436],[11.574387089198991,48.13930549165938],[11.565127027016823,48.14404862871036],[11.52399914719636,48.15085220541419],[11.523999145826286,48.15085220363353],[11.51860356744061,48.14383848687253],[11.514927783297296,48.14463809051655],[11.505368159090372,48.14572757750988],[11.50195837016633,48.145801892884265],[11.501916998749266,48.145723224870736],[11.501715716031176,48.145340480692255],[11.505345458960088,48.14526137550197],[11.51776280892622,48.143813932246715],[11.519013793864618,48.14367636081166],[11.519036669291362,48.14365134269778],[11.51888276383897,48.143576132254694],[11.513105614855492,48.143396540034665],[11.511490364825335,48.14345396600799],[11.510598969683706,48.14353873009392],[11.509617464432868,48.14363205458119],[11.509589274252018,48.143585139721864],[11.509633959635012,48.14351787329436],[11.509577376325067,48.143445554605755],[11.509617611461541,48.143362681222776],[11.50960152882851,48.14331844604528],[11.513041105362834,48.14302225029577],[11.517487359430913,48.14308726618824],[11.520255070964424,48.14177757279178],[11.5275980362275,48.135680332172846],[11.527732559270557,48.13559120973436],[11.527737358215488,48.13566556053209],[11.527659711795955,48.1357219604347],[11.527182177389278,48.13617920885055],[11.526763610615385,48.13671652333793],[11.526581902432698,48.13707975541658],[11.526398329261411,48.137591941900325],[11.5263381694601,48.13842226911747],[11.526455389029373,48.1390813590428],[11.526667659896718,48.139574091258204],[11.527141234093966,48.14024990585534],[11.527796571337932,48.14084342277091],[11.529031001174424,48.14155160890333],[11.530807771861735,48.14232612924717],[11.531226265920907,48.1424048516386],[11.52992961364744,48.141820437423306],[11.527704293536958,48.140645878356864],[11.526838650765967,48.139693145501035],[11.526528709437763,48.13875275037671],[11.526448256128614,48.13804833126653],[11.526571036591921,48.137325625289094],[11.526863858754991,48.1367496275691],[11.527314499526192,48.136211607028216],[11.527838503602053,48.13569653327168],[11.52785132048629,48.13563101943757],[11.527850912376465,48.135502633913816],[11.530493708084252,48.13358330864975],[11.530468009164201,48.133508824813696],[11.462956754557158,48.08102388782193],[11.35373092273746,47.88629683296708],[11.552284046459395,47.50457644293849]]]},"properties":{"art":"Netzbezirk","bezeichnung":"München Hbf","standort":"München Hbf"}},{"type":"Feature","geometry":{"type":"Polygon","coordinates":[[[12.384057524573818,47.6818560633845],[12.416596348540692,47.68850303323712],[12.43345402855709,47.691942342805454],[12.433235740930911,47.68420507278808],[12.432865392126732,47.67106761242194],[12.497232273349184,47.619241232135174],[12.584362730245337,47.62506114607223],[12.614191061495019,47.66525313518625],[12.737429595428805,47.67159662119015],[12.771182966518234,47.633525518916734],[12.799049089182555,47.616067016478674],[12.774545453672497,47.58563990056035],[12.776341052194507,47.56005057162881],[12.90347635060131,47.49503739287828],[12.998505590416753,47.45804193634586],[13.058549522102503,47.490174572930414],[13.058549521946826,47.49017457360507],[13.047881169290903,47.53637251095762],[13.066327509691103,47.57345544496997],[13.103220193708257,47.6319403269086],[13.085018754993177,47.688031277976556],[13.052835494333534,47.71246433764085],[13.017904970873971,47.727118640511954],[12.984151768235414,47.711275530716875],[12.93195201928531,47.7151043276179],[12.913897990440926,47.72724998647127],[12.922054999767948,47.73750736320045],[12.922925040832547,47.73860114725149],[12.933363566550387,47.7423063615876],[12.937054313541468,47.74361605242979],[12.93705431427673,47.74361605338169],[12.938534516559498,47.745532333510205],[12.951046838836088,47.76172416388307],[12.948436302422431,47.778970040837336],[13.015272041490705,47.84814807409399],[13.002584871703476,47.864313815175414],[12.940535946646056,47.943302043410064],[12.90361342014484,47.97727310557051],[12.82390174793102,48.07203163626917],[12.709986790702283,48.077724244278855],[12.707861954211472,48.07587013656939],[12.704783493827545,48.07366873349129],[12.553141926261349,48.01606137352626],[12.548729901319366,48.01819198068419],[12.546427440147111,48.01920578723407],[12.412637192373813,48.005490355393945],[12.474981930892254,47.82127759717157],[12.475343734187025,47.82002675661759],[12.384057525384428,47.68185606560801],[12.38405752423219,47.681856063858646],[12.384057524573818,47.6818560633845]]]},"properties":{"art":"Netzbezirk","bezeichnung":"Freilassing","standort":"Freilassing"}},{"type":"Feature","geometry":{"type":"Polygon","coordinates":[[[11.523999145826286,48.15085220363353],[11.523999146204897,48.15085220357096],[11.565127024184054,48.14404862542176],[11.574387086373818,48.13930548837346],[11.57650018253124,48.138716497041436],[11.574294257473797,48.13827612035876],[11.572883161495868,48.13776061286359],[11.57278210841432,48.137768319154176],[11.572011066089239,48.13689574702],[11.562976720889512,48.13931839953047],[11.565073301759277,48.11838502855438],[11.56400892781041,48.117269800230474],[11.56313490659634,48.116291302528396],[11.60846333725322,48.06867276151971],[11.612254370726331,48.068769259902204],[11.615769304793416,48.06872906024885],[11.768141248664085,47.93546139500396],[11.772391573644368,47.93391922578605],[11.77509481711411,47.9327299429896],[11.77613836352819,47.927164521898305],[11.776138366267046,47.9271645222288],[11.987853769247064,47.99904547205337],[11.992656406046077,48.000525643233715],[11.967336546756227,48.066443407101985],[11.973290105027742,48.072185035967735],[11.975766933907567,48.071883971748214],[11.978306286244713,48.07162613944157],[12.044213860401124,48.17936617246413],[12.044213860690364,48.17936617325302],[12.030914584939891,48.24672203985156],[12.041595683893128,48.265466612578315],[12.041946413024881,48.26718394329254],[12.042468059814043,48.26708531115786],[12.043707931193037,48.26688898721546],[12.04580785965707,48.2666337062029],[12.047224022498114,48.26648884760489],[12.049074374575897,48.266326885425244],[12.051453148267873,48.26620752178251],[12.051509174445632,48.265487802735166],[12.053576337947852,48.26543902723903],[12.057388246897208,48.265362225866525],[12.057299112393626,48.26650768560804],[12.057259162834242,48.267802920930016],[12.02757357399194,48.377587734453876],[12.027573573932667,48.37758773467263],[11.78474587766032,48.406945493357746],[11.78462850746936,48.40799237486031],[11.78453824691784,48.409222583137286],[11.774090320247304,48.4330747141772],[11.774090320184976,48.43307471413285],[11.774090320148538,48.43307471410694],[11.463266903904973,48.21050822272939],[11.46214875056585,48.20901730772669],[11.460906470170851,48.20880713783877],[11.460906414362297,48.20880685082218],[11.460829985782352,48.208786867010346],[11.462258302956089,48.205415790852314],[11.46180554357455,48.20536101225084],[11.46172651856311,48.205576746914105],[11.447913935777416,48.204991023151294],[11.44804468987766,48.20387042323583],[11.44827998354534,48.202649779064814],[11.453620054243526,48.202713969484],[11.459530333489823,48.20369802078921],[11.461894047296475,48.2049077789328],[11.461828517477096,48.20526534025803],[11.462281127371442,48.20531704994173],[11.462758929202629,48.20526225274625],[11.464392021750246,48.20526734471158],[11.465244835784462,48.205140057104956],[11.466006634847297,48.20493488763588],[11.467559467802426,48.20441644416894],[11.468701670656703,48.204003516679485],[11.469204729171087,48.20379522187249],[11.470310788782974,48.199695048458466],[11.480997738332174,48.16428430079373],[11.479911403004241,48.163341883970205],[11.480966505925194,48.15832303821542],[11.481131094506857,48.15831891671317],[11.481156854955765,48.15788787353879],[11.481264748404952,48.157904094794894],[11.483108212985124,48.158266270265266],[11.486684309375157,48.15701076357442],[11.523999145826286,48.15085220363353]]]},"properties":{"art":"Netzbezirk","bezeichnung":"München Ost","standort":"München Ost"}},{"type":"Feature","geometry":{"type":"Polygon","coordinates":[[[10.96970706236401,47.42947678598468],[10.962642587744721,47.40916123731319],[10.970400258580677,47.39467238163817],[11.037016573683918,47.38923666469175],[11.12375703304929,47.391566385639294],[11.131210253927318,47.407567958371665],[11.165355389011344,47.41872296887827],[11.239925544444786,47.42748581844193],[11.239925544791923,47.42748581848261],[11.21717473363727,47.39407520166774],[11.217174731836755,47.3940751990217],[11.274463804486073,47.39561361329948],[11.342753863292039,47.44261817820447],[11.42478192401748,47.44129080361065],[11.424781923102358,47.44129080615241],[11.409867177000578,47.48268483589714],[11.409867179028158,47.48268483787194],[11.433023209156374,47.505225473187046],[11.552284041123691,47.50457644012056],[11.552284040055522,47.504576442189446],[11.353730918334948,47.88629683003054],[11.270881455675395,47.89779955685088],[11.270564206673788,47.8969013919371],[11.266946778980188,47.8977144343956],[11.266913715436665,47.89765879264384],[11.26672411560729,47.89745981176736],[11.263267431102319,47.89848168966185],[11.15629757906131,47.96861454190432],[11.1276294201525,48.085760390508554],[11.050955827541987,48.102161206423865],[11.049854622797247,48.10170535354907],[11.047688374669296,48.1014728444943],[11.045711578947952,48.10128372061798],[11.008884557388553,48.10381593594777],[11.008884557374428,48.10381593594874],[11.008884557335909,48.10381593595138],[11.011147035592826,47.93906352802689],[11.011260738340999,47.93079319676506],[11.011281422368466,47.92928875570637],[10.899543413231125,47.8263731512639],[10.899543412170484,47.82637315036556],[10.899543410540874,47.82637314898531],[10.899805742346683,47.826175226829506],[10.90022392979751,47.825827876256824],[10.900612395618063,47.82547832962716],[10.900983040623599,47.825062295835394],[10.90120131741356,47.82476124524863],[10.90120131843915,47.82476124381529],[10.901201319946312,47.82476124170892],[10.901201320023246,47.82476124162262],[10.901201322228697,47.824761240549726],[10.9012013236341,47.82476123986602],[10.901207238878097,47.82475537845973],[10.901207240025105,47.82475537689943],[10.901207241734998,47.82475537457342],[10.901201319975083,47.82476124162551],[10.899315042131635,47.82410463705239],[10.896645150309656,47.81773691423776],[10.891488332185409,47.809783976793675],[10.891488332095543,47.809783976655034],[10.891488331883055,47.80978397632729],[10.892484513538305,47.7998549034813],[10.914205802366023,47.58254014847111],[10.914205802417555,47.582540147953644],[10.915774482624142,47.4898569530981],[10.915990091981763,47.477117226372144],[10.91602791760634,47.47488215881878],[10.916027917634414,47.47488215716012],[10.96970706236401,47.42947678598468]]]},"properties":{"art":"Netzbezirk","bezeichnung":"Murnau","standort":"Murnau"}},{"type":"Feature","geometry":{"type":"Polygon","coordinates":[[[11.26672411560729,47.89745981176736],[11.266913718757454,47.89765879398506],[11.266946778980188,47.8977144343956],[11.270564206673788,47.8969013919371],[11.270881455675395,47.89779955685088],[11.353730921046154,47.886296831234375],[11.462956754557158,48.08102388782193],[11.530468009164201,48.133508824813696],[11.530493707069061,48.13358330700904],[11.527850911452385,48.13550263220741],[11.527851319562705,48.13563101773019],[11.527838502715568,48.135696531555254],[11.527314498575699,48.13621160535051],[11.526863857950701,48.13674962592541],[11.52657103578383,48.13732562365363],[11.526448255317728,48.138048329630855],[11.526528708625978,48.13875274874132],[11.526838650765967,48.139693145501035],[11.527704292728377,48.14064587672279],[11.529929612840151,48.1418204357904],[11.531226265920907,48.1424048516386],[11.53080777105545,48.142326127615014],[11.529031000367443,48.14155160727002],[11.527796570530327,48.14084342113719],[11.527141233286876,48.140249904221136],[11.526667659896718,48.139574091258204],[11.526455388217686,48.13908135740886],[11.526338168646516,48.13842226748287],[11.526398328440123,48.13759194026325],[11.52658190159422,48.137079753774685],[11.526763609765798,48.136716521692094],[11.527182176436193,48.13617920716997],[11.527659710828564,48.135721958761515],[11.5277373572868,48.13566555890381],[11.527732559270557,48.13559120973436],[11.527598035212613,48.13568033053377],[11.52025506994553,48.14177757115646],[11.517487358397023,48.14308726455465],[11.513041104327256,48.14302224866145],[11.509601527792626,48.143318444410376],[11.509617610453459,48.1433626795862],[11.509577376325067,48.143445554605755],[11.509633959635012,48.14351787329436],[11.509589274252018,48.143585139721864],[11.509617464432868,48.14363205458119],[11.510598969683706,48.14353873009392],[11.51149036379755,48.14345396437161],[11.513105613826406,48.14339653839798],[11.51888276280918,48.1435761306196],[11.519255263054164,48.14355726459824],[11.525127825641643,48.14308959781689],[11.530859091549889,48.14268740892544],[11.53207797218892,48.14273244935584],[11.535345985701133,48.142604967826514],[11.538708998752371,48.14256226519618],[11.544314684200339,48.142149846397814],[11.544927444530336,48.14216870671598],[11.545353988569468,48.14220051093743],[11.547236400337761,48.14205187515758],[11.548578349972617,48.1419079501527],[11.550091422898696,48.14184276722444],[11.55072531390105,48.14183803559189],[11.55400852071489,48.14203250594969],[11.557061738629473,48.14177653977126],[11.560493272824734,48.1408245562672],[11.559024486828001,48.14044476818076],[11.55414449606345,48.14083585683337],[11.550838891880913,48.141172951065215],[11.548945143274384,48.14135664022015],[11.547777238122888,48.14143809828288],[11.543769907205716,48.14176781657926],[11.541342089161358,48.14194218770297],[11.536820396876516,48.142248105626535],[11.531795915065594,48.14242480637801],[11.530206744393084,48.142486610661486],[11.520015336001174,48.1432361445185],[11.518737361433528,48.14330025000464],[11.517914602476198,48.143315216816376],[11.516304136631542,48.143264535035605],[11.515645403562038,48.143232907118716],[11.514943391707394,48.14341868471106],[11.514659148802853,48.14344173710507],[11.51461726523359,48.14341047377951],[11.515583428343025,48.14318513824823],[11.51639620873264,48.14322413838912],[11.517905402072607,48.14326782758356],[11.518975676231786,48.14324826001014],[11.520010925788785,48.14319500772793],[11.528430995215484,48.14257432104263],[11.53037867484675,48.14244215050869],[11.531697226771126,48.142385885511544],[11.534788407335443,48.14227216460329],[11.53768950087612,48.14213388578927],[11.54856054282311,48.14127920290216],[11.550297900040057,48.141108732318166],[11.557045250460828,48.14037096469793],[11.558847930663854,48.14021535133884],[11.56297672066565,48.139318401764996],[11.572011066089239,48.13689574702],[11.57278210841432,48.137768319154176],[11.572883163387052,48.13776061452494],[11.574294259332675,48.138276122018915],[11.565667891590973,48.139827570903726],[11.564561951516103,48.14028475723384],[11.565643599004733,48.14286151261014],[11.551648031052206,48.144462819649725],[11.551235650472632,48.1419761935338],[11.550017397600321,48.141971195488736],[11.546973219005523,48.142182342078534],[11.544212974428834,48.142391956093284],[11.538262383451604,48.142810313736646],[11.53752514206998,48.14283505927818],[11.536127123747201,48.14286284920592],[11.534987295059683,48.14282046025879],[11.532760413070418,48.142875722535884],[11.531227480367873,48.14278459264342],[11.52995803108821,48.14279623951408],[11.527497268074068,48.1429613874139],[11.524904643002545,48.14317174493586],[11.523138868048294,48.1433294163925],[11.520722979730685,48.14356626898203],[11.519123475059049,48.14366781516988],[11.519013793864618,48.14367636081166],[11.51776280791943,48.14381393061022],[11.505345457951204,48.14526137386378],[11.501715715021886,48.14534047905355],[11.501916998749266,48.145723224870736],[11.501958369335446,48.14580189124667],[11.505368158261577,48.14572757587297],[11.514927782471307,48.14463808888115],[11.518603566616623,48.14383848523755],[11.523999146204897,48.15085220357096],[11.52399914719636,48.15085220541419],[11.486684311384519,48.15701076523989],[11.483108215274386,48.15826627196107],[11.481264750213821,48.15790409649209],[11.481156856756838,48.15788787523609],[11.481131096798627,48.15831891841024],[11.480966508224963,48.15832303991253],[11.479911403004241,48.163341883970205],[11.480997738332174,48.16428430079373],[11.470310790355445,48.19969505008805],[11.469204730726366,48.203795223549776],[11.468701672574081,48.204003518274305],[11.467559469722497,48.204416445764124],[11.466006636775765,48.204934889235155],[11.46524483772774,48.20514005871089],[11.464392023703521,48.205267346331254],[11.462758930759408,48.20526225442591],[11.46228112925462,48.205317051724315],[11.461828517477096,48.20526534025803],[11.461894047296475,48.2049077789328],[11.459530335446,48.203698022509194],[11.453620056488806,48.202713971220874],[11.448279985515418,48.202649780769434],[11.44804469144315,48.20387042492395],[11.447913935777416,48.204991023151294],[11.461726520518392,48.20557674862609],[11.461805545530027,48.20536101396282],[11.462258302956089,48.205415790852314],[11.460829985782352,48.208786867010346],[11.460906414362297,48.20880685082218],[11.460906470170851,48.20880713783877],[11.46214875056585,48.20901730772669],[11.463266903904973,48.21050822272939],[11.774090320056676,48.43307471410853],[11.77409032020243,48.43307471421221],[11.774090320224934,48.43307471422825],[11.774090321434437,48.43307471508881],[11.774090321049263,48.4330747159677],[11.774090320590053,48.43307471597578],[11.7740903205405,48.43307471597665],[11.488851686663901,48.43772870978367],[11.48403884607142,48.440235206449586],[11.478575410496127,48.44254652316381],[11.14623477341244,48.374793707346576],[11.147610530080518,48.22132213381429],[11.147318800523875,48.217889343348716],[11.147277980356712,48.216667712746364],[11.146037848930241,48.20534593065603],[10.994393207826933,48.13699122940978],[10.99291452406144,48.136450598008565],[10.991302967866792,48.13584125809526],[10.968340066790844,48.12360067401631],[10.968340064974878,48.12360067304789],[10.968340065992507,48.12360067245811],[11.007913708956409,48.107732094092725],[11.00791370957858,48.107732093843076],[11.008669736630392,48.10560841874583],[11.008884560155321,48.10381593730256],[11.04571158164375,48.101283721901616],[11.047688377323897,48.101472845779725],[11.049854626100354,48.10170535496171],[11.050955830231592,48.10216120769952],[11.1276294227867,48.08576039175007],[11.156297581838285,47.96861454319443],[11.263267433936411,47.89848169090596],[11.26672411560729,47.89745981176736]]]},"properties":{"art":"Netzbezirk","bezeichnung":"München-Pasing","standort":"München-Pasing"}},{"type":"Feature","geometry":{"type":"Polygon","coordinates":[[[12.099653294267863,47.605770447688045],[12.099653295044137,47.60577044620228],[12.099653295170809,47.605770445959806],[12.100199582027436,47.60569075390588],[12.182865320597806,47.59359923049255],[12.184526378285094,47.59335560533455],[12.221111172064289,47.613451179446024],[12.221111171754954,47.613451179989816],[12.17579108210647,47.69299843076621],[12.17579108428066,47.69299843134255],[12.223673571339667,47.70567761856621],[12.253405783156502,47.67639867229248],[12.266453967371184,47.677541903666715],[12.279209537579915,47.68560115820201],[12.326699574013464,47.692470448113696],[12.363604987504157,47.6825866339989],[12.384057524573818,47.6818560633845],[12.384057524987883,47.681856064013154],[12.384057526140111,47.68185606576247],[12.475343734187025,47.82002675661759],[12.47498193089226,47.821277596185595],[12.412637192055534,48.00549035536113],[12.231229064052396,48.12505212778084],[12.231394499430852,48.12667230790074],[12.231655120869968,48.128567765269715],[12.044213860690364,48.17936617325302],[12.044213859952823,48.17936617320621],[11.97830628553542,48.07162613982239],[11.975766933197862,48.07188397212852],[11.973290104317645,48.07218503634783],[11.967336546043033,48.066443407479795],[11.992656405313474,48.00052564360919],[11.987853768512966,47.99904547242835],[11.776138366419993,47.927164522884226],[11.77613836352819,47.927164521898305],[11.774891879944208,47.921822504603355],[11.774006713793659,47.92065256061056],[11.773076540622787,47.91931170012371],[12.050160969206795,47.700323314967825],[12.099653294267863,47.605770447688045]]]},"properties":{"art":"Netzbezirk","bezeichnung":"Rosenheim","standort":"Rosenheim"}},{"type":"Feature","geometry":{"type":"Polygon","coordinates":[[[10.557284632867493,49.420122926788586],[10.664922128093751,49.3799902578411],[10.774679692388107,49.373838756608635],[10.840567511644077,49.397955089061234],[10.874353712030604,49.403685516218694],[10.876593687988253,49.39560628224957],[10.87636272145328,49.39448038852414],[10.876127899918242,49.39325633259102],[10.883622022037663,49.33212703029952],[10.898671631290558,49.202415877540396],[10.909164215791812,49.115862163390446],[10.908583026604182,49.11339137835006],[10.912239071525043,48.97403533057092],[10.913985291388236,48.973034359857806],[10.915643850111094,48.97245382456068],[11.027116669485519,48.948372002922895],[11.298148357320654,49.06827198910309],[11.298148357531257,49.06827198919579],[11.296627639769403,49.07012864475904],[11.293212881015199,49.07393173049543],[11.28760123720952,49.07740200891874],[11.28141616485071,49.09364267142459],[11.28141616468417,49.09364267186172],[11.281416162957637,49.09364267639379],[11.285290043119636,49.09412894260911],[11.289062160070124,49.09466976638098],[11.300954117756453,49.07073011592979],[11.303193423780005,49.06822947161186],[11.30560672345552,49.06545514813179],[11.328445008306666,49.03882742918748],[11.46914369186577,49.04263279601663],[11.469726839206732,49.041725406153496],[11.472073845269884,49.038437812334664],[11.47931076989375,49.01694711040602],[11.547253263013626,48.989056877097866],[11.617010286692492,49.027793419734635],[11.617010287404964,49.027793420129775],[11.643410931121855,49.06093880891496],[11.643410931125498,49.060938808919516],[11.643410931221483,49.060938809039925],[11.643410933717936,49.06093881217174],[11.51336871885875,49.16977598920727],[11.500717983017632,49.20206692770381],[11.502902085108532,49.20501048767168],[11.576488141527621,49.30104085777017],[11.576488141544587,49.30104085779227],[11.602719015607331,49.43480859135987],[11.602719015612431,49.43480859138579],[11.61182881607649,49.52526112267225],[11.61274587912335,49.52630570729646],[11.613578212443665,49.5272906661473],[11.662742259191711,49.65644505550773],[11.662742259143462,49.656445055512314],[11.662742259095218,49.65644505551693],[11.570392879582117,49.6652051528056],[11.568415186544414,49.665312161131496],[11.564975626916835,49.66543585472731],[11.476254797217472,49.662064656472026],[11.476254791921981,49.66206465445538],[11.476254791892236,49.66206465444406],[11.476254786033984,49.66206465221316],[11.25048333833184,49.575710034551726],[11.135335055809557,49.480372301481374],[11.136698290108761,49.479093142267885],[11.139182469004963,49.477401181197436],[11.133469733652209,49.4760332670069],[11.13336305917473,49.47611092742127],[11.132812150843558,49.47651199048473],[11.132452491545223,49.47651555578495],[11.129016230970018,49.47654864239607],[11.128438452381149,49.47652300564953],[11.12835822687374,49.47654457712783],[11.120057618642857,49.47648830420749],[11.118643432418143,49.47637111862454],[11.113233278643479,49.47532525163449],[11.112009822039214,49.475062972094115],[11.112008117128134,49.47506887564978],[11.111834738262173,49.47503528684421],[11.110986403941409,49.474918104343864],[11.105590822281195,49.47390230954348],[11.104298502654034,49.47364192104059],[11.104147072698664,49.473585732985086],[11.104181978933857,49.47352806360786],[11.104530450539775,49.472206593356866],[11.099896051571264,49.46978533439871],[11.031355653032522,49.457135374585384],[11.02944327144714,49.45545587223484],[11.029350696729168,49.455337977007616],[11.028411189192198,49.45425245589809],[11.028807679224144,49.429010982476825],[11.028855714694926,49.428979079227034],[11.02885550714443,49.42897067635987],[11.02883838319794,49.42897092148748],[11.028770144184397,49.4289999210492],[11.017640177702177,49.43013402628316],[10.991038870275588,49.44467309488767],[10.868322427544388,49.431300612956804],[10.603196604544648,49.43881660248422],[10.577750880278527,49.4344516943889],[10.557284632867493,49.420122926788586]]]},"properties":{"art":"Netzbezirk","bezeichnung":"Nürnberg","standort":"Nürnberg"}},{"type":"Feature","geometry":{"type":"Polygon","coordinates":[[[11.47129116614857,50.067001697402105],[11.552909216341531,50.031781725978675],[11.555998552024844,50.03397182445748],[11.558755210056608,50.0360986661903],[11.701562628407945,50.003342573455846],[11.990782412292798,50.087718599903866],[11.991521963273891,50.088120759863],[11.992647961356637,50.08751767703813],[11.994389409202089,50.086665372948886],[12.11652849831443,50.08735704444253],[12.117094012483221,50.08960236593872],[12.117626244522258,50.091844719568435],[12.128828109456045,50.096365635207874],[12.238550970405239,50.141140723567496],[12.215525765801821,50.185323991484296],[12.210503970970626,50.19494950982951],[12.128277668397926,50.311140197149484],[12.128277663883077,50.31114020351276],[12.111399750728967,50.32008567307794],[11.95256502440215,50.40398905406058],[11.950976078497348,50.40491352882546],[11.735702401337464,50.395317816435984],[11.735702392751518,50.39531781600803],[11.735702381168887,50.39531781543075],[11.735702370085463,50.395317814878325],[11.694122188466794,50.39323783795353],[11.690148198896207,50.39451160162588],[11.688139959290256,50.395227212855616],[11.688139845638153,50.3952272608625],[11.68813979873899,50.39522728067283],[11.68482385122577,50.39662785636782],[11.684815904559846,50.39663121263587],[11.68479631591095,50.396639485881884],[11.645454644525556,50.41325819292588],[11.645454644214924,50.41325819268401],[11.645454630588475,50.413258182073804],[11.59452932226088,50.373559784626345],[11.548981749041838,50.12514844140364],[11.54808783650178,50.123780749335324],[11.54746802204862,50.122897933818884],[11.47129116614857,50.067001697402105]]]},"properties":{"art":"Netzbezirk","bezeichnung":"Hof","standort":"Hof"}},{"type":"Feature","geometry":{"type":"Polygon","coordinates":[[[10.25808920838642,49.60833704414467],[10.215098417461125,49.56691644542099],[10.209746129080315,49.56569706787378],[10.205521311001174,49.56450153305221],[10.063211059712385,49.40120679916875],[10.027388207127975,49.35996157343351],[10.02738817421775,49.359961535504375],[10.02738816997033,49.359961530609226],[10.027388169705329,49.35996153030379],[10.027388169634406,49.35996153022206],[10.027388169519346,49.35996153008832],[10.154233065661176,49.19286551292102],[10.154654978545365,49.19125376011053],[10.155010337791559,49.18981308239505],[10.457501538780066,48.85991612608717],[10.45750155620722,48.85991610693358],[10.457501558618292,48.859916104283656],[10.457501561166689,48.859916101482796],[10.457501561452176,48.85991610116903],[10.457501561464476,48.859916101168885],[10.495748804796719,48.85961237390138],[10.496114339264464,48.8597350970299],[10.50239546351403,48.915313255045795],[10.595261881933057,49.073354496233634],[10.670571679522533,49.14661762546724],[10.737327380440018,49.10954484472416],[10.73734274336089,49.109478956394646],[10.737349079901527,49.10945178025881],[10.73397946396429,49.107056464776925],[10.733414689613891,49.10623733403322],[10.733365190405712,49.105612994806066],[10.732243520158725,49.10381905047384],[10.722711393065714,49.09307896240358],[10.724099694703641,49.078631614382644],[10.79388728458419,49.01934574060039],[10.908453949191536,48.97271727194662],[10.910127172013427,48.97269137357901],[10.911070889840028,48.97358741204147],[10.91129855248023,48.97380356642769],[10.912239058769346,48.974035319917874],[10.912239058643571,48.97403532471774],[10.90858301519797,49.113391368129065],[10.909164204410594,49.11586215318989],[10.898671620654545,49.20241586785661],[10.883622012537831,49.33212702142643],[10.876127890958823,49.39325632411315],[10.876362712505763,49.39448038005316],[10.876593679050242,49.39560627379279],[10.874353703155705,49.40368550780428],[10.840567502582557,49.397955080468265],[10.774679682845244,49.37383874757771],[10.664922118209297,49.37999024840875],[10.55728462293562,49.420122917181686],[10.428844586341306,49.51247295086333],[10.275437807567195,49.62502729910922],[10.25808920838642,49.60833704414467]]]},"properties":{"art":"Netzbezirk","bezeichnung":"Ansbach","standort":"Ansbach"}},{"type":"Feature","geometry":{"type":"Polygon","coordinates":[[[10.557284632867493,49.420122926788586],[10.577750880346821,49.4344516943889],[10.603196604544648,49.43881660248422],[10.868322427544388,49.431300612956804],[10.991038870275588,49.44467309488767],[11.017640177771472,49.43013402628277],[11.028770144254397,49.428999921049225],[11.028838383267946,49.42897092148767],[11.02885550714443,49.42897067635987],[11.028855714765626,49.42897907922674],[11.028807679294841,49.42901098247692],[11.0284111892344,49.45425245589788],[11.029350696769766,49.45533797700788],[11.029443271515039,49.45545587223386],[11.031355653100517,49.45713537458528],[11.099896051640862,49.469785334398594],[11.104530450591081,49.47220659334027],[11.104181979005258,49.47352806360779],[11.104147072747972,49.47358573297999],[11.104298502724644,49.47364192104057],[11.105590822346395,49.47390230939126],[11.11098640436451,49.47491810357806],[11.111834738720685,49.47503528600074],[11.112008117128134,49.47506887564978],[11.112009822039214,49.475062972094115],[11.113233278696182,49.47532525162901],[11.11864343244004,49.47637111860525],[11.120057618644962,49.476488304197915],[11.12835822687374,49.47654457712783],[11.128438452376844,49.47652300593713],[11.129016230970018,49.47654864239607],[11.132452491545223,49.47651555578495],[11.13281215092076,49.47651199048471],[11.13336305917473,49.47611092742127],[11.133469733656908,49.476033266992594],[11.13918246906546,49.47740118117864],[11.13669829012936,49.479093142276554],[11.13533505585796,49.480372301456896],[11.250483338398741,49.57571003454332],[11.476254786077455,49.66206465221507],[11.47625479190193,49.66206465443314],[11.476254791931682,49.66206465444444],[11.476254797217472,49.662064656472026],[11.476254790401429,49.66206465616901],[11.476254790363134,49.66206465616731],[11.02446811260855,49.64109014380382],[11.02332039014194,49.641435550007344],[11.023182779445186,49.64146167799953],[11.021152352141456,49.64206282431866],[10.746035450437628,49.67874087781914],[10.388184393470612,49.70718172800811],[10.38818439052657,49.707181727683164],[10.388184390221143,49.707181727649456],[10.38818439007502,49.70718172763335],[10.314314558601952,49.699003363103216],[10.314314557409904,49.69900336009796],[10.314314557371606,49.69900336000142],[10.304958980487923,49.67540519541683],[10.304649218212814,49.6741370233748],[10.304358482578621,49.67276001431112],[10.275437816588866,49.62502730832371],[10.428844595890759,49.51247296030003],[10.557284632867493,49.420122926788586]]]},"properties":{"art":"Netzbezirk","bezeichnung":"Fürth (Bayern)","standort":"Fürth (Bayern)"}},{"type":"Feature","geometry":{"type":"Polygon","coordinates":[[[11.207998849676178,50.038196370886546],[11.207998849679004,50.03819637088092],[11.294479932976655,49.86593866505567],[11.476254790363134,49.66206465616731],[11.476254791892236,49.66206465444406],[11.47625479190193,49.66206465443314],[11.476254793611368,49.66206465255152],[11.56497562370836,49.66543585122204],[11.56841518335203,49.665312157640216],[11.570392876399234,49.66520514932159],[11.662742258227805,49.65644505219373],[11.662742258302035,49.656445052186676],[11.662742258376255,49.65644505217959],[11.662742259191711,49.65644505550773],[11.6883099088009,49.76054958317963],[11.873652772294026,49.83131184485185],[11.875405110766133,49.831901579597925],[12.184511250728844,49.92362112529562],[12.195705296914817,49.92302318181597],[12.195779565120883,49.92300622834652],[12.20037220394911,49.92726333914895],[12.201763802899206,49.928814355628994],[12.202372595855188,49.92990447366188],[12.293053148458425,50.03344064338183],[12.330719174909762,50.059848733813375],[12.330719174739057,50.05984873388739],[12.33071917456836,50.059848733961395],[12.266216022996911,50.08778171458921],[12.238550970405244,50.14114072318361],[12.128828109456045,50.09636563482227],[12.117626244522254,50.09184471918291],[12.117094012483216,50.089602365553134],[12.116528498314437,50.08735704405694],[11.994389409202084,50.08666537256326],[11.992647961356633,50.08751767665252],[11.99152196327389,50.088120759477405],[11.9907824122928,50.087718599518155],[11.701562628407945,50.003342573067066],[11.558755210056605,50.03609866580279],[11.555998552024842,50.03397182406937],[11.552909216341535,50.031781725590875],[11.471291165816895,50.06700169715834],[11.390565398794402,50.02449957878977],[11.207998849676178,50.038196370886546]]]},"properties":{"art":"Netzbezirk","bezeichnung":"Kirchenlaibach","standort":"Kirchenlaibach"}},{"type":"Feature","geometry":{"type":"Polygon","coordinates":[[[11.643410931125498,49.060938808919516],[11.817602195105362,48.93329607991662],[11.889604432464772,48.89269536904618],[11.889604432884235,48.89269536880933],[11.889401914345349,48.890362886622164],[11.889153051754167,48.88855564397455],[11.889153051139457,48.88855563951035],[11.944844805266149,48.83379582759734],[11.944844806701868,48.83379582618378],[11.944844806763344,48.83379582612325],[12.185397761652712,48.85452527510826],[12.188884885799444,48.85459613293236],[12.431929063945343,48.87077882510039],[12.435251960570012,48.87099517625071],[12.438707107702923,48.87117351817841],[12.506174899062207,48.850326980666956],[12.506174899096738,48.85032698067433],[12.604186845071782,48.87117320137302],[12.605588519729139,48.875732743086594],[12.807048273844591,48.913197632165705],[12.725339865177617,49.08072696025966],[12.378184158369004,49.16839027671719],[12.103302240217927,49.17800360498718],[12.102048891987671,49.1781798101224],[12.099854550744102,49.17858751290554],[11.981971097309103,49.206513434333566],[11.576488141527621,49.30104085777017],[11.502902077122076,49.20501048052216],[11.500717974988396,49.202066920539934],[11.513368710450662,49.169775982182564],[11.643410926767217,49.06093881237853],[11.643410929025334,49.06093881048331],[11.643410931125498,49.060938808919516]]]},"properties":{"art":"Netzbezirk","bezeichnung":"Regensburg","standort":"Regensburg"}},{"type":"Feature","geometry":{"type":"Polygon","coordinates":[[[11.77409032074226,48.43307471666827],[11.774090320590053,48.43307471597578],[11.77409032021229,48.433074714257096],[11.77409032020243,48.43307471421221],[11.774090320184976,48.43307471413285],[11.774090320179159,48.43307471410639],[11.784538246744088,48.409222581656124],[11.784628506848865,48.40799237439842],[11.784745877416059,48.40694548953625],[12.027573573320236,48.37758773435817],[12.02757357399194,48.377587734453876],[12.376704541955664,48.42675635418561],[12.377988690135377,48.42773174181618],[12.379074454236912,48.42854133981945],[12.546530116980467,48.63109403533955],[12.546530116920085,48.63109403548896],[12.546530115953184,48.631094037881034],[12.539355018360553,48.64883895614243],[12.53899116191423,48.649953346505356],[12.506174899062207,48.850326980666956],[12.438707107702923,48.87117351817841],[12.435251960570012,48.87099517625071],[12.431929063945343,48.87077882510039],[12.188884885799444,48.85459613293236],[12.185397761652712,48.85452527510826],[11.944844806763344,48.83379582612325],[11.82056155383221,48.51320622947598],[11.77842708450883,48.45279700877379],[11.77409032074226,48.43307471666827]]]},"properties":{"art":"Netzbezirk","bezeichnung":"Landshut","standort":"Landshut"}},{"type":"Feature","geometry":{"type":"Polygon","coordinates":[[[12.02757357399194,48.377587734453876],[12.027573573320236,48.37758773435817],[12.05725916221534,48.26780292048747],[12.057299111774235,48.266507685165365],[12.057388246897208,48.265362225866525],[12.053576337327264,48.26543902679533],[12.051509173824636,48.26548780229115],[12.051453147647177,48.2662075213386],[12.049074373954703,48.26632688498107],[12.04722402187662,48.26648884716026],[12.04580785903528,48.26663370575812],[12.043707930570937,48.26688898677034],[12.042468059191746,48.26708531071258],[12.041946413024881,48.26718394329254],[12.041595683269934,48.26546661213252],[12.0309145843072,48.246722039399955],[12.044213859952823,48.17936617320621],[12.044213860401124,48.17936617246413],[12.231655120869968,48.128567765269715],[12.231394499430852,48.12667230702878],[12.231229064052396,48.12505212778084],[12.412637192055534,48.00549035536113],[12.412637192373813,48.005490355393945],[12.546427440147106,48.01920578538668],[12.548729901319366,48.018191978836704],[12.55314192626134,48.01606137167887],[12.704783493827556,48.0736687316519],[12.707861954211491,48.075870134729804],[12.7099867907023,48.07772424243927],[12.82390174793102,48.07203163626917],[12.797440952643308,48.10340170801863],[12.797440957512228,48.10340171059029],[13.08572837685237,48.254838062380536],[13.273634821161073,48.285517502031915],[13.423638559492275,48.373640154333906],[13.437558289787424,48.404474467372566],[13.43755828725331,48.40447446752949],[13.326238589760441,48.41131315895533],[13.32476009964218,48.41188986264977],[13.323151325701184,48.4125472378502],[12.678296120729447,48.544962223356016],[12.662692466326229,48.640440839629676],[12.64021268559736,48.67517678965381],[12.639363088780849,48.67535412648336],[12.636056109199943,48.673996655615014],[12.6360561080672,48.67399665515002],[12.636246766129174,48.67347947425791],[12.636246767240053,48.67347947124452],[12.636246767240117,48.67347947124435],[12.546530116980467,48.63109403533955],[12.379074454236912,48.42854133981945],[12.377988690135377,48.42773174181618],[12.376704541955664,48.42675635418561],[12.02757357399194,48.377587734453876]]]},"properties":{"art":"Netzbezirk","bezeichnung":"Mühldorf","standort":"Mühldorf"}},{"type":"Feature","geometry":{"type":"Polygon","coordinates":[[[12.64021268559735,48.6751767898747],[12.662692466326222,48.64044083985136],[12.678296120729451,48.54496222358004],[13.32315132570118,48.412547238076655],[13.32476009964218,48.41188986287616],[13.326238589760443,48.41131315918174],[13.437558287352802,48.4044744677497],[13.437558289886907,48.40447446759281],[13.46913285043586,48.540159212193785],[13.469701906078816,48.54259685699377],[13.524648760939,48.57376888198397],[13.734237768421831,48.50557705324105],[13.83170379571584,48.57562820874452],[13.845596230104235,48.769543095646654],[13.748309617422922,48.895864423803125],[13.185544126403471,49.1772708902385],[13.185544126282991,49.17727089015511],[12.807048273856681,48.91319763216793],[12.807048273844591,48.913197632165705],[12.605588519729135,48.8757327433037],[12.60418684507178,48.87117320159003],[12.506174899096738,48.85032698067433],[12.538991161914227,48.64995334672699],[12.539355018360554,48.648838956364074],[12.546530116013539,48.63109403795369],[12.54653011698047,48.63109403556166],[12.636246767240117,48.67347947124435],[12.636246767309464,48.67347947127725],[12.636246766198584,48.67347947429066],[12.6360561080672,48.67399665515002],[12.636056109129083,48.67399665580721],[12.639363088780847,48.67535412670443],[12.64021268559735,48.6751767898747]]]},"properties":{"art":"Netzbezirk","bezeichnung":"Plattling","standort":"Plattling"}},{"type":"Feature","geometry":{"type":"Polygon","coordinates":[[[11.576488141544587,49.30104085779227],[11.981971097309112,49.206513434359884],[12.099854550744105,49.17858751293196],[12.102048891987675,49.178179810148784],[12.103302240217925,49.178003605013586],[12.378184158368995,49.16839027674359],[12.72533986517761,49.08072696028625],[12.807048273856681,48.91319763216793],[13.185544126282991,49.17727089015511],[13.031002599122504,49.306787760347575],[12.957447464055356,49.3511254217038],[12.831436833231002,49.354751972354855],[12.787367541797156,49.401707581339274],[12.427924112196733,49.406015104271745],[12.188538226328248,49.36392003952939],[12.128106550189113,49.37461859269905],[12.115623707222746,49.376675826074475],[12.11423756370203,49.377068844067075],[12.112320945809897,49.37768590082795],[12.085032083632646,49.40776091867081],[12.07966009838893,49.382487475058625],[12.079151003665052,49.38147820533483],[12.059869183461057,49.349133118971466],[11.898902941777681,49.41852649980818],[11.88126282431324,49.420990935792815],[11.872572416925825,49.42916249686296],[11.873142364673178,49.43677789231647],[11.872569191071847,49.43758342910985],[11.87202333809441,49.438235976312924],[11.87104231423314,49.43910551880106],[11.869949811085165,49.43998620923501],[11.8695819275142,49.440264908731685],[11.868718778988711,49.44098284441807],[11.867948154778212,49.44176867624861],[11.866219315880956,49.44407547305545],[11.864728067335362,49.44361988885493],[11.837408348792453,49.45087137301453],[11.602719015612431,49.43480859138579],[11.602719011158522,49.43480859107632],[11.576488141544587,49.30104085779227]]]},"properties":{"art":"Netzbezirk","bezeichnung":"Schwandorf","standort":"Schwandorf"}},{"type":"Feature","geometry":{"type":"Polygon","coordinates":[[[11.873142364673178,49.43677789231647],[11.872572416925825,49.42916249686296],[11.88126282431324,49.42099093576709],[11.898902941777681,49.418526499782374],[12.059869183461057,49.34913311894556],[12.079151003665055,49.38147820530892],[12.079660098388937,49.382487475032704],[12.085032083632646,49.407760918645],[12.112320945809895,49.37768590080208],[12.11423756370203,49.377068844041155],[12.115623707222749,49.37667582604867],[12.128106550189107,49.37461859267314],[12.188538226328252,49.36392003950349],[12.427924112196727,49.40601510424593],[12.787367541797156,49.401707581339274],[12.460826290188631,49.746442700446714],[12.460826293274728,49.746442705539216],[12.466644790118034,49.756041898802465],[12.564124942774914,49.91547767404558],[12.564124939708487,49.91547767820165],[12.517499038344798,49.97858323360296],[12.330719174909762,50.059848733813375],[12.293053148458425,50.03344064338183],[12.202372595855188,49.92990447366188],[12.201763802899206,49.928814355628994],[12.20037220394911,49.92726333914895],[12.195779565120883,49.92300622834652],[12.195705296914817,49.92302318181597],[12.184511250728844,49.92362112529562],[11.875405110766133,49.831901579597925],[11.873652772294026,49.83131184485185],[11.6883099088009,49.76054958317963],[11.662742259191711,49.65644505550773],[11.662742258376255,49.65644505217959],[11.6135782080553,49.527290661786374],[11.61274587472119,49.52630570292415],[11.611828811658224,49.525261118288455],[11.602719011158522,49.43480859107632],[11.602719015607331,49.43480859135987],[11.83740834879245,49.450871372988814],[11.86472806733536,49.44361988882924],[11.866219315880967,49.444075473029734],[11.867948154778206,49.44176867622292],[11.868718778988706,49.44098284439239],[11.869581927514197,49.440264908706006],[11.869949811085165,49.439986209209295],[11.87104231423314,49.439105518775364],[11.872023338094412,49.43823597628724],[11.872569191071848,49.43758342908415],[11.873142364673178,49.43677789231647]]]},"properties":{"art":"Netzbezirk","bezeichnung":"Weiden (Oberpfalz)","standort":"Weiden (Oberpfalz)"}},{"type":"Feature","geometry":{"type":"Polygon","coordinates":[[[9.483966271366306,49.759316848698596],[9.483966279030769,49.75931683381196],[9.483966288666625,49.75931681509625],[9.483966289957591,49.759316812588814],[9.483966290052628,49.75931681240244],[9.483966290052887,49.75931681240172],[9.542231635028005,49.60093782715079],[9.619678002990165,49.51002737234758],[9.619678033222787,49.51002733678322],[9.619678039626008,49.51002732925076],[9.61967803962766,49.51002732924879],[9.599697677429972,49.503755501529795],[9.599626813670715,49.503743917457015],[9.59962670829626,49.503743900231456],[9.598864143821173,49.503619240995775],[9.59823331897986,49.503516113439005],[9.596768227817394,49.50329808770427],[9.593988020355651,49.502893655775],[9.590629654546472,49.50240502198987],[9.590628943961626,49.50240491859022],[9.590312435645304,49.50235886188464],[9.590312402493286,49.502358857060464],[9.590312399877353,49.5023588566798],[9.590312399870093,49.50235885667873],[9.60859627665529,49.422627803876445],[9.757770271390767,49.39644487141956],[9.757770271489717,49.396444871402046],[9.7577702714905,49.3964448714019],[9.757770271902984,49.396444871327844],[9.98041602048257,49.35622995734853],[9.98071504087397,49.35629133652315],[9.982308623639808,49.35661843162967],[9.984574927785749,49.35724132224411],[10.027388169624869,49.35996153023455],[10.027388169695794,49.359961530316305],[10.02738816994875,49.35996153060784],[10.027388174208214,49.35996153551691],[10.027388207118442,49.359961573446],[10.063211059696785,49.40120679917133],[10.20552131100364,49.56450153305502],[10.20974612906862,49.56569706787378],[10.215098417448548,49.566916445418144],[10.275437807553299,49.625027299109234],[10.304358474065639,49.67276000557051],[10.304649209693626,49.674137014645126],[10.304958971999131,49.67540518669863],[10.314314551928693,49.69900335916012],[10.172636368483811,49.74453419535434],[10.172647114647573,49.745942837432324],[10.172619451582573,49.74757142206427],[10.272095017656559,49.882408866887296],[10.084959542768821,49.89470273626931],[10.081094818124187,49.89408084178699],[10.079249509360906,49.89355482959109],[10.07786203293865,49.8931379775283],[10.07569396897991,49.89266824383313],[9.935597238688652,49.87520240182591],[9.876452400191159,49.838532740564496],[9.87322302523267,49.8376683788414],[9.870480363520244,49.837046323557274],[9.776061676086524,49.91583954737805],[9.707707060330769,49.97756993645291],[9.70551420585712,49.97726527835515],[9.706945233331677,49.972775628303104],[9.706788053432991,49.972764065761694],[9.705286571851484,49.97259850235823],[9.575470921199084,49.99451810020145],[9.570396201292708,49.9935317024485],[9.56757613118466,49.992892065350865],[9.537191753318286,49.99670838437414],[9.313904880426072,49.95523624874342],[9.3139048421077,49.95523624158325],[9.313904840107604,49.95523624120951],[9.313904832790909,49.9552362398423],[9.313904832080103,49.95523623970949],[9.376115105438814,49.885219696141355],[9.45915216760603,49.79144044397003],[9.468364770775272,49.780958299827546],[9.470199194260445,49.78042092413816],[9.473322718882253,49.77998056175887],[9.483966271366306,49.759316848698596]]]},"properties":{"art":"Netzbezirk","bezeichnung":"Würzburg","standort":"Würzburg"}},{"type":"Feature","geometry":{"type":"Polygon","coordinates":[[[11.476254786033984,49.66206465221316],[11.476254786077455,49.66206465221507],[11.476254793611368,49.66206465255152],[11.476254791931682,49.66206465444444],[11.476254791921981,49.66206465445538],[11.476254790401429,49.66206465616901],[11.294479933023759,49.865938665065265],[11.207998849679004,50.03819637088092],[11.207998849676178,50.038196370886546],[11.087748580307125,50.15061620910865],[11.087402518250116,50.15138984158578],[11.086871246111452,50.152848062461466],[11.112453557372973,50.20278590077766],[11.080049789684878,50.20435750854147],[11.079782195115593,50.20433677186324],[11.078398757823951,50.20422955515169],[11.07645889450228,50.20404116807044],[10.983040750716945,50.17989417077017],[10.982769989556338,50.17998364743714],[10.981214367525308,50.18049770505393],[10.979260044784354,50.18125364010913],[10.979107435835237,50.18131266711175],[10.904989000857523,50.13912024872848],[10.615544475943766,50.219025121663655],[10.61554447460113,50.21902512203202],[10.61554447450319,50.2190251220439],[10.641753289819508,50.14304599601895],[10.699571458451034,49.97457977835461],[10.699571458557596,49.97457977804304],[10.698763506538535,49.97346785049534],[10.697974340404642,49.97247304707288],[10.433002002752739,49.86136860939631],[10.433002001382514,49.861368608818864],[10.393216925376947,49.78813957214626],[10.388184390221143,49.707181727649456],[10.388184389964195,49.70718172350799],[10.388184389786645,49.707181720646155],[10.746035443618608,49.67874087091],[11.021152346071583,49.642062818283364],[11.02318277338702,49.64146167196612],[11.023320384132061,49.641435543968264],[11.024468106541077,49.64109013776432],[11.476254786033984,49.66206465221316]]]},"properties":{"art":"Netzbezirk","bezeichnung":"Bamberg","standort":"Bamberg"}},{"type":"Feature","geometry":{"type":"Polygon","coordinates":[[[9.313904837242081,49.95523624442914],[9.313904839242184,49.9552362448029],[9.313904877560562,49.95523625196304],[9.537191756737641,49.99670838833516],[9.567576134589027,49.992892069276394],[9.570396204687642,49.993531706367605],[9.575470924588416,49.99451810410783],[9.705286575172451,49.97259850613231],[9.706788056751032,49.972764069532765],[9.706945233331677,49.972775628303104],[9.70551420585712,49.97726527835515],[9.70770706362931,49.977569940205704],[9.7760616795409,49.915839551239024],[9.870480367168108,49.83704632753519],[9.873223028877431,49.83766838281344],[9.87645240382836,49.838532744528415],[9.935597242109425,49.87520240556352],[9.932005317395332,49.92420660208549],[9.830816785698126,49.928437485758536],[9.755304851165109,50.02204858266155],[9.756893442310984,50.026157113798966],[9.760157856677923,50.03016752103318],[9.932213656877995,50.0596461114071],[9.903192822713615,50.10987377202373],[9.903011757295172,50.11502948894493],[9.902687915962366,50.11601673507287],[9.902319765576609,50.11773606088981],[10.00736659331239,50.41023633125851],[10.033198751084935,50.44633334283791],[10.033198751105449,50.44633334286656],[10.033198751784349,50.44633334381442],[9.660466325583126,50.284474036715515],[9.658550436008111,50.28461369800098],[9.65505771235322,50.28480307907261],[9.655057710696667,50.28480307664668],[9.655057710602621,50.28480307636949],[9.655057710601968,50.28480307636757],[9.646883779721353,50.26070038177602],[9.646883769424194,50.26070035489077],[9.646883769220388,50.260700354830554],[9.646883769180947,50.26070035481891],[9.61185701894835,50.250346367303464],[9.60847640238297,50.24835163618268],[9.60492013637465,50.24569402560065],[9.601835842994538,50.243231313749824],[9.600798594377038,50.242204191862065],[9.600623822008938,50.24217626088501],[9.597055644042882,50.2428769809201],[9.597055644037066,50.24287698091679],[9.264182836858621,50.052480668129796],[9.264182821046424,50.05248065902657],[9.264182819376586,50.05248065610316],[9.2672849134862,50.00770116772448],[9.268365035052712,50.006340874489894],[9.313904837242081,49.95523624442914]]]},"properties":{"art":"Netzbezirk","bezeichnung":"Gemünden (Main)","standort":"Gemünden (Main)"}},{"type":"Feature","geometry":{"type":"Polygon","coordinates":[[[10.615544474464258,50.21902512205458],[10.61554447450319,50.2190251220439],[10.615544474606848,50.21902512201547],[10.615544475949488,50.219025121647086],[10.904989000857523,50.13912024872848],[10.979107435800136,50.18131266712724],[10.979260044784354,50.18125364010913],[10.981214367461604,50.18049770505393],[10.982769989556338,50.17998364743714],[10.983040750695942,50.17989417078077],[11.076458894478478,50.204041168082334],[11.078398757751149,50.20422955515169],[11.079782195115593,50.20433677186324],[11.08004978966787,50.20435750853905],[11.112453557300174,50.20278590077766],[11.086871246043751,50.152848062471755],[11.087402518177315,50.15138984158578],[11.087748580252224,50.150616209091815],[11.207998849679004,50.03819637088092],[11.390565398794402,50.02449957878977],[11.471291165816895,50.06700169715834],[11.47129116614857,50.067001697402105],[11.547468022048417,50.12289793343479],[11.548087836501676,50.12378074895132],[11.548981749041742,50.12514844101965],[11.594529322260883,50.37355978425194],[11.64545463089911,50.4132581819427],[11.645454644525557,50.413258192552895],[11.645454644214924,50.41325819268401],[11.39804335930134,50.51720603818212],[11.39522901303291,50.5178625083289],[11.393200679315665,50.51825999241569],[11.35115875900993,50.51811634146224],[11.166507542792331,50.48721396315736],[11.164234338963483,50.487310963597885],[11.161779148057407,50.487348382583],[11.145759037533432,50.48574853727251],[11.060892434491556,50.45783402594658],[11.034462058085193,50.449120932982474],[11.033953323507559,50.40540982078108],[11.03389201598615,50.395451941710284],[11.033892015970471,50.39545193915719],[11.034709057197025,50.39322621568457],[11.034709057327692,50.393226215328596],[11.035185824983653,50.393356287581845],[11.042667893004426,50.38295806198602],[11.042667894187716,50.38295806034119],[11.042667895957582,50.38295805788088],[11.035762939226847,50.359658060608034],[11.035762935491409,50.35965806128589],[11.027621424849565,50.36113520299436],[11.023248593517312,50.36233192156528],[11.023248595426693,50.36233192900348],[11.023248596368196,50.36233193267116],[11.030908199086044,50.39215049205702],[11.031351295861825,50.39227800868885],[11.031351658325171,50.392278112999406],[11.031351663316084,50.39227811484505],[11.031351660914394,50.39227812215085],[11.031351659677613,50.39227812591304],[11.031307818946287,50.392411485952685],[11.030604452257682,50.394550971443586],[11.03060445219451,50.39455097142616],[11.029523055039109,50.39425313574661],[10.980353347781561,50.43335155091129],[10.980353347727853,50.43335155090398],[10.974274884265467,50.431315512757706],[10.960351153095294,50.42664975518955],[10.915930237063199,50.41174713228535],[10.915930236610055,50.41174713287977],[10.914354551594487,50.413813988748295],[10.914169092945686,50.41391775377545],[10.914169090084908,50.4139177525151],[10.912182909922976,50.413042687816976],[10.912182909554794,50.413042687654766],[10.9141380810197,50.403290767642936],[10.953638801196117,50.39115224111428],[10.95600851058824,50.378993534506996],[10.956300068359425,50.377497182743745],[10.956300069141076,50.37749717873196],[10.956300070664962,50.37749717091075],[10.515040504113749,50.32196033631077],[10.515040502859478,50.321960336150326],[10.51504050279058,50.3219603361415],[10.615544474464258,50.21902512205458]]]},"properties":{"art":"Netzbezirk","bezeichnung":"Kronach","standort":"Kronach"}},{"type":"Feature","geometry":{"type":"Polygon","coordinates":[[[10.314314558601952,49.699003363103216],[10.388184389818075,49.707181723491864],[10.388184389964195,49.70718172350799],[10.38818439026963,49.70718172354174],[10.388184393470612,49.70718172800811],[10.39321692848794,49.788139575402845],[10.433002002752739,49.86136860939631],[10.433002002887545,49.86136860964402],[10.433002003072875,49.8613686099846],[10.697974339879906,49.97247304685395],[10.697974340394929,49.97247304706882],[10.697974340404642,49.97247304707288],[10.698763508336233,49.97346785254534],[10.699571460349674,49.97457978008354],[10.615544475949488,50.219025121647086],[10.615544475943766,50.219025121663655],[10.515040504113749,50.32196033631077],[10.515040504107013,50.32196033631765],[10.515040503773733,50.321960336658115],[10.362292165562309,50.44412387558891],[10.359715634406252,50.446881973820936],[10.112406832456678,50.54565204851077],[10.112406832407393,50.54565204853036],[10.112406831506044,50.54565204808657],[10.112406831446673,50.545652048012315],[10.112406831414884,50.54565204797254],[10.03319875194475,50.446333344016026],[10.03319875124532,50.44633334303949],[10.033198751128609,50.44633334287652],[10.007366593328184,50.41023633125851],[9.902319765589624,50.11773606088952],[9.902687915975852,50.11601673507287],[9.903011757308269,50.11502948894552],[9.903192822725275,50.10987377202263],[9.932213656882274,50.05964611140422],[9.760157856687742,50.03016752103419],[9.756893442318122,50.02615711379719],[9.755304851173857,50.02204858266414],[9.83081678570849,49.92843748575864],[9.932005317405027,49.92420660208558],[9.935597242119105,49.875202405563414],[10.075693972155104,49.892668247272326],[10.077862036097043,49.89313798095921],[10.079249512528904,49.8935548330214],[10.081094821273986,49.894080845209714],[10.084959545923017,49.89470273968593],[10.27209502059556,49.88240887002531],[10.17261945520018,49.74757142583955],[10.172647118272579,49.745942841213626],[10.172636372112017,49.74453419914125],[10.314314558601952,49.699003363103216]]]},"properties":{"art":"Netzbezirk","bezeichnung":"Schweinfurt","standort":"Schweinfurt"}},{"type":"Feature","geometry":{"type":"Polygon","coordinates":[[[9.09963228645572,53.85135102917163],[9.411730593747965,53.711960404300704],[9.411730594885045,53.71196040378968],[9.574109568338825,53.66196576195278],[9.751730142377586,53.677819413743954],[9.752969553775365,53.67846098142081],[9.754692272319243,53.6793711867074],[9.976835534792817,53.72232239311915],[10.100061918980627,53.83080923474384],[9.933583716982593,53.91696989805283],[9.693035263824003,53.86421926390379],[9.69102344192238,53.86485949420371],[9.689597859255615,53.86534325604214],[9.609019936326728,53.91406232857522],[9.61655948752679,53.9603656132497],[9.621054794073817,53.99038438328183],[9.09713556621522,54.17240646552245],[9.09338115187446,54.17306731706523],[8.99089717975107,54.12311527589811],[8.89014384144364,54.0136843892666],[8.890143840974948,54.013684388756026],[8.956224893929223,53.95825085580875],[9.09963228645572,53.85135102917163]]]},"properties":{"art":"Netzbezirk","bezeichnung":"Itzehoe","standort":"Itzehoe"}},{"type":"Feature","geometry":{"type":"Polygon","coordinates":[[[9.035717733532637,51.93895362999204],[9.035717733510413,51.93895362929675],[9.035717733507825,51.93895362921567],[9.035717733488253,51.93895362860353],[9.031780081116375,51.81542298778774],[9.03333773966266,51.81342817055676],[9.034163771387718,51.8123234833511],[9.034163773513411,51.812323480508226],[9.060513890195004,51.81075612942647],[9.210804385165808,51.8017016013234],[9.210804393696105,51.801701603173484],[9.210804401364497,51.801701604837795],[9.602876748909292,51.885983191227055],[9.692423671546832,51.89952159222508],[9.692366548546708,51.897742403021304],[9.70178817863717,51.89765588688923],[9.707104406917203,51.89763632138741],[9.709007738567436,51.8975665693618],[9.710913746038402,51.89735256726961],[9.712402894165038,51.8971226507926],[9.713773049307258,51.8968175008],[9.714416148179895,51.89663493070226],[9.714712239182324,51.89658994414574],[9.715906044539429,51.89806153347102],[9.719725675125074,51.90101451057039],[9.610356236766428,52.09783688186751],[9.610218041818868,52.100120214965635],[9.655260694122894,52.12259254374097],[9.818764588534805,52.20419754351683],[9.818764618927784,52.20419755863694],[9.803713315228478,52.214541398747706],[9.649003028819662,52.31662684389569],[9.645530687545847,52.31744661204966],[9.381034203655167,52.34978714748761],[9.37782374985676,52.34986471476549],[9.375454128074121,52.34989092922361],[9.339038644068255,52.36398631564144],[9.339038641051426,52.36398631304111],[9.339038622377018,52.363986296908514],[9.146064752162602,52.196486919751706],[9.145858895047464,52.195475740286426],[9.145637907204385,52.194207969901385],[9.093661035927175,52.18965282148724],[9.093661034265535,52.18965282134082],[9.093661036688902,52.189652819250526],[9.256123448205575,52.04896409886693],[9.257883955931732,52.048230285647314],[9.259231231902328,52.04771167365802],[9.244525512536349,51.997145638173905],[9.244525511819187,51.99714563797493],[9.244525509376897,51.997145637297365],[9.035717733532637,51.93895362999204]]]},"properties":{"art":"Netzbezirk","bezeichnung":"Hameln","standort":"Hameln"}},{"type":"Feature","geometry":{"type":"Polygon","coordinates":[[[11.544206842483092,50.86883194376141],[11.573354001134703,50.79713606245399],[11.57449966589592,50.79576599146614],[11.576141247342449,50.79392541900215],[11.669801371582581,50.71501278498903],[11.67053396879318,50.714112296398405],[11.671505074177109,50.71283745514277],[11.63828185235934,50.62971432184665],[11.649458233893958,50.61127976085166],[11.65080889674567,50.611048574671294],[11.65307607150386,50.610764586683565],[11.767285995665487,50.60211381159554],[11.767285997529155,50.602113811453435],[11.767286007388929,50.60211381509671],[11.827883024521952,50.62487157237061],[12.023602515438634,50.698005306791984],[12.026311384026663,50.69774520129328],[12.181021194285202,50.68136688993315],[12.183941386550348,50.681126143430795],[12.241053481703425,50.69487727180837],[12.241053487171392,50.69487727312318],[12.24105350730202,50.69487727796374],[12.241053520973528,50.694877285626234],[12.260991461829992,50.738157626889766],[12.260991466078016,50.7381576361018],[12.260991468220706,50.73815764074833],[12.262410029242494,50.73847938353073],[12.26594734478716,50.73933337816473],[12.265947354210082,50.73933338043948],[12.265947369699802,50.739333384178764],[12.316045719561162,50.80175396721169],[12.316045727204424,50.801753976720015],[12.316045727644033,50.80175397726686],[12.316045730171144,50.80175398041062],[12.194372380963868,50.852338978973386],[12.156326140617669,50.854841690062415],[12.157347437684189,50.865664559770536],[12.159716149952768,50.867552650129774],[12.158940225065178,50.912945884373315],[12.275181847228044,51.01788556846656],[12.266874079286678,51.01998328921125],[12.263797133367605,51.02076002513631],[12.241202289252062,51.026460555522384],[12.233038422833422,51.02764671090244],[12.227790621889742,51.02840884974926],[12.226030582679279,51.02866440236628],[12.10702142881608,51.045876320075365],[12.105278449851728,51.04646576891075],[12.103576619722265,51.04700849088022],[11.759326848886387,50.982296607127914],[11.759326847590074,50.98229660687435],[11.759326846941907,50.982296606747575],[11.623867853494144,50.95570752631345],[11.621711165429755,50.95644214587829],[11.61944526702403,50.95731575896931],[11.553322653658077,50.938942702072],[11.552207324742595,50.93755900360769],[11.55149646264118,50.93613053797676],[11.544206842483092,50.86883194376141]]]},"properties":{"art":"Netzbezirk","bezeichnung":"Gera","standort":"Gera"}},{"type":"Feature","geometry":{"type":"Polygon","coordinates":[[[10.652201962715841,51.903557044069444],[10.654871953895052,51.897301048859944],[10.654871955252915,51.897301045677914],[10.654871955445595,51.89730103986985],[10.654871941803364,51.89730102929861],[10.654847866392664,51.897282373469956],[10.650292573135324,51.893752144106514],[10.650238672713705,51.89371036830583],[10.64949865413055,51.8931368026009],[10.611787062450837,51.86682938118654],[10.609348135146233,51.86512650477322],[10.449068373784508,51.752819605141966],[10.44906837372817,51.752819605102374],[10.449068373117033,51.75281960467263],[10.449068373023517,51.75281960460689],[10.449068372623767,51.752819604325786],[10.449068372207202,51.752819603994],[10.449068372317406,51.752819603963594],[10.449068372448755,51.75281960392736],[10.449068372468416,51.75281960392195],[10.449068372479477,51.75281960391887],[10.449068375273713,51.752819603148126],[10.77785845274681,51.66148902745182],[11.02845615671362,51.65324528056738],[11.062147736478373,51.652095798880154],[11.062147739260546,51.65209579887357],[11.062147738892948,51.65209580017423],[11.062147738892786,51.65209580017481],[11.041727037519822,51.72424000562095],[11.123107754415809,51.744520278910024],[11.124913530200661,51.74388624835352],[11.12792581339006,51.74269624015748],[11.24250355157233,51.77866301665516],[11.270050270416768,51.80188492579131],[11.198944450737546,51.86179419449955],[11.199109937502245,51.863153667763],[11.199315031926886,51.86410715163789],[11.370093922261594,51.97560988342174],[11.375635569253554,52.00846928289563],[11.375570832266892,52.0098104229028],[11.375482784189277,52.01084137280175],[11.036308442539733,52.09276418135402],[11.036308441867392,52.09276418119059],[11.036308441590213,52.092764181123215],[11.036308424723284,52.092764177023014],[10.920391379306098,52.06451058189703],[10.906267584444393,52.06526356535602],[10.902166006079492,52.0654230680671],[10.900519531476421,52.0655155942624],[10.899801526388565,52.065548646517875],[10.897302037728844,52.06570473255136],[10.894475714664988,52.065858834665455],[10.894475714184635,52.06585883376362],[10.894475706005347,52.065858818407314],[10.894470671674037,52.065849366640656],[10.894470671506872,52.065849366326816],[10.89447671386106,52.065838578376386],[10.89449593642976,52.0658042586189],[10.894975077721398,52.06577353792374],[10.899732741317623,52.065181803825915],[10.899732743374326,52.065181803570056],[10.89957322187682,52.06130599439168],[10.896983871208464,52.05880707726212],[10.896983871182742,52.05880707726069],[10.89698387096008,52.05880707724827],[10.600772374848482,52.041902729213305],[10.600772375104352,52.04190272846807],[10.60077237944256,52.041902715832876],[10.632421067861221,51.9495358458666],[10.632421068766805,51.94953584321825],[10.632582638015723,51.949472732883564],[10.652201962715841,51.903557044069444]]]},"properties":{"art":"Netzbezirk","bezeichnung":"Halberstadt","standort":"Halberstadt"}},{"type":"Feature","geometry":{"type":"Polygon","coordinates":[[[9.311674245367124,48.944526730654694],[9.203270882710932,48.8346832871979],[9.20185477266478,48.83391040250675],[9.188551409495114,48.82605546620951],[9.232851086306303,48.79978919158432],[9.234235295011539,48.79820219306728],[9.234240888516908,48.798136018157074],[9.234263110840477,48.79806670293183],[9.233426812286583,48.79787257552276],[9.229296369086681,48.7977957047533],[9.227468749669455,48.79870979420246],[9.231218795985088,48.795733652075825],[9.233504125671557,48.795219135796984],[9.237306649536196,48.794124295214345],[9.236831669763436,48.794166696404496],[9.23361018088183,48.79504394628434],[9.231251544525207,48.79541706254195],[9.230654602518715,48.79480766483901],[9.229840011969282,48.793680312364785],[9.21499446227365,48.778814349390174],[9.232951078549014,48.77917875891677],[9.241327835570264,48.77811518421293],[9.244146923456071,48.778374966730794],[9.247882431214526,48.77859416790898],[9.251247382868026,48.77784785254623],[9.253600235262274,48.776516577526706],[9.257881110041449,48.77440738683946],[9.260153094081693,48.772730669198275],[9.26397130635333,48.76742605621838],[9.264328749042024,48.7664922274892],[9.259650141247516,48.77272704100302],[9.257648012749971,48.77423600142914],[9.253225556943697,48.77589731110139],[9.250285943756225,48.77691673805323],[9.24758617114189,48.77761632213198],[9.241562551978758,48.77798747545105],[9.236521681248693,48.77691523660894],[9.211876732314133,48.77565551879231],[9.196153954494385,48.76161661277724],[9.223040188866378,48.69416161631302],[9.223509027493773,48.69249790703304],[9.22350903573556,48.69249790342979],[9.351366716060824,48.636466618247525],[9.352334610636133,48.635391412055576],[9.353297509519876,48.634379386943436],[9.357799283078851,48.633978099383164],[9.366873877839215,48.640225619191966],[9.368580824149786,48.65057023355211],[9.364984787907057,48.65147025219272],[9.365477500233785,48.65415229915518],[9.365582856735243,48.654836858876514],[9.36562531419899,48.65529291765533],[9.365640477009444,48.65575298515945],[9.365632390738362,48.65620980741894],[9.365523957338977,48.657528193053075],[9.365518058862408,48.65821725333546],[9.365676280822056,48.65877137963101],[9.366807040302875,48.661278209938025],[9.367907196486327,48.664106225587076],[9.36785036734583,48.66486122397143],[9.368263567284073,48.66463234952845],[9.369765501945054,48.66361863694794],[9.377415767657666,48.65515966210627],[9.383450016929077,48.597503015303964],[9.437921407129563,48.55202737803484],[9.463568542895002,48.52763435424666],[9.47809994259083,48.47387660886666],[9.478099942599346,48.47387660883513],[9.478099942729637,48.47387660840053],[9.478099943080073,48.47387660901632],[9.561218464944996,48.619474312957315],[9.547423193279544,48.63068354951701],[9.547088826612306,48.633171702760144],[9.547088827367086,48.63317170338025],[9.549385977105029,48.63505888664157],[9.576213109718289,48.635117910013776],[9.60013694847854,48.633152641828694],[9.668005669830094,48.62754956646012],[9.770396600067096,48.67659822502492],[9.77188091250927,48.67736209931663],[9.869466753186375,48.676741949182706],[9.869466753621055,48.67674194990848],[9.89317021407217,48.716284439957846],[9.726197557948998,48.75636835178562],[9.649828229536864,48.79157326592031],[9.648942652071154,48.792446891791705],[9.648099641759254,48.79371953930911],[9.63481876850327,48.83038135957099],[9.631068973797888,48.907521526483414],[9.621125594612899,48.972893019717006],[9.621192181447405,48.97401340975503],[9.629183118632968,49.052215386377405],[9.629183118595897,49.05221538637638],[9.297341834555207,48.95798272459099],[9.297341825713168,48.95798272206262],[9.313114982669541,48.946880332942],[9.31229157274973,48.94537330901407],[9.311674245367124,48.944526730654694]]]},"properties":{"art":"Netzbezirk","bezeichnung":"Plochingen","standort":"Plochingen"}},{"type":"Feature","geometry":{"type":"Polygon","coordinates":[[[9.550721340920251,47.537727310784696],[9.550540096510494,47.53756437082596],[9.548296941118576,47.535547650801966],[9.548296938825455,47.53554764874024],[9.598959019153805,47.53599250871745],[9.736515016158744,47.53093965760736],[9.769487487402323,47.58095794725216],[9.814597915487699,47.580834131535624],[9.805203308522564,47.5420264795021],[9.840918915902066,47.53513782666988],[9.877027093351744,47.524537954360305],[9.881540421211312,47.543219142101535],[9.903323036247405,47.540304899206994],[9.92000352104732,47.52758589229517],[9.941589801569664,47.5344758908888],[9.96297992913881,47.5326211132321],[9.964096132453962,47.51988399117539],[9.986528960750599,47.50452495934626],[9.987577521628262,47.49824751502638],[9.995654298110162,47.48284606418809],[10.005862408818665,47.47900440544491],[10.038238066684555,47.48715623907275],[10.052536755215627,47.4754703541659],[10.052536756198604,47.47547035336229],[10.04971822186621,47.47037851444588],[10.04971821875005,47.47037850881577],[10.053446811629312,47.46553650793099],[10.063847508163851,47.462551526289865],[10.067625137113009,47.46009706010735],[10.069538524595949,47.45538679488337],[10.08062603900335,47.45445800621024],[10.089849213344797,47.458836701535816],[10.093528794031272,47.45137288081062],[10.09235148416491,47.44214942844872],[10.093232694072157,47.43989090840925],[10.105598956467661,47.4287201107103],[10.105598961289292,47.42872010635362],[10.100339287977175,47.42689774900451],[10.090978141274626,47.41739073606572],[10.073218505443194,47.415332445638576],[10.06819171337799,47.40976433331408],[10.06819170950834,47.40976432902719],[10.069980657258181,47.40709876204043],[10.081664003759801,47.40140535105616],[10.082863557943352,47.39396814518545],[10.099865625355418,47.35476556893093],[10.119349269467545,47.37561673911527],[10.13793496354141,47.36789105430897],[10.14521272149378,47.36565918664592],[10.170259279376634,47.36856975294938],[10.171338525442115,47.382523313550486],[10.185860145781277,47.38876806678258],[10.193905926969997,47.38850238873272],[10.198840873699481,47.38199758997284],[10.212352391307206,47.379799529969425],[10.228345800312292,47.38644320539589],[10.233742377021157,47.38259004566427],[10.23374237793839,47.38259004500932],[10.231797314557598,47.37882462759065],[10.23179731156613,47.37882462179905],[10.236293520574264,47.37335455395663],[10.236293523186935,47.3733545507777],[10.229228961705482,47.36817129356647],[10.224013346017873,47.36173697425227],[10.215982922737924,47.355210945878305],[10.194897880252983,47.32580384487321],[10.194897876306497,47.3258038393656],[10.210390322870598,47.31318442331012],[10.21039032600919,47.313184420752755],[10.18978535036577,47.29708304405743],[10.17542862890807,47.298554039571954],[10.169744024682945,47.26957734244741],[10.179876154803774,47.26984509420423],[10.2016578118682,47.274386590871735],[10.22089088656666,47.27433286658581],[10.232859750372342,47.26886088435417],[10.282508079499095,47.28630216461734],[10.340594595072318,47.30719749117743],[10.352070227982924,47.31537338573052],[10.402212844348606,47.37368752982457],[10.441067841455562,47.37873750097132],[10.445678837774215,47.404556669294195],[10.446145233514773,47.40716680495982],[10.44614523464293,47.407166805646064],[10.48292762415852,47.42952523118764],[10.482927622806177,47.42952523568956],[10.466416745792907,47.48443366509696],[10.442243714484993,47.50005249089307],[10.442243716375936,47.50005249760272],[10.451662633107757,47.53345117859323],[10.461866810143697,47.54669875919448],[10.481490726683223,47.53716093584647],[10.574828122414335,47.53166511732357],[10.599135560028111,47.56596859955284],[10.613364147636302,47.56411729820672],[10.6133641418433,47.56411730581058],[10.584764919429936,47.60162663260852],[10.51100004181393,47.698096901040095],[10.612356564033313,47.8183203094266],[10.613615978532524,47.8218716325792],[10.614446158072486,47.82689000585085],[10.33442763260368,48.0109131187367],[10.334764120430362,48.013719027835265],[10.335121298758283,48.01631973209311],[10.237192686908493,48.21991818847122],[10.237192686828621,48.21991818844905],[10.237192686808733,48.219918188443536],[10.106210864678202,48.183419467179675],[10.102825654207845,48.183017565035485],[10.03897688558861,48.15555323186859],[10.038976875585096,48.155553224885026],[10.038976875336635,48.15555322435367],[9.924664655350794,47.909834584082105],[9.87138567711328,47.79521257337755],[9.871202280768713,47.79405340742898],[9.870973545678345,47.79290690238577],[9.870973535405527,47.79290685089341],[9.681233512535627,47.684270311063436],[9.606761097094443,47.586014964797634],[9.605131626686982,47.585574585323045],[9.603483037558668,47.585104973503334],[9.550721340920251,47.537727310784696]]]},"properties":{"art":"Netzbezirk","bezeichnung":"Kempten (Allgäu)","standort":"Kempten (Allgäu)"}},{"type":"Feature","geometry":{"type":"Polygon","coordinates":[[[9.391335732526816,51.68939769711541],[9.368131378861781,51.62916797013981],[9.368131376731787,51.6291679646035],[9.368131376731313,51.62916796460225],[9.368131376736725,51.62916796459966],[9.48275034001545,51.64852067169239],[9.48275034002332,51.64852067169373],[9.56636672812535,51.50054851216655],[9.566407700709437,51.50053663378713],[9.56642081040666,51.50053283314488],[9.72317236688188,51.45493888819134],[9.723413540684835,51.45486850827655],[9.724424768683907,51.45409890111181],[9.725099535038433,51.45359246435036],[9.725879246178296,51.45302450798333],[9.725998196393968,51.45300491414251],[9.789296566533018,51.44255879543147],[9.790664391133767,51.44173492557578],[9.792215484886075,51.440992635290606],[9.802895160388585,51.38530959098866],[9.80075278049177,51.38455997078415],[9.79966725009015,51.3841562393136],[9.784120368281172,51.29125682024683],[9.788931450048812,51.28536244376306],[9.801766616450067,51.26962889770588],[9.802270372648561,51.264519089159954],[9.802843238107815,51.258706961926435],[9.802843238572096,51.25870695721548],[9.804877770082959,51.25867093924641],[9.80680087775713,51.25850178478207],[9.808467285915452,51.258152757834594],[9.812723200011293,51.2571168353654],[9.818598970480927,51.25399819586041],[9.81965993883909,51.253988238895204],[9.825023255345531,51.25393776356816],[9.87100824116786,51.254718366129865],[9.87573649061228,51.254797604232294],[9.945121581488063,51.25521959891504],[9.962495381430305,51.2553188244013],[9.980896130469139,51.25542110231263],[9.980896144397112,51.255421102388944],[9.980896145335102,51.2554211023941],[9.981463092993621,51.25789236554328],[9.981569593758552,51.259166105964546],[9.981825233194783,51.26132421612796],[9.981854505383211,51.261571318366784],[10.051604308156978,51.29506332365555],[10.051604317946309,51.29506332834974],[10.05160431950049,51.295063329095015],[10.051604319542566,51.29506332911518],[10.051604319562834,51.29506332912492],[10.051604314704123,51.295063332870804],[9.946321217749412,51.37500429845988],[9.9463212176532,51.375004302167795],[9.946293169303337,51.37608533095846],[9.94631510129398,51.377324043947795],[9.946315100547736,51.377324045081366],[9.941479249671001,51.38466878880406],[9.941479251030685,51.38466879000211],[9.941479252706426,51.38466879053939],[10.2266779330165,51.47558379411712],[10.25797538791837,51.485550226593695],[10.279874298575786,51.49722159698208],[10.3689095513403,51.55743994677655],[10.368909549966085,51.55743995178546],[10.368909547133937,51.5574399543026],[10.324006377246874,51.59730539894498],[10.324006378331351,51.59730540039618],[10.324006380366654,51.59730540126572],[10.344761752062352,51.60616924716659],[10.339908265659586,51.633253201644656],[10.340340310400538,51.634229038816166],[10.343510321283008,51.63588571461073],[10.355084195642572,51.64139118724491],[10.449068366676272,51.75281959710287],[10.449068371910252,51.752819603290725],[10.449068372408565,51.75281960387987],[10.449068372448755,51.75281960392736],[10.449068372942332,51.7528196045109],[10.449068373023517,51.75281960460689],[10.449068373496639,51.75281960516624],[10.449068368618697,51.752819606367815],[10.449068365188655,51.75281960718213],[10.214251063643948,51.80826598215137],[10.185920722917835,51.80609093932148],[9.967629618868118,51.758313327797445],[9.96593074275143,51.758448578568704],[9.9639482598315,51.758644275963405],[9.961976607270724,51.760789811649836],[9.936192963281867,51.781422258829515],[9.934511278719306,51.78127660386303],[9.932530310745687,51.781083187375614],[9.45844733361255,51.74713623960549],[9.410717095186545,51.69666904221138],[9.404687369346547,51.69193272067704],[9.402568978594534,51.691990826465045],[9.402015667858791,51.6920138375577],[9.398416815681559,51.692178452176144],[9.391335732526816,51.68939769711541]]]},"properties":{"art":"Netzbezirk","bezeichnung":"Göttingen","standort":"Göttingen"}},{"type":"Feature","geometry":{"type":"Polygon","coordinates":[[[8.290704180793668,49.63370733090995],[8.267814493919113,49.60964858188776],[8.268534271742173,49.60700121802229],[8.26148060941595,49.5131879600052],[8.26142980604441,49.51196542679749],[8.401823824144454,49.438031475045634],[8.401882961557744,49.43801020199739],[8.403738222114002,49.43714413440031],[8.483789578963698,49.360984744005535],[8.49015499609385,49.275796194952285],[8.446052608639732,49.250175068496034],[8.4979359309787,49.2109831356165],[8.49912009533071,49.210855569677975],[8.499652183055577,49.21081860938132],[8.500972335638336,49.20678392253337],[8.514987509238575,49.177565056239814],[8.536824886443192,49.17602922264999],[8.538452893142429,49.1769598454799],[8.539938875632,49.17799390804014],[8.539938876196285,49.177993908432796],[8.610803775518034,49.38252597197828],[8.572348822577046,49.43698411719444],[8.570822694781986,49.43817901051288],[8.569705237362205,49.43884407004783],[8.564162376063718,49.44102101167075],[8.554311065947989,49.444542455167586],[8.554318112300749,49.444559609098974],[8.554321630103717,49.444568171523905],[8.554565442736104,49.444550829421566],[8.555053057628362,49.444516144375015],[8.558459342313165,49.44340192857625],[8.559676334341544,49.44482034726226],[8.55739235235388,49.474732473472805],[8.571364453937868,49.50503685287756],[8.565976816429528,49.59314914830053],[8.564529687503178,49.59914030294451],[8.533656888284797,49.60729497981325],[8.526662165436115,49.6116233093267],[8.514826738903809,49.6189443402706],[8.512722751527487,49.620245443965615],[8.511558100965827,49.62030216337067],[8.503774704859588,49.62068091660823],[8.499292201449132,49.62089880257626],[8.499292196149579,49.62089880283375],[8.4992921871304,49.620898803272],[8.499292186599918,49.62089880329777],[8.48373356058109,49.575897880140715],[8.483733555688397,49.57589786596271],[8.483733551018954,49.575897852431616],[8.483733543881458,49.575897831748634],[8.481879012062956,49.57590938073794],[8.477395193389949,49.576234229813146],[8.384359158864285,49.6493235307494],[8.383999345748082,49.65158857745331],[8.383999359370053,49.65158861161586],[8.38400536360115,49.651603669626446],[8.384270186039277,49.65226780823087],[8.384846316551323,49.653712603663834],[8.384846323232122,49.65371262041718],[8.382683361596753,49.65759123930271],[8.368230358963999,49.683486964830955],[8.366577588583034,49.686446734783836],[8.359148132499337,49.70129816395002],[8.357288590417868,49.70222241733983],[8.329175017403795,49.71911440941884],[8.327589055318926,49.7196219692224],[8.325562537793486,49.72017381212819],[8.316002769813375,49.72476199123652],[8.310223085178668,49.72767515041768],[8.241638093501399,49.74198680468527],[8.240813905034575,49.74117854756321],[8.239471233914852,49.74002054543074],[8.23600605174169,49.70560067548636],[8.226921604392178,49.67494586314634],[8.234444606916298,49.65849516742242],[8.290972196487116,49.63607848477834],[8.290704180793668,49.63370733090995]]]},"properties":{"art":"Netzbezirk","bezeichnung":"Ludwigshafen (Rhein)","standort":"Ludwigshafen (Rhein)"}}]}