{"type":"FeatureCollection","features":[{"type":"Feature","geometry":{"type":"Point","coordinates":[6.75,50.95]},"properties":{"pop":60861}},{"type":"Feature","geometry":{"type":"Point","coordinates":[14.55,52.050000000000004]},"properties":{"pop":1343}},{"type":"Feature","geometry":{"type":"Point","coordinates":[7.75,49.45]},"properties":{"pop":76428}},{"type":"Feature","geometry":{"type":"Point","coordinates":[6.65,50.85]},"properties":{"pop":28634}},{"type":"Feature","geometry":{"type":"Point","coordinates":[6.550000000000001,50.85]},"properties":{"pop":22995}},{"type":"Feature","geometry":{"type":"Point","coordinates":[6.65,50.95]},"properties":{"pop":57858}},{"type":"Feature","geometry":{"type":"Point","coordinates":[6.75,50.85]},"properties":{"pop":32427}},{"type":"Feature","geometry":{"type":"Point","coordinates":[13.75,51.25]},"properties":{"pop":6279}},{"type":"Feature","geometry":{"type":"Point","coordinates":[13.850000000000001,51.25]},"properties":{"pop":3875}},{"type":"Feature","geometry":{"type":"Point","coordinates":[6.75,49.95]},"properties":{"pop":5708}},{"type":"Feature","geometry":{"type":"Point","coordinates":[6.25,51.25]},"properties":{"pop":35087}},{"type":"Feature","geometry":{"type":"Point","coordinates":[6.25,51.150000000000006]},"properties":{"pop":26434}},{"type":"Feature","geometry":{"type":"Point","coordinates":[9.35,49.650000000000006]},"properties":{"pop":5286}},{"type":"Feature","geometry":{"type":"Point","coordinates":[9.35,49.75]},"properties":{"pop":8567}},{"type":"Feature","geometry":{"type":"Point","coordinates":[9.450000000000001,49.75]},"properties":{"pop":13529}},{"type":"Feature","geometry":{"type":"Point","coordinates":[9.450000000000001,49.650000000000006]},"properties":{"pop":7097}},{"type":"Feature","geometry":{"type":"Point","coordinates":[6.15,51.25]},"properties":{"pop":21305}},{"type":"Feature","geometry":{"type":"Point","coordinates":[6.15,51.150000000000006]},"properties":{"pop":14066}},{"type":"Feature","geometry":{"type":"Point","coordinates":[6.050000000000001,51.25]},"properties":{"pop":129}},{"type":"Feature","geometry":{"type":"Point","coordinates":[9.55,48.35]},"properties":{"pop":3287}},{"type":"Feature","geometry":{"type":"Point","coordinates":[9.450000000000001,48.35]},"properties":{"pop":5520}},{"type":"Feature","geometry":{"type":"Point","coordinates":[9.55,48.45]},"properties":{"pop":7271}},{"type":"Feature","geometry":{"type":"Point","coordinates":[9.450000000000001,48.45]},"properties":{"pop":13988}},{"type":"Feature","geometry":{"type":"Point","coordinates":[11.25,49.25]},"properties":{"pop":11522}},{"type":"Feature","geometry":{"type":"Point","coordinates":[11.350000000000001,49.25]},"properties":{"pop":10725}},{"type":"Feature","geometry":{"type":"Point","coordinates":[9.75,47.650000000000006]},"properties":{"pop":16373}},{"type":"Feature","geometry":{"type":"Point","coordinates":[11.25,49.650000000000006]},"properties":{"pop":10338}},{"type":"Feature","geometry":{"type":"Point","coordinates":[11.25,49.35]},"properties":{"pop":21722}},{"type":"Feature","geometry":{"type":"Point","coordinates":[9.850000000000001,47.650000000000006]},"properties":{"pop":24356}},{"type":"Feature","geometry":{"type":"Point","coordinates":[9.75,47.75]},"properties":{"pop":12624}},{"type":"Feature","geometry":{"type":"Point","coordinates":[9.850000000000001,47.75]},"properties":{"pop":10667}},{"type":"Feature","geometry":{"type":"Point","coordinates":[12.350000000000001,51.35]},"properties":{"pop":199637}},{"type":"Feature","geometry":{"type":"Point","coordinates":[12.450000000000001,51.35]},"properties":{"pop":167442}},{"type":"Feature","geometry":{"type":"Point","coordinates":[12.450000000000001,51.45]},"properties":{"pop":15891}},{"type":"Feature","geometry":{"type":"Point","coordinates":[12.55,51.35]},"properties":{"pop":25682}},{"type":"Feature","geometry":{"type":"Point","coordinates":[12.350000000000001,51.45]},"properties":{"pop":16812}},{"type":"Feature","geometry":{"type":"Point","coordinates":[12.55,51.45]},"properties":{"pop":5227}},{"type":"Feature","geometry":{"type":"Point","coordinates":[10.55,53.550000000000004]},"properties":{"pop":5761}},{"type":"Feature","geometry":{"type":"Point","coordinates":[10.450000000000001,53.550000000000004]},"properties":{"pop":14464}},{"type":"Feature","geometry":{"type":"Point","coordinates":[10.55,53.45]},"properties":{"pop":4922}},{"type":"Feature","geometry":{"type":"Point","coordinates":[10.350000000000001,47.75]},"properties":{"pop":58664}},{"type":"Feature","geometry":{"type":"Point","coordinates":[10.350000000000001,47.85]},"properties":{"pop":6943}},{"type":"Feature","geometry":{"type":"Point","coordinates":[9.850000000000001,50.75]},"properties":{"pop":5142}},{"type":"Feature","geometry":{"type":"Point","coordinates":[12.25,51.35]},"properties":{"pop":74232}},{"type":"Feature","geometry":{"type":"Point","coordinates":[12.25,51.45]},"properties":{"pop":13362}},{"type":"Feature","geometry":{"type":"Point","coordinates":[8.85,54.75]},"properties":{"pop":12078}},{"type":"Feature","geometry":{"type":"Point","coordinates":[8.85,54.85]},"properties":{"pop":4251}},{"type":"Feature","geometry":{"type":"Point","coordinates":[8.75,54.75]},"properties":{"pop":1276}},{"type":"Feature","geometry":{"type":"Point","coordinates":[8.75,54.85]},"properties":{"pop":2442}},{"type":"Feature","geometry":{"type":"Point","coordinates":[13.75,51.85]},"properties":{"pop":4964}},{"type":"Feature","geometry":{"type":"Point","coordinates":[13.65,51.85]},"properties":{"pop":3987}},{"type":"Feature","geometry":{"type":"Point","coordinates":[13.65,51.95]},"properties":{"pop":2209}},{"type":"Feature","geometry":{"type":"Point","coordinates":[13.55,51.85]},"properties":{"pop":1331}},{"type":"Feature","geometry":{"type":"Point","coordinates":[13.75,51.95]},"properties":{"pop":2445}},{"type":"Feature","geometry":{"type":"Point","coordinates":[13.75,51.75]},"properties":{"pop":1758}},{"type":"Feature","geometry":{"type":"Point","coordinates":[8.65,53.35]},"properties":{"pop":6722}},{"type":"Feature","geometry":{"type":"Point","coordinates":[8.75,53.35]},"properties":{"pop":5282}},{"type":"Feature","geometry":{"type":"Point","coordinates":[13.15,52.95]},"properties":{"pop":2124}},{"type":"Feature","geometry":{"type":"Point","coordinates":[13.15,52.85]},"properties":{"pop":3056}},{"type":"Feature","geometry":{"type":"Point","coordinates":[13.25,52.85]},"properties":{"pop":4394}},{"type":"Feature","geometry":{"type":"Point","coordinates":[13.25,52.95]},"properties":{"pop":2783}},{"type":"Feature","geometry":{"type":"Point","coordinates":[13.350000000000001,52.85]},"properties":{"pop":2701}},{"type":"Feature","geometry":{"type":"Point","coordinates":[13.350000000000001,52.95]},"properties":{"pop":6757}},{"type":"Feature","geometry":{"type":"Point","coordinates":[13.65,53.75]},"properties":{"pop":1403}},{"type":"Feature","geometry":{"type":"Point","coordinates":[13.25,51.550000000000004]},"properties":{"pop":6790}},{"type":"Feature","geometry":{"type":"Point","coordinates":[13.450000000000001,51.550000000000004]},"properties":{"pop":5124}},{"type":"Feature","geometry":{"type":"Point","coordinates":[13.350000000000001,51.550000000000004]},"properties":{"pop":3893}},{"type":"Feature","geometry":{"type":"Point","coordinates":[13.350000000000001,51.650000000000006]},"properties":{"pop":2578}},{"type":"Feature","geometry":{"type":"Point","coordinates":[10.55,47.95]},"properties":{"pop":6224}},{"type":"Feature","geometry":{"type":"Point","coordinates":[10.450000000000001,47.95]},"properties":{"pop":3836}},{"type":"Feature","geometry":{"type":"Point","coordinates":[10.75,50.45]},"properties":{"pop":11485}},{"type":"Feature","geometry":{"type":"Point","coordinates":[10.65,50.45]},"properties":{"pop":3258}},{"type":"Feature","geometry":{"type":"Point","coordinates":[10.850000000000001,50.45]},"properties":{"pop":7111}},{"type":"Feature","geometry":{"type":"Point","coordinates":[12.75,48.75]},"properties":{"pop":6779}},{"type":"Feature","geometry":{"type":"Point","coordinates":[7.25,51.25]},"properties":{"pop":131929}},{"type":"Feature","geometry":{"type":"Point","coordinates":[7.15,51.25]},"properties":{"pop":173267}},{"type":"Feature","geometry":{"type":"Point","coordinates":[7.25,51.35]},"properties":{"pop":46587}},{"type":"Feature","geometry":{"type":"Point","coordinates":[7.3500000000000005,51.25]},"properties":{"pop":36912}},{"type":"Feature","geometry":{"type":"Point","coordinates":[8.450000000000001,49.85]},"properties":{"pop":28034}},{"type":"Feature","geometry":{"type":"Point","coordinates":[8.55,49.85]},"properties":{"pop":49249}},{"type":"Feature","geometry":{"type":"Point","coordinates":[8.55,49.75]},"properties":{"pop":16672}},{"type":"Feature","geometry":{"type":"Point","coordinates":[9.25,54.75]},"properties":{"pop":5231}},{"type":"Feature","geometry":{"type":"Point","coordinates":[9.25,54.85]},"properties":{"pop":358}},{"type":"Feature","geometry":{"type":"Point","coordinates":[9.15,54.85]},"properties":{"pop":1669}},{"type":"Feature","geometry":{"type":"Point","coordinates":[7.8500000000000005,49.650000000000006]},"properties":{"pop":7876}},{"type":"Feature","geometry":{"type":"Point","coordinates":[11.950000000000001,48.550000000000004]},"properties":{"pop":6480}},{"type":"Feature","geometry":{"type":"Point","coordinates":[12.05,48.550000000000004]},"properties":{"pop":18402}},{"type":"Feature","geometry":{"type":"Point","coordinates":[9.15,54.150000000000006]},"properties":{"pop":10610}},{"type":"Feature","geometry":{"type":"Point","coordinates":[9.05,54.150000000000006]},"properties":{"pop":14499}},{"type":"Feature","geometry":{"type":"Point","coordinates":[6.8500000000000005,50.25]},"properties":{"pop":5474}},{"type":"Feature","geometry":{"type":"Point","coordinates":[6.95,50.35]},"properties":{"pop":5398}},{"type":"Feature","geometry":{"type":"Point","coordinates":[9.850000000000001,49.75]},"properties":{"pop":25703}},{"type":"Feature","geometry":{"type":"Point","coordinates":[11.25,51.45]},"properties":{"pop":11236}},{"type":"Feature","geometry":{"type":"Point","coordinates":[8.65,49.25]},"properties":{"pop":52267}},{"type":"Feature","geometry":{"type":"Point","coordinates":[8.75,49.25]},"properties":{"pop":38235}},{"type":"Feature","geometry":{"type":"Point","coordinates":[8.75,49.35]},"properties":{"pop":35799}},{"type":"Feature","geometry":{"type":"Point","coordinates":[14.65,51.95]},"properties":{"pop":13915}},{"type":"Feature","geometry":{"type":"Point","coordinates":[7.550000000000001,49.45]},"properties":{"pop":21141}},{"type":"Feature","geometry":{"type":"Point","coordinates":[7.65,49.45]},"properties":{"pop":29021}},{"type":"Feature","geometry":{"type":"Point","coordinates":[7.3500000000000005,51.35]},"properties":{"pop":72492}},{"type":"Feature","geometry":{"type":"Point","coordinates":[7.3500000000000005,51.45]},"properties":{"pop":131926}},{"type":"Feature","geometry":{"type":"Point","coordinates":[10.350000000000001,54.35]},"properties":{"pop":6636}},{"type":"Feature","geometry":{"type":"Point","coordinates":[10.850000000000001,53.650000000000006]},"properties":{"pop":4559}},{"type":"Feature","geometry":{"type":"Point","coordinates":[8.75,52.45]},"properties":{"pop":4297}},{"type":"Feature","geometry":{"type":"Point","coordinates":[8.75,52.550000000000004]},"properties":{"pop":1905}},{"type":"Feature","geometry":{"type":"Point","coordinates":[13.05,53.75]},"properties":{"pop":1094}},{"type":"Feature","geometry":{"type":"Point","coordinates":[12.950000000000001,53.75]},"properties":{"pop":2878}},{"type":"Feature","geometry":{"type":"Point","coordinates":[8.15,49.35]},"properties":{"pop":49314}},{"type":"Feature","geometry":{"type":"Point","coordinates":[7.45,51.35]},"properties":{"pop":99105}},{"type":"Feature","geometry":{"type":"Point","coordinates":[12.65,48.95]},"properties":{"pop":14169}},{"type":"Feature","geometry":{"type":"Point","coordinates":[8.85,50.35]},"properties":{"pop":20663}},{"type":"Feature","geometry":{"type":"Point","coordinates":[8.950000000000001,50.35]},"properties":{"pop":11804}},{"type":"Feature","geometry":{"type":"Point","coordinates":[8.950000000000001,50.45]},"properties":{"pop":8460}},{"type":"Feature","geometry":{"type":"Point","coordinates":[10.950000000000001,48.25]},"properties":{"pop":25799}},{"type":"Feature","geometry":{"type":"Point","coordinates":[9.35,52.35]},"properties":{"pop":23767}},{"type":"Feature","geometry":{"type":"Point","coordinates":[11.950000000000001,50.150000000000006]},"properties":{"pop":4614}},{"type":"Feature","geometry":{"type":"Point","coordinates":[13.65,51.35]},"properties":{"pop":4435}},{"type":"Feature","geometry":{"type":"Point","coordinates":[13.75,51.35]},"properties":{"pop":5812}},{"type":"Feature","geometry":{"type":"Point","coordinates":[11.05,48.25]},"properties":{"pop":8797}},{"type":"Feature","geometry":{"type":"Point","coordinates":[11.350000000000001,48.35]},"properties":{"pop":15484}},{"type":"Feature","geometry":{"type":"Point","coordinates":[11.25,48.35]},"properties":{"pop":12013}},{"type":"Feature","geometry":{"type":"Point","coordinates":[12.05,48.25]},"properties":{"pop":7951}},{"type":"Feature","geometry":{"type":"Point","coordinates":[11.950000000000001,48.25]},"properties":{"pop":17268}},{"type":"Feature","geometry":{"type":"Point","coordinates":[11.950000000000001,48.150000000000006]},"properties":{"pop":9411}},{"type":"Feature","geometry":{"type":"Point","coordinates":[12.05,48.150000000000006]},"properties":{"pop":7109}},{"type":"Feature","geometry":{"type":"Point","coordinates":[10.55,51.550000000000004]},"properties":{"pop":8306}},{"type":"Feature","geometry":{"type":"Point","coordinates":[10.450000000000001,51.550000000000004]},"properties":{"pop":4087}},{"type":"Feature","geometry":{"type":"Point","coordinates":[10.55,51.45]},"properties":{"pop":9415}},{"type":"Feature","geometry":{"type":"Point","coordinates":[10.450000000000001,51.45]},"properties":{"pop":7750}},{"type":"Feature","geometry":{"type":"Point","coordinates":[8.25,49.45]},"properties":{"pop":33548}},{"type":"Feature","geometry":{"type":"Point","coordinates":[8.15,49.45]},"properties":{"pop":26675}},{"type":"Feature","geometry":{"type":"Point","coordinates":[10.55,47.550000000000004]},"properties":{"pop":7709}},{"type":"Feature","geometry":{"type":"Point","coordinates":[10.55,47.650000000000006]},"properties":{"pop":6125}},{"type":"Feature","geometry":{"type":"Point","coordinates":[10.450000000000001,47.550000000000004]},"properties":{"pop":2017}},{"type":"Feature","geometry":{"type":"Point","coordinates":[9.35,53.95]},"properties":{"pop":7189}},{"type":"Feature","geometry":{"type":"Point","coordinates":[9.55,53.650000000000006]},"properties":{"pop":6414}},{"type":"Feature","geometry":{"type":"Point","coordinates":[9.65,53.650000000000006]},"properties":{"pop":30438}},{"type":"Feature","geometry":{"type":"Point","coordinates":[7.8500000000000005,47.650000000000006]},"properties":{"pop":24553}},{"type":"Feature","geometry":{"type":"Point","coordinates":[7.8500000000000005,47.550000000000004]},"properties":{"pop":3920}},{"type":"Feature","geometry":{"type":"Point","coordinates":[11.65,53.550000000000004]},"properties":{"pop":4522}},{"type":"Feature","geometry":{"type":"Point","coordinates":[11.75,53.550000000000004]},"properties":{"pop":2468}},{"type":"Feature","geometry":{"type":"Point","coordinates":[7.75,48.25]},"properties":{"pop":24914}},{"type":"Feature","geometry":{"type":"Point","coordinates":[9.15,51.25]},"properties":{"pop":5683}},{"type":"Feature","geometry":{"type":"Point","coordinates":[9.25,51.25]},"properties":{"pop":8541}},{"type":"Feature","geometry":{"type":"Point","coordinates":[9.25,51.150000000000006]},"properties":{"pop":13748}},{"type":"Feature","geometry":{"type":"Point","coordinates":[11.15,53.150000000000006]},"properties":{"pop":3906}},{"type":"Feature","geometry":{"type":"Point","coordinates":[8.950000000000001,54.35]},"properties":{"pop":5767}},{"type":"Feature","geometry":{"type":"Point","coordinates":[10.450000000000001,52.150000000000006]},"properties":{"pop":30884}},{"type":"Feature","geometry":{"type":"Point","coordinates":[10.55,52.150000000000006]},"properties":{"pop":46241}},{"type":"Feature","geometry":{"type":"Point","coordinates":[10.15,50.550000000000004]},"properties":{"pop":3076}},{"type":"Feature","geometry":{"type":"Point","coordinates":[13.65,53.85]},"properties":{"pop":9186}},{"type":"Feature","geometry":{"type":"Point","coordinates":[14.05,53.95]},"properties":{"pop":1924}},{"type":"Feature","geometry":{"type":"Point","coordinates":[9.55,53.75]},"properties":{"pop":4043}},{"type":"Feature","geometry":{"type":"Point","coordinates":[8.05,50.650000000000006]},"properties":{"pop":11714}},{"type":"Feature","geometry":{"type":"Point","coordinates":[9.450000000000001,52.050000000000004]},"properties":{"pop":9926}},{"type":"Feature","geometry":{"type":"Point","coordinates":[9.55,52.050000000000004]},"properties":{"pop":5775}},{"type":"Feature","geometry":{"type":"Point","coordinates":[7.95,47.550000000000004]},"properties":{"pop":18698}},{"type":"Feature","geometry":{"type":"Point","coordinates":[10.350000000000001,48.550000000000004]},"properties":{"pop":11441}},{"type":"Feature","geometry":{"type":"Point","coordinates":[8.75,48.35]},"properties":{"pop":11749}},{"type":"Feature","geometry":{"type":"Point","coordinates":[8.85,48.25]},"properties":{"pop":32344}},{"type":"Feature","geometry":{"type":"Point","coordinates":[14.65,52.050000000000004]},"properties":{"pop":3714}},{"type":"Feature","geometry":{"type":"Point","coordinates":[11.950000000000001,50.85]},"properties":{"pop":7042}},{"type":"Feature","geometry":{"type":"Point","coordinates":[12.950000000000001,53.650000000000006]},"properties":{"pop":3543}},{"type":"Feature","geometry":{"type":"Point","coordinates":[13.05,53.650000000000006]},"properties":{"pop":1567}},{"type":"Feature","geometry":{"type":"Point","coordinates":[7.95,48.650000000000006]},"properties":{"pop":10704}},{"type":"Feature","geometry":{"type":"Point","coordinates":[12.850000000000001,50.95]},"properties":{"pop":15670}},{"type":"Feature","geometry":{"type":"Point","coordinates":[12.75,51.050000000000004]},"properties":{"pop":9340}},{"type":"Feature","geometry":{"type":"Point","coordinates":[12.75,50.95]},"properties":{"pop":12019}},{"type":"Feature","geometry":{"type":"Point","coordinates":[12.850000000000001,51.050000000000004]},"properties":{"pop":5748}},{"type":"Feature","geometry":{"type":"Point","coordinates":[12.55,48.95]},"properties":{"pop":8663}},{"type":"Feature","geometry":{"type":"Point","coordinates":[8.75,48.25]},"properties":{"pop":11474}},{"type":"Feature","geometry":{"type":"Point","coordinates":[6.95,50.150000000000006]},"properties":{"pop":4196}},{"type":"Feature","geometry":{"type":"Point","coordinates":[8.05,48.650000000000006]},"properties":{"pop":26680}},{"type":"Feature","geometry":{"type":"Point","coordinates":[8.950000000000001,54.150000000000006]},"properties":{"pop":2063}},{"type":"Feature","geometry":{"type":"Point","coordinates":[9.05,54.050000000000004]},"properties":{"pop":9174}},{"type":"Feature","geometry":{"type":"Point","coordinates":[8.05,48.550000000000004]},"properties":{"pop":29702}},{"type":"Feature","geometry":{"type":"Point","coordinates":[8.05,48.45]},"properties":{"pop":10533}},{"type":"Feature","geometry":{"type":"Point","coordinates":[8.15,48.45]},"properties":{"pop":5766}},{"type":"Feature","geometry":{"type":"Point","coordinates":[9.65,47.85]},"properties":{"pop":40705}},{"type":"Feature","geometry":{"type":"Point","coordinates":[9.35,54.25]},"properties":{"pop":2799}},{"type":"Feature","geometry":{"type":"Point","coordinates":[9.25,54.25]},"properties":{"pop":5595}},{"type":"Feature","geometry":{"type":"Point","coordinates":[10.75,49.650000000000006]},"properties":{"pop":7415}},{"type":"Feature","geometry":{"type":"Point","coordinates":[10.75,49.550000000000004]},"properties":{"pop":9829}},{"type":"Feature","geometry":{"type":"Point","coordinates":[14.75,51.95]},"properties":{"pop":2093}},{"type":"Feature","geometry":{"type":"Point","coordinates":[10.350000000000001,51.45]},"properties":{"pop":10301}},{"type":"Feature","geometry":{"type":"Point","coordinates":[10.350000000000001,51.550000000000004]},"properties":{"pop":5917}},{"type":"Feature","geometry":{"type":"Point","coordinates":[7.3500000000000005,53.25]},"properties":{"pop":3527}},{"type":"Feature","geometry":{"type":"Point","coordinates":[7.25,53.25]},"properties":{"pop":4379}},{"type":"Feature","geometry":{"type":"Point","coordinates":[7.25,53.150000000000006]},"properties":{"pop":6523}},{"type":"Feature","geometry":{"type":"Point","coordinates":[12.15,50.45]},"properties":{"pop":38885}},{"type":"Feature","geometry":{"type":"Point","coordinates":[12.15,50.550000000000004]},"properties":{"pop":22806}},{"type":"Feature","geometry":{"type":"Point","coordinates":[12.05,50.45]},"properties":{"pop":9892}},{"type":"Feature","geometry":{"type":"Point","coordinates":[12.05,50.550000000000004]},"properties":{"pop":5920}},{"type":"Feature","geometry":{"type":"Point","coordinates":[11.55,53.550000000000004]},"properties":{"pop":5466}},{"type":"Feature","geometry":{"type":"Point","coordinates":[7.65,48.150000000000006]},"properties":{"pop":15111}},{"type":"Feature","geometry":{"type":"Point","coordinates":[13.850000000000001,53.650000000000006]},"properties":{"pop":2956}},{"type":"Feature","geometry":{"type":"Point","coordinates":[13.75,53.650000000000006]},"properties":{"pop":799}},{"type":"Feature","geometry":{"type":"Point","coordinates":[13.850000000000001,53.550000000000004]},"properties":{"pop":1142}},{"type":"Feature","geometry":{"type":"Point","coordinates":[9.55,51.35]},"properties":{"pop":52875}},{"type":"Feature","geometry":{"type":"Point","coordinates":[12.350000000000001,48.650000000000006]},"properties":{"pop":10427}},{"type":"Feature","geometry":{"type":"Point","coordinates":[12.25,48.650000000000006]},"properties":{"pop":10045}},{"type":"Feature","geometry":{"type":"Point","coordinates":[11.950000000000001,52.45]},"properties":{"pop":3297}},{"type":"Feature","geometry":{"type":"Point","coordinates":[12.05,52.45]},"properties":{"pop":1739}},{"type":"Feature","geometry":{"type":"Point","coordinates":[6.65,50.050000000000004]},"properties":{"pop":3161}},{"type":"Feature","geometry":{"type":"Point","coordinates":[12.05,52.35]},"properties":{"pop":2724}},{"type":"Feature","geometry":{"type":"Point","coordinates":[11.950000000000001,52.35]},"properties":{"pop":4017}},{"type":"Feature","geometry":{"type":"Point","coordinates":[12.05,49.050000000000004]},"properties":{"pop":68465}},{"type":"Feature","geometry":{"type":"Point","coordinates":[7.75,49.550000000000004]},"properties":{"pop":8621}},{"type":"Feature","geometry":{"type":"Point","coordinates":[7.75,48.150000000000006]},"properties":{"pop":25789}},{"type":"Feature","geometry":{"type":"Point","coordinates":[8.15,49.150000000000006]},"properties":{"pop":29896}},{"type":"Feature","geometry":{"type":"Point","coordinates":[8.950000000000001,53.75]},"properties":{"pop":3447}},{"type":"Feature","geometry":{"type":"Point","coordinates":[8.85,53.75]},"properties":{"pop":4300}},{"type":"Feature","geometry":{"type":"Point","coordinates":[12.25,50.45]},"properties":{"pop":7756}},{"type":"Feature","geometry":{"type":"Point","coordinates":[6.550000000000001,50.25]},"properties":{"pop":3193}},{"type":"Feature","geometry":{"type":"Point","coordinates":[13.05,51.25]},"properties":{"pop":8653}},{"type":"Feature","geometry":{"type":"Point","coordinates":[12.950000000000001,51.25]},"properties":{"pop":5130}},{"type":"Feature","geometry":{"type":"Point","coordinates":[8.25,52.050000000000004]},"properties":{"pop":12526}},{"type":"Feature","geometry":{"type":"Point","coordinates":[8.25,52.150000000000006]},"properties":{"pop":11016}},{"type":"Feature","geometry":{"type":"Point","coordinates":[8.35,52.150000000000006]},"properties":{"pop":14904}},{"type":"Feature","geometry":{"type":"Point","coordinates":[8.35,52.050000000000004]},"properties":{"pop":21887}},{"type":"Feature","geometry":{"type":"Point","coordinates":[7.3500000000000005,52.95]},"properties":{"pop":7956}},{"type":"Feature","geometry":{"type":"Point","coordinates":[13.450000000000001,53.95]},"properties":{"pop":3275}},{"type":"Feature","geometry":{"type":"Point","coordinates":[13.450000000000001,54.050000000000004]},"properties":{"pop":23909}},{"type":"Feature","geometry":{"type":"Point","coordinates":[13.55,54.050000000000004]},"properties":{"pop":2777}},{"type":"Feature","geometry":{"type":"Point","coordinates":[10.450000000000001,53.45]},"properties":{"pop":11635}},{"type":"Feature","geometry":{"type":"Point","coordinates":[10.15,53.75]},"properties":{"pop":19264}},{"type":"Feature","geometry":{"type":"Point","coordinates":[10.25,53.75]},"properties":{"pop":27844}},{"type":"Feature","geometry":{"type":"Point","coordinates":[13.05,54.25]},"properties":{"pop":14664}},{"type":"Feature","geometry":{"type":"Point","coordinates":[13.05,54.35]},"properties":{"pop":36584}},{"type":"Feature","geometry":{"type":"Point","coordinates":[12.950000000000001,54.35]},"properties":{"pop":3079}},{"type":"Feature","geometry":{"type":"Point","coordinates":[9.55,53.95]},"properties":{"pop":25538}},{"type":"Feature","geometry":{"type":"Point","coordinates":[9.55,53.85]},"properties":{"pop":6787}},{"type":"Feature","geometry":{"type":"Point","coordinates":[9.450000000000001,53.85]},"properties":{"pop":10796}},{"type":"Feature","geometry":{"type":"Point","coordinates":[9.450000000000001,53.95]},"properties":{"pop":17209}},{"type":"Feature","geometry":{"type":"Point","coordinates":[9.850000000000001,53.85]},"properties":{"pop":4192}},{"type":"Feature","geometry":{"type":"Point","coordinates":[10.450000000000001,54.25]},"properties":{"pop":3076}},{"type":"Feature","geometry":{"type":"Point","coordinates":[8.85,53.25]},"properties":{"pop":10931}},{"type":"Feature","geometry":{"type":"Point","coordinates":[8.950000000000001,53.25]},"properties":{"pop":10202}},{"type":"Feature","geometry":{"type":"Point","coordinates":[11.450000000000001,52.35]},"properties":{"pop":2393}},{"type":"Feature","geometry":{"type":"Point","coordinates":[11.55,52.35]},"properties":{"pop":1339}},{"type":"Feature","geometry":{"type":"Point","coordinates":[11.450000000000001,52.25]},"properties":{"pop":11300}},{"type":"Feature","geometry":{"type":"Point","coordinates":[8.85,54.150000000000006]},"properties":{"pop":6513}},{"type":"Feature","geometry":{"type":"Point","coordinates":[10.350000000000001,53.95]},"properties":{"pop":16523}},{"type":"Feature","geometry":{"type":"Point","coordinates":[10.25,53.95]},"properties":{"pop":19611}},{"type":"Feature","geometry":{"type":"Point","coordinates":[10.15,47.85]},"properties":{"pop":7239}},{"type":"Feature","geometry":{"type":"Point","coordinates":[6.65,50.35]},"properties":{"pop":4681}},{"type":"Feature","geometry":{"type":"Point","coordinates":[9.65,54.35]},"properties":{"pop":33721}},{"type":"Feature","geometry":{"type":"Point","coordinates":[14.15,51.85]},"properties":{"pop":4933}},{"type":"Feature","geometry":{"type":"Point","coordinates":[9.55,54.35]},"properties":{"pop":8101}},{"type":"Feature","geometry":{"type":"Point","coordinates":[14.15,51.95]},"properties":{"pop":1810}},{"type":"Feature","geometry":{"type":"Point","coordinates":[14.05,51.85]},"properties":{"pop":2496}},{"type":"Feature","geometry":{"type":"Point","coordinates":[12.05,51.35]},"properties":{"pop":14117}},{"type":"Feature","geometry":{"type":"Point","coordinates":[11.950000000000001,51.35]},"properties":{"pop":32167}},{"type":"Feature","geometry":{"type":"Point","coordinates":[9.15,54.25]},"properties":{"pop":8950}},{"type":"Feature","geometry":{"type":"Point","coordinates":[12.05,53.45]},"properties":{"pop":5979}},{"type":"Feature","geometry":{"type":"Point","coordinates":[11.950000000000001,51.25]},"properties":{"pop":21338}},{"type":"Feature","geometry":{"type":"Point","coordinates":[8.950000000000001,53.35]},"properties":{"pop":4392}},{"type":"Feature","geometry":{"type":"Point","coordinates":[8.85,53.35]},"properties":{"pop":5809}},{"type":"Feature","geometry":{"type":"Point","coordinates":[7.8500000000000005,50.85]},"properties":{"pop":17099}},{"type":"Feature","geometry":{"type":"Point","coordinates":[13.350000000000001,48.85]},"properties":{"pop":10167}},{"type":"Feature","geometry":{"type":"Point","coordinates":[13.450000000000001,48.85]},"properties":{"pop":9078}},{"type":"Feature","geometry":{"type":"Point","coordinates":[13.350000000000001,48.75]},"properties":{"pop":10200}},{"type":"Feature","geometry":{"type":"Point","coordinates":[14.350000000000001,52.25]},"properties":{"pop":666}},{"type":"Feature","geometry":{"type":"Point","coordinates":[14.350000000000001,52.150000000000006]},"properties":{"pop":1830}},{"type":"Feature","geometry":{"type":"Point","coordinates":[14.25,52.25]},"properties":{"pop":1311}},{"type":"Feature","geometry":{"type":"Point","coordinates":[14.25,52.150000000000006]},"properties":{"pop":7220}},{"type":"Feature","geometry":{"type":"Point","coordinates":[12.05,48.85]},"properties":{"pop":8308}},{"type":"Feature","geometry":{"type":"Point","coordinates":[12.05,48.75]},"properties":{"pop":6721}},{"type":"Feature","geometry":{"type":"Point","coordinates":[8.25,52.550000000000004]},"properties":{"pop":15220}},{"type":"Feature","geometry":{"type":"Point","coordinates":[8.25,52.650000000000006]},"properties":{"pop":26249}},{"type":"Feature","geometry":{"type":"Point","coordinates":[8.15,52.550000000000004]},"properties":{"pop":13646}},{"type":"Feature","geometry":{"type":"Point","coordinates":[7.45,50.150000000000006]},"properties":{"pop":5139}},{"type":"Feature","geometry":{"type":"Point","coordinates":[7.550000000000001,50.150000000000006]},"properties":{"pop":10807}},{"type":"Feature","geometry":{"type":"Point","coordinates":[11.450000000000001,53.85]},"properties":{"pop":25120}},{"type":"Feature","geometry":{"type":"Point","coordinates":[11.350000000000001,53.85]},"properties":{"pop":3224}},{"type":"Feature","geometry":{"type":"Point","coordinates":[12.350000000000001,50.45]},"properties":{"pop":13174}},{"type":"Feature","geometry":{"type":"Point","coordinates":[14.450000000000001,52.45]},"properties":{"pop":3218}},{"type":"Feature","geometry":{"type":"Point","coordinates":[11.25,51.75]},"properties":{"pop":8449}},{"type":"Feature","geometry":{"type":"Point","coordinates":[11.350000000000001,51.75]},"properties":{"pop":7162}},{"type":"Feature","geometry":{"type":"Point","coordinates":[8.85,50.050000000000004]},"properties":{"pop":89743}},{"type":"Feature","geometry":{"type":"Point","coordinates":[8.75,50.050000000000004]},"properties":{"pop":122617}},{"type":"Feature","geometry":{"type":"Point","coordinates":[10.15,51.650000000000006]},"properties":{"pop":9152}},{"type":"Feature","geometry":{"type":"Point","coordinates":[9.950000000000001,50.75]},"properties":{"pop":5452}},{"type":"Feature","geometry":{"type":"Point","coordinates":[10.05,50.75]},"properties":{"pop":3010}},{"type":"Feature","geometry":{"type":"Point","coordinates":[9.450000000000001,54.25]},"properties":{"pop":2018}},{"type":"Feature","geometry":{"type":"Point","coordinates":[11.05,53.050000000000004]},"properties":{"pop":5874}},{"type":"Feature","geometry":{"type":"Point","coordinates":[10.950000000000001,53.050000000000004]},"properties":{"pop":1059}},{"type":"Feature","geometry":{"type":"Point","coordinates":[11.15,53.050000000000004]},"properties":{"pop":2396}},{"type":"Feature","geometry":{"type":"Point","coordinates":[8.25,49.550000000000004]},"properties":{"pop":25819}},{"type":"Feature","geometry":{"type":"Point","coordinates":[11.25,51.650000000000006]},"properties":{"pop":2224}},{"type":"Feature","geometry":{"type":"Point","coordinates":[7.25,49.650000000000006]},"properties":{"pop":6409}},{"type":"Feature","geometry":{"type":"Point","coordinates":[9.25,52.35]},"properties":{"pop":18789}},{"type":"Feature","geometry":{"type":"Point","coordinates":[9.15,52.35]},"properties":{"pop":20133}},{"type":"Feature","geometry":{"type":"Point","coordinates":[12.75,53.85]},"properties":{"pop":2219}},{"type":"Feature","geometry":{"type":"Point","coordinates":[8.15,52.650000000000006]},"properties":{"pop":14601}},{"type":"Feature","geometry":{"type":"Point","coordinates":[11.850000000000001,50.85]},"properties":{"pop":9401}},{"type":"Feature","geometry":{"type":"Point","coordinates":[12.850000000000001,49.150000000000006]},"properties":{"pop":9454}},{"type":"Feature","geometry":{"type":"Point","coordinates":[12.75,49.150000000000006]},"properties":{"pop":7407}},{"type":"Feature","geometry":{"type":"Point","coordinates":[8.950000000000001,49.25]},"properties":{"pop":19857}},{"type":"Feature","geometry":{"type":"Point","coordinates":[8.950000000000001,49.150000000000006]},"properties":{"pop":20428}},{"type":"Feature","geometry":{"type":"Point","coordinates":[10.75,48.85]},"properties":{"pop":8819}},{"type":"Feature","geometry":{"type":"Point","coordinates":[10.65,48.85]},"properties":{"pop":5239}},{"type":"Feature","geometry":{"type":"Point","coordinates":[8.05,51.550000000000004]},"properties":{"pop":25161}},{"type":"Feature","geometry":{"type":"Point","coordinates":[8.15,51.550000000000004]},"properties":{"pop":31375}},{"type":"Feature","geometry":{"type":"Point","coordinates":[7.95,51.550000000000004]},"properties":{"pop":25408}},{"type":"Feature","geometry":{"type":"Point","coordinates":[12.25,52.25]},"properties":{"pop":2315}},{"type":"Feature","geometry":{"type":"Point","coordinates":[12.450000000000001,52.25]},"properties":{"pop":1982}},{"type":"Feature","geometry":{"type":"Point","coordinates":[12.350000000000001,52.25]},"properties":{"pop":1595}},{"type":"Feature","geometry":{"type":"Point","coordinates":[10.25,48.25]},"properties":{"pop":5087}},{"type":"Feature","geometry":{"type":"Point","coordinates":[10.25,48.35]},"properties":{"pop":8675}},{"type":"Feature","geometry":{"type":"Point","coordinates":[8.25,49.050000000000004]},"properties":{"pop":29966}},{"type":"Feature","geometry":{"type":"Point","coordinates":[8.15,49.050000000000004]},"properties":{"pop":10561}},{"type":"Feature","geometry":{"type":"Point","coordinates":[8.35,49.050000000000004]},"properties":{"pop":130236}},{"type":"Feature","geometry":{"type":"Point","coordinates":[10.15,48.25]},"properties":{"pop":19010}},{"type":"Feature","geometry":{"type":"Point","coordinates":[8.05,49.050000000000004]},"properties":{"pop":8013}},{"type":"Feature","geometry":{"type":"Point","coordinates":[6.45,50.35]},"properties":{"pop":2843}},{"type":"Feature","geometry":{"type":"Point","coordinates":[8.85,49.85]},"properties":{"pop":41758}},{"type":"Feature","geometry":{"type":"Point","coordinates":[12.65,53.85]},"properties":{"pop":1726}},{"type":"Feature","geometry":{"type":"Point","coordinates":[9.35,53.550000000000004]},"properties":{"pop":7374}},{"type":"Feature","geometry":{"type":"Point","coordinates":[8.75,50.550000000000004]},"properties":{"pop":36305}},{"type":"Feature","geometry":{"type":"Point","coordinates":[8.85,50.550000000000004]},"properties":{"pop":16002}},{"type":"Feature","geometry":{"type":"Point","coordinates":[8.35,47.95]},"properties":{"pop":3631}},{"type":"Feature","geometry":{"type":"Point","coordinates":[8.25,47.95]},"properties":{"pop":8791}},{"type":"Feature","geometry":{"type":"Point","coordinates":[8.25,48.050000000000004]},"properties":{"pop":6824}},{"type":"Feature","geometry":{"type":"Point","coordinates":[8.35,48.050000000000004]},"properties":{"pop":5182}},{"type":"Feature","geometry":{"type":"Point","coordinates":[7.45,50.550000000000004]},"properties":{"pop":16811}},{"type":"Feature","geometry":{"type":"Point","coordinates":[7.8500000000000005,50.35]},"properties":{"pop":11538}},{"type":"Feature","geometry":{"type":"Point","coordinates":[13.75,53.85]},"properties":{"pop":5686}},{"type":"Feature","geometry":{"type":"Point","coordinates":[6.550000000000001,49.650000000000006]},"properties":{"pop":25315}},{"type":"Feature","geometry":{"type":"Point","coordinates":[6.45,49.650000000000006]},"properties":{"pop":6431}},{"type":"Feature","geometry":{"type":"Point","coordinates":[13.350000000000001,51.150000000000006]},"properties":{"pop":5306}},{"type":"Feature","geometry":{"type":"Point","coordinates":[13.450000000000001,51.150000000000006]},"properties":{"pop":24708}},{"type":"Feature","geometry":{"type":"Point","coordinates":[9.25,53.35]},"properties":{"pop":7849}},{"type":"Feature","geometry":{"type":"Point","coordinates":[9.25,53.45]},"properties":{"pop":2526}},{"type":"Feature","geometry":{"type":"Point","coordinates":[9.850000000000001,48.050000000000004]},"properties":{"pop":16094}},{"type":"Feature","geometry":{"type":"Point","coordinates":[7.25,50.550000000000004]},"properties":{"pop":43382}},{"type":"Feature","geometry":{"type":"Point","coordinates":[7.25,50.45]},"properties":{"pop":12727}},{"type":"Feature","geometry":{"type":"Point","coordinates":[7.3500000000000005,50.550000000000004]},"properties":{"pop":14552}},{"type":"Feature","geometry":{"type":"Point","coordinates":[7.3500000000000005,50.45]},"properties":{"pop":22409}},{"type":"Feature","geometry":{"type":"Point","coordinates":[10.55,53.85]},"properties":{"pop":13093}},{"type":"Feature","geometry":{"type":"Point","coordinates":[13.850000000000001,53.85]},"properties":{"pop":825}},{"type":"Feature","geometry":{"type":"Point","coordinates":[11.25,51.25]},"properties":{"pop":3592}},{"type":"Feature","geometry":{"type":"Point","coordinates":[11.25,48.25]},"properties":{"pop":17472}},{"type":"Feature","geometry":{"type":"Point","coordinates":[10.15,54.050000000000004]},"properties":{"pop":4411}},{"type":"Feature","geometry":{"type":"Point","coordinates":[10.25,54.050000000000004]},"properties":{"pop":11148}},{"type":"Feature","geometry":{"type":"Point","coordinates":[10.15,54.150000000000006]},"properties":{"pop":3162}},{"type":"Feature","geometry":{"type":"Point","coordinates":[10.25,54.150000000000006]},"properties":{"pop":4700}},{"type":"Feature","geometry":{"type":"Point","coordinates":[10.55,49.550000000000004]},"properties":{"pop":7075}},{"type":"Feature","geometry":{"type":"Point","coordinates":[10.65,49.550000000000004]},"properties":{"pop":12749}},{"type":"Feature","geometry":{"type":"Point","coordinates":[10.450000000000001,49.550000000000004]},"properties":{"pop":9982}},{"type":"Feature","geometry":{"type":"Point","coordinates":[8.05,51.050000000000004]},"properties":{"pop":8133}},{"type":"Feature","geometry":{"type":"Point","coordinates":[8.05,51.150000000000006]},"properties":{"pop":22071}},{"type":"Feature","geometry":{"type":"Point","coordinates":[8.15,51.150000000000006]},"properties":{"pop":5092}},{"type":"Feature","geometry":{"type":"Point","coordinates":[10.15,52.550000000000004]},"properties":{"pop":18608}},{"type":"Feature","geometry":{"type":"Point","coordinates":[10.25,52.550000000000004]},"properties":{"pop":5988}},{"type":"Feature","geometry":{"type":"Point","coordinates":[11.450000000000001,50.95]},"properties":{"pop":5690}},{"type":"Feature","geometry":{"type":"Point","coordinates":[11.350000000000001,53.75]},"properties":{"pop":2711}},{"type":"Feature","geometry":{"type":"Point","coordinates":[10.55,53.050000000000004]},"properties":{"pop":10439}},{"type":"Feature","geometry":{"type":"Point","coordinates":[8.05,53.25]},"properties":{"pop":5376}},{"type":"Feature","geometry":{"type":"Point","coordinates":[8.15,53.150000000000006]},"properties":{"pop":70120}},{"type":"Feature","geometry":{"type":"Point","coordinates":[8.15,53.25]},"properties":{"pop":17013}},{"type":"Feature","geometry":{"type":"Point","coordinates":[9.35,49.150000000000006]},"properties":{"pop":25971}},{"type":"Feature","geometry":{"type":"Point","coordinates":[9.450000000000001,49.150000000000006]},"properties":{"pop":22881}},{"type":"Feature","geometry":{"type":"Point","coordinates":[8.05,53.35]},"properties":{"pop":10282}},{"type":"Feature","geometry":{"type":"Point","coordinates":[8.15,53.35]},"properties":{"pop":15334}},{"type":"Feature","geometry":{"type":"Point","coordinates":[9.05,48.650000000000006]},"properties":{"pop":68815}},{"type":"Feature","geometry":{"type":"Point","coordinates":[10.25,50.550000000000004]},"properties":{"pop":2796}},{"type":"Feature","geometry":{"type":"Point","coordinates":[10.350000000000001,50.550000000000004]},"properties":{"pop":8665}},{"type":"Feature","geometry":{"type":"Point","coordinates":[11.950000000000001,52.650000000000006]},"properties":{"pop":2917}},{"type":"Feature","geometry":{"type":"Point","coordinates":[13.55,50.95]},"properties":{"pop":8784}},{"type":"Feature","geometry":{"type":"Point","coordinates":[13.55,51.050000000000004]},"properties":{"pop":13615}},{"type":"Feature","geometry":{"type":"Point","coordinates":[13.65,50.95]},"properties":{"pop":23808}},{"type":"Feature","geometry":{"type":"Point","coordinates":[13.450000000000001,50.95]},"properties":{"pop":5952}},{"type":"Feature","geometry":{"type":"Point","coordinates":[7.8500000000000005,50.75]},"properties":{"pop":25389}},{"type":"Feature","geometry":{"type":"Point","coordinates":[7.8500000000000005,50.650000000000006]},"properties":{"pop":15931}},{"type":"Feature","geometry":{"type":"Point","coordinates":[8.05,48.35]},"properties":{"pop":17780}},{"type":"Feature","geometry":{"type":"Point","coordinates":[8.15,49.650000000000006]},"properties":{"pop":11248}},{"type":"Feature","geometry":{"type":"Point","coordinates":[6.8500000000000005,49.85]},"properties":{"pop":10293}},{"type":"Feature","geometry":{"type":"Point","coordinates":[6.95,49.85]},"properties":{"pop":6014}},{"type":"Feature","geometry":{"type":"Point","coordinates":[9.25,52.75]},"properties":{"pop":8190}},{"type":"Feature","geometry":{"type":"Point","coordinates":[11.05,54.25]},"properties":{"pop":3534}},{"type":"Feature","geometry":{"type":"Point","coordinates":[13.55,54.150000000000006]},"properties":{"pop":1171}},{"type":"Feature","geometry":{"type":"Point","coordinates":[10.55,54.050000000000004]},"properties":{"pop":5830}},{"type":"Feature","geometry":{"type":"Point","coordinates":[10.65,53.95]},"properties":{"pop":25823}},{"type":"Feature","geometry":{"type":"Point","coordinates":[10.55,53.95]},"properties":{"pop":4825}},{"type":"Feature","geometry":{"type":"Point","coordinates":[10.450000000000001,54.050000000000004]},"properties":{"pop":4264}},{"type":"Feature","geometry":{"type":"Point","coordinates":[10.450000000000001,53.95]},"properties":{"pop":3706}},{"type":"Feature","geometry":{"type":"Point","coordinates":[10.65,54.050000000000004]},"properties":{"pop":6313}},{"type":"Feature","geometry":{"type":"Point","coordinates":[7.75,51.25]},"properties":{"pop":28359}},{"type":"Feature","geometry":{"type":"Point","coordinates":[7.8500000000000005,51.25]},"properties":{"pop":25699}},{"type":"Feature","geometry":{"type":"Point","coordinates":[10.350000000000001,51.650000000000006]},"properties":{"pop":11717}},{"type":"Feature","geometry":{"type":"Point","coordinates":[10.450000000000001,51.650000000000006]},"properties":{"pop":8330}},{"type":"Feature","geometry":{"type":"Point","coordinates":[10.450000000000001,51.75]},"properties":{"pop":597}},{"type":"Feature","geometry":{"type":"Point","coordinates":[10.25,51.650000000000006]},"properties":{"pop":11496}},{"type":"Feature","geometry":{"type":"Point","coordinates":[10.65,52.25]},"properties":{"pop":18782}},{"type":"Feature","geometry":{"type":"Point","coordinates":[10.75,52.25]},"properties":{"pop":6692}},{"type":"Feature","geometry":{"type":"Point","coordinates":[10.55,52.25]},"properties":{"pop":131912}},{"type":"Feature","geometry":{"type":"Point","coordinates":[12.15,50.95]},"properties":{"pop":10087}},{"type":"Feature","geometry":{"type":"Point","coordinates":[12.05,50.85]},"properties":{"pop":52288}},{"type":"Feature","geometry":{"type":"Point","coordinates":[12.05,50.75]},"properties":{"pop":11630}},{"type":"Feature","geometry":{"type":"Point","coordinates":[7.75,51.35]},"properties":{"pop":45011}},{"type":"Feature","geometry":{"type":"Point","coordinates":[10.350000000000001,53.550000000000004]},"properties":{"pop":8971}},{"type":"Feature","geometry":{"type":"Point","coordinates":[11.55,49.75]},"properties":{"pop":11790}},{"type":"Feature","geometry":{"type":"Point","coordinates":[11.55,49.85]},"properties":{"pop":5978}},{"type":"Feature","geometry":{"type":"Point","coordinates":[11.65,49.85]},"properties":{"pop":5682}},{"type":"Feature","geometry":{"type":"Point","coordinates":[9.950000000000001,48.050000000000004]},"properties":{"pop":9286}},{"type":"Feature","geometry":{"type":"Point","coordinates":[10.05,48.050000000000004]},"properties":{"pop":9219}},{"type":"Feature","geometry":{"type":"Point","coordinates":[13.25,54.050000000000004]},"properties":{"pop":2075}},{"type":"Feature","geometry":{"type":"Point","coordinates":[13.350000000000001,54.050000000000004]},"properties":{"pop":32531}},{"type":"Feature","geometry":{"type":"Point","coordinates":[7.95,50.95]},"properties":{"pop":33456}},{"type":"Feature","geometry":{"type":"Point","coordinates":[9.05,49.45]},"properties":{"pop":7349}},{"type":"Feature","geometry":{"type":"Point","coordinates":[9.15,49.45]},"properties":{"pop":6498}},{"type":"Feature","geometry":{"type":"Point","coordinates":[7.8500000000000005,50.95]},"properties":{"pop":24276}},{"type":"Feature","geometry":{"type":"Point","coordinates":[7.75,50.95]},"properties":{"pop":8008}},{"type":"Feature","geometry":{"type":"Point","coordinates":[6.8500000000000005,50.050000000000004]},"properties":{"pop":5494}},{"type":"Feature","geometry":{"type":"Point","coordinates":[7.15,50.150000000000006]},"properties":{"pop":10547}},{"type":"Feature","geometry":{"type":"Point","coordinates":[7.15,50.050000000000004]},"properties":{"pop":11510}},{"type":"Feature","geometry":{"type":"Point","coordinates":[8.85,54.650000000000006]},"properties":{"pop":924}},{"type":"Feature","geometry":{"type":"Point","coordinates":[9.25,49.85]},"properties":{"pop":13782}},{"type":"Feature","geometry":{"type":"Point","coordinates":[12.950000000000001,47.95]},"properties":{"pop":5295}},{"type":"Feature","geometry":{"type":"Point","coordinates":[12.850000000000001,47.95]},"properties":{"pop":7797}},{"type":"Feature","geometry":{"type":"Point","coordinates":[8.85,54.35]},"properties":{"pop":1929}},{"type":"Feature","geometry":{"type":"Point","coordinates":[12.15,50.050000000000004]},"properties":{"pop":11475}},{"type":"Feature","geometry":{"type":"Point","coordinates":[9.05,50.95]},"properties":{"pop":3646}},{"type":"Feature","geometry":{"type":"Point","coordinates":[12.65,50.95]},"properties":{"pop":6459}},{"type":"Feature","geometry":{"type":"Point","coordinates":[12.55,50.95]},"properties":{"pop":4193}},{"type":"Feature","geometry":{"type":"Point","coordinates":[8.65,48.75]},"properties":{"pop":10920}},{"type":"Feature","geometry":{"type":"Point","coordinates":[8.65,48.85]},"properties":{"pop":71102}},{"type":"Feature","geometry":{"type":"Point","coordinates":[10.350000000000001,48.150000000000006]},"properties":{"pop":4352}},{"type":"Feature","geometry":{"type":"Point","coordinates":[8.75,48.150000000000006]},"properties":{"pop":19293}},{"type":"Feature","geometry":{"type":"Point","coordinates":[13.450000000000001,48.75]},"properties":{"pop":7346}},{"type":"Feature","geometry":{"type":"Point","coordinates":[11.450000000000001,49.85]},"properties":{"pop":5667}},{"type":"Feature","geometry":{"type":"Point","coordinates":[10.25,48.150000000000006]},"properties":{"pop":8599}},{"type":"Feature","geometry":{"type":"Point","coordinates":[6.550000000000001,50.35]},"properties":{"pop":5714}},{"type":"Feature","geometry":{"type":"Point","coordinates":[8.85,50.150000000000006]},"properties":{"pop":88089}},{"type":"Feature","geometry":{"type":"Point","coordinates":[8.75,50.150000000000006]},"properties":{"pop":205670}},{"type":"Feature","geometry":{"type":"Point","coordinates":[8.55,50.45]},"properties":{"pop":6716}},{"type":"Feature","geometry":{"type":"Point","coordinates":[8.65,50.45]},"properties":{"pop":27136}},{"type":"Feature","geometry":{"type":"Point","coordinates":[13.450000000000001,53.050000000000004]},"properties":{"pop":2336}},{"type":"Feature","geometry":{"type":"Point","coordinates":[13.55,53.150000000000006]},"properties":{"pop":4201}},{"type":"Feature","geometry":{"type":"Point","coordinates":[13.55,53.050000000000004]},"properties":{"pop":2304}},{"type":"Feature","geometry":{"type":"Point","coordinates":[13.65,53.150000000000006]},"properties":{"pop":1715}},{"type":"Feature","geometry":{"type":"Point","coordinates":[13.450000000000001,53.150000000000006]},"properties":{"pop":3797}},{"type":"Feature","geometry":{"type":"Point","coordinates":[13.65,53.050000000000004]},"properties":{"pop":865}},{"type":"Feature","geometry":{"type":"Point","coordinates":[6.95,52.45]},"properties":{"pop":7348}},{"type":"Feature","geometry":{"type":"Point","coordinates":[6.8500000000000005,52.45]},"properties":{"pop":5270}},{"type":"Feature","geometry":{"type":"Point","coordinates":[9.75,53.150000000000006]},"properties":{"pop":9937}},{"type":"Feature","geometry":{"type":"Point","coordinates":[9.850000000000001,53.150000000000006]},"properties":{"pop":4230}},{"type":"Feature","geometry":{"type":"Point","coordinates":[9.75,53.050000000000004]},"properties":{"pop":4063}},{"type":"Feature","geometry":{"type":"Point","coordinates":[8.65,50.550000000000004]},"properties":{"pop":73392}},{"type":"Feature","geometry":{"type":"Point","coordinates":[12.15,48.150000000000006]},"properties":{"pop":11284}},{"type":"Feature","geometry":{"type":"Point","coordinates":[9.05,52.550000000000004]},"properties":{"pop":8409}},{"type":"Feature","geometry":{"type":"Point","coordinates":[9.15,52.550000000000004]},"properties":{"pop":5097}},{"type":"Feature","geometry":{"type":"Point","coordinates":[7.550000000000001,50.650000000000006]},"properties":{"pop":8710}},{"type":"Feature","geometry":{"type":"Point","coordinates":[8.950000000000001,50.050000000000004]},"properties":{"pop":55971}},{"type":"Feature","geometry":{"type":"Point","coordinates":[7.45,49.95]},"properties":{"pop":7558}},{"type":"Feature","geometry":{"type":"Point","coordinates":[13.15,50.550000000000004]},"properties":{"pop":3490}},{"type":"Feature","geometry":{"type":"Point","coordinates":[13.15,50.650000000000006]},"properties":{"pop":9886}},{"type":"Feature","geometry":{"type":"Point","coordinates":[8.05,49.550000000000004]},"properties":{"pop":24932}},{"type":"Feature","geometry":{"type":"Point","coordinates":[10.05,49.85]},"properties":{"pop":15249}},{"type":"Feature","geometry":{"type":"Point","coordinates":[13.55,52.95]},"properties":{"pop":1757}},{"type":"Feature","geometry":{"type":"Point","coordinates":[13.350000000000001,53.150000000000006]},"properties":{"pop":804}},{"type":"Feature","geometry":{"type":"Point","coordinates":[9.35,49.550000000000004]},"properties":{"pop":17653}},{"type":"Feature","geometry":{"type":"Point","coordinates":[9.35,49.45]},"properties":{"pop":8913}},{"type":"Feature","geometry":{"type":"Point","coordinates":[9.25,49.550000000000004]},"properties":{"pop":4482}},{"type":"Feature","geometry":{"type":"Point","coordinates":[9.25,49.45]},"properties":{"pop":9249}},{"type":"Feature","geometry":{"type":"Point","coordinates":[9.450000000000001,49.550000000000004]},"properties":{"pop":4415}},{"type":"Feature","geometry":{"type":"Point","coordinates":[9.450000000000001,49.45]},"properties":{"pop":7911}},{"type":"Feature","geometry":{"type":"Point","coordinates":[9.450000000000001,53.050000000000004]},"properties":{"pop":4116}},{"type":"Feature","geometry":{"type":"Point","coordinates":[8.15,50.650000000000006]},"properties":{"pop":8815}},{"type":"Feature","geometry":{"type":"Point","coordinates":[8.75,48.85]},"properties":{"pop":42303}},{"type":"Feature","geometry":{"type":"Point","coordinates":[8.05,49.45]},"properties":{"pop":2105}},{"type":"Feature","geometry":{"type":"Point","coordinates":[12.55,48.050000000000004]},"properties":{"pop":16268}},{"type":"Feature","geometry":{"type":"Point","coordinates":[12.450000000000001,48.050000000000004]},"properties":{"pop":6254}},{"type":"Feature","geometry":{"type":"Point","coordinates":[12.450000000000001,48.150000000000006]},"properties":{"pop":9660}},{"type":"Feature","geometry":{"type":"Point","coordinates":[12.55,48.150000000000006]},"properties":{"pop":10726}},{"type":"Feature","geometry":{"type":"Point","coordinates":[10.75,51.25]},"properties":{"pop":3342}},{"type":"Feature","geometry":{"type":"Point","coordinates":[10.65,51.25]},"properties":{"pop":5449}},{"type":"Feature","geometry":{"type":"Point","coordinates":[10.75,51.35]},"properties":{"pop":4530}},{"type":"Feature","geometry":{"type":"Point","coordinates":[10.850000000000001,51.25]},"properties":{"pop":2307}},{"type":"Feature","geometry":{"type":"Point","coordinates":[10.75,48.45]},"properties":{"pop":10471}},{"type":"Feature","geometry":{"type":"Point","coordinates":[6.45,51.550000000000004]},"properties":{"pop":12175}},{"type":"Feature","geometry":{"type":"Point","coordinates":[12.25,50.150000000000006]},"properties":{"pop":177}},{"type":"Feature","geometry":{"type":"Point","coordinates":[12.350000000000001,54.25]},"properties":{"pop":4672}},{"type":"Feature","geometry":{"type":"Point","coordinates":[12.350000000000001,54.35]},"properties":{"pop":997}},{"type":"Feature","geometry":{"type":"Point","coordinates":[13.15,50.75]},"properties":{"pop":10002}},{"type":"Feature","geometry":{"type":"Point","coordinates":[13.05,50.75]},"properties":{"pop":18590}},{"type":"Feature","geometry":{"type":"Point","coordinates":[10.05,49.75]},"properties":{"pop":15743}},{"type":"Feature","geometry":{"type":"Point","coordinates":[13.25,51.150000000000006]},"properties":{"pop":3888}},{"type":"Feature","geometry":{"type":"Point","coordinates":[13.15,51.150000000000006]},"properties":{"pop":18179}},{"type":"Feature","geometry":{"type":"Point","coordinates":[13.25,51.050000000000004]},"properties":{"pop":6675}},{"type":"Feature","geometry":{"type":"Point","coordinates":[6.8500000000000005,50.150000000000006]},"properties":{"pop":7898}},{"type":"Feature","geometry":{"type":"Point","coordinates":[9.35,53.25]},"properties":{"pop":4894}},{"type":"Feature","geometry":{"type":"Point","coordinates":[9.450000000000001,53.25]},"properties":{"pop":4211}},{"type":"Feature","geometry":{"type":"Point","coordinates":[12.75,48.45]},"properties":{"pop":12621}},{"type":"Feature","geometry":{"type":"Point","coordinates":[12.75,48.35]},"properties":{"pop":8737}},{"type":"Feature","geometry":{"type":"Point","coordinates":[12.25,50.050000000000004]},"properties":{"pop":5584}},{"type":"Feature","geometry":{"type":"Point","coordinates":[12.15,50.150000000000006]},"properties":{"pop":13326}},{"type":"Feature","geometry":{"type":"Point","coordinates":[12.25,54.25]},"properties":{"pop":5825}},{"type":"Feature","geometry":{"type":"Point","coordinates":[7.8500000000000005,49.35]},"properties":{"pop":2949}},{"type":"Feature","geometry":{"type":"Point","coordinates":[8.950000000000001,51.050000000000004]},"properties":{"pop":5314}},{"type":"Feature","geometry":{"type":"Point","coordinates":[9.05,51.050000000000004]},"properties":{"pop":3048}},{"type":"Feature","geometry":{"type":"Point","coordinates":[10.850000000000001,47.95]},"properties":{"pop":7740}},{"type":"Feature","geometry":{"type":"Point","coordinates":[6.550000000000001,51.550000000000004]},"properties":{"pop":41517}},{"type":"Feature","geometry":{"type":"Point","coordinates":[6.550000000000001,51.45]},"properties":{"pop":59379}},{"type":"Feature","geometry":{"type":"Point","coordinates":[6.45,51.45]},"properties":{"pop":20467}},{"type":"Feature","geometry":{"type":"Point","coordinates":[7.75,49.35]},"properties":{"pop":8515}},{"type":"Feature","geometry":{"type":"Point","coordinates":[7.8500000000000005,49.45]},"properties":{"pop":16415}},{"type":"Feature","geometry":{"type":"Point","coordinates":[7.65,49.35]},"properties":{"pop":14504}},{"type":"Feature","geometry":{"type":"Point","coordinates":[9.05,53.25]},"properties":{"pop":6573}},{"type":"Feature","geometry":{"type":"Point","coordinates":[14.15,52.150000000000006]},"properties":{"pop":2615}},{"type":"Feature","geometry":{"type":"Point","coordinates":[7.65,50.650000000000006]},"properties":{"pop":15804}},{"type":"Feature","geometry":{"type":"Point","coordinates":[7.550000000000001,50.75]},"properties":{"pop":10316}},{"type":"Feature","geometry":{"type":"Point","coordinates":[10.450000000000001,53.650000000000006]},"properties":{"pop":11643}},{"type":"Feature","geometry":{"type":"Point","coordinates":[12.25,48.150000000000006]},"properties":{"pop":6190}},{"type":"Feature","geometry":{"type":"Point","coordinates":[12.25,48.25]},"properties":{"pop":9124}},{"type":"Feature","geometry":{"type":"Point","coordinates":[10.15,50.050000000000004]},"properties":{"pop":27174}},{"type":"Feature","geometry":{"type":"Point","coordinates":[6.45,50.050000000000004]},"properties":{"pop":3560}},{"type":"Feature","geometry":{"type":"Point","coordinates":[6.15,50.050000000000004]},"properties":{"pop":1833}},{"type":"Feature","geometry":{"type":"Point","coordinates":[13.450000000000001,50.85]},"properties":{"pop":6636}},{"type":"Feature","geometry":{"type":"Point","coordinates":[13.350000000000001,50.85]},"properties":{"pop":15661}},{"type":"Feature","geometry":{"type":"Point","coordinates":[11.05,50.550000000000004]},"properties":{"pop":5010}},{"type":"Feature","geometry":{"type":"Point","coordinates":[10.950000000000001,50.550000000000004]},"properties":{"pop":5274}},{"type":"Feature","geometry":{"type":"Point","coordinates":[10.350000000000001,54.45]},"properties":{"pop":3564}},{"type":"Feature","geometry":{"type":"Point","coordinates":[8.85,51.95]},"properties":{"pop":59613}},{"type":"Feature","geometry":{"type":"Point","coordinates":[9.850000000000001,53.25]},"properties":{"pop":9318}},{"type":"Feature","geometry":{"type":"Point","coordinates":[9.75,53.25]},"properties":{"pop":14318}},{"type":"Feature","geometry":{"type":"Point","coordinates":[14.15,52.95]},"properties":{"pop":1506}},{"type":"Feature","geometry":{"type":"Point","coordinates":[14.05,52.95]},"properties":{"pop":1613}},{"type":"Feature","geometry":{"type":"Point","coordinates":[14.05,53.050000000000004]},"properties":{"pop":3983}},{"type":"Feature","geometry":{"type":"Point","coordinates":[12.55,49.050000000000004]},"properties":{"pop":4456}},{"type":"Feature","geometry":{"type":"Point","coordinates":[7.25,50.150000000000006]},"properties":{"pop":5652}},{"type":"Feature","geometry":{"type":"Point","coordinates":[10.950000000000001,51.050000000000004]},"properties":{"pop":19109}},{"type":"Feature","geometry":{"type":"Point","coordinates":[12.15,49.35]},"properties":{"pop":21104}},{"type":"Feature","geometry":{"type":"Point","coordinates":[12.15,49.25]},"properties":{"pop":8101}},{"type":"Feature","geometry":{"type":"Point","coordinates":[12.25,49.35]},"properties":{"pop":3749}},{"type":"Feature","geometry":{"type":"Point","coordinates":[12.25,49.25]},"properties":{"pop":6967}},{"type":"Feature","geometry":{"type":"Point","coordinates":[8.65,50.25]},"properties":{"pop":78187}},{"type":"Feature","geometry":{"type":"Point","coordinates":[8.55,50.25]},"properties":{"pop":48054}},{"type":"Feature","geometry":{"type":"Point","coordinates":[10.25,53.85]},"properties":{"pop":7634}},{"type":"Feature","geometry":{"type":"Point","coordinates":[10.65,52.85]},"properties":{"pop":5388}},{"type":"Feature","geometry":{"type":"Point","coordinates":[10.75,52.75]},"properties":{"pop":5640}},{"type":"Feature","geometry":{"type":"Point","coordinates":[10.65,52.75]},"properties":{"pop":4116}},{"type":"Feature","geometry":{"type":"Point","coordinates":[10.75,52.85]},"properties":{"pop":1864}},{"type":"Feature","geometry":{"type":"Point","coordinates":[10.55,52.85]},"properties":{"pop":1832}},{"type":"Feature","geometry":{"type":"Point","coordinates":[7.45,52.75]},"properties":{"pop":4402}},{"type":"Feature","geometry":{"type":"Point","coordinates":[12.350000000000001,52.45]},"properties":{"pop":2455}},{"type":"Feature","geometry":{"type":"Point","coordinates":[12.350000000000001,52.35]},"properties":{"pop":4266}},{"type":"Feature","geometry":{"type":"Point","coordinates":[10.25,49.550000000000004]},"properties":{"pop":6391}},{"type":"Feature","geometry":{"type":"Point","coordinates":[10.25,49.650000000000006]},"properties":{"pop":6051}},{"type":"Feature","geometry":{"type":"Point","coordinates":[10.15,49.550000000000004]},"properties":{"pop":3381}},{"type":"Feature","geometry":{"type":"Point","coordinates":[12.25,49.85]},"properties":{"pop":2204}},{"type":"Feature","geometry":{"type":"Point","coordinates":[12.350000000000001,49.75]},"properties":{"pop":3353}},{"type":"Feature","geometry":{"type":"Point","coordinates":[12.25,49.75]},"properties":{"pop":5841}},{"type":"Feature","geometry":{"type":"Point","coordinates":[12.350000000000001,49.85]},"properties":{"pop":9280}},{"type":"Feature","geometry":{"type":"Point","coordinates":[11.350000000000001,50.95]},"properties":{"pop":47494}},{"type":"Feature","geometry":{"type":"Point","coordinates":[8.85,48.35]},"properties":{"pop":13906}},{"type":"Feature","geometry":{"type":"Point","coordinates":[12.65,49.050000000000004]},"properties":{"pop":5829}},{"type":"Feature","geometry":{"type":"Point","coordinates":[8.950000000000001,48.25]},"properties":{"pop":19701}},{"type":"Feature","geometry":{"type":"Point","coordinates":[9.75,54.35]},"properties":{"pop":9927}},{"type":"Feature","geometry":{"type":"Point","coordinates":[13.65,51.550000000000004]},"properties":{"pop":2342}},{"type":"Feature","geometry":{"type":"Point","coordinates":[13.55,51.550000000000004]},"properties":{"pop":2639}},{"type":"Feature","geometry":{"type":"Point","coordinates":[11.950000000000001,53.650000000000006]},"properties":{"pop":1641}},{"type":"Feature","geometry":{"type":"Point","coordinates":[11.950000000000001,53.75]},"properties":{"pop":1406}},{"type":"Feature","geometry":{"type":"Point","coordinates":[12.15,48.25]},"properties":{"pop":13042}},{"type":"Feature","geometry":{"type":"Point","coordinates":[13.950000000000001,53.050000000000004]},"properties":{"pop":4574}},{"type":"Feature","geometry":{"type":"Point","coordinates":[13.950000000000001,52.95]},"properties":{"pop":2078}},{"type":"Feature","geometry":{"type":"Point","coordinates":[13.950000000000001,53.150000000000006]},"properties":{"pop":1215}},{"type":"Feature","geometry":{"type":"Point","coordinates":[13.850000000000001,53.050000000000004]},"properties":{"pop":894}},{"type":"Feature","geometry":{"type":"Point","coordinates":[14.05,53.150000000000006]},"properties":{"pop":1638}},{"type":"Feature","geometry":{"type":"Point","coordinates":[13.850000000000001,53.150000000000006]},"properties":{"pop":1146}},{"type":"Feature","geometry":{"type":"Point","coordinates":[13.850000000000001,52.95]},"properties":{"pop":1908}},{"type":"Feature","geometry":{"type":"Point","coordinates":[11.55,51.150000000000006]},"properties":{"pop":3464}},{"type":"Feature","geometry":{"type":"Point","coordinates":[8.55,49.25]},"properties":{"pop":39569}},{"type":"Feature","geometry":{"type":"Point","coordinates":[8.450000000000001,49.25]},"properties":{"pop":29009}},{"type":"Feature","geometry":{"type":"Point","coordinates":[8.85,52.050000000000004]},"properties":{"pop":28147}},{"type":"Feature","geometry":{"type":"Point","coordinates":[8.950000000000001,52.050000000000004]},"properties":{"pop":19979}},{"type":"Feature","geometry":{"type":"Point","coordinates":[8.85,52.150000000000006]},"properties":{"pop":25166}},{"type":"Feature","geometry":{"type":"Point","coordinates":[8.950000000000001,51.95]},"properties":{"pop":17870}},{"type":"Feature","geometry":{"type":"Point","coordinates":[8.55,50.050000000000004]},"properties":{"pop":113934}},{"type":"Feature","geometry":{"type":"Point","coordinates":[8.55,49.95]},"properties":{"pop":46698}},{"type":"Feature","geometry":{"type":"Point","coordinates":[8.65,49.95]},"properties":{"pop":89040}},{"type":"Feature","geometry":{"type":"Point","coordinates":[11.05,48.95]},"properties":{"pop":3325}},{"type":"Feature","geometry":{"type":"Point","coordinates":[11.05,48.85]},"properties":{"pop":5929}},{"type":"Feature","geometry":{"type":"Point","coordinates":[11.15,48.85]},"properties":{"pop":10871}},{"type":"Feature","geometry":{"type":"Point","coordinates":[11.15,48.95]},"properties":{"pop":6487}},{"type":"Feature","geometry":{"type":"Point","coordinates":[10.450000000000001,50.35]},"properties":{"pop":5091}},{"type":"Feature","geometry":{"type":"Point","coordinates":[8.950000000000001,53.150000000000006]},"properties":{"pop":31992}},{"type":"Feature","geometry":{"type":"Point","coordinates":[8.85,53.150000000000006]},"properties":{"pop":34136}},{"type":"Feature","geometry":{"type":"Point","coordinates":[11.05,49.45]},"properties":{"pop":290426}},{"type":"Feature","geometry":{"type":"Point","coordinates":[11.350000000000001,53.45]},"properties":{"pop":1636}},{"type":"Feature","geometry":{"type":"Point","coordinates":[11.450000000000001,50.650000000000006]},"properties":{"pop":10424}},{"type":"Feature","geometry":{"type":"Point","coordinates":[11.55,50.650000000000006]},"properties":{"pop":9828}},{"type":"Feature","geometry":{"type":"Point","coordinates":[8.65,51.050000000000004]},"properties":{"pop":8931}},{"type":"Feature","geometry":{"type":"Point","coordinates":[8.75,51.050000000000004]},"properties":{"pop":10353}},{"type":"Feature","geometry":{"type":"Point","coordinates":[9.450000000000001,53.45]},"properties":{"pop":8774}},{"type":"Feature","geometry":{"type":"Point","coordinates":[9.55,53.45]},"properties":{"pop":12055}},{"type":"Feature","geometry":{"type":"Point","coordinates":[10.25,51.75]},"properties":{"pop":17438}},{"type":"Feature","geometry":{"type":"Point","coordinates":[10.15,51.75]},"properties":{"pop":7494}},{"type":"Feature","geometry":{"type":"Point","coordinates":[10.450000000000001,50.550000000000004]},"properties":{"pop":15941}},{"type":"Feature","geometry":{"type":"Point","coordinates":[9.75,54.45]},"properties":{"pop":5723}},{"type":"Feature","geometry":{"type":"Point","coordinates":[9.65,54.45]},"properties":{"pop":5024}},{"type":"Feature","geometry":{"type":"Point","coordinates":[13.65,51.050000000000004]},"properties":{"pop":150266}},{"type":"Feature","geometry":{"type":"Point","coordinates":[10.65,53.150000000000006]},"properties":{"pop":2419}},{"type":"Feature","geometry":{"type":"Point","coordinates":[10.75,53.150000000000006]},"properties":{"pop":3565}},{"type":"Feature","geometry":{"type":"Point","coordinates":[10.65,53.25]},"properties":{"pop":4082}},{"type":"Feature","geometry":{"type":"Point","coordinates":[10.75,53.25]},"properties":{"pop":7269}},{"type":"Feature","geometry":{"type":"Point","coordinates":[12.25,50.85]},"properties":{"pop":5044}},{"type":"Feature","geometry":{"type":"Point","coordinates":[10.350000000000001,48.650000000000006]},"properties":{"pop":8971}},{"type":"Feature","geometry":{"type":"Point","coordinates":[10.850000000000001,47.85]},"properties":{"pop":15538}},{"type":"Feature","geometry":{"type":"Point","coordinates":[9.450000000000001,54.150000000000006]},"properties":{"pop":5009}},{"type":"Feature","geometry":{"type":"Point","coordinates":[9.35,54.150000000000006]},"properties":{"pop":2286}},{"type":"Feature","geometry":{"type":"Point","coordinates":[9.850000000000001,49.85]},"properties":{"pop":34280}},{"type":"Feature","geometry":{"type":"Point","coordinates":[10.75,47.85]},"properties":{"pop":4507}},{"type":"Feature","geometry":{"type":"Point","coordinates":[10.950000000000001,47.95]},"properties":{"pop":8302}},{"type":"Feature","geometry":{"type":"Point","coordinates":[7.75,49.85]},"properties":{"pop":12464}},{"type":"Feature","geometry":{"type":"Point","coordinates":[12.450000000000001,51.050000000000004]},"properties":{"pop":16661}},{"type":"Feature","geometry":{"type":"Point","coordinates":[7.75,47.95]},"properties":{"pop":52937}},{"type":"Feature","geometry":{"type":"Point","coordinates":[7.8500000000000005,48.050000000000004]},"properties":{"pop":111125}},{"type":"Feature","geometry":{"type":"Point","coordinates":[7.8500000000000005,47.95]},"properties":{"pop":101349}},{"type":"Feature","geometry":{"type":"Point","coordinates":[7.75,48.050000000000004]},"properties":{"pop":38111}},{"type":"Feature","geometry":{"type":"Point","coordinates":[7.65,47.95]},"properties":{"pop":23179}},{"type":"Feature","geometry":{"type":"Point","coordinates":[12.05,50.050000000000004]},"properties":{"pop":14089}},{"type":"Feature","geometry":{"type":"Point","coordinates":[11.950000000000001,50.050000000000004]},"properties":{"pop":8117}},{"type":"Feature","geometry":{"type":"Point","coordinates":[11.950000000000001,49.35]},"properties":{"pop":6588}},{"type":"Feature","geometry":{"type":"Point","coordinates":[12.75,53.75]},"properties":{"pop":5671}},{"type":"Feature","geometry":{"type":"Point","coordinates":[12.850000000000001,53.650000000000006]},"properties":{"pop":2106}},{"type":"Feature","geometry":{"type":"Point","coordinates":[13.75,53.050000000000004]},"properties":{"pop":1233}},{"type":"Feature","geometry":{"type":"Point","coordinates":[11.55,51.85]},"properties":{"pop":15094}},{"type":"Feature","geometry":{"type":"Point","coordinates":[7.25,49.95]},"properties":{"pop":4764}},{"type":"Feature","geometry":{"type":"Point","coordinates":[7.95,50.35]},"properties":{"pop":9648}},{"type":"Feature","geometry":{"type":"Point","coordinates":[12.350000000000001,47.85]},"properties":{"pop":23098}},{"type":"Feature","geometry":{"type":"Point","coordinates":[12.450000000000001,47.85]},"properties":{"pop":6229}},{"type":"Feature","geometry":{"type":"Point","coordinates":[10.950000000000001,51.25]},"properties":{"pop":6541}},{"type":"Feature","geometry":{"type":"Point","coordinates":[8.05,50.25]},"properties":{"pop":9591}},{"type":"Feature","geometry":{"type":"Point","coordinates":[10.15,49.45]},"properties":{"pop":2672}},{"type":"Feature","geometry":{"type":"Point","coordinates":[10.25,49.45]},"properties":{"pop":2781}},{"type":"Feature","geometry":{"type":"Point","coordinates":[9.25,52.050000000000004]},"properties":{"pop":6703}},{"type":"Feature","geometry":{"type":"Point","coordinates":[9.35,52.050000000000004]},"properties":{"pop":24129}},{"type":"Feature","geometry":{"type":"Point","coordinates":[9.15,52.050000000000004]},"properties":{"pop":8820}},{"type":"Feature","geometry":{"type":"Point","coordinates":[9.25,52.150000000000006]},"properties":{"pop":15628}},{"type":"Feature","geometry":{"type":"Point","coordinates":[11.65,53.150000000000006]},"properties":{"pop":1200}},{"type":"Feature","geometry":{"type":"Point","coordinates":[11.75,53.150000000000006]},"properties":{"pop":2170}},{"type":"Feature","geometry":{"type":"Point","coordinates":[11.850000000000001,53.25]},"properties":{"pop":1710}},{"type":"Feature","geometry":{"type":"Point","coordinates":[11.75,53.25]},"properties":{"pop":1395}},{"type":"Feature","geometry":{"type":"Point","coordinates":[11.65,53.25]},"properties":{"pop":1566}},{"type":"Feature","geometry":{"type":"Point","coordinates":[11.850000000000001,53.150000000000006]},"properties":{"pop":2234}},{"type":"Feature","geometry":{"type":"Point","coordinates":[11.65,53.050000000000004]},"properties":{"pop":1132}},{"type":"Feature","geometry":{"type":"Point","coordinates":[7.25,50.25]},"properties":{"pop":7468}},{"type":"Feature","geometry":{"type":"Point","coordinates":[7.3500000000000005,50.150000000000006]},"properties":{"pop":5078}},{"type":"Feature","geometry":{"type":"Point","coordinates":[11.25,53.050000000000004]},"properties":{"pop":1095}},{"type":"Feature","geometry":{"type":"Point","coordinates":[11.350000000000001,53.050000000000004]},"properties":{"pop":1260}},{"type":"Feature","geometry":{"type":"Point","coordinates":[11.55,53.25]},"properties":{"pop":5482}},{"type":"Feature","geometry":{"type":"Point","coordinates":[11.450000000000001,51.85]},"properties":{"pop":5396}},{"type":"Feature","geometry":{"type":"Point","coordinates":[11.350000000000001,51.85]},"properties":{"pop":2742}},{"type":"Feature","geometry":{"type":"Point","coordinates":[11.450000000000001,51.95]},"properties":{"pop":6204}},{"type":"Feature","geometry":{"type":"Point","coordinates":[7.95,47.95]},"properties":{"pop":28839}},{"type":"Feature","geometry":{"type":"Point","coordinates":[8.05,48.150000000000006]},"properties":{"pop":11649}},{"type":"Feature","geometry":{"type":"Point","coordinates":[8.05,48.25]},"properties":{"pop":11975}},{"type":"Feature","geometry":{"type":"Point","coordinates":[9.35,54.35]},"properties":{"pop":2887}},{"type":"Feature","geometry":{"type":"Point","coordinates":[9.25,54.35]},"properties":{"pop":2962}},{"type":"Feature","geometry":{"type":"Point","coordinates":[12.350000000000001,53.45]},"properties":{"pop":993}},{"type":"Feature","geometry":{"type":"Point","coordinates":[10.450000000000001,48.550000000000004]},"properties":{"pop":21292}},{"type":"Feature","geometry":{"type":"Point","coordinates":[8.25,50.550000000000004]},"properties":{"pop":9299}},{"type":"Feature","geometry":{"type":"Point","coordinates":[8.15,50.550000000000004]},"properties":{"pop":12625}},{"type":"Feature","geometry":{"type":"Point","coordinates":[10.55,48.150000000000006]},"properties":{"pop":5597}},{"type":"Feature","geometry":{"type":"Point","coordinates":[10.350000000000001,53.650000000000006]},"properties":{"pop":14676}},{"type":"Feature","geometry":{"type":"Point","coordinates":[7.75,50.25]},"properties":{"pop":5534}},{"type":"Feature","geometry":{"type":"Point","coordinates":[9.850000000000001,52.35]},"properties":{"pop":120207}},{"type":"Feature","geometry":{"type":"Point","coordinates":[9.850000000000001,52.45]},"properties":{"pop":52854}},{"type":"Feature","geometry":{"type":"Point","coordinates":[12.15,47.85]},"properties":{"pop":65867}},{"type":"Feature","geometry":{"type":"Point","coordinates":[12.25,47.85]},"properties":{"pop":10415}},{"type":"Feature","geometry":{"type":"Point","coordinates":[13.65,50.85]},"properties":{"pop":9189}},{"type":"Feature","geometry":{"type":"Point","coordinates":[11.350000000000001,48.25]},"properties":{"pop":36367}},{"type":"Feature","geometry":{"type":"Point","coordinates":[8.55,51.25]},"properties":{"pop":5532}},{"type":"Feature","geometry":{"type":"Point","coordinates":[8.450000000000001,51.35]},"properties":{"pop":15021}},{"type":"Feature","geometry":{"type":"Point","coordinates":[8.55,51.35]},"properties":{"pop":13009}},{"type":"Feature","geometry":{"type":"Point","coordinates":[8.450000000000001,51.25]},"properties":{"pop":4803}},{"type":"Feature","geometry":{"type":"Point","coordinates":[12.350000000000001,50.35]},"properties":{"pop":9089}},{"type":"Feature","geometry":{"type":"Point","coordinates":[12.350000000000001,50.25]},"properties":{"pop":2240}},{"type":"Feature","geometry":{"type":"Point","coordinates":[12.450000000000001,50.35]},"properties":{"pop":7588}},{"type":"Feature","geometry":{"type":"Point","coordinates":[9.75,50.25]},"properties":{"pop":2279}},{"type":"Feature","geometry":{"type":"Point","coordinates":[10.05,50.95]},"properties":{"pop":9009}},{"type":"Feature","geometry":{"type":"Point","coordinates":[10.65,53.75]},"properties":{"pop":10281}},{"type":"Feature","geometry":{"type":"Point","coordinates":[8.75,54.650000000000006]},"properties":{"pop":73}},{"type":"Feature","geometry":{"type":"Point","coordinates":[9.75,52.45]},"properties":{"pop":137184}},{"type":"Feature","geometry":{"type":"Point","coordinates":[9.75,52.35]},"properties":{"pop":173061}},{"type":"Feature","geometry":{"type":"Point","coordinates":[9.65,52.35]},"properties":{"pop":116577}},{"type":"Feature","geometry":{"type":"Point","coordinates":[9.65,52.45]},"properties":{"pop":85399}},{"type":"Feature","geometry":{"type":"Point","coordinates":[9.25,49.95]},"properties":{"pop":23582}},{"type":"Feature","geometry":{"type":"Point","coordinates":[10.450000000000001,48.150000000000006]},"properties":{"pop":7482}},{"type":"Feature","geometry":{"type":"Point","coordinates":[10.55,48.25]},"properties":{"pop":5614}},{"type":"Feature","geometry":{"type":"Point","coordinates":[10.450000000000001,48.25]},"properties":{"pop":12076}},{"type":"Feature","geometry":{"type":"Point","coordinates":[9.05,54.35]},"properties":{"pop":7194}},{"type":"Feature","geometry":{"type":"Point","coordinates":[10.450000000000001,50.95]},"properties":{"pop":5827}},{"type":"Feature","geometry":{"type":"Point","coordinates":[13.75,50.85]},"properties":{"pop":5407}},{"type":"Feature","geometry":{"type":"Point","coordinates":[13.75,50.95]},"properties":{"pop":21128}},{"type":"Feature","geometry":{"type":"Point","coordinates":[13.850000000000001,50.85]},"properties":{"pop":4301}},{"type":"Feature","geometry":{"type":"Point","coordinates":[7.15,53.75]},"properties":{"pop":5030}},{"type":"Feature","geometry":{"type":"Point","coordinates":[7.25,53.75]},"properties":{"pop":716}},{"type":"Feature","geometry":{"type":"Point","coordinates":[7.3500000000000005,53.75]},"properties":{"pop":533}},{"type":"Feature","geometry":{"type":"Point","coordinates":[7.050000000000001,50.150000000000006]},"properties":{"pop":5747}},{"type":"Feature","geometry":{"type":"Point","coordinates":[7.15,53.650000000000006]},"properties":{"pop":6185}},{"type":"Feature","geometry":{"type":"Point","coordinates":[7.65,50.25]},"properties":{"pop":18926}},{"type":"Feature","geometry":{"type":"Point","coordinates":[13.55,51.45]},"properties":{"pop":11386}},{"type":"Feature","geometry":{"type":"Point","coordinates":[13.450000000000001,51.45]},"properties":{"pop":11254}},{"type":"Feature","geometry":{"type":"Point","coordinates":[9.65,54.75]},"properties":{"pop":6621}},{"type":"Feature","geometry":{"type":"Point","coordinates":[9.65,54.85]},"properties":{"pop":2087}},{"type":"Feature","geometry":{"type":"Point","coordinates":[9.25,54.050000000000004]},"properties":{"pop":6070}},{"type":"Feature","geometry":{"type":"Point","coordinates":[9.15,54.35]},"properties":{"pop":3439}},{"type":"Feature","geometry":{"type":"Point","coordinates":[10.450000000000001,52.45]},"properties":{"pop":12147}},{"type":"Feature","geometry":{"type":"Point","coordinates":[10.55,52.45]},"properties":{"pop":31070}},{"type":"Feature","geometry":{"type":"Point","coordinates":[9.75,51.550000000000004]},"properties":{"pop":8802}},{"type":"Feature","geometry":{"type":"Point","coordinates":[9.65,51.550000000000004]},"properties":{"pop":2874}},{"type":"Feature","geometry":{"type":"Point","coordinates":[10.450000000000001,51.35]},"properties":{"pop":8342}},{"type":"Feature","geometry":{"type":"Point","coordinates":[11.15,49.25]},"properties":{"pop":12857}},{"type":"Feature","geometry":{"type":"Point","coordinates":[9.450000000000001,47.95]},"properties":{"pop":4993}},{"type":"Feature","geometry":{"type":"Point","coordinates":[7.95,49.85]},"properties":{"pop":29019}},{"type":"Feature","geometry":{"type":"Point","coordinates":[10.05,48.550000000000004]},"properties":{"pop":5392}},{"type":"Feature","geometry":{"type":"Point","coordinates":[6.65,49.95]},"properties":{"pop":8264}},{"type":"Feature","geometry":{"type":"Point","coordinates":[9.05,52.150000000000006]},"properties":{"pop":16744}},{"type":"Feature","geometry":{"type":"Point","coordinates":[9.15,52.150000000000006]},"properties":{"pop":9156}},{"type":"Feature","geometry":{"type":"Point","coordinates":[9.05,52.25]},"properties":{"pop":29214}},{"type":"Feature","geometry":{"type":"Point","coordinates":[9.15,52.25]},"properties":{"pop":22148}},{"type":"Feature","geometry":{"type":"Point","coordinates":[7.550000000000001,49.550000000000004]},"properties":{"pop":5552}},{"type":"Feature","geometry":{"type":"Point","coordinates":[7.45,51.95]},"properties":{"pop":17693}},{"type":"Feature","geometry":{"type":"Point","coordinates":[7.45,52.050000000000004]},"properties":{"pop":17446}},{"type":"Feature","geometry":{"type":"Point","coordinates":[7.3500000000000005,51.95]},"properties":{"pop":14259}},{"type":"Feature","geometry":{"type":"Point","coordinates":[7.550000000000001,51.95]},"properties":{"pop":72205}},{"type":"Feature","geometry":{"type":"Point","coordinates":[12.15,51.650000000000006]},"properties":{"pop":7880}},{"type":"Feature","geometry":{"type":"Point","coordinates":[12.05,51.650000000000006]},"properties":{"pop":5863}},{"type":"Feature","geometry":{"type":"Point","coordinates":[12.15,51.550000000000004]},"properties":{"pop":7772}},{"type":"Feature","geometry":{"type":"Point","coordinates":[12.05,51.550000000000004]},"properties":{"pop":12799}},{"type":"Feature","geometry":{"type":"Point","coordinates":[12.25,51.650000000000006]},"properties":{"pop":29172}},{"type":"Feature","geometry":{"type":"Point","coordinates":[10.450000000000001,49.45]},"properties":{"pop":6250}},{"type":"Feature","geometry":{"type":"Point","coordinates":[10.55,49.45]},"properties":{"pop":4678}},{"type":"Feature","geometry":{"type":"Point","coordinates":[9.950000000000001,49.85]},"properties":{"pop":45028}},{"type":"Feature","geometry":{"type":"Point","coordinates":[9.950000000000001,49.95]},"properties":{"pop":4568}},{"type":"Feature","geometry":{"type":"Point","coordinates":[9.15,54.050000000000004]},"properties":{"pop":4233}},{"type":"Feature","geometry":{"type":"Point","coordinates":[7.550000000000001,50.550000000000004]},"properties":{"pop":15247}},{"type":"Feature","geometry":{"type":"Point","coordinates":[10.65,47.550000000000004]},"properties":{"pop":9373}},{"type":"Feature","geometry":{"type":"Point","coordinates":[10.65,47.650000000000006]},"properties":{"pop":6195}},{"type":"Feature","geometry":{"type":"Point","coordinates":[6.95,50.25]},"properties":{"pop":6286}},{"type":"Feature","geometry":{"type":"Point","coordinates":[12.55,54.25]},"properties":{"pop":2273}},{"type":"Feature","geometry":{"type":"Point","coordinates":[12.55,54.150000000000006]},"properties":{"pop":2746}},{"type":"Feature","geometry":{"type":"Point","coordinates":[12.450000000000001,54.25]},"properties":{"pop":11083}},{"type":"Feature","geometry":{"type":"Point","coordinates":[6.95,49.95]},"properties":{"pop":16528}},{"type":"Feature","geometry":{"type":"Point","coordinates":[6.8500000000000005,49.95]},"properties":{"pop":14597}},{"type":"Feature","geometry":{"type":"Point","coordinates":[10.25,52.650000000000006]},"properties":{"pop":9111}},{"type":"Feature","geometry":{"type":"Point","coordinates":[10.450000000000001,50.650000000000006]},"properties":{"pop":2750}},{"type":"Feature","geometry":{"type":"Point","coordinates":[8.25,49.25]},"properties":{"pop":15505}},{"type":"Feature","geometry":{"type":"Point","coordinates":[10.75,48.150000000000006]},"properties":{"pop":15614}},{"type":"Feature","geometry":{"type":"Point","coordinates":[10.65,48.150000000000006]},"properties":{"pop":5893}},{"type":"Feature","geometry":{"type":"Point","coordinates":[12.950000000000001,48.45]},"properties":{"pop":14019}},{"type":"Feature","geometry":{"type":"Point","coordinates":[13.05,48.45]},"properties":{"pop":6594}},{"type":"Feature","geometry":{"type":"Point","coordinates":[12.950000000000001,48.35]},"properties":{"pop":5628}},{"type":"Feature","geometry":{"type":"Point","coordinates":[11.950000000000001,53.45]},"properties":{"pop":1327}},{"type":"Feature","geometry":{"type":"Point","coordinates":[8.85,48.150000000000006]},"properties":{"pop":8335}},{"type":"Feature","geometry":{"type":"Point","coordinates":[6.550000000000001,51.85]},"properties":{"pop":27483}},{"type":"Feature","geometry":{"type":"Point","coordinates":[6.45,51.85]},"properties":{"pop":11375}},{"type":"Feature","geometry":{"type":"Point","coordinates":[7.3500000000000005,52.050000000000004]},"properties":{"pop":12946}},{"type":"Feature","geometry":{"type":"Point","coordinates":[7.25,52.150000000000006]},"properties":{"pop":8561}},{"type":"Feature","geometry":{"type":"Point","coordinates":[7.3500000000000005,52.150000000000006]},"properties":{"pop":27005}},{"type":"Feature","geometry":{"type":"Point","coordinates":[7.25,52.050000000000004]},"properties":{"pop":12268}},{"type":"Feature","geometry":{"type":"Point","coordinates":[12.450000000000001,52.45]},"properties":{"pop":11849}},{"type":"Feature","geometry":{"type":"Point","coordinates":[12.55,52.45]},"properties":{"pop":36618}},{"type":"Feature","geometry":{"type":"Point","coordinates":[10.05,48.25]},"properties":{"pop":33199}},{"type":"Feature","geometry":{"type":"Point","coordinates":[9.75,54.150000000000006]},"properties":{"pop":2066}},{"type":"Feature","geometry":{"type":"Point","coordinates":[8.450000000000001,48.95]},"properties":{"pop":87502}},{"type":"Feature","geometry":{"type":"Point","coordinates":[10.55,53.35]},"properties":{"pop":17449}},{"type":"Feature","geometry":{"type":"Point","coordinates":[7.8500000000000005,50.150000000000006]},"properties":{"pop":7912}},{"type":"Feature","geometry":{"type":"Point","coordinates":[7.65,50.150000000000006]},"properties":{"pop":6661}},{"type":"Feature","geometry":{"type":"Point","coordinates":[13.25,53.85]},"properties":{"pop":1377}},{"type":"Feature","geometry":{"type":"Point","coordinates":[13.25,53.95]},"properties":{"pop":2758}},{"type":"Feature","geometry":{"type":"Point","coordinates":[13.15,53.85]},"properties":{"pop":1271}},{"type":"Feature","geometry":{"type":"Point","coordinates":[10.65,50.85]},"properties":{"pop":9427}},{"type":"Feature","geometry":{"type":"Point","coordinates":[10.75,50.85]},"properties":{"pop":10352}},{"type":"Feature","geometry":{"type":"Point","coordinates":[10.65,50.75]},"properties":{"pop":4429}},{"type":"Feature","geometry":{"type":"Point","coordinates":[11.950000000000001,50.95]},"properties":{"pop":10041}},{"type":"Feature","geometry":{"type":"Point","coordinates":[12.75,53.650000000000006]},"properties":{"pop":1549}},{"type":"Feature","geometry":{"type":"Point","coordinates":[12.75,53.550000000000004]},"properties":{"pop":6529}},{"type":"Feature","geometry":{"type":"Point","coordinates":[6.45,50.150000000000006]},"properties":{"pop":4571}},{"type":"Feature","geometry":{"type":"Point","coordinates":[12.55,52.35]},"properties":{"pop":15125}},{"type":"Feature","geometry":{"type":"Point","coordinates":[11.25,48.550000000000004]},"properties":{"pop":15851}},{"type":"Feature","geometry":{"type":"Point","coordinates":[11.25,48.45]},"properties":{"pop":6019}},{"type":"Feature","geometry":{"type":"Point","coordinates":[12.65,52.45]},"properties":{"pop":5175}},{"type":"Feature","geometry":{"type":"Point","coordinates":[10.75,52.45]},"properties":{"pop":56138}},{"type":"Feature","geometry":{"type":"Point","coordinates":[14.25,51.25]},"properties":{"pop":4867}},{"type":"Feature","geometry":{"type":"Point","coordinates":[14.350000000000001,51.25]},"properties":{"pop":6748}},{"type":"Feature","geometry":{"type":"Point","coordinates":[8.05,49.95]},"properties":{"pop":39497}},{"type":"Feature","geometry":{"type":"Point","coordinates":[12.450000000000001,52.35]},"properties":{"pop":7798}},{"type":"Feature","geometry":{"type":"Point","coordinates":[12.65,52.35]},"properties":{"pop":2826}},{"type":"Feature","geometry":{"type":"Point","coordinates":[7.65,49.25]},"properties":{"pop":35939}},{"type":"Feature","geometry":{"type":"Point","coordinates":[14.350000000000001,51.150000000000006]},"properties":{"pop":9509}},{"type":"Feature","geometry":{"type":"Point","coordinates":[14.25,51.150000000000006]},"properties":{"pop":7384}},{"type":"Feature","geometry":{"type":"Point","coordinates":[9.850000000000001,54.150000000000006]},"properties":{"pop":10812}},{"type":"Feature","geometry":{"type":"Point","coordinates":[6.3500000000000005,51.85]},"properties":{"pop":8641}},{"type":"Feature","geometry":{"type":"Point","coordinates":[10.450000000000001,54.35]},"properties":{"pop":3406}},{"type":"Feature","geometry":{"type":"Point","coordinates":[11.950000000000001,50.650000000000006]},"properties":{"pop":9873}},{"type":"Feature","geometry":{"type":"Point","coordinates":[12.05,50.650000000000006]},"properties":{"pop":7414}},{"type":"Feature","geometry":{"type":"Point","coordinates":[7.3500000000000005,49.95]},"properties":{"pop":7263}},{"type":"Feature","geometry":{"type":"Point","coordinates":[11.450000000000001,49.25]},"properties":{"pop":39425}},{"type":"Feature","geometry":{"type":"Point","coordinates":[8.15,49.95]},"properties":{"pop":50939}},{"type":"Feature","geometry":{"type":"Point","coordinates":[7.45,53.550000000000004]},"properties":{"pop":8875}},{"type":"Feature","geometry":{"type":"Point","coordinates":[7.550000000000001,53.45]},"properties":{"pop":14347}},{"type":"Feature","geometry":{"type":"Point","coordinates":[7.45,53.45]},"properties":{"pop":24574}},{"type":"Feature","geometry":{"type":"Point","coordinates":[7.550000000000001,53.550000000000004]},"properties":{"pop":8097}},{"type":"Feature","geometry":{"type":"Point","coordinates":[8.75,49.650000000000006]},"properties":{"pop":26823}},{"type":"Feature","geometry":{"type":"Point","coordinates":[8.75,49.75]},"properties":{"pop":15959}},{"type":"Feature","geometry":{"type":"Point","coordinates":[10.450000000000001,52.95]},"properties":{"pop":4741}},{"type":"Feature","geometry":{"type":"Point","coordinates":[10.450000000000001,52.75]},"properties":{"pop":1068}},{"type":"Feature","geometry":{"type":"Point","coordinates":[10.55,52.75]},"properties":{"pop":2596}},{"type":"Feature","geometry":{"type":"Point","coordinates":[10.450000000000001,52.85]},"properties":{"pop":2439}},{"type":"Feature","geometry":{"type":"Point","coordinates":[10.350000000000001,52.85]},"properties":{"pop":435}},{"type":"Feature","geometry":{"type":"Point","coordinates":[10.55,50.550000000000004]},"properties":{"pop":4278}},{"type":"Feature","geometry":{"type":"Point","coordinates":[7.550000000000001,52.75]},"properties":{"pop":2984}},{"type":"Feature","geometry":{"type":"Point","coordinates":[7.45,52.650000000000006]},"properties":{"pop":9249}},{"type":"Feature","geometry":{"type":"Point","coordinates":[7.550000000000001,52.650000000000006]},"properties":{"pop":5691}},{"type":"Feature","geometry":{"type":"Point","coordinates":[7.3500000000000005,52.650000000000006]},"properties":{"pop":10505}},{"type":"Feature","geometry":{"type":"Point","coordinates":[7.3500000000000005,52.75]},"properties":{"pop":4654}},{"type":"Feature","geometry":{"type":"Point","coordinates":[8.55,49.150000000000006]},"properties":{"pop":49720}},{"type":"Feature","geometry":{"type":"Point","coordinates":[9.950000000000001,54.45]},"properties":{"pop":8642}},{"type":"Feature","geometry":{"type":"Point","coordinates":[7.550000000000001,49.650000000000006]},"properties":{"pop":7982}},{"type":"Feature","geometry":{"type":"Point","coordinates":[13.25,52.650000000000006]},"properties":{"pop":109669}},{"type":"Feature","geometry":{"type":"Point","coordinates":[8.85,47.75]},"properties":{"pop":54376}},{"type":"Feature","geometry":{"type":"Point","coordinates":[8.75,47.75]},"properties":{"pop":18082}},{"type":"Feature","geometry":{"type":"Point","coordinates":[12.15,53.85]},"properties":{"pop":9899}},{"type":"Feature","geometry":{"type":"Point","coordinates":[8.35,52.85]},"properties":{"pop":8947}},{"type":"Feature","geometry":{"type":"Point","coordinates":[13.75,53.150000000000006]},"properties":{"pop":1099}},{"type":"Feature","geometry":{"type":"Point","coordinates":[8.450000000000001,52.85]},"properties":{"pop":15415}},{"type":"Feature","geometry":{"type":"Point","coordinates":[10.15,48.650000000000006]},"properties":{"pop":41237}},{"type":"Feature","geometry":{"type":"Point","coordinates":[10.15,48.550000000000004]},"properties":{"pop":11066}},{"type":"Feature","geometry":{"type":"Point","coordinates":[10.25,48.650000000000006]},"properties":{"pop":21055}},{"type":"Feature","geometry":{"type":"Point","coordinates":[11.75,51.25]},"properties":{"pop":5840}},{"type":"Feature","geometry":{"type":"Point","coordinates":[11.65,51.150000000000006]},"properties":{"pop":3730}},{"type":"Feature","geometry":{"type":"Point","coordinates":[11.65,51.25]},"properties":{"pop":5784}},{"type":"Feature","geometry":{"type":"Point","coordinates":[11.75,51.150000000000006]},"properties":{"pop":13976}},{"type":"Feature","geometry":{"type":"Point","coordinates":[11.65,47.95]},"properties":{"pop":12502}},{"type":"Feature","geometry":{"type":"Point","coordinates":[11.65,47.85]},"properties":{"pop":11604}},{"type":"Feature","geometry":{"type":"Point","coordinates":[11.55,47.85]},"properties":{"pop":5151}},{"type":"Feature","geometry":{"type":"Point","coordinates":[11.450000000000001,47.85]},"properties":{"pop":31160}},{"type":"Feature","geometry":{"type":"Point","coordinates":[11.55,47.95]},"properties":{"pop":8156}},{"type":"Feature","geometry":{"type":"Point","coordinates":[12.850000000000001,51.150000000000006]},"properties":{"pop":8513}},{"type":"Feature","geometry":{"type":"Point","coordinates":[11.25,51.35]},"properties":{"pop":7598}},{"type":"Feature","geometry":{"type":"Point","coordinates":[9.950000000000001,54.35]},"properties":{"pop":7207}},{"type":"Feature","geometry":{"type":"Point","coordinates":[10.05,54.35]},"properties":{"pop":63097}},{"type":"Feature","geometry":{"type":"Point","coordinates":[10.05,54.45]},"properties":{"pop":6199}},{"type":"Feature","geometry":{"type":"Point","coordinates":[11.75,50.95]},"properties":{"pop":5363}},{"type":"Feature","geometry":{"type":"Point","coordinates":[13.75,52.550000000000004]},"properties":{"pop":35414}},{"type":"Feature","geometry":{"type":"Point","coordinates":[13.65,52.550000000000004]},"properties":{"pop":103881}},{"type":"Feature","geometry":{"type":"Point","coordinates":[12.55,50.45]},"properties":{"pop":2903}},{"type":"Feature","geometry":{"type":"Point","coordinates":[12.65,50.550000000000004]},"properties":{"pop":23846}},{"type":"Feature","geometry":{"type":"Point","coordinates":[12.65,50.45]},"properties":{"pop":4964}},{"type":"Feature","geometry":{"type":"Point","coordinates":[6.550000000000001,49.85]},"properties":{"pop":6675}},{"type":"Feature","geometry":{"type":"Point","coordinates":[11.950000000000001,51.650000000000006]},"properties":{"pop":5298}},{"type":"Feature","geometry":{"type":"Point","coordinates":[11.25,51.050000000000004]},"properties":{"pop":5112}},{"type":"Feature","geometry":{"type":"Point","coordinates":[13.65,51.150000000000006]},"properties":{"pop":33201}},{"type":"Feature","geometry":{"type":"Point","coordinates":[13.75,51.150000000000006]},"properties":{"pop":55464}},{"type":"Feature","geometry":{"type":"Point","coordinates":[9.05,49.75]},"properties":{"pop":13971}},{"type":"Feature","geometry":{"type":"Point","coordinates":[9.15,49.75]},"properties":{"pop":17556}},{"type":"Feature","geometry":{"type":"Point","coordinates":[8.25,51.550000000000004]},"properties":{"pop":7489}},{"type":"Feature","geometry":{"type":"Point","coordinates":[8.35,51.550000000000004]},"properties":{"pop":9836}},{"type":"Feature","geometry":{"type":"Point","coordinates":[13.65,51.25]},"properties":{"pop":4525}},{"type":"Feature","geometry":{"type":"Point","coordinates":[7.65,50.45]},"properties":{"pop":25478}},{"type":"Feature","geometry":{"type":"Point","coordinates":[13.75,51.550000000000004]},"properties":{"pop":4991}},{"type":"Feature","geometry":{"type":"Point","coordinates":[13.850000000000001,51.550000000000004]},"properties":{"pop":4360}},{"type":"Feature","geometry":{"type":"Point","coordinates":[10.65,54.150000000000006]},"properties":{"pop":15427}},{"type":"Feature","geometry":{"type":"Point","coordinates":[10.350000000000001,49.95]},"properties":{"pop":10093}},{"type":"Feature","geometry":{"type":"Point","coordinates":[9.850000000000001,48.35]},"properties":{"pop":19790}},{"type":"Feature","geometry":{"type":"Point","coordinates":[9.75,48.35]},"properties":{"pop":10873}},{"type":"Feature","geometry":{"type":"Point","coordinates":[10.450000000000001,48.45]},"properties":{"pop":14612}},{"type":"Feature","geometry":{"type":"Point","coordinates":[10.350000000000001,48.45]},"properties":{"pop":14287}},{"type":"Feature","geometry":{"type":"Point","coordinates":[10.55,54.150000000000006]},"properties":{"pop":11319}},{"type":"Feature","geometry":{"type":"Point","coordinates":[6.550000000000001,49.95]},"properties":{"pop":15519}},{"type":"Feature","geometry":{"type":"Point","coordinates":[6.45,50.25]},"properties":{"pop":6738}},{"type":"Feature","geometry":{"type":"Point","coordinates":[7.8500000000000005,49.85]},"properties":{"pop":58203}},{"type":"Feature","geometry":{"type":"Point","coordinates":[7.75,49.650000000000006]},"properties":{"pop":3824}},{"type":"Feature","geometry":{"type":"Point","coordinates":[13.65,51.650000000000006]},"properties":{"pop":7134}},{"type":"Feature","geometry":{"type":"Point","coordinates":[13.75,51.650000000000006]},"properties":{"pop":10432}},{"type":"Feature","geometry":{"type":"Point","coordinates":[9.35,53.75]},"properties":{"pop":8265}},{"type":"Feature","geometry":{"type":"Point","coordinates":[9.25,53.75]},"properties":{"pop":3146}},{"type":"Feature","geometry":{"type":"Point","coordinates":[9.35,53.85]},"properties":{"pop":1799}},{"type":"Feature","geometry":{"type":"Point","coordinates":[9.35,53.35]},"properties":{"pop":4029}},{"type":"Feature","geometry":{"type":"Point","coordinates":[9.450000000000001,53.35]},"properties":{"pop":4286}},{"type":"Feature","geometry":{"type":"Point","coordinates":[13.950000000000001,52.550000000000004]},"properties":{"pop":10832}},{"type":"Feature","geometry":{"type":"Point","coordinates":[13.75,52.650000000000006]},"properties":{"pop":6763}},{"type":"Feature","geometry":{"type":"Point","coordinates":[14.05,52.550000000000004]},"properties":{"pop":3021}},{"type":"Feature","geometry":{"type":"Point","coordinates":[13.950000000000001,52.650000000000006]},"properties":{"pop":989}},{"type":"Feature","geometry":{"type":"Point","coordinates":[14.05,52.650000000000006]},"properties":{"pop":1887}},{"type":"Feature","geometry":{"type":"Point","coordinates":[13.850000000000001,52.550000000000004]},"properties":{"pop":27701}},{"type":"Feature","geometry":{"type":"Point","coordinates":[13.850000000000001,52.650000000000006]},"properties":{"pop":1842}},{"type":"Feature","geometry":{"type":"Point","coordinates":[14.15,52.550000000000004]},"properties":{"pop":4617}},{"type":"Feature","geometry":{"type":"Point","coordinates":[8.65,50.35]},"properties":{"pop":12969}},{"type":"Feature","geometry":{"type":"Point","coordinates":[8.75,50.35]},"properties":{"pop":56898}},{"type":"Feature","geometry":{"type":"Point","coordinates":[8.75,50.25]},"properties":{"pop":47150}},{"type":"Feature","geometry":{"type":"Point","coordinates":[13.55,51.25]},"properties":{"pop":12178}},{"type":"Feature","geometry":{"type":"Point","coordinates":[7.15,52.050000000000004]},"properties":{"pop":9222}},{"type":"Feature","geometry":{"type":"Point","coordinates":[7.65,50.35]},"properties":{"pop":57333}},{"type":"Feature","geometry":{"type":"Point","coordinates":[7.75,50.45]},"properties":{"pop":22490}},{"type":"Feature","geometry":{"type":"Point","coordinates":[8.65,49.150000000000006]},"properties":{"pop":29024}},{"type":"Feature","geometry":{"type":"Point","coordinates":[12.350000000000001,50.85]},"properties":{"pop":20621}},{"type":"Feature","geometry":{"type":"Point","coordinates":[12.55,50.550000000000004]},"properties":{"pop":11074}},{"type":"Feature","geometry":{"type":"Point","coordinates":[10.05,51.45]},"properties":{"pop":4893}},{"type":"Feature","geometry":{"type":"Point","coordinates":[9.950000000000001,48.35]},"properties":{"pop":68955}},{"type":"Feature","geometry":{"type":"Point","coordinates":[9.850000000000001,48.25]},"properties":{"pop":23813}},{"type":"Feature","geometry":{"type":"Point","coordinates":[9.950000000000001,48.25]},"properties":{"pop":13593}},{"type":"Feature","geometry":{"type":"Point","coordinates":[7.550000000000001,51.45]},"properties":{"pop":124148}},{"type":"Feature","geometry":{"type":"Point","coordinates":[7.65,51.45]},"properties":{"pop":34355}},{"type":"Feature","geometry":{"type":"Point","coordinates":[6.75,49.35]},"properties":{"pop":66773}},{"type":"Feature","geometry":{"type":"Point","coordinates":[6.8500000000000005,49.35]},"properties":{"pop":28494}},{"type":"Feature","geometry":{"type":"Point","coordinates":[9.65,53.25]},"properties":{"pop":4715}},{"type":"Feature","geometry":{"type":"Point","coordinates":[7.45,49.75]},"properties":{"pop":12728}},{"type":"Feature","geometry":{"type":"Point","coordinates":[7.95,50.45]},"properties":{"pop":15765}},{"type":"Feature","geometry":{"type":"Point","coordinates":[8.950000000000001,47.85]},"properties":{"pop":12381}},{"type":"Feature","geometry":{"type":"Point","coordinates":[8.85,47.85]},"properties":{"pop":12744}},{"type":"Feature","geometry":{"type":"Point","coordinates":[8.950000000000001,47.95]},"properties":{"pop":6649}},{"type":"Feature","geometry":{"type":"Point","coordinates":[8.85,47.95]},"properties":{"pop":24900}},{"type":"Feature","geometry":{"type":"Point","coordinates":[10.950000000000001,51.95]},"properties":{"pop":6898}},{"type":"Feature","geometry":{"type":"Point","coordinates":[11.05,51.95]},"properties":{"pop":11681}},{"type":"Feature","geometry":{"type":"Point","coordinates":[7.65,51.35]},"properties":{"pop":52829}},{"type":"Feature","geometry":{"type":"Point","coordinates":[7.550000000000001,49.35]},"properties":{"pop":9990}},{"type":"Feature","geometry":{"type":"Point","coordinates":[10.65,47.75]},"properties":{"pop":15482}},{"type":"Feature","geometry":{"type":"Point","coordinates":[10.55,47.75]},"properties":{"pop":8239}},{"type":"Feature","geometry":{"type":"Point","coordinates":[9.05,49.25]},"properties":{"pop":16734}},{"type":"Feature","geometry":{"type":"Point","coordinates":[13.350000000000001,54.45]},"properties":{"pop":2654}},{"type":"Feature","geometry":{"type":"Point","coordinates":[10.75,49.050000000000004]},"properties":{"pop":5579}},{"type":"Feature","geometry":{"type":"Point","coordinates":[10.65,49.050000000000004]},"properties":{"pop":7316}},{"type":"Feature","geometry":{"type":"Point","coordinates":[11.350000000000001,47.75]},"properties":{"pop":20526}},{"type":"Feature","geometry":{"type":"Point","coordinates":[11.350000000000001,47.85]},"properties":{"pop":4171}},{"type":"Feature","geometry":{"type":"Point","coordinates":[11.450000000000001,47.75]},"properties":{"pop":10403}},{"type":"Feature","geometry":{"type":"Point","coordinates":[6.8500000000000005,51.45]},"properties":{"pop":206183}},{"type":"Feature","geometry":{"type":"Point","coordinates":[6.8500000000000005,51.550000000000004]},"properties":{"pop":115722}},{"type":"Feature","geometry":{"type":"Point","coordinates":[6.95,51.45]},"properties":{"pop":242256}},{"type":"Feature","geometry":{"type":"Point","coordinates":[6.95,51.550000000000004]},"properties":{"pop":143147}},{"type":"Feature","geometry":{"type":"Point","coordinates":[10.450000000000001,53.85]},"properties":{"pop":12100}},{"type":"Feature","geometry":{"type":"Point","coordinates":[9.75,54.550000000000004]},"properties":{"pop":3634}},{"type":"Feature","geometry":{"type":"Point","coordinates":[7.95,49.150000000000006]},"properties":{"pop":8942}},{"type":"Feature","geometry":{"type":"Point","coordinates":[10.350000000000001,50.45]},"properties":{"pop":4679}},{"type":"Feature","geometry":{"type":"Point","coordinates":[10.25,50.45]},"properties":{"pop":7010}},{"type":"Feature","geometry":{"type":"Point","coordinates":[10.350000000000001,50.35]},"properties":{"pop":4358}},{"type":"Feature","geometry":{"type":"Point","coordinates":[9.15,51.85]},"properties":{"pop":11452}},{"type":"Feature","geometry":{"type":"Point","coordinates":[9.25,51.85]},"properties":{"pop":5432}},{"type":"Feature","geometry":{"type":"Point","coordinates":[10.950000000000001,48.650000000000006]},"properties":{"pop":8834}},{"type":"Feature","geometry":{"type":"Point","coordinates":[10.850000000000001,48.650000000000006]},"properties":{"pop":12540}},{"type":"Feature","geometry":{"type":"Point","coordinates":[10.850000000000001,53.45]},"properties":{"pop":1230}},{"type":"Feature","geometry":{"type":"Point","coordinates":[10.850000000000001,51.95]},"properties":{"pop":4112}},{"type":"Feature","geometry":{"type":"Point","coordinates":[10.950000000000001,52.050000000000004]},"properties":{"pop":2419}},{"type":"Feature","geometry":{"type":"Point","coordinates":[10.850000000000001,52.050000000000004]},"properties":{"pop":3245}},{"type":"Feature","geometry":{"type":"Point","coordinates":[11.05,52.050000000000004]},"properties":{"pop":3556}},{"type":"Feature","geometry":{"type":"Point","coordinates":[6.050000000000001,50.95]},"properties":{"pop":17922}},{"type":"Feature","geometry":{"type":"Point","coordinates":[13.450000000000001,54.45]},"properties":{"pop":10416}},{"type":"Feature","geometry":{"type":"Point","coordinates":[13.450000000000001,53.650000000000006]},"properties":{"pop":1516}},{"type":"Feature","geometry":{"type":"Point","coordinates":[13.350000000000001,53.650000000000006]},"properties":{"pop":2042}},{"type":"Feature","geometry":{"type":"Point","coordinates":[9.15,51.95]},"properties":{"pop":13314}},{"type":"Feature","geometry":{"type":"Point","coordinates":[9.05,51.85]},"properties":{"pop":12836}},{"type":"Feature","geometry":{"type":"Point","coordinates":[8.85,48.550000000000004]},"properties":{"pop":36737}},{"type":"Feature","geometry":{"type":"Point","coordinates":[8.75,48.550000000000004]},"properties":{"pop":29831}},{"type":"Feature","geometry":{"type":"Point","coordinates":[14.55,52.150000000000006]},"properties":{"pop":3805}},{"type":"Feature","geometry":{"type":"Point","coordinates":[14.65,52.150000000000006]},"properties":{"pop":25873}},{"type":"Feature","geometry":{"type":"Point","coordinates":[11.350000000000001,48.050000000000004]},"properties":{"pop":29549}},{"type":"Feature","geometry":{"type":"Point","coordinates":[11.450000000000001,48.050000000000004]},"properties":{"pop":49014}},{"type":"Feature","geometry":{"type":"Point","coordinates":[11.75,50.150000000000006]},"properties":{"pop":9008}},{"type":"Feature","geometry":{"type":"Point","coordinates":[11.75,50.050000000000004]},"properties":{"pop":5371}},{"type":"Feature","geometry":{"type":"Point","coordinates":[11.25,48.050000000000004]},"properties":{"pop":19468}},{"type":"Feature","geometry":{"type":"Point","coordinates":[9.05,50.25]},"properties":{"pop":12751}},{"type":"Feature","geometry":{"type":"Point","coordinates":[8.950000000000001,50.25]},"properties":{"pop":29470}},{"type":"Feature","geometry":{"type":"Point","coordinates":[7.550000000000001,51.650000000000006]},"properties":{"pop":55277}},{"type":"Feature","geometry":{"type":"Point","coordinates":[7.65,51.650000000000006]},"properties":{"pop":61188}},{"type":"Feature","geometry":{"type":"Point","coordinates":[7.65,51.75]},"properties":{"pop":13357}},{"type":"Feature","geometry":{"type":"Point","coordinates":[7.550000000000001,51.75]},"properties":{"pop":11439}},{"type":"Feature","geometry":{"type":"Point","coordinates":[14.450000000000001,52.050000000000004]},"properties":{"pop":978}},{"type":"Feature","geometry":{"type":"Point","coordinates":[9.850000000000001,52.550000000000004]},"properties":{"pop":6040}},{"type":"Feature","geometry":{"type":"Point","coordinates":[9.950000000000001,52.45]},"properties":{"pop":15905}},{"type":"Feature","geometry":{"type":"Point","coordinates":[9.950000000000001,52.550000000000004]},"properties":{"pop":6348}},{"type":"Feature","geometry":{"type":"Point","coordinates":[9.05,54.650000000000006]},"properties":{"pop":3069}},{"type":"Feature","geometry":{"type":"Point","coordinates":[9.05,54.75]},"properties":{"pop":3020}},{"type":"Feature","geometry":{"type":"Point","coordinates":[9.05,54.85]},"properties":{"pop":1944}},{"type":"Feature","geometry":{"type":"Point","coordinates":[7.95,50.650000000000006]},"properties":{"pop":16720}},{"type":"Feature","geometry":{"type":"Point","coordinates":[7.95,50.550000000000004]},"properties":{"pop":17720}},{"type":"Feature","geometry":{"type":"Point","coordinates":[7.75,51.650000000000006]},"properties":{"pop":70798}},{"type":"Feature","geometry":{"type":"Point","coordinates":[9.75,52.150000000000006]},"properties":{"pop":17018}},{"type":"Feature","geometry":{"type":"Point","coordinates":[9.850000000000001,52.150000000000006]},"properties":{"pop":13308}},{"type":"Feature","geometry":{"type":"Point","coordinates":[9.850000000000001,52.25]},"properties":{"pop":46053}},{"type":"Feature","geometry":{"type":"Point","coordinates":[8.25,49.35]},"properties":{"pop":32130}},{"type":"Feature","geometry":{"type":"Point","coordinates":[8.05,53.550000000000004]},"properties":{"pop":40713}},{"type":"Feature","geometry":{"type":"Point","coordinates":[8.15,53.550000000000004]},"properties":{"pop":35126}},{"type":"Feature","geometry":{"type":"Point","coordinates":[8.05,53.650000000000006]},"properties":{"pop":4076}},{"type":"Feature","geometry":{"type":"Point","coordinates":[8.15,53.650000000000006]},"properties":{"pop":146}},{"type":"Feature","geometry":{"type":"Point","coordinates":[11.65,50.050000000000004]},"properties":{"pop":10065}},{"type":"Feature","geometry":{"type":"Point","coordinates":[12.65,53.650000000000006]},"properties":{"pop":1302}},{"type":"Feature","geometry":{"type":"Point","coordinates":[10.350000000000001,50.650000000000006]},"properties":{"pop":8243}},{"type":"Feature","geometry":{"type":"Point","coordinates":[10.350000000000001,50.75]},"properties":{"pop":12835}},{"type":"Feature","geometry":{"type":"Point","coordinates":[9.850000000000001,54.650000000000006]},"properties":{"pop":3035}},{"type":"Feature","geometry":{"type":"Point","coordinates":[8.75,49.550000000000004]},"properties":{"pop":27664}},{"type":"Feature","geometry":{"type":"Point","coordinates":[8.65,49.45]},"properties":{"pop":120542}},{"type":"Feature","geometry":{"type":"Point","coordinates":[8.55,49.45]},"properties":{"pop":127430}},{"type":"Feature","geometry":{"type":"Point","coordinates":[7.95,53.650000000000006]},"properties":{"pop":3272}},{"type":"Feature","geometry":{"type":"Point","coordinates":[10.25,50.050000000000004]},"properties":{"pop":62387}},{"type":"Feature","geometry":{"type":"Point","coordinates":[10.25,50.150000000000006]},"properties":{"pop":5659}},{"type":"Feature","geometry":{"type":"Point","coordinates":[9.25,48.45]},"properties":{"pop":55036}},{"type":"Feature","geometry":{"type":"Point","coordinates":[9.35,48.45]},"properties":{"pop":8138}},{"type":"Feature","geometry":{"type":"Point","coordinates":[9.25,48.35]},"properties":{"pop":8568}},{"type":"Feature","geometry":{"type":"Point","coordinates":[11.850000000000001,50.050000000000004]},"properties":{"pop":3640}},{"type":"Feature","geometry":{"type":"Point","coordinates":[13.05,50.650000000000006]},"properties":{"pop":11385}},{"type":"Feature","geometry":{"type":"Point","coordinates":[13.05,50.550000000000004]},"properties":{"pop":19255}},{"type":"Feature","geometry":{"type":"Point","coordinates":[9.35,48.85]},"properties":{"pop":104897}},{"type":"Feature","geometry":{"type":"Point","coordinates":[9.35,48.75]},"properties":{"pop":103633}},{"type":"Feature","geometry":{"type":"Point","coordinates":[9.450000000000001,48.75]},"properties":{"pop":39635}},{"type":"Feature","geometry":{"type":"Point","coordinates":[9.450000000000001,48.85]},"properties":{"pop":41705}},{"type":"Feature","geometry":{"type":"Point","coordinates":[9.75,48.25]},"properties":{"pop":21277}},{"type":"Feature","geometry":{"type":"Point","coordinates":[11.850000000000001,51.150000000000006]},"properties":{"pop":15890}},{"type":"Feature","geometry":{"type":"Point","coordinates":[11.950000000000001,51.150000000000006]},"properties":{"pop":15648}},{"type":"Feature","geometry":{"type":"Point","coordinates":[11.15,53.95]},"properties":{"pop":4810}},{"type":"Feature","geometry":{"type":"Point","coordinates":[7.3500000000000005,49.85]},"properties":{"pop":5821}},{"type":"Feature","geometry":{"type":"Point","coordinates":[11.25,50.45]},"properties":{"pop":4353}},{"type":"Feature","geometry":{"type":"Point","coordinates":[11.25,50.35]},"properties":{"pop":11683}},{"type":"Feature","geometry":{"type":"Point","coordinates":[12.850000000000001,52.650000000000006]},"properties":{"pop":6603}},{"type":"Feature","geometry":{"type":"Point","coordinates":[12.950000000000001,52.650000000000006]},"properties":{"pop":6286}},{"type":"Feature","geometry":{"type":"Point","coordinates":[12.75,52.550000000000004]},"properties":{"pop":3457}},{"type":"Feature","geometry":{"type":"Point","coordinates":[12.850000000000001,52.550000000000004]},"properties":{"pop":4475}},{"type":"Feature","geometry":{"type":"Point","coordinates":[12.75,52.650000000000006]},"properties":{"pop":2697}},{"type":"Feature","geometry":{"type":"Point","coordinates":[12.950000000000001,52.550000000000004]},"properties":{"pop":14825}},{"type":"Feature","geometry":{"type":"Point","coordinates":[12.75,47.95]},"properties":{"pop":9047}},{"type":"Feature","geometry":{"type":"Point","coordinates":[9.05,48.85]},"properties":{"pop":85672}},{"type":"Feature","geometry":{"type":"Point","coordinates":[7.15,49.550000000000004]},"properties":{"pop":12820}},{"type":"Feature","geometry":{"type":"Point","coordinates":[9.450000000000001,53.650000000000006]},"properties":{"pop":20864}},{"type":"Feature","geometry":{"type":"Point","coordinates":[9.450000000000001,53.550000000000004]},"properties":{"pop":30393}},{"type":"Feature","geometry":{"type":"Point","coordinates":[9.55,53.550000000000004]},"properties":{"pop":12760}},{"type":"Feature","geometry":{"type":"Point","coordinates":[9.15,48.85]},"properties":{"pop":208963}},{"type":"Feature","geometry":{"type":"Point","coordinates":[10.350000000000001,52.050000000000004]},"properties":{"pop":23148}},{"type":"Feature","geometry":{"type":"Point","coordinates":[10.350000000000001,51.95]},"properties":{"pop":14249}},{"type":"Feature","geometry":{"type":"Point","coordinates":[7.25,49.550000000000004]},"properties":{"pop":10708}},{"type":"Feature","geometry":{"type":"Point","coordinates":[12.15,50.75]},"properties":{"pop":5793}},{"type":"Feature","geometry":{"type":"Point","coordinates":[9.950000000000001,51.75]},"properties":{"pop":13163}},{"type":"Feature","geometry":{"type":"Point","coordinates":[9.850000000000001,51.75]},"properties":{"pop":6343}},{"type":"Feature","geometry":{"type":"Point","coordinates":[10.850000000000001,50.85]},"properties":{"pop":5681}},{"type":"Feature","geometry":{"type":"Point","coordinates":[10.950000000000001,50.85]},"properties":{"pop":26265}},{"type":"Feature","geometry":{"type":"Point","coordinates":[11.350000000000001,50.45]},"properties":{"pop":5463}},{"type":"Feature","geometry":{"type":"Point","coordinates":[11.450000000000001,50.45]},"properties":{"pop":3274}},{"type":"Feature","geometry":{"type":"Point","coordinates":[12.950000000000001,52.75]},"properties":{"pop":2143}},{"type":"Feature","geometry":{"type":"Point","coordinates":[12.450000000000001,49.050000000000004]},"properties":{"pop":5344}},{"type":"Feature","geometry":{"type":"Point","coordinates":[12.450000000000001,48.95]},"properties":{"pop":6651}},{"type":"Feature","geometry":{"type":"Point","coordinates":[12.350000000000001,48.95]},"properties":{"pop":5448}},{"type":"Feature","geometry":{"type":"Point","coordinates":[9.65,49.75]},"properties":{"pop":6941}},{"type":"Feature","geometry":{"type":"Point","coordinates":[13.15,53.95]},"properties":{"pop":4280}},{"type":"Feature","geometry":{"type":"Point","coordinates":[8.15,50.45]},"properties":{"pop":14639}},{"type":"Feature","geometry":{"type":"Point","coordinates":[9.850000000000001,51.85]},"properties":{"pop":14852}},{"type":"Feature","geometry":{"type":"Point","coordinates":[8.450000000000001,50.150000000000006]},"properties":{"pop":71626}},{"type":"Feature","geometry":{"type":"Point","coordinates":[9.950000000000001,51.85]},"properties":{"pop":6912}},{"type":"Feature","geometry":{"type":"Point","coordinates":[8.55,50.150000000000006]},"properties":{"pop":157339}},{"type":"Feature","geometry":{"type":"Point","coordinates":[11.15,49.150000000000006]},"properties":{"pop":10998}},{"type":"Feature","geometry":{"type":"Point","coordinates":[11.05,49.150000000000006]},"properties":{"pop":9684}},{"type":"Feature","geometry":{"type":"Point","coordinates":[11.15,49.050000000000004]},"properties":{"pop":4405}},{"type":"Feature","geometry":{"type":"Point","coordinates":[13.65,54.550000000000004]},"properties":{"pop":8084}},{"type":"Feature","geometry":{"type":"Point","coordinates":[14.65,51.050000000000004]},"properties":{"pop":11755}},{"type":"Feature","geometry":{"type":"Point","coordinates":[14.65,51.150000000000006]},"properties":{"pop":10136}},{"type":"Feature","geometry":{"type":"Point","coordinates":[14.75,51.150000000000006]},"properties":{"pop":6041}},{"type":"Feature","geometry":{"type":"Point","coordinates":[14.75,51.050000000000004]},"properties":{"pop":5437}},{"type":"Feature","geometry":{"type":"Point","coordinates":[7.050000000000001,50.75]},"properties":{"pop":157916}},{"type":"Feature","geometry":{"type":"Point","coordinates":[7.050000000000001,50.650000000000006]},"properties":{"pop":54614}},{"type":"Feature","geometry":{"type":"Point","coordinates":[6.95,50.75]},"properties":{"pop":41101}},{"type":"Feature","geometry":{"type":"Point","coordinates":[11.450000000000001,51.150000000000006]},"properties":{"pop":6158}},{"type":"Feature","geometry":{"type":"Point","coordinates":[10.25,52.75]},"properties":{"pop":3958}},{"type":"Feature","geometry":{"type":"Point","coordinates":[10.15,52.75]},"properties":{"pop":722}},{"type":"Feature","geometry":{"type":"Point","coordinates":[10.350000000000001,52.75]},"properties":{"pop":992}},{"type":"Feature","geometry":{"type":"Point","coordinates":[12.75,53.25]},"properties":{"pop":1294}},{"type":"Feature","geometry":{"type":"Point","coordinates":[12.850000000000001,53.25]},"properties":{"pop":2388}},{"type":"Feature","geometry":{"type":"Point","coordinates":[12.850000000000001,53.35]},"properties":{"pop":866}},{"type":"Feature","geometry":{"type":"Point","coordinates":[12.75,53.35]},"properties":{"pop":1754}},{"type":"Feature","geometry":{"type":"Point","coordinates":[8.65,49.75]},"properties":{"pop":46765}},{"type":"Feature","geometry":{"type":"Point","coordinates":[8.65,49.85]},"properties":{"pop":136917}},{"type":"Feature","geometry":{"type":"Point","coordinates":[12.65,53.75]},"properties":{"pop":3213}},{"type":"Feature","geometry":{"type":"Point","coordinates":[10.65,54.25]},"properties":{"pop":2888}},{"type":"Feature","geometry":{"type":"Point","coordinates":[9.950000000000001,53.85]},"properties":{"pop":28549}},{"type":"Feature","geometry":{"type":"Point","coordinates":[10.05,53.85]},"properties":{"pop":8095}},{"type":"Feature","geometry":{"type":"Point","coordinates":[13.55,54.45]},"properties":{"pop":3869}},{"type":"Feature","geometry":{"type":"Point","coordinates":[13.55,54.550000000000004]},"properties":{"pop":2898}},{"type":"Feature","geometry":{"type":"Point","coordinates":[10.25,47.95]},"properties":{"pop":13542}},{"type":"Feature","geometry":{"type":"Point","coordinates":[10.350000000000001,47.95]},"properties":{"pop":8758}},{"type":"Feature","geometry":{"type":"Point","coordinates":[10.450000000000001,48.650000000000006]},"properties":{"pop":5399}},{"type":"Feature","geometry":{"type":"Point","coordinates":[11.850000000000001,53.35]},"properties":{"pop":1677}},{"type":"Feature","geometry":{"type":"Point","coordinates":[11.950000000000001,53.35]},"properties":{"pop":1714}},{"type":"Feature","geometry":{"type":"Point","coordinates":[11.850000000000001,53.550000000000004]},"properties":{"pop":1245}},{"type":"Feature","geometry":{"type":"Point","coordinates":[9.950000000000001,49.650000000000006]},"properties":{"pop":8222}},{"type":"Feature","geometry":{"type":"Point","coordinates":[10.05,49.650000000000006]},"properties":{"pop":13385}},{"type":"Feature","geometry":{"type":"Point","coordinates":[9.950000000000001,50.85]},"properties":{"pop":9367}},{"type":"Feature","geometry":{"type":"Point","coordinates":[10.05,50.85]},"properties":{"pop":8880}},{"type":"Feature","geometry":{"type":"Point","coordinates":[9.05,50.050000000000004]},"properties":{"pop":41074}},{"type":"Feature","geometry":{"type":"Point","coordinates":[12.05,53.35]},"properties":{"pop":622}},{"type":"Feature","geometry":{"type":"Point","coordinates":[7.8500000000000005,50.550000000000004]},"properties":{"pop":7742}},{"type":"Feature","geometry":{"type":"Point","coordinates":[8.65,54.85]},"properties":{"pop":2141}},{"type":"Feature","geometry":{"type":"Point","coordinates":[10.75,53.650000000000006]},"properties":{"pop":13254}},{"type":"Feature","geometry":{"type":"Point","coordinates":[7.8500000000000005,50.050000000000004]},"properties":{"pop":5716}},{"type":"Feature","geometry":{"type":"Point","coordinates":[13.25,53.45]},"properties":{"pop":2464}},{"type":"Feature","geometry":{"type":"Point","coordinates":[10.25,50.75]},"properties":{"pop":5374}},{"type":"Feature","geometry":{"type":"Point","coordinates":[6.550000000000001,50.150000000000006]},"properties":{"pop":2746}},{"type":"Feature","geometry":{"type":"Point","coordinates":[6.25,50.150000000000006]},"properties":{"pop":2297}},{"type":"Feature","geometry":{"type":"Point","coordinates":[8.15,50.85]},"properties":{"pop":18156}},{"type":"Feature","geometry":{"type":"Point","coordinates":[8.05,50.85]},"properties":{"pop":48856}},{"type":"Feature","geometry":{"type":"Point","coordinates":[8.05,50.75]},"properties":{"pop":14934}},{"type":"Feature","geometry":{"type":"Point","coordinates":[9.75,53.75]},"properties":{"pop":22335}},{"type":"Feature","geometry":{"type":"Point","coordinates":[9.75,53.85]},"properties":{"pop":4911}},{"type":"Feature","geometry":{"type":"Point","coordinates":[8.85,49.650000000000006]},"properties":{"pop":8303}},{"type":"Feature","geometry":{"type":"Point","coordinates":[11.350000000000001,49.35]},"properties":{"pop":27815}},{"type":"Feature","geometry":{"type":"Point","coordinates":[9.05,54.25]},"properties":{"pop":7940}},{"type":"Feature","geometry":{"type":"Point","coordinates":[11.65,53.75]},"properties":{"pop":2016}},{"type":"Feature","geometry":{"type":"Point","coordinates":[11.65,53.650000000000006]},"properties":{"pop":1158}},{"type":"Feature","geometry":{"type":"Point","coordinates":[11.55,53.75]},"properties":{"pop":2776}},{"type":"Feature","geometry":{"type":"Point","coordinates":[11.55,53.650000000000006]},"properties":{"pop":3667}},{"type":"Feature","geometry":{"type":"Point","coordinates":[10.15,52.150000000000006]},"properties":{"pop":7719}},{"type":"Feature","geometry":{"type":"Point","coordinates":[10.450000000000001,50.75]},"properties":{"pop":19471}},{"type":"Feature","geometry":{"type":"Point","coordinates":[10.55,50.650000000000006]},"properties":{"pop":11510}},{"type":"Feature","geometry":{"type":"Point","coordinates":[10.65,52.550000000000004]},"properties":{"pop":6507}},{"type":"Feature","geometry":{"type":"Point","coordinates":[10.75,52.550000000000004]},"properties":{"pop":6520}},{"type":"Feature","geometry":{"type":"Point","coordinates":[10.65,52.45]},"properties":{"pop":14689}},{"type":"Feature","geometry":{"type":"Point","coordinates":[10.55,52.550000000000004]},"properties":{"pop":12920}},{"type":"Feature","geometry":{"type":"Point","coordinates":[10.65,52.150000000000006]},"properties":{"pop":8778}},{"type":"Feature","geometry":{"type":"Point","coordinates":[7.95,48.35]},"properties":{"pop":14312}},{"type":"Feature","geometry":{"type":"Point","coordinates":[7.95,48.45]},"properties":{"pop":64860}},{"type":"Feature","geometry":{"type":"Point","coordinates":[7.8500000000000005,48.45]},"properties":{"pop":18929}},{"type":"Feature","geometry":{"type":"Point","coordinates":[12.75,54.45]},"properties":{"pop":611}},{"type":"Feature","geometry":{"type":"Point","coordinates":[12.65,54.45]},"properties":{"pop":2366}},{"type":"Feature","geometry":{"type":"Point","coordinates":[12.850000000000001,54.45]},"properties":{"pop":97}},{"type":"Feature","geometry":{"type":"Point","coordinates":[12.950000000000001,54.45]},"properties":{"pop":348}},{"type":"Feature","geometry":{"type":"Point","coordinates":[8.15,50.75]},"properties":{"pop":16311}},{"type":"Feature","geometry":{"type":"Point","coordinates":[13.450000000000001,51.650000000000006]},"properties":{"pop":1470}},{"type":"Feature","geometry":{"type":"Point","coordinates":[11.65,48.85]},"properties":{"pop":7450}},{"type":"Feature","geometry":{"type":"Point","coordinates":[11.55,48.85]},"properties":{"pop":7993}},{"type":"Feature","geometry":{"type":"Point","coordinates":[8.950000000000001,49.45]},"properties":{"pop":17313}},{"type":"Feature","geometry":{"type":"Point","coordinates":[8.950000000000001,49.35]},"properties":{"pop":15263}},{"type":"Feature","geometry":{"type":"Point","coordinates":[12.05,48.95]},"properties":{"pop":29433}},{"type":"Feature","geometry":{"type":"Point","coordinates":[11.950000000000001,48.95]},"properties":{"pop":10395}},{"type":"Feature","geometry":{"type":"Point","coordinates":[9.05,49.35]},"properties":{"pop":13794}},{"type":"Feature","geometry":{"type":"Point","coordinates":[11.950000000000001,48.85]},"properties":{"pop":6641}},{"type":"Feature","geometry":{"type":"Point","coordinates":[13.75,53.25]},"properties":{"pop":970}},{"type":"Feature","geometry":{"type":"Point","coordinates":[13.450000000000001,51.85]},"properties":{"pop":3282}},{"type":"Feature","geometry":{"type":"Point","coordinates":[13.350000000000001,51.95]},"properties":{"pop":1988}},{"type":"Feature","geometry":{"type":"Point","coordinates":[13.450000000000001,51.95]},"properties":{"pop":913}},{"type":"Feature","geometry":{"type":"Point","coordinates":[13.450000000000001,51.75]},"properties":{"pop":1656}},{"type":"Feature","geometry":{"type":"Point","coordinates":[11.55,48.050000000000004]},"properties":{"pop":140060}},{"type":"Feature","geometry":{"type":"Point","coordinates":[11.65,48.050000000000004]},"properties":{"pop":143936}},{"type":"Feature","geometry":{"type":"Point","coordinates":[9.25,49.650000000000006]},"properties":{"pop":10011}},{"type":"Feature","geometry":{"type":"Point","coordinates":[10.55,51.35]},"properties":{"pop":3335}},{"type":"Feature","geometry":{"type":"Point","coordinates":[10.75,47.650000000000006]},"properties":{"pop":5753}},{"type":"Feature","geometry":{"type":"Point","coordinates":[10.850000000000001,47.650000000000006]},"properties":{"pop":4242}},{"type":"Feature","geometry":{"type":"Point","coordinates":[11.350000000000001,48.150000000000006]},"properties":{"pop":107228}},{"type":"Feature","geometry":{"type":"Point","coordinates":[9.450000000000001,52.35]},"properties":{"pop":23827}},{"type":"Feature","geometry":{"type":"Point","coordinates":[7.95,49.75]},"properties":{"pop":7984}},{"type":"Feature","geometry":{"type":"Point","coordinates":[10.450000000000001,53.35]},"properties":{"pop":10924}},{"type":"Feature","geometry":{"type":"Point","coordinates":[9.65,47.650000000000006]},"properties":{"pop":13882}},{"type":"Feature","geometry":{"type":"Point","coordinates":[9.55,47.650000000000006]},"properties":{"pop":32939}},{"type":"Feature","geometry":{"type":"Point","coordinates":[14.15,51.050000000000004]},"properties":{"pop":6357}},{"type":"Feature","geometry":{"type":"Point","coordinates":[14.25,51.050000000000004]},"properties":{"pop":11375}},{"type":"Feature","geometry":{"type":"Point","coordinates":[14.25,50.95]},"properties":{"pop":7258}},{"type":"Feature","geometry":{"type":"Point","coordinates":[6.8500000000000005,50.35]},"properties":{"pop":2746}},{"type":"Feature","geometry":{"type":"Point","coordinates":[10.05,48.35]},"properties":{"pop":57494}},{"type":"Feature","geometry":{"type":"Point","coordinates":[10.15,48.35]},"properties":{"pop":19261}},{"type":"Feature","geometry":{"type":"Point","coordinates":[11.15,49.35]},"properties":{"pop":34246}},{"type":"Feature","geometry":{"type":"Point","coordinates":[11.05,49.35]},"properties":{"pop":100918}},{"type":"Feature","geometry":{"type":"Point","coordinates":[13.25,48.75]},"properties":{"pop":7358}},{"type":"Feature","geometry":{"type":"Point","coordinates":[13.350000000000001,48.650000000000006]},"properties":{"pop":10648}},{"type":"Feature","geometry":{"type":"Point","coordinates":[10.75,47.75]},"properties":{"pop":5687}},{"type":"Feature","geometry":{"type":"Point","coordinates":[10.850000000000001,47.75]},"properties":{"pop":4675}},{"type":"Feature","geometry":{"type":"Point","coordinates":[12.75,52.85]},"properties":{"pop":5247}},{"type":"Feature","geometry":{"type":"Point","coordinates":[12.850000000000001,52.95]},"properties":{"pop":12890}},{"type":"Feature","geometry":{"type":"Point","coordinates":[12.850000000000001,52.85]},"properties":{"pop":4720}},{"type":"Feature","geometry":{"type":"Point","coordinates":[12.75,52.95]},"properties":{"pop":6386}},{"type":"Feature","geometry":{"type":"Point","coordinates":[12.75,53.050000000000004]},"properties":{"pop":1414}},{"type":"Feature","geometry":{"type":"Point","coordinates":[12.950000000000001,52.95]},"properties":{"pop":3883}},{"type":"Feature","geometry":{"type":"Point","coordinates":[12.950000000000001,52.85]},"properties":{"pop":1608}},{"type":"Feature","geometry":{"type":"Point","coordinates":[12.850000000000001,53.050000000000004]},"properties":{"pop":2375}},{"type":"Feature","geometry":{"type":"Point","coordinates":[9.65,50.150000000000006]},"properties":{"pop":3466}},{"type":"Feature","geometry":{"type":"Point","coordinates":[11.15,49.45]},"properties":{"pop":128685}},{"type":"Feature","geometry":{"type":"Point","coordinates":[11.05,49.550000000000004]},"properties":{"pop":83086}},{"type":"Feature","geometry":{"type":"Point","coordinates":[12.55,53.35]},"properties":{"pop":1574}},{"type":"Feature","geometry":{"type":"Point","coordinates":[12.65,53.35]},"properties":{"pop":4886}},{"type":"Feature","geometry":{"type":"Point","coordinates":[12.65,53.45]},"properties":{"pop":1166}},{"type":"Feature","geometry":{"type":"Point","coordinates":[12.75,50.550000000000004]},"properties":{"pop":24007}},{"type":"Feature","geometry":{"type":"Point","coordinates":[11.15,50.45]},"properties":{"pop":8622}},{"type":"Feature","geometry":{"type":"Point","coordinates":[9.15,49.650000000000006]},"properties":{"pop":3798}},{"type":"Feature","geometry":{"type":"Point","coordinates":[7.550000000000001,49.75]},"properties":{"pop":5522}},{"type":"Feature","geometry":{"type":"Point","coordinates":[14.15,50.95]},"properties":{"pop":7021}},{"type":"Feature","geometry":{"type":"Point","coordinates":[8.950000000000001,54.050000000000004]},"properties":{"pop":619}},{"type":"Feature","geometry":{"type":"Point","coordinates":[9.05,53.95]},"properties":{"pop":7975}},{"type":"Feature","geometry":{"type":"Point","coordinates":[12.15,49.150000000000006]},"properties":{"pop":15513}},{"type":"Feature","geometry":{"type":"Point","coordinates":[12.25,49.150000000000006]},"properties":{"pop":6634}},{"type":"Feature","geometry":{"type":"Point","coordinates":[12.25,49.050000000000004]},"properties":{"pop":10370}},{"type":"Feature","geometry":{"type":"Point","coordinates":[11.15,49.550000000000004]},"properties":{"pop":26369}},{"type":"Feature","geometry":{"type":"Point","coordinates":[12.15,54.050000000000004]},"properties":{"pop":63417}},{"type":"Feature","geometry":{"type":"Point","coordinates":[12.05,54.050000000000004]},"properties":{"pop":28165}},{"type":"Feature","geometry":{"type":"Point","coordinates":[12.05,54.150000000000006]},"properties":{"pop":80963}},{"type":"Feature","geometry":{"type":"Point","coordinates":[12.15,54.150000000000006]},"properties":{"pop":42917}},{"type":"Feature","geometry":{"type":"Point","coordinates":[12.25,54.050000000000004]},"properties":{"pop":8976}},{"type":"Feature","geometry":{"type":"Point","coordinates":[9.15,52.75]},"properties":{"pop":4101}},{"type":"Feature","geometry":{"type":"Point","coordinates":[9.15,52.650000000000006]},"properties":{"pop":7679}},{"type":"Feature","geometry":{"type":"Point","coordinates":[13.55,52.650000000000006]},"properties":{"pop":58035}},{"type":"Feature","geometry":{"type":"Point","coordinates":[12.15,54.25]},"properties":{"pop":547}},{"type":"Feature","geometry":{"type":"Point","coordinates":[12.25,54.150000000000006]},"properties":{"pop":7779}},{"type":"Feature","geometry":{"type":"Point","coordinates":[14.65,51.75]},"properties":{"pop":14825}},{"type":"Feature","geometry":{"type":"Point","coordinates":[14.55,51.75]},"properties":{"pop":1848}},{"type":"Feature","geometry":{"type":"Point","coordinates":[14.75,51.650000000000006]},"properties":{"pop":218}},{"type":"Feature","geometry":{"type":"Point","coordinates":[14.65,51.85]},"properties":{"pop":392}},{"type":"Feature","geometry":{"type":"Point","coordinates":[14.55,51.85]},"properties":{"pop":1676}},{"type":"Feature","geometry":{"type":"Point","coordinates":[8.35,49.95]},"properties":{"pop":75895}},{"type":"Feature","geometry":{"type":"Point","coordinates":[8.75,54.25]},"properties":{"pop":254}},{"type":"Feature","geometry":{"type":"Point","coordinates":[9.75,54.650000000000006]},"properties":{"pop":8156}},{"type":"Feature","geometry":{"type":"Point","coordinates":[7.8500000000000005,50.45]},"properties":{"pop":24162}},{"type":"Feature","geometry":{"type":"Point","coordinates":[6.3500000000000005,49.95]},"properties":{"pop":4645}},{"type":"Feature","geometry":{"type":"Point","coordinates":[13.450000000000001,52.650000000000006]},"properties":{"pop":99594}},{"type":"Feature","geometry":{"type":"Point","coordinates":[6.75,49.650000000000006]},"properties":{"pop":7304}},{"type":"Feature","geometry":{"type":"Point","coordinates":[13.55,48.650000000000006]},"properties":{"pop":9985}},{"type":"Feature","geometry":{"type":"Point","coordinates":[10.65,50.35]},"properties":{"pop":4228}},{"type":"Feature","geometry":{"type":"Point","coordinates":[10.75,50.35]},"properties":{"pop":4893}},{"type":"Feature","geometry":{"type":"Point","coordinates":[10.15,48.95]},"properties":{"pop":19591}},{"type":"Feature","geometry":{"type":"Point","coordinates":[6.65,49.35]},"properties":{"pop":18162}},{"type":"Feature","geometry":{"type":"Point","coordinates":[6.65,49.25]},"properties":{"pop":4865}},{"type":"Feature","geometry":{"type":"Point","coordinates":[8.85,48.95]},"properties":{"pop":35768}},{"type":"Feature","geometry":{"type":"Point","coordinates":[8.950000000000001,48.95]},"properties":{"pop":34425}},{"type":"Feature","geometry":{"type":"Point","coordinates":[6.45,49.95]},"properties":{"pop":6083}},{"type":"Feature","geometry":{"type":"Point","coordinates":[9.35,50.550000000000004]},"properties":{"pop":4570}},{"type":"Feature","geometry":{"type":"Point","coordinates":[9.25,50.550000000000004]},"properties":{"pop":2360}},{"type":"Feature","geometry":{"type":"Point","coordinates":[7.45,49.45]},"properties":{"pop":12096}},{"type":"Feature","geometry":{"type":"Point","coordinates":[13.450000000000001,53.550000000000004]},"properties":{"pop":1161}},{"type":"Feature","geometry":{"type":"Point","coordinates":[13.350000000000001,53.75]},"properties":{"pop":1435}},{"type":"Feature","geometry":{"type":"Point","coordinates":[12.350000000000001,50.550000000000004]},"properties":{"pop":21258}},{"type":"Feature","geometry":{"type":"Point","coordinates":[12.25,50.550000000000004]},"properties":{"pop":7649}},{"type":"Feature","geometry":{"type":"Point","coordinates":[11.75,50.75]},"properties":{"pop":9129}},{"type":"Feature","geometry":{"type":"Point","coordinates":[13.450000000000001,54.35]},"properties":{"pop":4489}},{"type":"Feature","geometry":{"type":"Point","coordinates":[13.55,54.35]},"properties":{"pop":1440}},{"type":"Feature","geometry":{"type":"Point","coordinates":[9.05,48.150000000000006]},"properties":{"pop":7494}},{"type":"Feature","geometry":{"type":"Point","coordinates":[8.950000000000001,48.150000000000006]},"properties":{"pop":9323}},{"type":"Feature","geometry":{"type":"Point","coordinates":[9.15,53.050000000000004]},"properties":{"pop":7752}},{"type":"Feature","geometry":{"type":"Point","coordinates":[9.15,52.95]},"properties":{"pop":12879}},{"type":"Feature","geometry":{"type":"Point","coordinates":[9.25,53.050000000000004]},"properties":{"pop":3617}},{"type":"Feature","geometry":{"type":"Point","coordinates":[9.25,52.95]},"properties":{"pop":27928}},{"type":"Feature","geometry":{"type":"Point","coordinates":[12.450000000000001,54.150000000000006]},"properties":{"pop":1757}},{"type":"Feature","geometry":{"type":"Point","coordinates":[8.55,53.25]},"properties":{"pop":32432}},{"type":"Feature","geometry":{"type":"Point","coordinates":[11.05,54.45]},"properties":{"pop":2206}},{"type":"Feature","geometry":{"type":"Point","coordinates":[11.05,54.550000000000004]},"properties":{"pop":403}},{"type":"Feature","geometry":{"type":"Point","coordinates":[9.35,54.75]},"properties":{"pop":18471}},{"type":"Feature","geometry":{"type":"Point","coordinates":[7.3500000000000005,52.85]},"properties":{"pop":7743}},{"type":"Feature","geometry":{"type":"Point","coordinates":[8.55,52.95]},"properties":{"pop":6194}},{"type":"Feature","geometry":{"type":"Point","coordinates":[8.55,52.85]},"properties":{"pop":2520}},{"type":"Feature","geometry":{"type":"Point","coordinates":[8.65,52.95]},"properties":{"pop":6865}},{"type":"Feature","geometry":{"type":"Point","coordinates":[7.65,50.75]},"properties":{"pop":18187}},{"type":"Feature","geometry":{"type":"Point","coordinates":[9.450000000000001,54.75]},"properties":{"pop":59560}},{"type":"Feature","geometry":{"type":"Point","coordinates":[7.8500000000000005,49.550000000000004]},"properties":{"pop":11379}},{"type":"Feature","geometry":{"type":"Point","coordinates":[7.65,49.85]},"properties":{"pop":4616}},{"type":"Feature","geometry":{"type":"Point","coordinates":[7.95,49.550000000000004]},"properties":{"pop":4834}},{"type":"Feature","geometry":{"type":"Point","coordinates":[9.25,48.75]},"properties":{"pop":186783}},{"type":"Feature","geometry":{"type":"Point","coordinates":[9.25,48.650000000000006]},"properties":{"pop":73807}},{"type":"Feature","geometry":{"type":"Point","coordinates":[11.25,53.35]},"properties":{"pop":1661}},{"type":"Feature","geometry":{"type":"Point","coordinates":[11.15,53.35]},"properties":{"pop":1564}},{"type":"Feature","geometry":{"type":"Point","coordinates":[8.65,53.25]},"properties":{"pop":6741}},{"type":"Feature","geometry":{"type":"Point","coordinates":[8.65,53.150000000000006]},"properties":{"pop":79480}},{"type":"Feature","geometry":{"type":"Point","coordinates":[8.55,53.150000000000006]},"properties":{"pop":30590}},{"type":"Feature","geometry":{"type":"Point","coordinates":[10.25,49.25]},"properties":{"pop":6191}},{"type":"Feature","geometry":{"type":"Point","coordinates":[10.15,49.35]},"properties":{"pop":13498}},{"type":"Feature","geometry":{"type":"Point","coordinates":[10.25,49.35]},"properties":{"pop":4823}},{"type":"Feature","geometry":{"type":"Point","coordinates":[10.15,49.25]},"properties":{"pop":5225}},{"type":"Feature","geometry":{"type":"Point","coordinates":[12.350000000000001,49.95]},"properties":{"pop":2546}},{"type":"Feature","geometry":{"type":"Point","coordinates":[12.25,49.95]},"properties":{"pop":8689}},{"type":"Feature","geometry":{"type":"Point","coordinates":[10.05,47.85]},"properties":{"pop":12539}},{"type":"Feature","geometry":{"type":"Point","coordinates":[10.05,47.95]},"properties":{"pop":6256}},{"type":"Feature","geometry":{"type":"Point","coordinates":[10.15,47.95]},"properties":{"pop":36229}},{"type":"Feature","geometry":{"type":"Point","coordinates":[7.25,52.85]},"properties":{"pop":3536}},{"type":"Feature","geometry":{"type":"Point","coordinates":[9.05,48.050000000000004]},"properties":{"pop":2690}},{"type":"Feature","geometry":{"type":"Point","coordinates":[8.450000000000001,53.35]},"properties":{"pop":16727}},{"type":"Feature","geometry":{"type":"Point","coordinates":[8.55,53.35]},"properties":{"pop":2499}},{"type":"Feature","geometry":{"type":"Point","coordinates":[8.450000000000001,53.25]},"properties":{"pop":6584}},{"type":"Feature","geometry":{"type":"Point","coordinates":[9.25,50.35]},"properties":{"pop":9235}},{"type":"Feature","geometry":{"type":"Point","coordinates":[9.25,50.45]},"properties":{"pop":5477}},{"type":"Feature","geometry":{"type":"Point","coordinates":[9.15,50.45]},"properties":{"pop":6767}},{"type":"Feature","geometry":{"type":"Point","coordinates":[9.15,50.35]},"properties":{"pop":8472}},{"type":"Feature","geometry":{"type":"Point","coordinates":[9.35,54.85]},"properties":{"pop":6011}},{"type":"Feature","geometry":{"type":"Point","coordinates":[11.350000000000001,51.050000000000004]},"properties":{"pop":11001}},{"type":"Feature","geometry":{"type":"Point","coordinates":[7.25,50.050000000000004]},"properties":{"pop":4403}},{"type":"Feature","geometry":{"type":"Point","coordinates":[11.15,54.45]},"properties":{"pop":5530}},{"type":"Feature","geometry":{"type":"Point","coordinates":[11.25,54.45]},"properties":{"pop":3717}},{"type":"Feature","geometry":{"type":"Point","coordinates":[11.25,54.550000000000004]},"properties":{"pop":105}},{"type":"Feature","geometry":{"type":"Point","coordinates":[11.15,54.550000000000004]},"properties":{"pop":367}},{"type":"Feature","geometry":{"type":"Point","coordinates":[9.05,52.95]},"properties":{"pop":10708}},{"type":"Feature","geometry":{"type":"Point","coordinates":[12.55,54.050000000000004]},"properties":{"pop":1243}},{"type":"Feature","geometry":{"type":"Point","coordinates":[12.65,54.050000000000004]},"properties":{"pop":1097}},{"type":"Feature","geometry":{"type":"Point","coordinates":[12.05,48.050000000000004]},"properties":{"pop":9081}},{"type":"Feature","geometry":{"type":"Point","coordinates":[11.950000000000001,48.050000000000004]},"properties":{"pop":26822}},{"type":"Feature","geometry":{"type":"Point","coordinates":[9.35,49.25]},"properties":{"pop":15254}},{"type":"Feature","geometry":{"type":"Point","coordinates":[9.450000000000001,49.25]},"properties":{"pop":13596}},{"type":"Feature","geometry":{"type":"Point","coordinates":[9.55,53.25]},"properties":{"pop":8126}},{"type":"Feature","geometry":{"type":"Point","coordinates":[9.55,53.150000000000006]},"properties":{"pop":3717}},{"type":"Feature","geometry":{"type":"Point","coordinates":[9.65,53.150000000000006]},"properties":{"pop":4734}},{"type":"Feature","geometry":{"type":"Point","coordinates":[14.55,51.050000000000004]},"properties":{"pop":13630}},{"type":"Feature","geometry":{"type":"Point","coordinates":[10.950000000000001,47.650000000000006]},"properties":{"pop":1721}},{"type":"Feature","geometry":{"type":"Point","coordinates":[10.950000000000001,47.75]},"properties":{"pop":10639}},{"type":"Feature","geometry":{"type":"Point","coordinates":[11.05,47.75]},"properties":{"pop":10895}},{"type":"Feature","geometry":{"type":"Point","coordinates":[11.05,47.650000000000006]},"properties":{"pop":6665}},{"type":"Feature","geometry":{"type":"Point","coordinates":[8.05,50.45]},"properties":{"pop":32991}},{"type":"Feature","geometry":{"type":"Point","coordinates":[8.15,50.35]},"properties":{"pop":24762}},{"type":"Feature","geometry":{"type":"Point","coordinates":[8.05,50.35]},"properties":{"pop":36573}},{"type":"Feature","geometry":{"type":"Point","coordinates":[9.450000000000001,48.650000000000006]},"properties":{"pop":68109}},{"type":"Feature","geometry":{"type":"Point","coordinates":[7.050000000000001,49.85]},"properties":{"pop":4386}},{"type":"Feature","geometry":{"type":"Point","coordinates":[6.25,50.95]},"properties":{"pop":18544}},{"type":"Feature","geometry":{"type":"Point","coordinates":[9.55,48.75]},"properties":{"pop":39742}},{"type":"Feature","geometry":{"type":"Point","coordinates":[13.350000000000001,53.45]},"properties":{"pop":3608}},{"type":"Feature","geometry":{"type":"Point","coordinates":[13.350000000000001,53.550000000000004]},"properties":{"pop":12515}},{"type":"Feature","geometry":{"type":"Point","coordinates":[13.25,53.550000000000004]},"properties":{"pop":46428}},{"type":"Feature","geometry":{"type":"Point","coordinates":[6.3500000000000005,50.95]},"properties":{"pop":27677}},{"type":"Feature","geometry":{"type":"Point","coordinates":[6.25,51.050000000000004]},"properties":{"pop":43116}},{"type":"Feature","geometry":{"type":"Point","coordinates":[6.3500000000000005,51.050000000000004]},"properties":{"pop":27801}},{"type":"Feature","geometry":{"type":"Point","coordinates":[13.05,52.75]},"properties":{"pop":6687}},{"type":"Feature","geometry":{"type":"Point","coordinates":[13.05,52.85]},"properties":{"pop":2801}},{"type":"Feature","geometry":{"type":"Point","coordinates":[13.15,52.75]},"properties":{"pop":13624}},{"type":"Feature","geometry":{"type":"Point","coordinates":[12.850000000000001,52.75]},"properties":{"pop":1540}},{"type":"Feature","geometry":{"type":"Point","coordinates":[9.15,52.85]},"properties":{"pop":7076}},{"type":"Feature","geometry":{"type":"Point","coordinates":[7.25,52.550000000000004]},"properties":{"pop":13474}},{"type":"Feature","geometry":{"type":"Point","coordinates":[7.25,52.45]},"properties":{"pop":5326}},{"type":"Feature","geometry":{"type":"Point","coordinates":[10.450000000000001,49.25]},"properties":{"pop":7762}},{"type":"Feature","geometry":{"type":"Point","coordinates":[10.350000000000001,49.35]},"properties":{"pop":3287}},{"type":"Feature","geometry":{"type":"Point","coordinates":[10.450000000000001,49.35]},"properties":{"pop":4509}},{"type":"Feature","geometry":{"type":"Point","coordinates":[10.350000000000001,49.25]},"properties":{"pop":4937}},{"type":"Feature","geometry":{"type":"Point","coordinates":[14.450000000000001,52.150000000000006]},"properties":{"pop":2137}},{"type":"Feature","geometry":{"type":"Point","coordinates":[8.25,49.75]},"properties":{"pop":11629}},{"type":"Feature","geometry":{"type":"Point","coordinates":[7.050000000000001,50.550000000000004]},"properties":{"pop":15286}},{"type":"Feature","geometry":{"type":"Point","coordinates":[9.950000000000001,54.75]},"properties":{"pop":2589}},{"type":"Feature","geometry":{"type":"Point","coordinates":[9.850000000000001,54.75]},"properties":{"pop":3007}},{"type":"Feature","geometry":{"type":"Point","coordinates":[9.950000000000001,54.650000000000006]},"properties":{"pop":11390}},{"type":"Feature","geometry":{"type":"Point","coordinates":[10.15,50.45]},"properties":{"pop":4844}},{"type":"Feature","geometry":{"type":"Point","coordinates":[10.05,50.550000000000004]},"properties":{"pop":5675}},{"type":"Feature","geometry":{"type":"Point","coordinates":[9.55,48.650000000000006]},"properties":{"pop":32443}},{"type":"Feature","geometry":{"type":"Point","coordinates":[9.65,48.75]},"properties":{"pop":55708}},{"type":"Feature","geometry":{"type":"Point","coordinates":[11.25,50.25]},"properties":{"pop":10698}},{"type":"Feature","geometry":{"type":"Point","coordinates":[11.25,50.150000000000006]},"properties":{"pop":17147}},{"type":"Feature","geometry":{"type":"Point","coordinates":[10.05,51.75]},"properties":{"pop":10739}},{"type":"Feature","geometry":{"type":"Point","coordinates":[10.05,51.85]},"properties":{"pop":9067}},{"type":"Feature","geometry":{"type":"Point","coordinates":[8.65,48.150000000000006]},"properties":{"pop":29789}},{"type":"Feature","geometry":{"type":"Point","coordinates":[6.65,50.150000000000006]},"properties":{"pop":3233}},{"type":"Feature","geometry":{"type":"Point","coordinates":[13.05,52.35]},"properties":{"pop":56698}},{"type":"Feature","geometry":{"type":"Point","coordinates":[13.05,52.25]},"properties":{"pop":8388}},{"type":"Feature","geometry":{"type":"Point","coordinates":[13.15,52.25]},"properties":{"pop":4423}},{"type":"Feature","geometry":{"type":"Point","coordinates":[9.05,53.050000000000004]},"properties":{"pop":36141}},{"type":"Feature","geometry":{"type":"Point","coordinates":[8.950000000000001,53.050000000000004]},"properties":{"pop":102832}},{"type":"Feature","geometry":{"type":"Point","coordinates":[8.25,53.150000000000006]},"properties":{"pop":95188}},{"type":"Feature","geometry":{"type":"Point","coordinates":[8.25,53.050000000000004]},"properties":{"pop":22384}},{"type":"Feature","geometry":{"type":"Point","coordinates":[8.35,52.95]},"properties":{"pop":4806}},{"type":"Feature","geometry":{"type":"Point","coordinates":[8.450000000000001,52.95]},"properties":{"pop":7034}},{"type":"Feature","geometry":{"type":"Point","coordinates":[8.35,47.550000000000004]},"properties":{"pop":3870}},{"type":"Feature","geometry":{"type":"Point","coordinates":[12.950000000000001,52.35]},"properties":{"pop":19858}},{"type":"Feature","geometry":{"type":"Point","coordinates":[7.550000000000001,49.150000000000006]},"properties":{"pop":23805}},{"type":"Feature","geometry":{"type":"Point","coordinates":[11.350000000000001,51.35]},"properties":{"pop":5287}},{"type":"Feature","geometry":{"type":"Point","coordinates":[11.350000000000001,51.45]},"properties":{"pop":12037}},{"type":"Feature","geometry":{"type":"Point","coordinates":[10.850000000000001,54.35]},"properties":{"pop":2423}},{"type":"Feature","geometry":{"type":"Point","coordinates":[10.850000000000001,54.25]},"properties":{"pop":11332}},{"type":"Feature","geometry":{"type":"Point","coordinates":[10.950000000000001,54.35]},"properties":{"pop":9245}},{"type":"Feature","geometry":{"type":"Point","coordinates":[10.950000000000001,54.25]},"properties":{"pop":5232}},{"type":"Feature","geometry":{"type":"Point","coordinates":[8.25,53.25]},"properties":{"pop":13352}},{"type":"Feature","geometry":{"type":"Point","coordinates":[8.950000000000001,54.25]},"properties":{"pop":5137}},{"type":"Feature","geometry":{"type":"Point","coordinates":[7.15,50.550000000000004]},"properties":{"pop":29637}},{"type":"Feature","geometry":{"type":"Point","coordinates":[7.3500000000000005,52.550000000000004]},"properties":{"pop":38139}},{"type":"Feature","geometry":{"type":"Point","coordinates":[7.45,52.550000000000004]},"properties":{"pop":6030}},{"type":"Feature","geometry":{"type":"Point","coordinates":[7.3500000000000005,52.45]},"properties":{"pop":9463}},{"type":"Feature","geometry":{"type":"Point","coordinates":[10.65,48.25]},"properties":{"pop":9270}},{"type":"Feature","geometry":{"type":"Point","coordinates":[10.15,51.85]},"properties":{"pop":14097}},{"type":"Feature","geometry":{"type":"Point","coordinates":[9.05,49.550000000000004]},"properties":{"pop":1863}},{"type":"Feature","geometry":{"type":"Point","coordinates":[8.950000000000001,49.550000000000004]},"properties":{"pop":6827}},{"type":"Feature","geometry":{"type":"Point","coordinates":[11.55,53.95]},"properties":{"pop":3400}},{"type":"Feature","geometry":{"type":"Point","coordinates":[11.450000000000001,53.95]},"properties":{"pop":17700}},{"type":"Feature","geometry":{"type":"Point","coordinates":[8.15,52.050000000000004]},"properties":{"pop":20392}},{"type":"Feature","geometry":{"type":"Point","coordinates":[8.05,52.050000000000004]},"properties":{"pop":12128}},{"type":"Feature","geometry":{"type":"Point","coordinates":[6.65,50.25]},"properties":{"pop":11762}},{"type":"Feature","geometry":{"type":"Point","coordinates":[6.75,50.25]},"properties":{"pop":5398}},{"type":"Feature","geometry":{"type":"Point","coordinates":[9.15,51.45]},"properties":{"pop":15685}},{"type":"Feature","geometry":{"type":"Point","coordinates":[9.05,51.45]},"properties":{"pop":5245}},{"type":"Feature","geometry":{"type":"Point","coordinates":[9.15,51.35]},"properties":{"pop":8852}},{"type":"Feature","geometry":{"type":"Point","coordinates":[9.05,51.35]},"properties":{"pop":10273}},{"type":"Feature","geometry":{"type":"Point","coordinates":[11.55,48.75]},"properties":{"pop":14457}},{"type":"Feature","geometry":{"type":"Point","coordinates":[7.95,48.050000000000004]},"properties":{"pop":24069}},{"type":"Feature","geometry":{"type":"Point","coordinates":[10.15,49.85]},"properties":{"pop":9240}},{"type":"Feature","geometry":{"type":"Point","coordinates":[8.450000000000001,50.85]},"properties":{"pop":13949}},{"type":"Feature","geometry":{"type":"Point","coordinates":[9.450000000000001,54.35]},"properties":{"pop":2139}},{"type":"Feature","geometry":{"type":"Point","coordinates":[7.75,50.150000000000006]},"properties":{"pop":9428}},{"type":"Feature","geometry":{"type":"Point","coordinates":[11.65,50.85]},"properties":{"pop":19247}},{"type":"Feature","geometry":{"type":"Point","coordinates":[14.15,51.150000000000006]},"properties":{"pop":13628}},{"type":"Feature","geometry":{"type":"Point","coordinates":[8.15,52.150000000000006]},"properties":{"pop":22498}},{"type":"Feature","geometry":{"type":"Point","coordinates":[8.05,52.150000000000006]},"properties":{"pop":22522}},{"type":"Feature","geometry":{"type":"Point","coordinates":[7.8500000000000005,49.150000000000006]},"properties":{"pop":15471}},{"type":"Feature","geometry":{"type":"Point","coordinates":[8.25,47.650000000000006]},"properties":{"pop":21383}},{"type":"Feature","geometry":{"type":"Point","coordinates":[8.35,47.650000000000006]},"properties":{"pop":19239}},{"type":"Feature","geometry":{"type":"Point","coordinates":[8.25,47.550000000000004]},"properties":{"pop":77}},{"type":"Feature","geometry":{"type":"Point","coordinates":[11.55,52.25]},"properties":{"pop":6245}},{"type":"Feature","geometry":{"type":"Point","coordinates":[11.55,52.150000000000006]},"properties":{"pop":56710}},{"type":"Feature","geometry":{"type":"Point","coordinates":[9.25,54.650000000000006]},"properties":{"pop":2786}},{"type":"Feature","geometry":{"type":"Point","coordinates":[9.25,53.95]},"properties":{"pop":4935}},{"type":"Feature","geometry":{"type":"Point","coordinates":[8.15,51.650000000000006]},"properties":{"pop":9671}},{"type":"Feature","geometry":{"type":"Point","coordinates":[8.05,51.650000000000006]},"properties":{"pop":7005}},{"type":"Feature","geometry":{"type":"Point","coordinates":[8.05,51.75]},"properties":{"pop":29404}},{"type":"Feature","geometry":{"type":"Point","coordinates":[8.15,51.75]},"properties":{"pop":7741}},{"type":"Feature","geometry":{"type":"Point","coordinates":[12.25,50.75]},"properties":{"pop":6563}},{"type":"Feature","geometry":{"type":"Point","coordinates":[7.45,49.85]},"properties":{"pop":6416}},{"type":"Feature","geometry":{"type":"Point","coordinates":[7.75,50.650000000000006]},"properties":{"pop":9634}},{"type":"Feature","geometry":{"type":"Point","coordinates":[13.05,53.95]},"properties":{"pop":8167}},{"type":"Feature","geometry":{"type":"Point","coordinates":[7.050000000000001,50.050000000000004]},"properties":{"pop":4016}},{"type":"Feature","geometry":{"type":"Point","coordinates":[13.75,54.25]},"properties":{"pop":319}},{"type":"Feature","geometry":{"type":"Point","coordinates":[8.25,51.650000000000006]},"properties":{"pop":12554}},{"type":"Feature","geometry":{"type":"Point","coordinates":[13.65,54.25]},"properties":{"pop":171}},{"type":"Feature","geometry":{"type":"Point","coordinates":[7.050000000000001,49.650000000000006]},"properties":{"pop":3393}},{"type":"Feature","geometry":{"type":"Point","coordinates":[10.05,50.35]},"properties":{"pop":3923}},{"type":"Feature","geometry":{"type":"Point","coordinates":[7.550000000000001,50.050000000000004]},"properties":{"pop":4005}},{"type":"Feature","geometry":{"type":"Point","coordinates":[7.45,50.050000000000004]},"properties":{"pop":9256}},{"type":"Feature","geometry":{"type":"Point","coordinates":[8.65,50.150000000000006]},"properties":{"pop":319328}},{"type":"Feature","geometry":{"type":"Point","coordinates":[8.05,49.75]},"properties":{"pop":15088}},{"type":"Feature","geometry":{"type":"Point","coordinates":[8.05,51.35]},"properties":{"pop":20953}},{"type":"Feature","geometry":{"type":"Point","coordinates":[7.95,51.35]},"properties":{"pop":13146}},{"type":"Feature","geometry":{"type":"Point","coordinates":[8.05,51.25]},"properties":{"pop":4203}},{"type":"Feature","geometry":{"type":"Point","coordinates":[8.15,51.35]},"properties":{"pop":15061}},{"type":"Feature","geometry":{"type":"Point","coordinates":[7.95,51.25]},"properties":{"pop":7783}},{"type":"Feature","geometry":{"type":"Point","coordinates":[12.75,50.75]},"properties":{"pop":40455}},{"type":"Feature","geometry":{"type":"Point","coordinates":[12.65,50.75]},"properties":{"pop":26905}},{"type":"Feature","geometry":{"type":"Point","coordinates":[11.75,51.95]},"properties":{"pop":10765}},{"type":"Feature","geometry":{"type":"Point","coordinates":[11.65,52.050000000000004]},"properties":{"pop":44450}},{"type":"Feature","geometry":{"type":"Point","coordinates":[11.65,51.95]},"properties":{"pop":5361}},{"type":"Feature","geometry":{"type":"Point","coordinates":[13.350000000000001,48.45]},"properties":{"pop":14759}},{"type":"Feature","geometry":{"type":"Point","coordinates":[13.350000000000001,48.35]},"properties":{"pop":9910}},{"type":"Feature","geometry":{"type":"Point","coordinates":[13.450000000000001,48.35]},"properties":{"pop":145}},{"type":"Feature","geometry":{"type":"Point","coordinates":[13.450000000000001,48.45]},"properties":{"pop":2932}},{"type":"Feature","geometry":{"type":"Point","coordinates":[8.65,50.050000000000004]},"properties":{"pop":141476}},{"type":"Feature","geometry":{"type":"Point","coordinates":[9.35,50.75]},"properties":{"pop":3571}},{"type":"Feature","geometry":{"type":"Point","coordinates":[9.35,50.650000000000006]},"properties":{"pop":10449}},{"type":"Feature","geometry":{"type":"Point","coordinates":[9.25,50.650000000000006]},"properties":{"pop":3371}},{"type":"Feature","geometry":{"type":"Point","coordinates":[9.25,50.75]},"properties":{"pop":12678}},{"type":"Feature","geometry":{"type":"Point","coordinates":[9.15,51.550000000000004]},"properties":{"pop":7085}},{"type":"Feature","geometry":{"type":"Point","coordinates":[9.05,51.550000000000004]},"properties":{"pop":7633}},{"type":"Feature","geometry":{"type":"Point","coordinates":[13.25,48.35]},"properties":{"pop":8136}},{"type":"Feature","geometry":{"type":"Point","coordinates":[13.25,48.45]},"properties":{"pop":7226}},{"type":"Feature","geometry":{"type":"Point","coordinates":[11.850000000000001,53.45]},"properties":{"pop":14781}},{"type":"Feature","geometry":{"type":"Point","coordinates":[11.75,53.45]},"properties":{"pop":2822}},{"type":"Feature","geometry":{"type":"Point","coordinates":[11.75,53.35]},"properties":{"pop":1131}},{"type":"Feature","geometry":{"type":"Point","coordinates":[9.450000000000001,54.050000000000004]},"properties":{"pop":4415}},{"type":"Feature","geometry":{"type":"Point","coordinates":[10.950000000000001,52.45]},"properties":{"pop":9676}},{"type":"Feature","geometry":{"type":"Point","coordinates":[11.450000000000001,48.45]},"properties":{"pop":13313}},{"type":"Feature","geometry":{"type":"Point","coordinates":[11.350000000000001,48.45]},"properties":{"pop":7927}},{"type":"Feature","geometry":{"type":"Point","coordinates":[9.15,51.650000000000006]},"properties":{"pop":5055}},{"type":"Feature","geometry":{"type":"Point","coordinates":[9.05,51.650000000000006]},"properties":{"pop":6349}},{"type":"Feature","geometry":{"type":"Point","coordinates":[7.8500000000000005,49.95]},"properties":{"pop":22901}},{"type":"Feature","geometry":{"type":"Point","coordinates":[7.15,50.35]},"properties":{"pop":8520}},{"type":"Feature","geometry":{"type":"Point","coordinates":[12.65,53.95]},"properties":{"pop":2009}},{"type":"Feature","geometry":{"type":"Point","coordinates":[12.75,53.95]},"properties":{"pop":3024}},{"type":"Feature","geometry":{"type":"Point","coordinates":[12.75,54.050000000000004]},"properties":{"pop":2387}},{"type":"Feature","geometry":{"type":"Point","coordinates":[8.75,52.650000000000006]},"properties":{"pop":6055}},{"type":"Feature","geometry":{"type":"Point","coordinates":[8.65,52.550000000000004]},"properties":{"pop":3919}},{"type":"Feature","geometry":{"type":"Point","coordinates":[8.65,52.650000000000006]},"properties":{"pop":1656}},{"type":"Feature","geometry":{"type":"Point","coordinates":[7.75,49.95]},"properties":{"pop":8894}},{"type":"Feature","geometry":{"type":"Point","coordinates":[9.15,49.35]},"properties":{"pop":26802}},{"type":"Feature","geometry":{"type":"Point","coordinates":[11.450000000000001,50.85]},"properties":{"pop":3329}},{"type":"Feature","geometry":{"type":"Point","coordinates":[11.350000000000001,50.85]},"properties":{"pop":4099}},{"type":"Feature","geometry":{"type":"Point","coordinates":[9.450000000000001,52.45]},"properties":{"pop":30360}},{"type":"Feature","geometry":{"type":"Point","coordinates":[9.35,52.45]},"properties":{"pop":18328}},{"type":"Feature","geometry":{"type":"Point","coordinates":[10.65,53.35]},"properties":{"pop":3283}},{"type":"Feature","geometry":{"type":"Point","coordinates":[9.75,50.550000000000004]},"properties":{"pop":36397}},{"type":"Feature","geometry":{"type":"Point","coordinates":[11.65,50.45]},"properties":{"pop":8361}},{"type":"Feature","geometry":{"type":"Point","coordinates":[11.75,50.45]},"properties":{"pop":3906}},{"type":"Feature","geometry":{"type":"Point","coordinates":[11.65,50.35]},"properties":{"pop":8831}},{"type":"Feature","geometry":{"type":"Point","coordinates":[12.15,49.050000000000004]},"properties":{"pop":82669}},{"type":"Feature","geometry":{"type":"Point","coordinates":[10.05,50.150000000000006]},"properties":{"pop":14046}},{"type":"Feature","geometry":{"type":"Point","coordinates":[11.25,50.85]},"properties":{"pop":7552}},{"type":"Feature","geometry":{"type":"Point","coordinates":[6.65,49.650000000000006]},"properties":{"pop":9140}},{"type":"Feature","geometry":{"type":"Point","coordinates":[7.8500000000000005,50.25]},"properties":{"pop":8877}},{"type":"Feature","geometry":{"type":"Point","coordinates":[7.95,50.25]},"properties":{"pop":7952}},{"type":"Feature","geometry":{"type":"Point","coordinates":[11.850000000000001,50.75]},"properties":{"pop":5738}},{"type":"Feature","geometry":{"type":"Point","coordinates":[13.25,53.75]},"properties":{"pop":2796}},{"type":"Feature","geometry":{"type":"Point","coordinates":[13.15,53.75]},"properties":{"pop":1755}},{"type":"Feature","geometry":{"type":"Point","coordinates":[9.850000000000001,50.45]},"properties":{"pop":5524}},{"type":"Feature","geometry":{"type":"Point","coordinates":[9.850000000000001,50.550000000000004]},"properties":{"pop":6774}},{"type":"Feature","geometry":{"type":"Point","coordinates":[7.75,47.650000000000006]},"properties":{"pop":23727}},{"type":"Feature","geometry":{"type":"Point","coordinates":[12.350000000000001,47.75]},"properties":{"pop":6049}},{"type":"Feature","geometry":{"type":"Point","coordinates":[12.350000000000001,48.550000000000004]},"properties":{"pop":4713}},{"type":"Feature","geometry":{"type":"Point","coordinates":[12.25,48.45]},"properties":{"pop":8047}},{"type":"Feature","geometry":{"type":"Point","coordinates":[12.350000000000001,48.45]},"properties":{"pop":12890}},{"type":"Feature","geometry":{"type":"Point","coordinates":[12.25,48.550000000000004]},"properties":{"pop":11689}},{"type":"Feature","geometry":{"type":"Point","coordinates":[10.950000000000001,53.85]},"properties":{"pop":4942}},{"type":"Feature","geometry":{"type":"Point","coordinates":[11.05,53.85]},"properties":{"pop":1905}},{"type":"Feature","geometry":{"type":"Point","coordinates":[9.25,51.45]},"properties":{"pop":3664}},{"type":"Feature","geometry":{"type":"Point","coordinates":[12.65,52.650000000000006]},"properties":{"pop":2517}},{"type":"Feature","geometry":{"type":"Point","coordinates":[8.55,54.75]},"properties":{"pop":1568}},{"type":"Feature","geometry":{"type":"Point","coordinates":[10.55,53.25]},"properties":{"pop":8495}},{"type":"Feature","geometry":{"type":"Point","coordinates":[8.65,50.95]},"properties":{"pop":7399}},{"type":"Feature","geometry":{"type":"Point","coordinates":[8.55,51.050000000000004]},"properties":{"pop":3382}},{"type":"Feature","geometry":{"type":"Point","coordinates":[9.75,50.45]},"properties":{"pop":12578}},{"type":"Feature","geometry":{"type":"Point","coordinates":[6.25,49.95]},"properties":{"pop":2723}},{"type":"Feature","geometry":{"type":"Point","coordinates":[6.15,49.95]},"properties":{"pop":237}},{"type":"Feature","geometry":{"type":"Point","coordinates":[11.65,48.35]},"properties":{"pop":30421}},{"type":"Feature","geometry":{"type":"Point","coordinates":[11.75,48.35]},"properties":{"pop":37339}},{"type":"Feature","geometry":{"type":"Point","coordinates":[11.75,48.45]},"properties":{"pop":25766}},{"type":"Feature","geometry":{"type":"Point","coordinates":[11.65,48.45]},"properties":{"pop":9106}},{"type":"Feature","geometry":{"type":"Point","coordinates":[9.35,48.35]},"properties":{"pop":3593}},{"type":"Feature","geometry":{"type":"Point","coordinates":[9.15,48.95]},"properties":{"pop":109120}},{"type":"Feature","geometry":{"type":"Point","coordinates":[9.05,48.95]},"properties":{"pop":39907}},{"type":"Feature","geometry":{"type":"Point","coordinates":[7.550000000000001,52.550000000000004]},"properties":{"pop":5008}},{"type":"Feature","geometry":{"type":"Point","coordinates":[7.65,52.550000000000004]},"properties":{"pop":6653}},{"type":"Feature","geometry":{"type":"Point","coordinates":[8.35,49.45]},"properties":{"pop":65704}},{"type":"Feature","geometry":{"type":"Point","coordinates":[8.55,53.45]},"properties":{"pop":7093}},{"type":"Feature","geometry":{"type":"Point","coordinates":[8.15,49.75]},"properties":{"pop":23458}},{"type":"Feature","geometry":{"type":"Point","coordinates":[10.05,51.25]},"properties":{"pop":5047}},{"type":"Feature","geometry":{"type":"Point","coordinates":[13.850000000000001,54.150000000000006]},"properties":{"pop":3254}},{"type":"Feature","geometry":{"type":"Point","coordinates":[9.950000000000001,47.550000000000004]},"properties":{"pop":8188}},{"type":"Feature","geometry":{"type":"Point","coordinates":[9.950000000000001,47.650000000000006]},"properties":{"pop":10434}},{"type":"Feature","geometry":{"type":"Point","coordinates":[9.850000000000001,47.550000000000004]},"properties":{"pop":8408}},{"type":"Feature","geometry":{"type":"Point","coordinates":[8.25,49.150000000000006]},"properties":{"pop":37192}},{"type":"Feature","geometry":{"type":"Point","coordinates":[8.35,49.150000000000006]},"properties":{"pop":17620}},{"type":"Feature","geometry":{"type":"Point","coordinates":[10.350000000000001,48.050000000000004]},"properties":{"pop":6844}},{"type":"Feature","geometry":{"type":"Point","coordinates":[11.450000000000001,48.650000000000006]},"properties":{"pop":16968}},{"type":"Feature","geometry":{"type":"Point","coordinates":[11.450000000000001,48.75]},"properties":{"pop":111217}},{"type":"Feature","geometry":{"type":"Point","coordinates":[10.850000000000001,50.75]},"properties":{"pop":10768}},{"type":"Feature","geometry":{"type":"Point","coordinates":[9.450000000000001,47.75]},"properties":{"pop":13474}},{"type":"Feature","geometry":{"type":"Point","coordinates":[8.25,50.45]},"properties":{"pop":17006}},{"type":"Feature","geometry":{"type":"Point","coordinates":[10.65,48.95]},"properties":{"pop":7454}},{"type":"Feature","geometry":{"type":"Point","coordinates":[10.55,48.95]},"properties":{"pop":5276}},{"type":"Feature","geometry":{"type":"Point","coordinates":[8.15,49.85]},"properties":{"pop":21464}},{"type":"Feature","geometry":{"type":"Point","coordinates":[9.25,52.25]},"properties":{"pop":7102}},{"type":"Feature","geometry":{"type":"Point","coordinates":[7.65,49.75]},"properties":{"pop":14180}},{"type":"Feature","geometry":{"type":"Point","coordinates":[7.65,49.650000000000006]},"properties":{"pop":6204}},{"type":"Feature","geometry":{"type":"Point","coordinates":[7.75,50.550000000000004]},"properties":{"pop":14426}},{"type":"Feature","geometry":{"type":"Point","coordinates":[9.35,49.050000000000004]},"properties":{"pop":20517}},{"type":"Feature","geometry":{"type":"Point","coordinates":[9.450000000000001,49.050000000000004]},"properties":{"pop":9959}},{"type":"Feature","geometry":{"type":"Point","coordinates":[9.950000000000001,50.150000000000006]},"properties":{"pop":9057}},{"type":"Feature","geometry":{"type":"Point","coordinates":[9.35,52.25]},"properties":{"pop":10125}},{"type":"Feature","geometry":{"type":"Point","coordinates":[14.350000000000001,52.550000000000004]},"properties":{"pop":6731}},{"type":"Feature","geometry":{"type":"Point","coordinates":[14.450000000000001,52.550000000000004]},"properties":{"pop":2238}},{"type":"Feature","geometry":{"type":"Point","coordinates":[14.25,53.45]},"properties":{"pop":3698}},{"type":"Feature","geometry":{"type":"Point","coordinates":[14.350000000000001,53.45]},"properties":{"pop":893}},{"type":"Feature","geometry":{"type":"Point","coordinates":[9.75,49.050000000000004]},"properties":{"pop":17847}},{"type":"Feature","geometry":{"type":"Point","coordinates":[9.65,49.050000000000004]},"properties":{"pop":8538}},{"type":"Feature","geometry":{"type":"Point","coordinates":[7.15,50.25]},"properties":{"pop":8520}},{"type":"Feature","geometry":{"type":"Point","coordinates":[7.3500000000000005,53.550000000000004]},"properties":{"pop":17077}},{"type":"Feature","geometry":{"type":"Point","coordinates":[8.450000000000001,50.45]},"properties":{"pop":10393}},{"type":"Feature","geometry":{"type":"Point","coordinates":[9.75,48.85]},"properties":{"pop":23369}},{"type":"Feature","geometry":{"type":"Point","coordinates":[9.65,48.85]},"properties":{"pop":17132}},{"type":"Feature","geometry":{"type":"Point","coordinates":[9.65,48.95]},"properties":{"pop":9343}},{"type":"Feature","geometry":{"type":"Point","coordinates":[10.850000000000001,48.050000000000004]},"properties":{"pop":40349}},{"type":"Feature","geometry":{"type":"Point","coordinates":[12.850000000000001,50.85]},"properties":{"pop":94419}},{"type":"Feature","geometry":{"type":"Point","coordinates":[9.25,53.85]},"properties":{"pop":3899}},{"type":"Feature","geometry":{"type":"Point","coordinates":[10.950000000000001,49.050000000000004]},"properties":{"pop":17406}},{"type":"Feature","geometry":{"type":"Point","coordinates":[10.850000000000001,49.050000000000004]},"properties":{"pop":4838}},{"type":"Feature","geometry":{"type":"Point","coordinates":[11.05,50.85]},"properties":{"pop":3996}},{"type":"Feature","geometry":{"type":"Point","coordinates":[10.950000000000001,50.75]},"properties":{"pop":6408}},{"type":"Feature","geometry":{"type":"Point","coordinates":[11.05,50.75]},"properties":{"pop":7759}},{"type":"Feature","geometry":{"type":"Point","coordinates":[10.350000000000001,52.150000000000006]},"properties":{"pop":36523}},{"type":"Feature","geometry":{"type":"Point","coordinates":[10.25,52.150000000000006]},"properties":{"pop":14170}},{"type":"Feature","geometry":{"type":"Point","coordinates":[10.450000000000001,52.050000000000004]},"properties":{"pop":9747}},{"type":"Feature","geometry":{"type":"Point","coordinates":[10.450000000000001,52.25]},"properties":{"pop":64902}},{"type":"Feature","geometry":{"type":"Point","coordinates":[11.25,53.550000000000004]},"properties":{"pop":2740}},{"type":"Feature","geometry":{"type":"Point","coordinates":[11.15,53.550000000000004]},"properties":{"pop":2200}},{"type":"Feature","geometry":{"type":"Point","coordinates":[11.15,53.650000000000006]},"properties":{"pop":4687}},{"type":"Feature","geometry":{"type":"Point","coordinates":[12.75,50.650000000000006]},"properties":{"pop":16714}},{"type":"Feature","geometry":{"type":"Point","coordinates":[6.550000000000001,50.650000000000006]},"properties":{"pop":5937}},{"type":"Feature","geometry":{"type":"Point","coordinates":[10.25,53.150000000000006]},"properties":{"pop":5791}},{"type":"Feature","geometry":{"type":"Point","coordinates":[10.15,53.150000000000006]},"properties":{"pop":2729}},{"type":"Feature","geometry":{"type":"Point","coordinates":[8.15,48.550000000000004]},"properties":{"pop":11683}},{"type":"Feature","geometry":{"type":"Point","coordinates":[8.25,48.45]},"properties":{"pop":3044}},{"type":"Feature","geometry":{"type":"Point","coordinates":[8.15,52.45]},"properties":{"pop":4144}},{"type":"Feature","geometry":{"type":"Point","coordinates":[8.05,49.650000000000006]},"properties":{"pop":16064}},{"type":"Feature","geometry":{"type":"Point","coordinates":[11.850000000000001,51.050000000000004]},"properties":{"pop":3506}},{"type":"Feature","geometry":{"type":"Point","coordinates":[12.850000000000001,53.550000000000004]},"properties":{"pop":1570}},{"type":"Feature","geometry":{"type":"Point","coordinates":[7.550000000000001,51.85]},"properties":{"pop":12946}},{"type":"Feature","geometry":{"type":"Point","coordinates":[7.45,51.85]},"properties":{"pop":17256}},{"type":"Feature","geometry":{"type":"Point","coordinates":[7.3500000000000005,49.550000000000004]},"properties":{"pop":7125}},{"type":"Feature","geometry":{"type":"Point","coordinates":[7.45,49.550000000000004]},"properties":{"pop":12692}},{"type":"Feature","geometry":{"type":"Point","coordinates":[11.55,51.75]},"properties":{"pop":7105}},{"type":"Feature","geometry":{"type":"Point","coordinates":[10.55,47.85]},"properties":{"pop":8581}},{"type":"Feature","geometry":{"type":"Point","coordinates":[10.350000000000001,51.35]},"properties":{"pop":14964}},{"type":"Feature","geometry":{"type":"Point","coordinates":[10.850000000000001,48.550000000000004]},"properties":{"pop":18679}},{"type":"Feature","geometry":{"type":"Point","coordinates":[10.950000000000001,48.550000000000004]},"properties":{"pop":9112}},{"type":"Feature","geometry":{"type":"Point","coordinates":[8.65,51.150000000000006]},"properties":{"pop":5728}},{"type":"Feature","geometry":{"type":"Point","coordinates":[8.55,51.150000000000006]},"properties":{"pop":4802}},{"type":"Feature","geometry":{"type":"Point","coordinates":[9.65,53.550000000000004]},"properties":{"pop":18613}},{"type":"Feature","geometry":{"type":"Point","coordinates":[7.15,49.650000000000006]},"properties":{"pop":12567}},{"type":"Feature","geometry":{"type":"Point","coordinates":[8.85,48.45]},"properties":{"pop":19127}},{"type":"Feature","geometry":{"type":"Point","coordinates":[8.75,48.45]},"properties":{"pop":16181}},{"type":"Feature","geometry":{"type":"Point","coordinates":[14.55,52.25]},"properties":{"pop":6616}},{"type":"Feature","geometry":{"type":"Point","coordinates":[14.450000000000001,52.25]},"properties":{"pop":7551}},{"type":"Feature","geometry":{"type":"Point","coordinates":[14.05,53.75]},"properties":{"pop":9233}},{"type":"Feature","geometry":{"type":"Point","coordinates":[14.05,53.650000000000006]},"properties":{"pop":12025}},{"type":"Feature","geometry":{"type":"Point","coordinates":[14.15,53.75]},"properties":{"pop":1521}},{"type":"Feature","geometry":{"type":"Point","coordinates":[13.950000000000001,53.75]},"properties":{"pop":1516}},{"type":"Feature","geometry":{"type":"Point","coordinates":[10.350000000000001,50.85]},"properties":{"pop":8313}},{"type":"Feature","geometry":{"type":"Point","coordinates":[10.350000000000001,50.95]},"properties":{"pop":29045}},{"type":"Feature","geometry":{"type":"Point","coordinates":[13.25,54.25]},"properties":{"pop":1412}},{"type":"Feature","geometry":{"type":"Point","coordinates":[13.25,54.35]},"properties":{"pop":2653}},{"type":"Feature","geometry":{"type":"Point","coordinates":[13.350000000000001,54.35]},"properties":{"pop":2914}},{"type":"Feature","geometry":{"type":"Point","coordinates":[13.350000000000001,54.25]},"properties":{"pop":928}},{"type":"Feature","geometry":{"type":"Point","coordinates":[11.65,50.650000000000006]},"properties":{"pop":5711}},{"type":"Feature","geometry":{"type":"Point","coordinates":[11.65,50.550000000000004]},"properties":{"pop":2476}},{"type":"Feature","geometry":{"type":"Point","coordinates":[12.75,53.45]},"properties":{"pop":258}},{"type":"Feature","geometry":{"type":"Point","coordinates":[9.65,49.85]},"properties":{"pop":13918}},{"type":"Feature","geometry":{"type":"Point","coordinates":[9.65,49.95]},"properties":{"pop":6028}},{"type":"Feature","geometry":{"type":"Point","coordinates":[10.75,54.050000000000004]},"properties":{"pop":11047}},{"type":"Feature","geometry":{"type":"Point","coordinates":[7.550000000000001,50.45]},"properties":{"pop":48847}},{"type":"Feature","geometry":{"type":"Point","coordinates":[10.25,49.75]},"properties":{"pop":11043}},{"type":"Feature","geometry":{"type":"Point","coordinates":[7.550000000000001,50.35]},"properties":{"pop":88216}},{"type":"Feature","geometry":{"type":"Point","coordinates":[8.05,49.85]},"properties":{"pop":14894}},{"type":"Feature","geometry":{"type":"Point","coordinates":[7.95,49.95]},"properties":{"pop":40848}},{"type":"Feature","geometry":{"type":"Point","coordinates":[7.75,50.75]},"properties":{"pop":13716}},{"type":"Feature","geometry":{"type":"Point","coordinates":[8.950000000000001,48.050000000000004]},"properties":{"pop":5286}},{"type":"Feature","geometry":{"type":"Point","coordinates":[11.55,48.45]},"properties":{"pop":12326}},{"type":"Feature","geometry":{"type":"Point","coordinates":[12.450000000000001,50.95]},"properties":{"pop":26086}},{"type":"Feature","geometry":{"type":"Point","coordinates":[12.450000000000001,50.85]},"properties":{"pop":23579}},{"type":"Feature","geometry":{"type":"Point","coordinates":[12.350000000000001,50.95]},"properties":{"pop":6966}},{"type":"Feature","geometry":{"type":"Point","coordinates":[12.55,50.85]},"properties":{"pop":24052}},{"type":"Feature","geometry":{"type":"Point","coordinates":[6.3500000000000005,50.650000000000006]},"properties":{"pop":11737}},{"type":"Feature","geometry":{"type":"Point","coordinates":[6.45,50.650000000000006]},"properties":{"pop":10362}},{"type":"Feature","geometry":{"type":"Point","coordinates":[6.3500000000000005,50.550000000000004]},"properties":{"pop":3537}},{"type":"Feature","geometry":{"type":"Point","coordinates":[8.75,48.050000000000004]},"properties":{"pop":27213}},{"type":"Feature","geometry":{"type":"Point","coordinates":[11.05,49.650000000000006]},"properties":{"pop":42585}},{"type":"Feature","geometry":{"type":"Point","coordinates":[12.350000000000001,53.650000000000006]},"properties":{"pop":1260}},{"type":"Feature","geometry":{"type":"Point","coordinates":[9.65,48.25]},"properties":{"pop":12043}},{"type":"Feature","geometry":{"type":"Point","coordinates":[6.550000000000001,50.050000000000004]},"properties":{"pop":5407}},{"type":"Feature","geometry":{"type":"Point","coordinates":[8.85,51.150000000000006]},"properties":{"pop":3281}},{"type":"Feature","geometry":{"type":"Point","coordinates":[8.85,51.25]},"properties":{"pop":19098}},{"type":"Feature","geometry":{"type":"Point","coordinates":[8.950000000000001,51.25]},"properties":{"pop":5819}},{"type":"Feature","geometry":{"type":"Point","coordinates":[8.950000000000001,51.150000000000006]},"properties":{"pop":2199}},{"type":"Feature","geometry":{"type":"Point","coordinates":[9.850000000000001,51.95]},"properties":{"pop":18225}},{"type":"Feature","geometry":{"type":"Point","coordinates":[8.450000000000001,50.050000000000004]},"properties":{"pop":98534}},{"type":"Feature","geometry":{"type":"Point","coordinates":[9.05,50.650000000000006]},"properties":{"pop":7749}},{"type":"Feature","geometry":{"type":"Point","coordinates":[9.25,50.85]},"properties":{"pop":6410}},{"type":"Feature","geometry":{"type":"Point","coordinates":[9.15,50.550000000000004]},"properties":{"pop":6096}},{"type":"Feature","geometry":{"type":"Point","coordinates":[8.950000000000001,50.650000000000006]},"properties":{"pop":6675}},{"type":"Feature","geometry":{"type":"Point","coordinates":[9.15,50.650000000000006]},"properties":{"pop":3174}},{"type":"Feature","geometry":{"type":"Point","coordinates":[9.05,50.550000000000004]},"properties":{"pop":8438}},{"type":"Feature","geometry":{"type":"Point","coordinates":[9.35,50.85]},"properties":{"pop":6690}},{"type":"Feature","geometry":{"type":"Point","coordinates":[9.05,52.75]},"properties":{"pop":4315}},{"type":"Feature","geometry":{"type":"Point","coordinates":[8.950000000000001,52.550000000000004]},"properties":{"pop":4436}},{"type":"Feature","geometry":{"type":"Point","coordinates":[9.05,52.650000000000006]},"properties":{"pop":4567}},{"type":"Feature","geometry":{"type":"Point","coordinates":[8.950000000000001,52.650000000000006]},"properties":{"pop":2891}},{"type":"Feature","geometry":{"type":"Point","coordinates":[8.85,52.650000000000006]},"properties":{"pop":8321}},{"type":"Feature","geometry":{"type":"Point","coordinates":[10.05,48.150000000000006]},"properties":{"pop":5945}},{"type":"Feature","geometry":{"type":"Point","coordinates":[11.05,53.150000000000006]},"properties":{"pop":4679}},{"type":"Feature","geometry":{"type":"Point","coordinates":[10.950000000000001,53.150000000000006]},"properties":{"pop":2094}},{"type":"Feature","geometry":{"type":"Point","coordinates":[9.950000000000001,51.050000000000004]},"properties":{"pop":6386}},{"type":"Feature","geometry":{"type":"Point","coordinates":[10.05,51.050000000000004]},"properties":{"pop":1982}},{"type":"Feature","geometry":{"type":"Point","coordinates":[9.850000000000001,51.050000000000004]},"properties":{"pop":4748}},{"type":"Feature","geometry":{"type":"Point","coordinates":[9.950000000000001,51.150000000000006]},"properties":{"pop":5422}},{"type":"Feature","geometry":{"type":"Point","coordinates":[6.25,50.650000000000006]},"properties":{"pop":8177}},{"type":"Feature","geometry":{"type":"Point","coordinates":[6.25,50.550000000000004]},"properties":{"pop":12189}},{"type":"Feature","geometry":{"type":"Point","coordinates":[11.65,49.25]},"properties":{"pop":3870}},{"type":"Feature","geometry":{"type":"Point","coordinates":[11.55,49.25]},"properties":{"pop":5599}},{"type":"Feature","geometry":{"type":"Point","coordinates":[11.75,49.25]},"properties":{"pop":1450}},{"type":"Feature","geometry":{"type":"Point","coordinates":[11.65,49.150000000000006]},"properties":{"pop":5748}},{"type":"Feature","geometry":{"type":"Point","coordinates":[10.850000000000001,51.45]},"properties":{"pop":12747}},{"type":"Feature","geometry":{"type":"Point","coordinates":[10.65,48.35]},"properties":{"pop":8512}},{"type":"Feature","geometry":{"type":"Point","coordinates":[10.75,48.35]},"properties":{"pop":16691}},{"type":"Feature","geometry":{"type":"Point","coordinates":[11.75,49.35]},"properties":{"pop":2570}},{"type":"Feature","geometry":{"type":"Point","coordinates":[11.65,49.35]},"properties":{"pop":3509}},{"type":"Feature","geometry":{"type":"Point","coordinates":[9.75,51.95]},"properties":{"pop":8529}},{"type":"Feature","geometry":{"type":"Point","coordinates":[8.35,49.25]},"properties":{"pop":31225}},{"type":"Feature","geometry":{"type":"Point","coordinates":[10.950000000000001,53.45]},"properties":{"pop":1686}},{"type":"Feature","geometry":{"type":"Point","coordinates":[11.05,53.45]},"properties":{"pop":2177}},{"type":"Feature","geometry":{"type":"Point","coordinates":[10.950000000000001,53.35]},"properties":{"pop":1635}},{"type":"Feature","geometry":{"type":"Point","coordinates":[11.05,53.35]},"properties":{"pop":2439}},{"type":"Feature","geometry":{"type":"Point","coordinates":[8.75,47.95]},"properties":{"pop":13004}},{"type":"Feature","geometry":{"type":"Point","coordinates":[9.950000000000001,54.150000000000006]},"properties":{"pop":15429}},{"type":"Feature","geometry":{"type":"Point","coordinates":[9.850000000000001,51.150000000000006]},"properties":{"pop":4024}},{"type":"Feature","geometry":{"type":"Point","coordinates":[12.25,50.95]},"properties":{"pop":5243}},{"type":"Feature","geometry":{"type":"Point","coordinates":[8.35,53.25]},"properties":{"pop":3944}},{"type":"Feature","geometry":{"type":"Point","coordinates":[10.450000000000001,53.25]},"properties":{"pop":63412}},{"type":"Feature","geometry":{"type":"Point","coordinates":[9.450000000000001,50.550000000000004]},"properties":{"pop":5558}},{"type":"Feature","geometry":{"type":"Point","coordinates":[9.450000000000001,50.45]},"properties":{"pop":5843}},{"type":"Feature","geometry":{"type":"Point","coordinates":[9.55,50.45]},"properties":{"pop":10716}},{"type":"Feature","geometry":{"type":"Point","coordinates":[9.55,50.550000000000004]},"properties":{"pop":11494}},{"type":"Feature","geometry":{"type":"Point","coordinates":[12.450000000000001,50.650000000000006]},"properties":{"pop":24906}},{"type":"Feature","geometry":{"type":"Point","coordinates":[12.450000000000001,50.75]},"properties":{"pop":53871}},{"type":"Feature","geometry":{"type":"Point","coordinates":[12.55,50.75]},"properties":{"pop":26790}},{"type":"Feature","geometry":{"type":"Point","coordinates":[12.55,50.650000000000006]},"properties":{"pop":27014}},{"type":"Feature","geometry":{"type":"Point","coordinates":[8.65,54.35]},"properties":{"pop":3146}},{"type":"Feature","geometry":{"type":"Point","coordinates":[8.65,54.25]},"properties":{"pop":1165}},{"type":"Feature","geometry":{"type":"Point","coordinates":[6.45,49.85]},"properties":{"pop":6226}},{"type":"Feature","geometry":{"type":"Point","coordinates":[13.450000000000001,50.75]},"properties":{"pop":4002}},{"type":"Feature","geometry":{"type":"Point","coordinates":[11.75,52.35]},"properties":{"pop":3890}},{"type":"Feature","geometry":{"type":"Point","coordinates":[7.45,50.45]},"properties":{"pop":71961}},{"type":"Feature","geometry":{"type":"Point","coordinates":[8.05,49.35]},"properties":{"pop":7436}},{"type":"Feature","geometry":{"type":"Point","coordinates":[10.15,53.95]},"properties":{"pop":4948}},{"type":"Feature","geometry":{"type":"Point","coordinates":[12.55,47.95]},"properties":{"pop":19942}},{"type":"Feature","geometry":{"type":"Point","coordinates":[12.65,47.95]},"properties":{"pop":14188}},{"type":"Feature","geometry":{"type":"Point","coordinates":[12.450000000000001,48.25]},"properties":{"pop":20572}},{"type":"Feature","geometry":{"type":"Point","coordinates":[7.75,50.35]},"properties":{"pop":21691}},{"type":"Feature","geometry":{"type":"Point","coordinates":[13.65,51.75]},"properties":{"pop":1986}},{"type":"Feature","geometry":{"type":"Point","coordinates":[13.55,51.75]},"properties":{"pop":567}},{"type":"Feature","geometry":{"type":"Point","coordinates":[8.35,53.150000000000006]},"properties":{"pop":5611}},{"type":"Feature","geometry":{"type":"Point","coordinates":[8.450000000000001,53.150000000000006]},"properties":{"pop":9508}},{"type":"Feature","geometry":{"type":"Point","coordinates":[9.25,48.550000000000004]},"properties":{"pop":73627}},{"type":"Feature","geometry":{"type":"Point","coordinates":[11.75,48.25]},"properties":{"pop":9184}},{"type":"Feature","geometry":{"type":"Point","coordinates":[11.75,48.150000000000006]},"properties":{"pop":92180}},{"type":"Feature","geometry":{"type":"Point","coordinates":[10.350000000000001,53.150000000000006]},"properties":{"pop":5539}},{"type":"Feature","geometry":{"type":"Point","coordinates":[8.85,49.35]},"properties":{"pop":26608}},{"type":"Feature","geometry":{"type":"Point","coordinates":[11.75,52.25]},"properties":{"pop":7533}},{"type":"Feature","geometry":{"type":"Point","coordinates":[11.65,48.25]},"properties":{"pop":57630}},{"type":"Feature","geometry":{"type":"Point","coordinates":[11.65,48.150000000000006]},"properties":{"pop":344044}},{"type":"Feature","geometry":{"type":"Point","coordinates":[10.450000000000001,49.75]},"properties":{"pop":2925}},{"type":"Feature","geometry":{"type":"Point","coordinates":[10.55,49.75]},"properties":{"pop":4082}},{"type":"Feature","geometry":{"type":"Point","coordinates":[11.450000000000001,53.45]},"properties":{"pop":3399}},{"type":"Feature","geometry":{"type":"Point","coordinates":[11.450000000000001,53.35]},"properties":{"pop":7815}},{"type":"Feature","geometry":{"type":"Point","coordinates":[8.05,49.150000000000006]},"properties":{"pop":23430}},{"type":"Feature","geometry":{"type":"Point","coordinates":[9.35,54.050000000000004]},"properties":{"pop":4494}},{"type":"Feature","geometry":{"type":"Point","coordinates":[6.95,49.45]},"properties":{"pop":26170}},{"type":"Feature","geometry":{"type":"Point","coordinates":[6.95,49.35]},"properties":{"pop":37559}},{"type":"Feature","geometry":{"type":"Point","coordinates":[7.050000000000001,49.45]},"properties":{"pop":19267}},{"type":"Feature","geometry":{"type":"Point","coordinates":[7.050000000000001,49.35]},"properties":{"pop":57806}},{"type":"Feature","geometry":{"type":"Point","coordinates":[8.450000000000001,53.050000000000004]},"properties":{"pop":7928}},{"type":"Feature","geometry":{"type":"Point","coordinates":[8.55,53.050000000000004]},"properties":{"pop":26953}},{"type":"Feature","geometry":{"type":"Point","coordinates":[7.45,50.35]},"properties":{"pop":19846}},{"type":"Feature","geometry":{"type":"Point","coordinates":[10.350000000000001,49.650000000000006]},"properties":{"pop":2094}},{"type":"Feature","geometry":{"type":"Point","coordinates":[10.850000000000001,49.650000000000006]},"properties":{"pop":15142}},{"type":"Feature","geometry":{"type":"Point","coordinates":[6.75,49.550000000000004]},"properties":{"pop":8226}},{"type":"Feature","geometry":{"type":"Point","coordinates":[10.25,51.85]},"properties":{"pop":4734}},{"type":"Feature","geometry":{"type":"Point","coordinates":[7.95,49.45]},"properties":{"pop":7095}},{"type":"Feature","geometry":{"type":"Point","coordinates":[11.15,47.95]},"properties":{"pop":11650}},{"type":"Feature","geometry":{"type":"Point","coordinates":[11.15,47.85]},"properties":{"pop":25767}},{"type":"Feature","geometry":{"type":"Point","coordinates":[11.350000000000001,49.550000000000004]},"properties":{"pop":16549}},{"type":"Feature","geometry":{"type":"Point","coordinates":[11.25,49.550000000000004]},"properties":{"pop":32268}},{"type":"Feature","geometry":{"type":"Point","coordinates":[11.350000000000001,49.650000000000006]},"properties":{"pop":5490}},{"type":"Feature","geometry":{"type":"Point","coordinates":[9.55,48.95]},"properties":{"pop":20415}},{"type":"Feature","geometry":{"type":"Point","coordinates":[11.25,47.95]},"properties":{"pop":16090}},{"type":"Feature","geometry":{"type":"Point","coordinates":[7.75,49.75]},"properties":{"pop":6713}},{"type":"Feature","geometry":{"type":"Point","coordinates":[8.75,51.150000000000006]},"properties":{"pop":4616}},{"type":"Feature","geometry":{"type":"Point","coordinates":[8.75,51.25]},"properties":{"pop":4793}},{"type":"Feature","geometry":{"type":"Point","coordinates":[12.450000000000001,47.95]},"properties":{"pop":6147}},{"type":"Feature","geometry":{"type":"Point","coordinates":[9.850000000000001,54.45]},"properties":{"pop":24749}},{"type":"Feature","geometry":{"type":"Point","coordinates":[6.95,50.050000000000004]},"properties":{"pop":5199}},{"type":"Feature","geometry":{"type":"Point","coordinates":[14.05,53.45]},"properties":{"pop":1650}},{"type":"Feature","geometry":{"type":"Point","coordinates":[14.05,53.550000000000004]},"properties":{"pop":5644}},{"type":"Feature","geometry":{"type":"Point","coordinates":[7.8500000000000005,47.85]},"properties":{"pop":3576}},{"type":"Feature","geometry":{"type":"Point","coordinates":[7.95,47.85]},"properties":{"pop":5524}},{"type":"Feature","geometry":{"type":"Point","coordinates":[7.65,50.050000000000004]},"properties":{"pop":7206}},{"type":"Feature","geometry":{"type":"Point","coordinates":[12.850000000000001,48.25]},"properties":{"pop":7318}},{"type":"Feature","geometry":{"type":"Point","coordinates":[7.75,50.050000000000004]},"properties":{"pop":6719}},{"type":"Feature","geometry":{"type":"Point","coordinates":[12.850000000000001,48.150000000000006]},"properties":{"pop":16134}},{"type":"Feature","geometry":{"type":"Point","coordinates":[14.350000000000001,51.35]},"properties":{"pop":5918}},{"type":"Feature","geometry":{"type":"Point","coordinates":[14.25,51.35]},"properties":{"pop":5773}},{"type":"Feature","geometry":{"type":"Point","coordinates":[9.65,54.650000000000006]},"properties":{"pop":5103}},{"type":"Feature","geometry":{"type":"Point","coordinates":[13.350000000000001,51.35]},"properties":{"pop":10983}},{"type":"Feature","geometry":{"type":"Point","coordinates":[13.450000000000001,51.35]},"properties":{"pop":6433}},{"type":"Feature","geometry":{"type":"Point","coordinates":[14.15,53.45]},"properties":{"pop":2290}},{"type":"Feature","geometry":{"type":"Point","coordinates":[8.65,53.050000000000004]},"properties":{"pop":75042}},{"type":"Feature","geometry":{"type":"Point","coordinates":[10.05,54.650000000000006]},"properties":{"pop":1379}},{"type":"Feature","geometry":{"type":"Point","coordinates":[11.65,50.95]},"properties":{"pop":35405}},{"type":"Feature","geometry":{"type":"Point","coordinates":[11.65,51.050000000000004]},"properties":{"pop":8051}},{"type":"Feature","geometry":{"type":"Point","coordinates":[12.75,48.150000000000006]},"properties":{"pop":14597}},{"type":"Feature","geometry":{"type":"Point","coordinates":[11.55,50.550000000000004]},"properties":{"pop":2240}},{"type":"Feature","geometry":{"type":"Point","coordinates":[11.450000000000001,50.550000000000004]},"properties":{"pop":2728}},{"type":"Feature","geometry":{"type":"Point","coordinates":[9.55,49.050000000000004]},"properties":{"pop":9260}},{"type":"Feature","geometry":{"type":"Point","coordinates":[7.75,52.85]},"properties":{"pop":6972}},{"type":"Feature","geometry":{"type":"Point","coordinates":[12.850000000000001,50.550000000000004]},"properties":{"pop":19778}},{"type":"Feature","geometry":{"type":"Point","coordinates":[12.950000000000001,50.550000000000004]},"properties":{"pop":17111}},{"type":"Feature","geometry":{"type":"Point","coordinates":[12.05,50.25]},"properties":{"pop":9087}},{"type":"Feature","geometry":{"type":"Point","coordinates":[11.950000000000001,50.25]},"properties":{"pop":22111}},{"type":"Feature","geometry":{"type":"Point","coordinates":[11.850000000000001,50.150000000000006]},"properties":{"pop":6421}},{"type":"Feature","geometry":{"type":"Point","coordinates":[12.15,50.25]},"properties":{"pop":2039}},{"type":"Feature","geometry":{"type":"Point","coordinates":[12.950000000000001,48.25]},"properties":{"pop":9831}},{"type":"Feature","geometry":{"type":"Point","coordinates":[7.8500000000000005,47.75]},"properties":{"pop":9629}},{"type":"Feature","geometry":{"type":"Point","coordinates":[8.75,48.95]},"properties":{"pop":43779}},{"type":"Feature","geometry":{"type":"Point","coordinates":[14.450000000000001,51.150000000000006]},"properties":{"pop":34829}},{"type":"Feature","geometry":{"type":"Point","coordinates":[14.55,51.150000000000006]},"properties":{"pop":4773}},{"type":"Feature","geometry":{"type":"Point","coordinates":[14.450000000000001,51.25]},"properties":{"pop":7149}},{"type":"Feature","geometry":{"type":"Point","coordinates":[14.55,51.25]},"properties":{"pop":4319}},{"type":"Feature","geometry":{"type":"Point","coordinates":[10.65,49.75]},"properties":{"pop":5822}},{"type":"Feature","geometry":{"type":"Point","coordinates":[10.65,49.650000000000006]},"properties":{"pop":5492}},{"type":"Feature","geometry":{"type":"Point","coordinates":[10.75,49.75]},"properties":{"pop":6522}},{"type":"Feature","geometry":{"type":"Point","coordinates":[10.55,49.650000000000006]},"properties":{"pop":5009}},{"type":"Feature","geometry":{"type":"Point","coordinates":[8.05,50.150000000000006]},"properties":{"pop":16590}},{"type":"Feature","geometry":{"type":"Point","coordinates":[8.15,50.25]},"properties":{"pop":8460}},{"type":"Feature","geometry":{"type":"Point","coordinates":[8.15,50.150000000000006]},"properties":{"pop":25103}},{"type":"Feature","geometry":{"type":"Point","coordinates":[14.450000000000001,51.35]},"properties":{"pop":2168}},{"type":"Feature","geometry":{"type":"Point","coordinates":[12.15,50.35]},"properties":{"pop":3183}},{"type":"Feature","geometry":{"type":"Point","coordinates":[8.85,49.95]},"properties":{"pop":53435}},{"type":"Feature","geometry":{"type":"Point","coordinates":[7.75,51.550000000000004]},"properties":{"pop":33366}},{"type":"Feature","geometry":{"type":"Point","coordinates":[7.65,51.550000000000004]},"properties":{"pop":95152}},{"type":"Feature","geometry":{"type":"Point","coordinates":[7.550000000000001,51.550000000000004]},"properties":{"pop":146052}},{"type":"Feature","geometry":{"type":"Point","coordinates":[10.65,53.650000000000006]},"properties":{"pop":20071}},{"type":"Feature","geometry":{"type":"Point","coordinates":[12.15,51.35]},"properties":{"pop":10823}},{"type":"Feature","geometry":{"type":"Point","coordinates":[7.65,49.150000000000006]},"properties":{"pop":20225}},{"type":"Feature","geometry":{"type":"Point","coordinates":[7.75,49.150000000000006]},"properties":{"pop":8575}},{"type":"Feature","geometry":{"type":"Point","coordinates":[12.05,47.85]},"properties":{"pop":46523}},{"type":"Feature","geometry":{"type":"Point","coordinates":[9.850000000000001,49.050000000000004]},"properties":{"pop":8454}},{"type":"Feature","geometry":{"type":"Point","coordinates":[9.950000000000001,49.150000000000006]},"properties":{"pop":8617}},{"type":"Feature","geometry":{"type":"Point","coordinates":[9.950000000000001,49.050000000000004]},"properties":{"pop":6880}},{"type":"Feature","geometry":{"type":"Point","coordinates":[9.850000000000001,49.150000000000006]},"properties":{"pop":9145}},{"type":"Feature","geometry":{"type":"Point","coordinates":[11.55,49.650000000000006]},"properties":{"pop":4656}},{"type":"Feature","geometry":{"type":"Point","coordinates":[8.75,49.95]},"properties":{"pop":24836}},{"type":"Feature","geometry":{"type":"Point","coordinates":[9.55,48.050000000000004]},"properties":{"pop":9153}},{"type":"Feature","geometry":{"type":"Point","coordinates":[9.450000000000001,49.35]},"properties":{"pop":6757}},{"type":"Feature","geometry":{"type":"Point","coordinates":[9.55,49.35]},"properties":{"pop":4326}},{"type":"Feature","geometry":{"type":"Point","coordinates":[12.55,49.35]},"properties":{"pop":3860}},{"type":"Feature","geometry":{"type":"Point","coordinates":[12.65,49.35]},"properties":{"pop":4991}},{"type":"Feature","geometry":{"type":"Point","coordinates":[12.450000000000001,53.85]},"properties":{"pop":1397}},{"type":"Feature","geometry":{"type":"Point","coordinates":[12.55,53.85]},"properties":{"pop":1853}},{"type":"Feature","geometry":{"type":"Point","coordinates":[12.55,53.75]},"properties":{"pop":8066}},{"type":"Feature","geometry":{"type":"Point","coordinates":[9.55,48.25]},"properties":{"pop":4168}},{"type":"Feature","geometry":{"type":"Point","coordinates":[12.25,51.25]},"properties":{"pop":17361}},{"type":"Feature","geometry":{"type":"Point","coordinates":[11.15,50.650000000000006]},"properties":{"pop":6591}},{"type":"Feature","geometry":{"type":"Point","coordinates":[11.25,50.650000000000006]},"properties":{"pop":8414}},{"type":"Feature","geometry":{"type":"Point","coordinates":[11.15,50.75]},"properties":{"pop":1796}},{"type":"Feature","geometry":{"type":"Point","coordinates":[13.850000000000001,53.25]},"properties":{"pop":1719}},{"type":"Feature","geometry":{"type":"Point","coordinates":[13.75,53.35]},"properties":{"pop":2018}},{"type":"Feature","geometry":{"type":"Point","coordinates":[12.450000000000001,47.650000000000006]},"properties":{"pop":2119}},{"type":"Feature","geometry":{"type":"Point","coordinates":[12.55,47.650000000000006]},"properties":{"pop":364}},{"type":"Feature","geometry":{"type":"Point","coordinates":[12.950000000000001,51.550000000000004]},"properties":{"pop":12426}},{"type":"Feature","geometry":{"type":"Point","coordinates":[12.850000000000001,51.550000000000004]},"properties":{"pop":3176}},{"type":"Feature","geometry":{"type":"Point","coordinates":[11.65,52.85]},"properties":{"pop":1496}},{"type":"Feature","geometry":{"type":"Point","coordinates":[11.75,52.85]},"properties":{"pop":3347}},{"type":"Feature","geometry":{"type":"Point","coordinates":[11.55,52.85]},"properties":{"pop":1676}},{"type":"Feature","geometry":{"type":"Point","coordinates":[11.55,52.75]},"properties":{"pop":2119}},{"type":"Feature","geometry":{"type":"Point","coordinates":[7.15,49.35]},"properties":{"pop":54189}},{"type":"Feature","geometry":{"type":"Point","coordinates":[7.550000000000001,50.85]},"properties":{"pop":12372}},{"type":"Feature","geometry":{"type":"Point","coordinates":[8.05,47.650000000000006]},"properties":{"pop":7209}},{"type":"Feature","geometry":{"type":"Point","coordinates":[8.15,47.650000000000006]},"properties":{"pop":13156}},{"type":"Feature","geometry":{"type":"Point","coordinates":[12.450000000000001,53.35]},"properties":{"pop":1152}},{"type":"Feature","geometry":{"type":"Point","coordinates":[13.15,53.550000000000004]},"properties":{"pop":2786}},{"type":"Feature","geometry":{"type":"Point","coordinates":[10.950000000000001,48.85]},"properties":{"pop":5757}},{"type":"Feature","geometry":{"type":"Point","coordinates":[7.550000000000001,50.25]},"properties":{"pop":12204}},{"type":"Feature","geometry":{"type":"Point","coordinates":[12.350000000000001,53.35]},"properties":{"pop":1061}},{"type":"Feature","geometry":{"type":"Point","coordinates":[13.65,53.35]},"properties":{"pop":872}},{"type":"Feature","geometry":{"type":"Point","coordinates":[13.55,53.35]},"properties":{"pop":1209}},{"type":"Feature","geometry":{"type":"Point","coordinates":[6.95,52.650000000000006]},"properties":{"pop":1827}},{"type":"Feature","geometry":{"type":"Point","coordinates":[6.8500000000000005,52.650000000000006]},"properties":{"pop":6649}},{"type":"Feature","geometry":{"type":"Point","coordinates":[6.95,52.550000000000004]},"properties":{"pop":7235}},{"type":"Feature","geometry":{"type":"Point","coordinates":[12.05,51.45]},"properties":{"pop":49441}},{"type":"Feature","geometry":{"type":"Point","coordinates":[13.450000000000001,53.45]},"properties":{"pop":1594}},{"type":"Feature","geometry":{"type":"Point","coordinates":[13.15,53.45]},"properties":{"pop":1482}},{"type":"Feature","geometry":{"type":"Point","coordinates":[13.55,53.45]},"properties":{"pop":2523}},{"type":"Feature","geometry":{"type":"Point","coordinates":[12.05,51.75]},"properties":{"pop":7301}},{"type":"Feature","geometry":{"type":"Point","coordinates":[11.950000000000001,51.550000000000004]},"properties":{"pop":50732}},{"type":"Feature","geometry":{"type":"Point","coordinates":[11.950000000000001,51.75]},"properties":{"pop":19683}},{"type":"Feature","geometry":{"type":"Point","coordinates":[8.75,47.85]},"properties":{"pop":11122}},{"type":"Feature","geometry":{"type":"Point","coordinates":[13.15,53.150000000000006]},"properties":{"pop":3471}},{"type":"Feature","geometry":{"type":"Point","coordinates":[6.3500000000000005,50.25]},"properties":{"pop":1709}},{"type":"Feature","geometry":{"type":"Point","coordinates":[6.25,50.25]},"properties":{"pop":2242}},{"type":"Feature","geometry":{"type":"Point","coordinates":[9.850000000000001,54.35]},"properties":{"pop":4343}},{"type":"Feature","geometry":{"type":"Point","coordinates":[9.850000000000001,49.650000000000006]},"properties":{"pop":6288}},{"type":"Feature","geometry":{"type":"Point","coordinates":[11.05,51.650000000000006]},"properties":{"pop":2475}},{"type":"Feature","geometry":{"type":"Point","coordinates":[11.05,51.75]},"properties":{"pop":13324}},{"type":"Feature","geometry":{"type":"Point","coordinates":[10.950000000000001,51.650000000000006]},"properties":{"pop":2615}},{"type":"Feature","geometry":{"type":"Point","coordinates":[11.05,51.85]},"properties":{"pop":23099}},{"type":"Feature","geometry":{"type":"Point","coordinates":[10.950000000000001,51.75]},"properties":{"pop":11254}},{"type":"Feature","geometry":{"type":"Point","coordinates":[11.75,49.85]},"properties":{"pop":7136}},{"type":"Feature","geometry":{"type":"Point","coordinates":[11.55,47.650000000000006]},"properties":{"pop":8466}},{"type":"Feature","geometry":{"type":"Point","coordinates":[11.450000000000001,47.550000000000004]},"properties":{"pop":418}},{"type":"Feature","geometry":{"type":"Point","coordinates":[11.55,47.75]},"properties":{"pop":24689}},{"type":"Feature","geometry":{"type":"Point","coordinates":[11.55,47.550000000000004]},"properties":{"pop":431}},{"type":"Feature","geometry":{"type":"Point","coordinates":[13.05,53.050000000000004]},"properties":{"pop":1682}},{"type":"Feature","geometry":{"type":"Point","coordinates":[11.350000000000001,47.550000000000004]},"properties":{"pop":894}},{"type":"Feature","geometry":{"type":"Point","coordinates":[13.15,53.050000000000004]},"properties":{"pop":5028}},{"type":"Feature","geometry":{"type":"Point","coordinates":[11.65,47.650000000000006]},"properties":{"pop":665}},{"type":"Feature","geometry":{"type":"Point","coordinates":[11.65,47.550000000000004]},"properties":{"pop":28}},{"type":"Feature","geometry":{"type":"Point","coordinates":[11.55,49.95]},"properties":{"pop":61868}},{"type":"Feature","geometry":{"type":"Point","coordinates":[11.65,49.95]},"properties":{"pop":24311}},{"type":"Feature","geometry":{"type":"Point","coordinates":[9.950000000000001,48.150000000000006]},"properties":{"pop":9576}},{"type":"Feature","geometry":{"type":"Point","coordinates":[9.55,54.45]},"properties":{"pop":11362}},{"type":"Feature","geometry":{"type":"Point","coordinates":[9.55,54.550000000000004]},"properties":{"pop":27426}},{"type":"Feature","geometry":{"type":"Point","coordinates":[7.75,52.25]},"properties":{"pop":44170}},{"type":"Feature","geometry":{"type":"Point","coordinates":[7.75,52.35]},"properties":{"pop":22001}},{"type":"Feature","geometry":{"type":"Point","coordinates":[7.8500000000000005,52.25]},"properties":{"pop":12891}},{"type":"Feature","geometry":{"type":"Point","coordinates":[11.850000000000001,49.45]},"properties":{"pop":48706}},{"type":"Feature","geometry":{"type":"Point","coordinates":[11.950000000000001,49.45]},"properties":{"pop":5478}},{"type":"Feature","geometry":{"type":"Point","coordinates":[11.850000000000001,49.35]},"properties":{"pop":1848}},{"type":"Feature","geometry":{"type":"Point","coordinates":[7.65,52.35]},"properties":{"pop":6060}},{"type":"Feature","geometry":{"type":"Point","coordinates":[7.65,52.25]},"properties":{"pop":12720}},{"type":"Feature","geometry":{"type":"Point","coordinates":[11.850000000000001,51.75]},"properties":{"pop":7296}},{"type":"Feature","geometry":{"type":"Point","coordinates":[11.850000000000001,51.550000000000004]},"properties":{"pop":15020}},{"type":"Feature","geometry":{"type":"Point","coordinates":[11.15,48.45]},"properties":{"pop":19113}},{"type":"Feature","geometry":{"type":"Point","coordinates":[11.15,48.550000000000004]},"properties":{"pop":7962}},{"type":"Feature","geometry":{"type":"Point","coordinates":[14.25,53.35]},"properties":{"pop":1546}},{"type":"Feature","geometry":{"type":"Point","coordinates":[11.15,51.75]},"properties":{"pop":23416}},{"type":"Feature","geometry":{"type":"Point","coordinates":[9.850000000000001,50.25]},"properties":{"pop":3623}},{"type":"Feature","geometry":{"type":"Point","coordinates":[9.15,53.95]},"properties":{"pop":12036}},{"type":"Feature","geometry":{"type":"Point","coordinates":[10.65,53.550000000000004]},"properties":{"pop":5871}},{"type":"Feature","geometry":{"type":"Point","coordinates":[9.65,54.550000000000004]},"properties":{"pop":5489}},{"type":"Feature","geometry":{"type":"Point","coordinates":[6.75,50.35]},"properties":{"pop":3836}},{"type":"Feature","geometry":{"type":"Point","coordinates":[12.05,49.650000000000006]},"properties":{"pop":9677}},{"type":"Feature","geometry":{"type":"Point","coordinates":[11.950000000000001,49.650000000000006]},"properties":{"pop":4750}},{"type":"Feature","geometry":{"type":"Point","coordinates":[8.15,48.650000000000006]},"properties":{"pop":33880}},{"type":"Feature","geometry":{"type":"Point","coordinates":[11.15,52.95]},"properties":{"pop":9969}},{"type":"Feature","geometry":{"type":"Point","coordinates":[11.05,52.95]},"properties":{"pop":2583}},{"type":"Feature","geometry":{"type":"Point","coordinates":[11.65,53.85]},"properties":{"pop":5197}},{"type":"Feature","geometry":{"type":"Point","coordinates":[11.75,53.85]},"properties":{"pop":2927}},{"type":"Feature","geometry":{"type":"Point","coordinates":[11.05,48.150000000000006]},"properties":{"pop":10799}},{"type":"Feature","geometry":{"type":"Point","coordinates":[11.15,48.150000000000006]},"properties":{"pop":12848}},{"type":"Feature","geometry":{"type":"Point","coordinates":[11.05,48.050000000000004]},"properties":{"pop":17677}},{"type":"Feature","geometry":{"type":"Point","coordinates":[11.15,48.050000000000004]},"properties":{"pop":17622}},{"type":"Feature","geometry":{"type":"Point","coordinates":[10.450000000000001,47.75]},"properties":{"pop":4609}},{"type":"Feature","geometry":{"type":"Point","coordinates":[12.350000000000001,48.25]},"properties":{"pop":12797}},{"type":"Feature","geometry":{"type":"Point","coordinates":[11.15,48.650000000000006]},"properties":{"pop":6541}},{"type":"Feature","geometry":{"type":"Point","coordinates":[11.15,48.75]},"properties":{"pop":18526}},{"type":"Feature","geometry":{"type":"Point","coordinates":[11.25,48.650000000000006]},"properties":{"pop":9902}},{"type":"Feature","geometry":{"type":"Point","coordinates":[10.25,50.35]},"properties":{"pop":18245}},{"type":"Feature","geometry":{"type":"Point","coordinates":[10.850000000000001,53.550000000000004]},"properties":{"pop":2239}},{"type":"Feature","geometry":{"type":"Point","coordinates":[8.85,50.85]},"properties":{"pop":13268}},{"type":"Feature","geometry":{"type":"Point","coordinates":[10.850000000000001,49.45]},"properties":{"pop":20815}},{"type":"Feature","geometry":{"type":"Point","coordinates":[13.75,53.75]},"properties":{"pop":2848}},{"type":"Feature","geometry":{"type":"Point","coordinates":[13.850000000000001,53.75]},"properties":{"pop":1561}},{"type":"Feature","geometry":{"type":"Point","coordinates":[8.55,52.45]},"properties":{"pop":5112}},{"type":"Feature","geometry":{"type":"Point","coordinates":[8.65,52.45]},"properties":{"pop":11139}},{"type":"Feature","geometry":{"type":"Point","coordinates":[8.55,52.35]},"properties":{"pop":12186}},{"type":"Feature","geometry":{"type":"Point","coordinates":[8.55,52.550000000000004]},"properties":{"pop":4224}},{"type":"Feature","geometry":{"type":"Point","coordinates":[11.65,52.25]},"properties":{"pop":19366}},{"type":"Feature","geometry":{"type":"Point","coordinates":[9.25,48.85]},"properties":{"pop":165705}},{"type":"Feature","geometry":{"type":"Point","coordinates":[9.25,48.95]},"properties":{"pop":75994}},{"type":"Feature","geometry":{"type":"Point","coordinates":[9.25,49.75]},"properties":{"pop":21955}},{"type":"Feature","geometry":{"type":"Point","coordinates":[7.3500000000000005,49.150000000000006]},"properties":{"pop":3971}},{"type":"Feature","geometry":{"type":"Point","coordinates":[9.65,54.050000000000004]},"properties":{"pop":6898}},{"type":"Feature","geometry":{"type":"Point","coordinates":[7.25,52.95]},"properties":{"pop":5027}},{"type":"Feature","geometry":{"type":"Point","coordinates":[7.15,52.95]},"properties":{"pop":120}},{"type":"Feature","geometry":{"type":"Point","coordinates":[7.15,52.85]},"properties":{"pop":6069}},{"type":"Feature","geometry":{"type":"Point","coordinates":[10.850000000000001,49.75]},"properties":{"pop":15395}},{"type":"Feature","geometry":{"type":"Point","coordinates":[11.850000000000001,48.35]},"properties":{"pop":13437}},{"type":"Feature","geometry":{"type":"Point","coordinates":[11.850000000000001,48.45]},"properties":{"pop":10700}},{"type":"Feature","geometry":{"type":"Point","coordinates":[11.05,51.25]},"properties":{"pop":5059}},{"type":"Feature","geometry":{"type":"Point","coordinates":[11.05,51.35]},"properties":{"pop":4730}},{"type":"Feature","geometry":{"type":"Point","coordinates":[10.55,48.85]},"properties":{"pop":13318}},{"type":"Feature","geometry":{"type":"Point","coordinates":[9.65,51.35]},"properties":{"pop":7137}},{"type":"Feature","geometry":{"type":"Point","coordinates":[12.75,49.25]},"properties":{"pop":9260}},{"type":"Feature","geometry":{"type":"Point","coordinates":[7.25,49.25]},"properties":{"pop":18151}},{"type":"Feature","geometry":{"type":"Point","coordinates":[7.15,49.25]},"properties":{"pop":41304}},{"type":"Feature","geometry":{"type":"Point","coordinates":[7.25,49.150000000000006]},"properties":{"pop":7300}},{"type":"Feature","geometry":{"type":"Point","coordinates":[10.850000000000001,49.35]},"properties":{"pop":11280}},{"type":"Feature","geometry":{"type":"Point","coordinates":[6.8500000000000005,51.35]},"properties":{"pop":62991}},{"type":"Feature","geometry":{"type":"Point","coordinates":[6.95,51.35]},"properties":{"pop":65965}},{"type":"Feature","geometry":{"type":"Point","coordinates":[8.35,53.050000000000004]},"properties":{"pop":8939}},{"type":"Feature","geometry":{"type":"Point","coordinates":[6.25,50.050000000000004]},"properties":{"pop":4403}},{"type":"Feature","geometry":{"type":"Point","coordinates":[10.15,54.35]},"properties":{"pop":136383}},{"type":"Feature","geometry":{"type":"Point","coordinates":[9.35,51.550000000000004]},"properties":{"pop":6202}},{"type":"Feature","geometry":{"type":"Point","coordinates":[9.25,51.650000000000006]},"properties":{"pop":5948}},{"type":"Feature","geometry":{"type":"Point","coordinates":[9.25,51.550000000000004]},"properties":{"pop":5255}},{"type":"Feature","geometry":{"type":"Point","coordinates":[10.55,49.95]},"properties":{"pop":8624}},{"type":"Feature","geometry":{"type":"Point","coordinates":[10.350000000000001,48.25]},"properties":{"pop":15550}},{"type":"Feature","geometry":{"type":"Point","coordinates":[9.15,50.150000000000006]},"properties":{"pop":41643}},{"type":"Feature","geometry":{"type":"Point","coordinates":[9.05,50.150000000000006]},"properties":{"pop":29282}},{"type":"Feature","geometry":{"type":"Point","coordinates":[10.65,49.95]},"properties":{"pop":10340}},{"type":"Feature","geometry":{"type":"Point","coordinates":[7.3500000000000005,50.650000000000006]},"properties":{"pop":25316}},{"type":"Feature","geometry":{"type":"Point","coordinates":[9.950000000000001,48.45]},"properties":{"pop":55911}},{"type":"Feature","geometry":{"type":"Point","coordinates":[7.95,49.650000000000006]},"properties":{"pop":4940}},{"type":"Feature","geometry":{"type":"Point","coordinates":[12.850000000000001,47.85]},"properties":{"pop":9241}},{"type":"Feature","geometry":{"type":"Point","coordinates":[12.75,47.85]},"properties":{"pop":7606}},{"type":"Feature","geometry":{"type":"Point","coordinates":[12.950000000000001,47.85]},"properties":{"pop":29221}},{"type":"Feature","geometry":{"type":"Point","coordinates":[6.15,50.550000000000004]},"properties":{"pop":177}},{"type":"Feature","geometry":{"type":"Point","coordinates":[7.3500000000000005,51.050000000000004]},"properties":{"pop":15252}},{"type":"Feature","geometry":{"type":"Point","coordinates":[7.25,50.95]},"properties":{"pop":34050}},{"type":"Feature","geometry":{"type":"Point","coordinates":[7.25,51.050000000000004]},"properties":{"pop":21881}},{"type":"Feature","geometry":{"type":"Point","coordinates":[10.450000000000001,47.650000000000006]},"properties":{"pop":7208}},{"type":"Feature","geometry":{"type":"Point","coordinates":[6.8500000000000005,49.75]},"properties":{"pop":7179}},{"type":"Feature","geometry":{"type":"Point","coordinates":[7.3500000000000005,50.95]},"properties":{"pop":21135}},{"type":"Feature","geometry":{"type":"Point","coordinates":[11.450000000000001,48.35]},"properties":{"pop":17962}},{"type":"Feature","geometry":{"type":"Point","coordinates":[6.75,49.85]},"properties":{"pop":17388}},{"type":"Feature","geometry":{"type":"Point","coordinates":[9.450000000000001,54.45]},"properties":{"pop":4644}},{"type":"Feature","geometry":{"type":"Point","coordinates":[9.35,54.45]},"properties":{"pop":2598}},{"type":"Feature","geometry":{"type":"Point","coordinates":[11.25,51.85]},"properties":{"pop":5448}},{"type":"Feature","geometry":{"type":"Point","coordinates":[11.850000000000001,48.25]},"properties":{"pop":17294}},{"type":"Feature","geometry":{"type":"Point","coordinates":[7.45,51.050000000000004]},"properties":{"pop":17963}},{"type":"Feature","geometry":{"type":"Point","coordinates":[8.75,50.95]},"properties":{"pop":6121}},{"type":"Feature","geometry":{"type":"Point","coordinates":[8.85,51.050000000000004]},"properties":{"pop":10299}},{"type":"Feature","geometry":{"type":"Point","coordinates":[9.35,51.650000000000006]},"properties":{"pop":10892}},{"type":"Feature","geometry":{"type":"Point","coordinates":[8.65,50.650000000000006]},"properties":{"pop":24901}},{"type":"Feature","geometry":{"type":"Point","coordinates":[8.450000000000001,50.650000000000006]},"properties":{"pop":9597}},{"type":"Feature","geometry":{"type":"Point","coordinates":[8.55,50.650000000000006]},"properties":{"pop":11695}},{"type":"Feature","geometry":{"type":"Point","coordinates":[8.35,50.650000000000006]},"properties":{"pop":22563}},{"type":"Feature","geometry":{"type":"Point","coordinates":[8.35,50.550000000000004]},"properties":{"pop":16417}},{"type":"Feature","geometry":{"type":"Point","coordinates":[11.75,53.75]},"properties":{"pop":3337}},{"type":"Feature","geometry":{"type":"Point","coordinates":[6.550000000000001,49.550000000000004]},"properties":{"pop":11437}},{"type":"Feature","geometry":{"type":"Point","coordinates":[14.15,51.650000000000006]},"properties":{"pop":2479}},{"type":"Feature","geometry":{"type":"Point","coordinates":[12.05,50.95]},"properties":{"pop":22057}},{"type":"Feature","geometry":{"type":"Point","coordinates":[10.450000000000001,53.150000000000006]},"properties":{"pop":8489}},{"type":"Feature","geometry":{"type":"Point","coordinates":[9.35,47.75]},"properties":{"pop":19781}},{"type":"Feature","geometry":{"type":"Point","coordinates":[9.75,49.150000000000006]},"properties":{"pop":29056}},{"type":"Feature","geometry":{"type":"Point","coordinates":[9.65,49.150000000000006]},"properties":{"pop":9864}},{"type":"Feature","geometry":{"type":"Point","coordinates":[10.55,51.25]},"properties":{"pop":4232}},{"type":"Feature","geometry":{"type":"Point","coordinates":[9.65,47.75]},"properties":{"pop":36299}},{"type":"Feature","geometry":{"type":"Point","coordinates":[9.35,51.75]},"properties":{"pop":18207}},{"type":"Feature","geometry":{"type":"Point","coordinates":[9.450000000000001,51.85]},"properties":{"pop":23805}},{"type":"Feature","geometry":{"type":"Point","coordinates":[9.35,51.85]},"properties":{"pop":6067}},{"type":"Feature","geometry":{"type":"Point","coordinates":[9.450000000000001,51.75]},"properties":{"pop":4559}},{"type":"Feature","geometry":{"type":"Point","coordinates":[12.65,47.75]},"properties":{"pop":6919}},{"type":"Feature","geometry":{"type":"Point","coordinates":[12.75,47.75]},"properties":{"pop":5754}},{"type":"Feature","geometry":{"type":"Point","coordinates":[12.75,47.650000000000006]},"properties":{"pop":188}},{"type":"Feature","geometry":{"type":"Point","coordinates":[11.05,52.35]},"properties":{"pop":5999}},{"type":"Feature","geometry":{"type":"Point","coordinates":[11.15,52.35]},"properties":{"pop":3132}},{"type":"Feature","geometry":{"type":"Point","coordinates":[11.05,52.45]},"properties":{"pop":2297}},{"type":"Feature","geometry":{"type":"Point","coordinates":[11.15,52.25]},"properties":{"pop":2225}},{"type":"Feature","geometry":{"type":"Point","coordinates":[11.15,52.45]},"properties":{"pop":2291}},{"type":"Feature","geometry":{"type":"Point","coordinates":[11.05,52.25]},"properties":{"pop":14913}},{"type":"Feature","geometry":{"type":"Point","coordinates":[10.350000000000001,53.85]},"properties":{"pop":23409}},{"type":"Feature","geometry":{"type":"Point","coordinates":[13.15,53.25]},"properties":{"pop":830}},{"type":"Feature","geometry":{"type":"Point","coordinates":[13.15,53.650000000000006]},"properties":{"pop":1460}},{"type":"Feature","geometry":{"type":"Point","coordinates":[13.05,53.25]},"properties":{"pop":1151}},{"type":"Feature","geometry":{"type":"Point","coordinates":[13.950000000000001,53.45]},"properties":{"pop":3770}},{"type":"Feature","geometry":{"type":"Point","coordinates":[11.350000000000001,51.95]},"properties":{"pop":4901}},{"type":"Feature","geometry":{"type":"Point","coordinates":[7.65,51.050000000000004]},"properties":{"pop":33041}},{"type":"Feature","geometry":{"type":"Point","coordinates":[7.75,51.050000000000004]},"properties":{"pop":9115}},{"type":"Feature","geometry":{"type":"Point","coordinates":[11.25,47.45]},"properties":{"pop":7663}},{"type":"Feature","geometry":{"type":"Point","coordinates":[11.450000000000001,47.45]},"properties":{"pop":11}},{"type":"Feature","geometry":{"type":"Point","coordinates":[11.25,47.35]},"properties":{"pop":148}},{"type":"Feature","geometry":{"type":"Point","coordinates":[11.350000000000001,47.45]},"properties":{"pop":116}},{"type":"Feature","geometry":{"type":"Point","coordinates":[7.65,47.75]},"properties":{"pop":12645}},{"type":"Feature","geometry":{"type":"Point","coordinates":[11.950000000000001,48.650000000000006]},"properties":{"pop":6894}},{"type":"Feature","geometry":{"type":"Point","coordinates":[11.850000000000001,48.650000000000006]},"properties":{"pop":4742}},{"type":"Feature","geometry":{"type":"Point","coordinates":[12.05,48.650000000000006]},"properties":{"pop":6277}},{"type":"Feature","geometry":{"type":"Point","coordinates":[11.950000000000001,48.75]},"properties":{"pop":4580}},{"type":"Feature","geometry":{"type":"Point","coordinates":[12.65,47.650000000000006]},"properties":{"pop":33}},{"type":"Feature","geometry":{"type":"Point","coordinates":[12.55,47.75]},"properties":{"pop":927}},{"type":"Feature","geometry":{"type":"Point","coordinates":[11.25,47.550000000000004]},"properties":{"pop":2383}},{"type":"Feature","geometry":{"type":"Point","coordinates":[10.25,48.85]},"properties":{"pop":8323}},{"type":"Feature","geometry":{"type":"Point","coordinates":[10.350000000000001,48.85]},"properties":{"pop":10599}},{"type":"Feature","geometry":{"type":"Point","coordinates":[10.65,51.150000000000006]},"properties":{"pop":12326}},{"type":"Feature","geometry":{"type":"Point","coordinates":[10.65,51.050000000000004]},"properties":{"pop":5344}},{"type":"Feature","geometry":{"type":"Point","coordinates":[10.350000000000001,53.75]},"properties":{"pop":11260}},{"type":"Feature","geometry":{"type":"Point","coordinates":[10.450000000000001,53.75]},"properties":{"pop":6202}},{"type":"Feature","geometry":{"type":"Point","coordinates":[9.05,47.85]},"properties":{"pop":15653}},{"type":"Feature","geometry":{"type":"Point","coordinates":[9.05,47.75]},"properties":{"pop":11087}},{"type":"Feature","geometry":{"type":"Point","coordinates":[8.950000000000001,47.75]},"properties":{"pop":33763}},{"type":"Feature","geometry":{"type":"Point","coordinates":[7.95,51.050000000000004]},"properties":{"pop":9894}},{"type":"Feature","geometry":{"type":"Point","coordinates":[10.55,48.35]},"properties":{"pop":7261}},{"type":"Feature","geometry":{"type":"Point","coordinates":[6.75,49.45]},"properties":{"pop":16203}},{"type":"Feature","geometry":{"type":"Point","coordinates":[11.75,52.45]},"properties":{"pop":2376}},{"type":"Feature","geometry":{"type":"Point","coordinates":[11.850000000000001,52.45]},"properties":{"pop":2870}},{"type":"Feature","geometry":{"type":"Point","coordinates":[11.850000000000001,52.35]},"properties":{"pop":2742}},{"type":"Feature","geometry":{"type":"Point","coordinates":[10.950000000000001,49.650000000000006]},"properties":{"pop":30340}},{"type":"Feature","geometry":{"type":"Point","coordinates":[10.950000000000001,49.550000000000004]},"properties":{"pop":79259}},{"type":"Feature","geometry":{"type":"Point","coordinates":[11.75,52.550000000000004]},"properties":{"pop":7414}},{"type":"Feature","geometry":{"type":"Point","coordinates":[11.850000000000001,52.550000000000004]},"properties":{"pop":17641}},{"type":"Feature","geometry":{"type":"Point","coordinates":[13.350000000000001,50.95]},"properties":{"pop":34717}},{"type":"Feature","geometry":{"type":"Point","coordinates":[13.450000000000001,51.050000000000004]},"properties":{"pop":5610}},{"type":"Feature","geometry":{"type":"Point","coordinates":[13.350000000000001,51.050000000000004]},"properties":{"pop":7765}},{"type":"Feature","geometry":{"type":"Point","coordinates":[10.25,51.25]},"properties":{"pop":5841}},{"type":"Feature","geometry":{"type":"Point","coordinates":[10.25,51.35]},"properties":{"pop":5793}},{"type":"Feature","geometry":{"type":"Point","coordinates":[13.850000000000001,51.45]},"properties":{"pop":8640}},{"type":"Feature","geometry":{"type":"Point","coordinates":[10.850000000000001,51.550000000000004]},"properties":{"pop":8960}},{"type":"Feature","geometry":{"type":"Point","coordinates":[10.850000000000001,51.650000000000006]},"properties":{"pop":1847}},{"type":"Feature","geometry":{"type":"Point","coordinates":[7.25,49.75]},"properties":{"pop":11339}},{"type":"Feature","geometry":{"type":"Point","coordinates":[13.950000000000001,50.85]},"properties":{"pop":5065}},{"type":"Feature","geometry":{"type":"Point","coordinates":[13.850000000000001,50.95]},"properties":{"pop":43516}},{"type":"Feature","geometry":{"type":"Point","coordinates":[13.950000000000001,50.95]},"properties":{"pop":35981}},{"type":"Feature","geometry":{"type":"Point","coordinates":[12.850000000000001,51.35]},"properties":{"pop":6307}},{"type":"Feature","geometry":{"type":"Point","coordinates":[14.55,52.35]},"properties":{"pop":35763}},{"type":"Feature","geometry":{"type":"Point","coordinates":[14.65,52.25]},"properties":{"pop":1665}},{"type":"Feature","geometry":{"type":"Point","coordinates":[14.450000000000001,52.35]},"properties":{"pop":11297}},{"type":"Feature","geometry":{"type":"Point","coordinates":[12.75,51.35]},"properties":{"pop":17009}},{"type":"Feature","geometry":{"type":"Point","coordinates":[7.8500000000000005,51.050000000000004]},"properties":{"pop":23300}},{"type":"Feature","geometry":{"type":"Point","coordinates":[9.15,54.45]},"properties":{"pop":5392}},{"type":"Feature","geometry":{"type":"Point","coordinates":[12.950000000000001,51.35]},"properties":{"pop":4074}},{"type":"Feature","geometry":{"type":"Point","coordinates":[12.950000000000001,51.45]},"properties":{"pop":4763}},{"type":"Feature","geometry":{"type":"Point","coordinates":[12.850000000000001,51.45]},"properties":{"pop":3659}},{"type":"Feature","geometry":{"type":"Point","coordinates":[10.75,51.550000000000004]},"properties":{"pop":20983}},{"type":"Feature","geometry":{"type":"Point","coordinates":[10.75,51.650000000000006]},"properties":{"pop":2459}},{"type":"Feature","geometry":{"type":"Point","coordinates":[9.75,51.150000000000006]},"properties":{"pop":6772}},{"type":"Feature","geometry":{"type":"Point","coordinates":[9.65,51.150000000000006]},"properties":{"pop":4733}},{"type":"Feature","geometry":{"type":"Point","coordinates":[9.75,51.050000000000004]},"properties":{"pop":5960}},{"type":"Feature","geometry":{"type":"Point","coordinates":[9.65,51.050000000000004]},"properties":{"pop":5385}},{"type":"Feature","geometry":{"type":"Point","coordinates":[9.950000000000001,50.95]},"properties":{"pop":3804}},{"type":"Feature","geometry":{"type":"Point","coordinates":[11.75,53.95]},"properties":{"pop":1297}},{"type":"Feature","geometry":{"type":"Point","coordinates":[11.65,53.95]},"properties":{"pop":2095}},{"type":"Feature","geometry":{"type":"Point","coordinates":[10.25,51.550000000000004]},"properties":{"pop":15126}},{"type":"Feature","geometry":{"type":"Point","coordinates":[9.05,47.95]},"properties":{"pop":4461}},{"type":"Feature","geometry":{"type":"Point","coordinates":[9.65,54.150000000000006]},"properties":{"pop":3261}},{"type":"Feature","geometry":{"type":"Point","coordinates":[10.55,48.050000000000004]},"properties":{"pop":15300}},{"type":"Feature","geometry":{"type":"Point","coordinates":[10.450000000000001,48.050000000000004]},"properties":{"pop":13935}},{"type":"Feature","geometry":{"type":"Point","coordinates":[7.45,53.650000000000006]},"properties":{"pop":4076}},{"type":"Feature","geometry":{"type":"Point","coordinates":[11.05,49.050000000000004]},"properties":{"pop":4728}},{"type":"Feature","geometry":{"type":"Point","coordinates":[10.950000000000001,48.95]},"properties":{"pop":9779}},{"type":"Feature","geometry":{"type":"Point","coordinates":[13.55,53.550000000000004]},"properties":{"pop":1462}},{"type":"Feature","geometry":{"type":"Point","coordinates":[13.55,53.650000000000006]},"properties":{"pop":5009}},{"type":"Feature","geometry":{"type":"Point","coordinates":[9.65,52.75]},"properties":{"pop":3033}},{"type":"Feature","geometry":{"type":"Point","coordinates":[9.55,52.75]},"properties":{"pop":4883}},{"type":"Feature","geometry":{"type":"Point","coordinates":[9.75,50.150000000000006]},"properties":{"pop":2520}},{"type":"Feature","geometry":{"type":"Point","coordinates":[9.75,50.050000000000004]},"properties":{"pop":9164}},{"type":"Feature","geometry":{"type":"Point","coordinates":[6.75,49.75]},"properties":{"pop":23403}},{"type":"Feature","geometry":{"type":"Point","coordinates":[14.25,51.45]},"properties":{"pop":26830}},{"type":"Feature","geometry":{"type":"Point","coordinates":[14.15,51.45]},"properties":{"pop":9993}},{"type":"Feature","geometry":{"type":"Point","coordinates":[14.350000000000001,51.45]},"properties":{"pop":2694}},{"type":"Feature","geometry":{"type":"Point","coordinates":[8.75,51.95]},"properties":{"pop":34557}},{"type":"Feature","geometry":{"type":"Point","coordinates":[8.85,51.85]},"properties":{"pop":11473}},{"type":"Feature","geometry":{"type":"Point","coordinates":[7.050000000000001,49.95]},"properties":{"pop":16741}},{"type":"Feature","geometry":{"type":"Point","coordinates":[8.950000000000001,54.45]},"properties":{"pop":1560}},{"type":"Feature","geometry":{"type":"Point","coordinates":[9.05,54.45]},"properties":{"pop":23475}},{"type":"Feature","geometry":{"type":"Point","coordinates":[11.25,48.150000000000006]},"properties":{"pop":51648}},{"type":"Feature","geometry":{"type":"Point","coordinates":[11.850000000000001,48.75]},"properties":{"pop":9306}},{"type":"Feature","geometry":{"type":"Point","coordinates":[10.350000000000001,49.550000000000004]},"properties":{"pop":3217}},{"type":"Feature","geometry":{"type":"Point","coordinates":[10.350000000000001,49.45]},"properties":{"pop":6149}},{"type":"Feature","geometry":{"type":"Point","coordinates":[6.75,51.45]},"properties":{"pop":190432}},{"type":"Feature","geometry":{"type":"Point","coordinates":[12.15,51.45]},"properties":{"pop":6898}},{"type":"Feature","geometry":{"type":"Point","coordinates":[7.15,50.75]},"properties":{"pop":164216}},{"type":"Feature","geometry":{"type":"Point","coordinates":[7.15,50.650000000000006]},"properties":{"pop":90704}},{"type":"Feature","geometry":{"type":"Point","coordinates":[10.75,51.85]},"properties":{"pop":23794}},{"type":"Feature","geometry":{"type":"Point","coordinates":[10.850000000000001,51.85]},"properties":{"pop":11604}},{"type":"Feature","geometry":{"type":"Point","coordinates":[10.65,51.85]},"properties":{"pop":4834}},{"type":"Feature","geometry":{"type":"Point","coordinates":[10.55,51.85]},"properties":{"pop":12650}},{"type":"Feature","geometry":{"type":"Point","coordinates":[10.65,51.75]},"properties":{"pop":1994}},{"type":"Feature","geometry":{"type":"Point","coordinates":[10.05,48.75]},"properties":{"pop":4441}},{"type":"Feature","geometry":{"type":"Point","coordinates":[9.950000000000001,48.75]},"properties":{"pop":11056}},{"type":"Feature","geometry":{"type":"Point","coordinates":[10.55,51.75]},"properties":{"pop":2059}},{"type":"Feature","geometry":{"type":"Point","coordinates":[10.75,51.75]},"properties":{"pop":2712}},{"type":"Feature","geometry":{"type":"Point","coordinates":[6.95,51.25]},"properties":{"pop":80799}},{"type":"Feature","geometry":{"type":"Point","coordinates":[6.8500000000000005,51.25]},"properties":{"pop":210386}},{"type":"Feature","geometry":{"type":"Point","coordinates":[6.95,51.150000000000006]},"properties":{"pop":137532}},{"type":"Feature","geometry":{"type":"Point","coordinates":[13.15,51.95]},"properties":{"pop":2178}},{"type":"Feature","geometry":{"type":"Point","coordinates":[13.25,51.85]},"properties":{"pop":1751}},{"type":"Feature","geometry":{"type":"Point","coordinates":[13.25,51.95]},"properties":{"pop":1086}},{"type":"Feature","geometry":{"type":"Point","coordinates":[13.15,51.85]},"properties":{"pop":1203}},{"type":"Feature","geometry":{"type":"Point","coordinates":[13.350000000000001,51.85]},"properties":{"pop":1698}},{"type":"Feature","geometry":{"type":"Point","coordinates":[6.95,49.650000000000006]},"properties":{"pop":11787}},{"type":"Feature","geometry":{"type":"Point","coordinates":[8.35,49.650000000000006]},"properties":{"pop":66303}},{"type":"Feature","geometry":{"type":"Point","coordinates":[8.35,49.75]},"properties":{"pop":20966}},{"type":"Feature","geometry":{"type":"Point","coordinates":[8.25,49.650000000000006]},"properties":{"pop":27580}},{"type":"Feature","geometry":{"type":"Point","coordinates":[10.05,54.050000000000004]},"properties":{"pop":27497}},{"type":"Feature","geometry":{"type":"Point","coordinates":[10.05,53.95]},"properties":{"pop":2623}},{"type":"Feature","geometry":{"type":"Point","coordinates":[12.75,51.550000000000004]},"properties":{"pop":1593}},{"type":"Feature","geometry":{"type":"Point","coordinates":[12.75,51.45]},"properties":{"pop":4780}},{"type":"Feature","geometry":{"type":"Point","coordinates":[12.65,51.45]},"properties":{"pop":15634}},{"type":"Feature","geometry":{"type":"Point","coordinates":[12.65,51.550000000000004]},"properties":{"pop":3434}},{"type":"Feature","geometry":{"type":"Point","coordinates":[7.25,50.75]},"properties":{"pop":66777}},{"type":"Feature","geometry":{"type":"Point","coordinates":[9.05,52.85]},"properties":{"pop":6622}},{"type":"Feature","geometry":{"type":"Point","coordinates":[8.950000000000001,52.85]},"properties":{"pop":6246}},{"type":"Feature","geometry":{"type":"Point","coordinates":[10.25,52.050000000000004]},"properties":{"pop":5628}},{"type":"Feature","geometry":{"type":"Point","coordinates":[10.65,49.150000000000006]},"properties":{"pop":7014}},{"type":"Feature","geometry":{"type":"Point","coordinates":[12.65,52.95]},"properties":{"pop":1607}},{"type":"Feature","geometry":{"type":"Point","coordinates":[12.55,52.95]},"properties":{"pop":995}},{"type":"Feature","geometry":{"type":"Point","coordinates":[9.850000000000001,49.35]},"properties":{"pop":3468}},{"type":"Feature","geometry":{"type":"Point","coordinates":[10.05,49.25]},"properties":{"pop":7445}},{"type":"Feature","geometry":{"type":"Point","coordinates":[9.950000000000001,49.35]},"properties":{"pop":5013}},{"type":"Feature","geometry":{"type":"Point","coordinates":[10.05,49.35]},"properties":{"pop":3933}},{"type":"Feature","geometry":{"type":"Point","coordinates":[9.950000000000001,49.25]},"properties":{"pop":6200}},{"type":"Feature","geometry":{"type":"Point","coordinates":[12.65,49.150000000000006]},"properties":{"pop":7132}},{"type":"Feature","geometry":{"type":"Point","coordinates":[12.65,49.25]},"properties":{"pop":14181}},{"type":"Feature","geometry":{"type":"Point","coordinates":[14.25,52.75]},"properties":{"pop":2345}},{"type":"Feature","geometry":{"type":"Point","coordinates":[14.350000000000001,52.75]},"properties":{"pop":776}},{"type":"Feature","geometry":{"type":"Point","coordinates":[10.350000000000001,51.25]},"properties":{"pop":6752}},{"type":"Feature","geometry":{"type":"Point","coordinates":[10.25,51.45]},"properties":{"pop":7173}},{"type":"Feature","geometry":{"type":"Point","coordinates":[12.15,49.45]},"properties":{"pop":11031}},{"type":"Feature","geometry":{"type":"Point","coordinates":[12.25,49.45]},"properties":{"pop":3443}},{"type":"Feature","geometry":{"type":"Point","coordinates":[9.75,48.550000000000004]},"properties":{"pop":9890}},{"type":"Feature","geometry":{"type":"Point","coordinates":[9.75,48.45]},"properties":{"pop":11591}},{"type":"Feature","geometry":{"type":"Point","coordinates":[12.65,52.050000000000004]},"properties":{"pop":2035}},{"type":"Feature","geometry":{"type":"Point","coordinates":[11.15,51.35]},"properties":{"pop":7773}},{"type":"Feature","geometry":{"type":"Point","coordinates":[8.85,54.25]},"properties":{"pop":791}},{"type":"Feature","geometry":{"type":"Point","coordinates":[7.65,47.650000000000006]},"properties":{"pop":62333}},{"type":"Feature","geometry":{"type":"Point","coordinates":[7.65,47.550000000000004]},"properties":{"pop":32156}},{"type":"Feature","geometry":{"type":"Point","coordinates":[10.850000000000001,53.25]},"properties":{"pop":2850}},{"type":"Feature","geometry":{"type":"Point","coordinates":[10.75,53.35]},"properties":{"pop":9829}},{"type":"Feature","geometry":{"type":"Point","coordinates":[10.25,53.650000000000006]},"properties":{"pop":51102}},{"type":"Feature","geometry":{"type":"Point","coordinates":[10.15,53.550000000000004]},"properties":{"pop":163292}},{"type":"Feature","geometry":{"type":"Point","coordinates":[10.25,53.550000000000004]},"properties":{"pop":65258}},{"type":"Feature","geometry":{"type":"Point","coordinates":[7.95,51.85]},"properties":{"pop":12014}},{"type":"Feature","geometry":{"type":"Point","coordinates":[8.05,51.85]},"properties":{"pop":17727}},{"type":"Feature","geometry":{"type":"Point","coordinates":[12.55,52.050000000000004]},"properties":{"pop":825}},{"type":"Feature","geometry":{"type":"Point","coordinates":[12.55,51.95]},"properties":{"pop":3279}},{"type":"Feature","geometry":{"type":"Point","coordinates":[12.25,52.35]},"properties":{"pop":1165}},{"type":"Feature","geometry":{"type":"Point","coordinates":[6.75,50.550000000000004]},"properties":{"pop":11001}},{"type":"Feature","geometry":{"type":"Point","coordinates":[6.75,50.650000000000006]},"properties":{"pop":31033}},{"type":"Feature","geometry":{"type":"Point","coordinates":[6.8500000000000005,50.550000000000004]},"properties":{"pop":4752}},{"type":"Feature","geometry":{"type":"Point","coordinates":[6.8500000000000005,50.45]},"properties":{"pop":6621}},{"type":"Feature","geometry":{"type":"Point","coordinates":[6.95,50.550000000000004]},"properties":{"pop":8392}},{"type":"Feature","geometry":{"type":"Point","coordinates":[6.8500000000000005,50.650000000000006]},"properties":{"pop":34315}},{"type":"Feature","geometry":{"type":"Point","coordinates":[6.75,50.45]},"properties":{"pop":4926}},{"type":"Feature","geometry":{"type":"Point","coordinates":[7.8500000000000005,51.85]},"properties":{"pop":9493}},{"type":"Feature","geometry":{"type":"Point","coordinates":[12.350000000000001,49.050000000000004]},"properties":{"pop":6991}},{"type":"Feature","geometry":{"type":"Point","coordinates":[12.25,48.95]},"properties":{"pop":17167}},{"type":"Feature","geometry":{"type":"Point","coordinates":[12.15,48.95]},"properties":{"pop":42459}},{"type":"Feature","geometry":{"type":"Point","coordinates":[11.25,50.550000000000004]},"properties":{"pop":4205}},{"type":"Feature","geometry":{"type":"Point","coordinates":[7.3500000000000005,49.650000000000006]},"properties":{"pop":7247}},{"type":"Feature","geometry":{"type":"Point","coordinates":[11.75,49.75]},"properties":{"pop":2599}},{"type":"Feature","geometry":{"type":"Point","coordinates":[11.65,49.75]},"properties":{"pop":3752}},{"type":"Feature","geometry":{"type":"Point","coordinates":[7.3500000000000005,50.050000000000004]},"properties":{"pop":5706}},{"type":"Feature","geometry":{"type":"Point","coordinates":[11.850000000000001,50.95]},"properties":{"pop":15080}},{"type":"Feature","geometry":{"type":"Point","coordinates":[8.15,50.95]},"properties":{"pop":9866}},{"type":"Feature","geometry":{"type":"Point","coordinates":[8.05,50.95]},"properties":{"pop":42371}},{"type":"Feature","geometry":{"type":"Point","coordinates":[8.25,50.85]},"properties":{"pop":5497}},{"type":"Feature","geometry":{"type":"Point","coordinates":[8.25,50.95]},"properties":{"pop":6602}},{"type":"Feature","geometry":{"type":"Point","coordinates":[11.950000000000001,49.75]},"properties":{"pop":7993}},{"type":"Feature","geometry":{"type":"Point","coordinates":[11.850000000000001,49.75]},"properties":{"pop":6400}},{"type":"Feature","geometry":{"type":"Point","coordinates":[11.850000000000001,49.650000000000006]},"properties":{"pop":3015}},{"type":"Feature","geometry":{"type":"Point","coordinates":[11.75,49.650000000000006]},"properties":{"pop":3283}},{"type":"Feature","geometry":{"type":"Point","coordinates":[10.15,53.650000000000006]},"properties":{"pop":204279}},{"type":"Feature","geometry":{"type":"Point","coordinates":[7.15,49.150000000000006]},"properties":{"pop":10841}},{"type":"Feature","geometry":{"type":"Point","coordinates":[13.350000000000001,50.75]},"properties":{"pop":4221}},{"type":"Feature","geometry":{"type":"Point","coordinates":[10.15,52.050000000000004]},"properties":{"pop":10397}},{"type":"Feature","geometry":{"type":"Point","coordinates":[10.05,52.050000000000004]},"properties":{"pop":10999}},{"type":"Feature","geometry":{"type":"Point","coordinates":[10.15,51.95]},"properties":{"pop":7489}},{"type":"Feature","geometry":{"type":"Point","coordinates":[10.05,51.95]},"properties":{"pop":5136}},{"type":"Feature","geometry":{"type":"Point","coordinates":[9.65,48.650000000000006]},"properties":{"pop":41109}},{"type":"Feature","geometry":{"type":"Point","coordinates":[9.65,48.550000000000004]},"properties":{"pop":10402}},{"type":"Feature","geometry":{"type":"Point","coordinates":[7.95,51.150000000000006]},"properties":{"pop":22843}},{"type":"Feature","geometry":{"type":"Point","coordinates":[8.15,51.25]},"properties":{"pop":6603}},{"type":"Feature","geometry":{"type":"Point","coordinates":[10.05,54.75]},"properties":{"pop":81}},{"type":"Feature","geometry":{"type":"Point","coordinates":[13.850000000000001,52.75]},"properties":{"pop":2318}},{"type":"Feature","geometry":{"type":"Point","coordinates":[13.75,52.75]},"properties":{"pop":2120}},{"type":"Feature","geometry":{"type":"Point","coordinates":[6.75,51.75]},"properties":{"pop":5371}},{"type":"Feature","geometry":{"type":"Point","coordinates":[7.45,49.35]},"properties":{"pop":14960}},{"type":"Feature","geometry":{"type":"Point","coordinates":[6.8500000000000005,51.75]},"properties":{"pop":12492}},{"type":"Feature","geometry":{"type":"Point","coordinates":[7.15,49.85]},"properties":{"pop":8493}},{"type":"Feature","geometry":{"type":"Point","coordinates":[7.15,49.95]},"properties":{"pop":8584}},{"type":"Feature","geometry":{"type":"Point","coordinates":[7.25,49.85]},"properties":{"pop":3577}},{"type":"Feature","geometry":{"type":"Point","coordinates":[9.15,49.85]},"properties":{"pop":32409}},{"type":"Feature","geometry":{"type":"Point","coordinates":[9.450000000000001,50.150000000000006]},"properties":{"pop":5204}},{"type":"Feature","geometry":{"type":"Point","coordinates":[9.850000000000001,49.95]},"properties":{"pop":9216}},{"type":"Feature","geometry":{"type":"Point","coordinates":[9.55,50.150000000000006]},"properties":{"pop":1909}},{"type":"Feature","geometry":{"type":"Point","coordinates":[9.850000000000001,50.050000000000004]},"properties":{"pop":2903}},{"type":"Feature","geometry":{"type":"Point","coordinates":[9.35,50.150000000000006]},"properties":{"pop":4467}},{"type":"Feature","geometry":{"type":"Point","coordinates":[9.450000000000001,50.050000000000004]},"properties":{"pop":6523}},{"type":"Feature","geometry":{"type":"Point","coordinates":[13.850000000000001,52.35]},"properties":{"pop":3363}},{"type":"Feature","geometry":{"type":"Point","coordinates":[13.950000000000001,52.35]},"properties":{"pop":2744}},{"type":"Feature","geometry":{"type":"Point","coordinates":[13.75,52.35]},"properties":{"pop":6917}},{"type":"Feature","geometry":{"type":"Point","coordinates":[8.950000000000001,49.95]},"properties":{"pop":18537}},{"type":"Feature","geometry":{"type":"Point","coordinates":[9.450000000000001,52.25]},"properties":{"pop":10817}},{"type":"Feature","geometry":{"type":"Point","coordinates":[7.75,49.050000000000004]},"properties":{"pop":3187}},{"type":"Feature","geometry":{"type":"Point","coordinates":[9.75,48.75]},"properties":{"pop":29894}},{"type":"Feature","geometry":{"type":"Point","coordinates":[8.85,48.85]},"properties":{"pop":24186}},{"type":"Feature","geometry":{"type":"Point","coordinates":[7.45,51.45]},"properties":{"pop":130584}},{"type":"Feature","geometry":{"type":"Point","coordinates":[12.55,52.85]},"properties":{"pop":2074}},{"type":"Feature","geometry":{"type":"Point","coordinates":[6.95,51.75]},"properties":{"pop":13755}},{"type":"Feature","geometry":{"type":"Point","coordinates":[12.65,52.85]},"properties":{"pop":1731}},{"type":"Feature","geometry":{"type":"Point","coordinates":[6.75,52.45]},"properties":{"pop":604}},{"type":"Feature","geometry":{"type":"Point","coordinates":[6.75,52.550000000000004]},"properties":{"pop":2073}},{"type":"Feature","geometry":{"type":"Point","coordinates":[13.55,51.35]},"properties":{"pop":4707}},{"type":"Feature","geometry":{"type":"Point","coordinates":[13.350000000000001,51.45]},"properties":{"pop":2184}},{"type":"Feature","geometry":{"type":"Point","coordinates":[7.8500000000000005,48.550000000000004]},"properties":{"pop":31122}},{"type":"Feature","geometry":{"type":"Point","coordinates":[7.8500000000000005,48.650000000000006]},"properties":{"pop":8769}},{"type":"Feature","geometry":{"type":"Point","coordinates":[10.05,49.150000000000006]},"properties":{"pop":31110}},{"type":"Feature","geometry":{"type":"Point","coordinates":[8.950000000000001,50.85]},"properties":{"pop":14607}},{"type":"Feature","geometry":{"type":"Point","coordinates":[6.25,50.85]},"properties":{"pop":60613}},{"type":"Feature","geometry":{"type":"Point","coordinates":[6.15,50.85]},"properties":{"pop":98990}},{"type":"Feature","geometry":{"type":"Point","coordinates":[10.850000000000001,52.550000000000004]},"properties":{"pop":4904}},{"type":"Feature","geometry":{"type":"Point","coordinates":[10.850000000000001,52.650000000000006]},"properties":{"pop":3105}},{"type":"Feature","geometry":{"type":"Point","coordinates":[10.75,52.650000000000006]},"properties":{"pop":1756}},{"type":"Feature","geometry":{"type":"Point","coordinates":[7.25,50.650000000000006]},"properties":{"pop":38112}},{"type":"Feature","geometry":{"type":"Point","coordinates":[11.05,49.95]},"properties":{"pop":9720}},{"type":"Feature","geometry":{"type":"Point","coordinates":[11.05,49.85]},"properties":{"pop":11733}},{"type":"Feature","geometry":{"type":"Point","coordinates":[12.75,51.95]},"properties":{"pop":4756}},{"type":"Feature","geometry":{"type":"Point","coordinates":[12.75,52.050000000000004]},"properties":{"pop":1808}},{"type":"Feature","geometry":{"type":"Point","coordinates":[12.65,51.95]},"properties":{"pop":5283}},{"type":"Feature","geometry":{"type":"Point","coordinates":[10.450000000000001,49.650000000000006]},"properties":{"pop":7151}},{"type":"Feature","geometry":{"type":"Point","coordinates":[8.450000000000001,51.75]},"properties":{"pop":13924}},{"type":"Feature","geometry":{"type":"Point","coordinates":[8.55,51.75]},"properties":{"pop":19046}},{"type":"Feature","geometry":{"type":"Point","coordinates":[8.65,51.75]},"properties":{"pop":32511}},{"type":"Feature","geometry":{"type":"Point","coordinates":[8.55,51.85]},"properties":{"pop":19362}},{"type":"Feature","geometry":{"type":"Point","coordinates":[8.65,51.85]},"properties":{"pop":26326}},{"type":"Feature","geometry":{"type":"Point","coordinates":[7.65,50.85]},"properties":{"pop":21320}},{"type":"Feature","geometry":{"type":"Point","coordinates":[7.45,50.75]},"properties":{"pop":20359}},{"type":"Feature","geometry":{"type":"Point","coordinates":[7.45,50.85]},"properties":{"pop":12770}},{"type":"Feature","geometry":{"type":"Point","coordinates":[6.75,51.35]},"properties":{"pop":131091}},{"type":"Feature","geometry":{"type":"Point","coordinates":[6.65,51.25]},"properties":{"pop":101075}},{"type":"Feature","geometry":{"type":"Point","coordinates":[6.75,51.25]},"properties":{"pop":248412}},{"type":"Feature","geometry":{"type":"Point","coordinates":[6.65,51.35]},"properties":{"pop":120819}},{"type":"Feature","geometry":{"type":"Point","coordinates":[12.55,48.25]},"properties":{"pop":27363}},{"type":"Feature","geometry":{"type":"Point","coordinates":[12.65,48.25]},"properties":{"pop":26881}},{"type":"Feature","geometry":{"type":"Point","coordinates":[9.55,49.650000000000006]},"properties":{"pop":5895}},{"type":"Feature","geometry":{"type":"Point","coordinates":[9.950000000000001,52.75]},"properties":{"pop":2977}},{"type":"Feature","geometry":{"type":"Point","coordinates":[9.850000000000001,52.75]},"properties":{"pop":2171}},{"type":"Feature","geometry":{"type":"Point","coordinates":[9.950000000000001,52.85]},"properties":{"pop":7497}},{"type":"Feature","geometry":{"type":"Point","coordinates":[10.15,53.25]},"properties":{"pop":9929}},{"type":"Feature","geometry":{"type":"Point","coordinates":[9.850000000000001,52.85]},"properties":{"pop":144}},{"type":"Feature","geometry":{"type":"Point","coordinates":[10.15,51.25]},"properties":{"pop":3941}},{"type":"Feature","geometry":{"type":"Point","coordinates":[12.75,51.85]},"properties":{"pop":5674}},{"type":"Feature","geometry":{"type":"Point","coordinates":[12.55,51.85]},"properties":{"pop":9747}},{"type":"Feature","geometry":{"type":"Point","coordinates":[12.65,51.85]},"properties":{"pop":21296}},{"type":"Feature","geometry":{"type":"Point","coordinates":[7.3500000000000005,50.25]},"properties":{"pop":11535}},{"type":"Feature","geometry":{"type":"Point","coordinates":[8.65,51.95]},"properties":{"pop":56290}},{"type":"Feature","geometry":{"type":"Point","coordinates":[12.350000000000001,53.25]},"properties":{"pop":1450}},{"type":"Feature","geometry":{"type":"Point","coordinates":[12.25,53.25]},"properties":{"pop":2130}},{"type":"Feature","geometry":{"type":"Point","coordinates":[8.75,51.650000000000006]},"properties":{"pop":16496}},{"type":"Feature","geometry":{"type":"Point","coordinates":[8.85,51.650000000000006]},"properties":{"pop":9031}},{"type":"Feature","geometry":{"type":"Point","coordinates":[8.15,49.550000000000004]},"properties":{"pop":25366}},{"type":"Feature","geometry":{"type":"Point","coordinates":[13.950000000000001,51.25]},"properties":{"pop":7038}},{"type":"Feature","geometry":{"type":"Point","coordinates":[13.850000000000001,51.150000000000006]},"properties":{"pop":37139}},{"type":"Feature","geometry":{"type":"Point","coordinates":[6.15,51.35]},"properties":{"pop":5543}},{"type":"Feature","geometry":{"type":"Point","coordinates":[11.25,53.95]},"properties":{"pop":2511}},{"type":"Feature","geometry":{"type":"Point","coordinates":[9.850000000000001,53.35]},"properties":{"pop":33276}},{"type":"Feature","geometry":{"type":"Point","coordinates":[9.950000000000001,53.35]},"properties":{"pop":24586}},{"type":"Feature","geometry":{"type":"Point","coordinates":[8.75,50.650000000000006]},"properties":{"pop":35491}},{"type":"Feature","geometry":{"type":"Point","coordinates":[9.35,48.650000000000006]},"properties":{"pop":80590}},{"type":"Feature","geometry":{"type":"Point","coordinates":[8.15,51.85]},"properties":{"pop":24218}},{"type":"Feature","geometry":{"type":"Point","coordinates":[7.75,52.150000000000006]},"properties":{"pop":7825}},{"type":"Feature","geometry":{"type":"Point","coordinates":[7.8500000000000005,52.150000000000006]},"properties":{"pop":20077}},{"type":"Feature","geometry":{"type":"Point","coordinates":[12.05,51.050000000000004]},"properties":{"pop":6718}},{"type":"Feature","geometry":{"type":"Point","coordinates":[12.55,53.95]},"properties":{"pop":988}},{"type":"Feature","geometry":{"type":"Point","coordinates":[8.75,53.45]},"properties":{"pop":6512}},{"type":"Feature","geometry":{"type":"Point","coordinates":[8.65,53.45]},"properties":{"pop":13555}},{"type":"Feature","geometry":{"type":"Point","coordinates":[8.85,53.45]},"properties":{"pop":5359}},{"type":"Feature","geometry":{"type":"Point","coordinates":[12.25,51.550000000000004]},"properties":{"pop":7351}},{"type":"Feature","geometry":{"type":"Point","coordinates":[8.450000000000001,49.95]},"properties":{"pop":79401}},{"type":"Feature","geometry":{"type":"Point","coordinates":[10.15,53.35]},"properties":{"pop":21708}},{"type":"Feature","geometry":{"type":"Point","coordinates":[12.450000000000001,51.75]},"properties":{"pop":7649}},{"type":"Feature","geometry":{"type":"Point","coordinates":[12.350000000000001,51.75]},"properties":{"pop":6236}},{"type":"Feature","geometry":{"type":"Point","coordinates":[12.55,51.75]},"properties":{"pop":2765}},{"type":"Feature","geometry":{"type":"Point","coordinates":[12.350000000000001,51.550000000000004]},"properties":{"pop":21588}},{"type":"Feature","geometry":{"type":"Point","coordinates":[12.450000000000001,51.650000000000006]},"properties":{"pop":5700}},{"type":"Feature","geometry":{"type":"Point","coordinates":[12.350000000000001,51.650000000000006]},"properties":{"pop":18637}},{"type":"Feature","geometry":{"type":"Point","coordinates":[10.850000000000001,49.25]},"properties":{"pop":8397}},{"type":"Feature","geometry":{"type":"Point","coordinates":[10.75,49.25]},"properties":{"pop":11854}},{"type":"Feature","geometry":{"type":"Point","coordinates":[10.75,49.35]},"properties":{"pop":11586}},{"type":"Feature","geometry":{"type":"Point","coordinates":[7.95,51.75]},"properties":{"pop":23692}},{"type":"Feature","geometry":{"type":"Point","coordinates":[12.350000000000001,49.35]},"properties":{"pop":7088}},{"type":"Feature","geometry":{"type":"Point","coordinates":[12.350000000000001,49.25]},"properties":{"pop":5080}},{"type":"Feature","geometry":{"type":"Point","coordinates":[10.450000000000001,53.050000000000004]},"properties":{"pop":6525}},{"type":"Feature","geometry":{"type":"Point","coordinates":[10.350000000000001,53.050000000000004]},"properties":{"pop":1400}},{"type":"Feature","geometry":{"type":"Point","coordinates":[13.05,53.85]},"properties":{"pop":2488}},{"type":"Feature","geometry":{"type":"Point","coordinates":[6.75,50.150000000000006]},"properties":{"pop":3441}},{"type":"Feature","geometry":{"type":"Point","coordinates":[9.05,51.25]},"properties":{"pop":4608}},{"type":"Feature","geometry":{"type":"Point","coordinates":[7.95,47.75]},"properties":{"pop":3254}},{"type":"Feature","geometry":{"type":"Point","coordinates":[9.75,51.45]},"properties":{"pop":7258}},{"type":"Feature","geometry":{"type":"Point","coordinates":[11.350000000000001,49.45]},"properties":{"pop":11780}},{"type":"Feature","geometry":{"type":"Point","coordinates":[13.450000000000001,51.25]},"properties":{"pop":7266}},{"type":"Feature","geometry":{"type":"Point","coordinates":[13.75,48.75]},"properties":{"pop":5551}},{"type":"Feature","geometry":{"type":"Point","coordinates":[13.850000000000001,48.75]},"properties":{"pop":481}},{"type":"Feature","geometry":{"type":"Point","coordinates":[7.95,47.650000000000006]},"properties":{"pop":14120}},{"type":"Feature","geometry":{"type":"Point","coordinates":[12.55,52.550000000000004]},"properties":{"pop":1192}},{"type":"Feature","geometry":{"type":"Point","coordinates":[7.050000000000001,50.45]},"properties":{"pop":2125}},{"type":"Feature","geometry":{"type":"Point","coordinates":[11.25,49.45]},"properties":{"pop":25833}},{"type":"Feature","geometry":{"type":"Point","coordinates":[8.75,51.85]},"properties":{"pop":2270}},{"type":"Feature","geometry":{"type":"Point","coordinates":[7.95,52.550000000000004]},"properties":{"pop":10963}},{"type":"Feature","geometry":{"type":"Point","coordinates":[7.95,52.650000000000006]},"properties":{"pop":16253}},{"type":"Feature","geometry":{"type":"Point","coordinates":[10.65,53.45]},"properties":{"pop":8041}},{"type":"Feature","geometry":{"type":"Point","coordinates":[13.05,47.650000000000006]},"properties":{"pop":9010}},{"type":"Feature","geometry":{"type":"Point","coordinates":[10.55,52.650000000000006]},"properties":{"pop":3732}},{"type":"Feature","geometry":{"type":"Point","coordinates":[10.65,52.650000000000006]},"properties":{"pop":3405}},{"type":"Feature","geometry":{"type":"Point","coordinates":[10.75,48.650000000000006]},"properties":{"pop":6836}},{"type":"Feature","geometry":{"type":"Point","coordinates":[12.55,51.650000000000006]},"properties":{"pop":5283}},{"type":"Feature","geometry":{"type":"Point","coordinates":[12.65,51.650000000000006]},"properties":{"pop":2082}},{"type":"Feature","geometry":{"type":"Point","coordinates":[11.950000000000001,51.050000000000004]},"properties":{"pop":4904}},{"type":"Feature","geometry":{"type":"Point","coordinates":[11.65,51.35]},"properties":{"pop":6389}},{"type":"Feature","geometry":{"type":"Point","coordinates":[10.15,52.45]},"properties":{"pop":9646}},{"type":"Feature","geometry":{"type":"Point","coordinates":[10.25,52.45]},"properties":{"pop":7155}},{"type":"Feature","geometry":{"type":"Point","coordinates":[9.25,52.650000000000006]},"properties":{"pop":31584}},{"type":"Feature","geometry":{"type":"Point","coordinates":[8.450000000000001,49.150000000000006]},"properties":{"pop":37388}},{"type":"Feature","geometry":{"type":"Point","coordinates":[10.55,50.45]},"properties":{"pop":4143}},{"type":"Feature","geometry":{"type":"Point","coordinates":[10.450000000000001,50.45]},"properties":{"pop":4251}},{"type":"Feature","geometry":{"type":"Point","coordinates":[6.75,49.25]},"properties":{"pop":25756}},{"type":"Feature","geometry":{"type":"Point","coordinates":[6.75,49.150000000000006]},"properties":{"pop":3495}},{"type":"Feature","geometry":{"type":"Point","coordinates":[6.8500000000000005,49.25]},"properties":{"pop":65358}},{"type":"Feature","geometry":{"type":"Point","coordinates":[9.75,53.95]},"properties":{"pop":11762}},{"type":"Feature","geometry":{"type":"Point","coordinates":[9.65,53.95]},"properties":{"pop":7435}},{"type":"Feature","geometry":{"type":"Point","coordinates":[12.05,49.150000000000006]},"properties":{"pop":12304}},{"type":"Feature","geometry":{"type":"Point","coordinates":[9.75,54.75]},"properties":{"pop":5408}},{"type":"Feature","geometry":{"type":"Point","coordinates":[10.55,48.75]},"properties":{"pop":3780}},{"type":"Feature","geometry":{"type":"Point","coordinates":[10.65,48.75]},"properties":{"pop":5500}},{"type":"Feature","geometry":{"type":"Point","coordinates":[13.350000000000001,48.550000000000004]},"properties":{"pop":19530}},{"type":"Feature","geometry":{"type":"Point","coordinates":[13.25,48.550000000000004]},"properties":{"pop":8063}},{"type":"Feature","geometry":{"type":"Point","coordinates":[9.950000000000001,48.550000000000004]},"properties":{"pop":8409}},{"type":"Feature","geometry":{"type":"Point","coordinates":[10.15,51.050000000000004]},"properties":{"pop":3745}},{"type":"Feature","geometry":{"type":"Point","coordinates":[10.450000000000001,47.85]},"properties":{"pop":8888}},{"type":"Feature","geometry":{"type":"Point","coordinates":[8.25,48.95]},"properties":{"pop":37863}},{"type":"Feature","geometry":{"type":"Point","coordinates":[8.15,48.95]},"properties":{"pop":2568}},{"type":"Feature","geometry":{"type":"Point","coordinates":[6.95,49.25]},"properties":{"pop":79920}},{"type":"Feature","geometry":{"type":"Point","coordinates":[9.05,49.95]},"properties":{"pop":38858}},{"type":"Feature","geometry":{"type":"Point","coordinates":[10.05,51.150000000000006]},"properties":{"pop":19538}},{"type":"Feature","geometry":{"type":"Point","coordinates":[9.05,53.85]},"properties":{"pop":1193}},{"type":"Feature","geometry":{"type":"Point","coordinates":[8.950000000000001,53.95]},"properties":{"pop":3290}},{"type":"Feature","geometry":{"type":"Point","coordinates":[8.950000000000001,53.85]},"properties":{"pop":3281}},{"type":"Feature","geometry":{"type":"Point","coordinates":[8.75,52.050000000000004]},"properties":{"pop":48310}},{"type":"Feature","geometry":{"type":"Point","coordinates":[7.15,51.550000000000004]},"properties":{"pop":177099}},{"type":"Feature","geometry":{"type":"Point","coordinates":[7.050000000000001,51.550000000000004]},"properties":{"pop":204257}},{"type":"Feature","geometry":{"type":"Point","coordinates":[7.15,51.45]},"properties":{"pop":178854}},{"type":"Feature","geometry":{"type":"Point","coordinates":[7.050000000000001,51.45]},"properties":{"pop":239941}},{"type":"Feature","geometry":{"type":"Point","coordinates":[7.65,49.550000000000004]},"properties":{"pop":8520}},{"type":"Feature","geometry":{"type":"Point","coordinates":[9.35,47.85]},"properties":{"pop":7312}},{"type":"Feature","geometry":{"type":"Point","coordinates":[10.65,47.95]},"properties":{"pop":20531}},{"type":"Feature","geometry":{"type":"Point","coordinates":[10.65,48.050000000000004]},"properties":{"pop":15198}},{"type":"Feature","geometry":{"type":"Point","coordinates":[10.950000000000001,48.150000000000006]},"properties":{"pop":10486}},{"type":"Feature","geometry":{"type":"Point","coordinates":[9.35,53.050000000000004]},"properties":{"pop":7844}},{"type":"Feature","geometry":{"type":"Point","coordinates":[13.25,51.35]},"properties":{"pop":23081}},{"type":"Feature","geometry":{"type":"Point","coordinates":[13.15,51.35]},"properties":{"pop":6509}},{"type":"Feature","geometry":{"type":"Point","coordinates":[6.8500000000000005,51.95]},"properties":{"pop":18740}},{"type":"Feature","geometry":{"type":"Point","coordinates":[6.95,51.95]},"properties":{"pop":19956}},{"type":"Feature","geometry":{"type":"Point","coordinates":[8.450000000000001,51.550000000000004]},"properties":{"pop":4881}},{"type":"Feature","geometry":{"type":"Point","coordinates":[8.55,51.550000000000004]},"properties":{"pop":16010}},{"type":"Feature","geometry":{"type":"Point","coordinates":[11.75,54.150000000000006]},"properties":{"pop":8522}},{"type":"Feature","geometry":{"type":"Point","coordinates":[11.850000000000001,54.150000000000006]},"properties":{"pop":3993}},{"type":"Feature","geometry":{"type":"Point","coordinates":[9.35,47.95]},"properties":{"pop":5790}},{"type":"Feature","geometry":{"type":"Point","coordinates":[10.850000000000001,49.95]},"properties":{"pop":37048}},{"type":"Feature","geometry":{"type":"Point","coordinates":[7.050000000000001,51.650000000000006]},"properties":{"pop":68098}},{"type":"Feature","geometry":{"type":"Point","coordinates":[6.95,51.650000000000006]},"properties":{"pop":57089}},{"type":"Feature","geometry":{"type":"Point","coordinates":[12.05,51.150000000000006]},"properties":{"pop":12454}},{"type":"Feature","geometry":{"type":"Point","coordinates":[12.05,50.35]},"properties":{"pop":3135}},{"type":"Feature","geometry":{"type":"Point","coordinates":[11.950000000000001,50.35]},"properties":{"pop":26136}},{"type":"Feature","geometry":{"type":"Point","coordinates":[8.55,52.650000000000006]},"properties":{"pop":2262}},{"type":"Feature","geometry":{"type":"Point","coordinates":[9.25,47.95]},"properties":{"pop":12178}},{"type":"Feature","geometry":{"type":"Point","coordinates":[10.65,52.35]},"properties":{"pop":16851}},{"type":"Feature","geometry":{"type":"Point","coordinates":[10.75,52.35]},"properties":{"pop":24988}},{"type":"Feature","geometry":{"type":"Point","coordinates":[10.65,47.85]},"properties":{"pop":34910}},{"type":"Feature","geometry":{"type":"Point","coordinates":[12.65,51.150000000000006]},"properties":{"pop":9162}},{"type":"Feature","geometry":{"type":"Point","coordinates":[12.75,51.150000000000006]},"properties":{"pop":6965}},{"type":"Feature","geometry":{"type":"Point","coordinates":[12.55,51.150000000000006]},"properties":{"pop":14343}},{"type":"Feature","geometry":{"type":"Point","coordinates":[12.65,51.050000000000004]},"properties":{"pop":8855}},{"type":"Feature","geometry":{"type":"Point","coordinates":[13.05,52.150000000000006]},"properties":{"pop":1631}},{"type":"Feature","geometry":{"type":"Point","coordinates":[13.05,52.050000000000004]},"properties":{"pop":3990}},{"type":"Feature","geometry":{"type":"Point","coordinates":[12.950000000000001,52.150000000000006]},"properties":{"pop":2652}},{"type":"Feature","geometry":{"type":"Point","coordinates":[6.3500000000000005,51.75]},"properties":{"pop":11905}},{"type":"Feature","geometry":{"type":"Point","coordinates":[6.45,51.75]},"properties":{"pop":15664}},{"type":"Feature","geometry":{"type":"Point","coordinates":[10.950000000000001,52.95]},"properties":{"pop":2669}},{"type":"Feature","geometry":{"type":"Point","coordinates":[11.25,53.75]},"properties":{"pop":3030}},{"type":"Feature","geometry":{"type":"Point","coordinates":[11.25,53.85]},"properties":{"pop":4382}},{"type":"Feature","geometry":{"type":"Point","coordinates":[11.05,50.650000000000006]},"properties":{"pop":7895}},{"type":"Feature","geometry":{"type":"Point","coordinates":[9.850000000000001,50.95]},"properties":{"pop":8383}},{"type":"Feature","geometry":{"type":"Point","coordinates":[9.75,50.95]},"properties":{"pop":15214}},{"type":"Feature","geometry":{"type":"Point","coordinates":[6.550000000000001,51.75]},"properties":{"pop":11133}},{"type":"Feature","geometry":{"type":"Point","coordinates":[9.75,54.25]},"properties":{"pop":4818}},{"type":"Feature","geometry":{"type":"Point","coordinates":[10.25,54.25]},"properties":{"pop":27283}},{"type":"Feature","geometry":{"type":"Point","coordinates":[11.850000000000001,50.25]},"properties":{"pop":5964}},{"type":"Feature","geometry":{"type":"Point","coordinates":[11.75,50.25]},"properties":{"pop":9427}},{"type":"Feature","geometry":{"type":"Point","coordinates":[13.75,53.95]},"properties":{"pop":1599}},{"type":"Feature","geometry":{"type":"Point","coordinates":[13.950000000000001,54.050000000000004]},"properties":{"pop":4950}},{"type":"Feature","geometry":{"type":"Point","coordinates":[13.65,54.35]},"properties":{"pop":4625}},{"type":"Feature","geometry":{"type":"Point","coordinates":[13.75,54.35]},"properties":{"pop":2432}},{"type":"Feature","geometry":{"type":"Point","coordinates":[9.15,49.150000000000006]},"properties":{"pop":78477}},{"type":"Feature","geometry":{"type":"Point","coordinates":[13.850000000000001,53.95]},"properties":{"pop":1681}},{"type":"Feature","geometry":{"type":"Point","coordinates":[13.05,52.550000000000004]},"properties":{"pop":44037}},{"type":"Feature","geometry":{"type":"Point","coordinates":[12.65,52.550000000000004]},"properties":{"pop":981}},{"type":"Feature","geometry":{"type":"Point","coordinates":[13.350000000000001,53.35]},"properties":{"pop":1450}},{"type":"Feature","geometry":{"type":"Point","coordinates":[13.25,53.35]},"properties":{"pop":961}},{"type":"Feature","geometry":{"type":"Point","coordinates":[9.950000000000001,51.35]},"properties":{"pop":5727}},{"type":"Feature","geometry":{"type":"Point","coordinates":[10.15,51.45]},"properties":{"pop":6484}},{"type":"Feature","geometry":{"type":"Point","coordinates":[8.950000000000001,51.35]},"properties":{"pop":7548}},{"type":"Feature","geometry":{"type":"Point","coordinates":[8.950000000000001,51.45]},"properties":{"pop":4191}},{"type":"Feature","geometry":{"type":"Point","coordinates":[10.850000000000001,49.550000000000004]},"properties":{"pop":29119}},{"type":"Feature","geometry":{"type":"Point","coordinates":[8.950000000000001,53.550000000000004]},"properties":{"pop":1596}},{"type":"Feature","geometry":{"type":"Point","coordinates":[8.85,53.550000000000004]},"properties":{"pop":5306}},{"type":"Feature","geometry":{"type":"Point","coordinates":[12.05,48.45]},"properties":{"pop":10318}},{"type":"Feature","geometry":{"type":"Point","coordinates":[9.25,48.050000000000004]},"properties":{"pop":17128}},{"type":"Feature","geometry":{"type":"Point","coordinates":[9.15,48.050000000000004]},"properties":{"pop":9869}},{"type":"Feature","geometry":{"type":"Point","coordinates":[9.25,48.150000000000006]},"properties":{"pop":6742}},{"type":"Feature","geometry":{"type":"Point","coordinates":[9.15,48.150000000000006]},"properties":{"pop":8039}},{"type":"Feature","geometry":{"type":"Point","coordinates":[10.25,53.25]},"properties":{"pop":6108}},{"type":"Feature","geometry":{"type":"Point","coordinates":[8.55,48.150000000000006]},"properties":{"pop":13015}},{"type":"Feature","geometry":{"type":"Point","coordinates":[8.55,48.050000000000004]},"properties":{"pop":33890}},{"type":"Feature","geometry":{"type":"Point","coordinates":[8.85,50.45]},"properties":{"pop":14637}},{"type":"Feature","geometry":{"type":"Point","coordinates":[8.35,49.35]},"properties":{"pop":35870}},{"type":"Feature","geometry":{"type":"Point","coordinates":[14.350000000000001,51.550000000000004]},"properties":{"pop":15016}},{"type":"Feature","geometry":{"type":"Point","coordinates":[8.05,50.550000000000004]},"properties":{"pop":15940}},{"type":"Feature","geometry":{"type":"Point","coordinates":[14.25,51.550000000000004]},"properties":{"pop":2280}},{"type":"Feature","geometry":{"type":"Point","coordinates":[12.950000000000001,53.150000000000006]},"properties":{"pop":864}},{"type":"Feature","geometry":{"type":"Point","coordinates":[12.75,53.150000000000006]},"properties":{"pop":1479}},{"type":"Feature","geometry":{"type":"Point","coordinates":[12.850000000000001,53.150000000000006]},"properties":{"pop":2243}},{"type":"Feature","geometry":{"type":"Point","coordinates":[9.850000000000001,48.85]},"properties":{"pop":26775}},{"type":"Feature","geometry":{"type":"Point","coordinates":[12.950000000000001,53.050000000000004]},"properties":{"pop":1269}},{"type":"Feature","geometry":{"type":"Point","coordinates":[11.65,47.75]},"properties":{"pop":8208}},{"type":"Feature","geometry":{"type":"Point","coordinates":[11.350000000000001,51.150000000000006]},"properties":{"pop":3815}},{"type":"Feature","geometry":{"type":"Point","coordinates":[14.25,51.85]},"properties":{"pop":2836}},{"type":"Feature","geometry":{"type":"Point","coordinates":[14.15,51.550000000000004]},"properties":{"pop":3709}},{"type":"Feature","geometry":{"type":"Point","coordinates":[9.75,48.95]},"properties":{"pop":11675}},{"type":"Feature","geometry":{"type":"Point","coordinates":[8.85,48.650000000000006]},"properties":{"pop":33952}},{"type":"Feature","geometry":{"type":"Point","coordinates":[8.950000000000001,48.650000000000006]},"properties":{"pop":48863}},{"type":"Feature","geometry":{"type":"Point","coordinates":[9.15,48.650000000000006]},"properties":{"pop":57130}},{"type":"Feature","geometry":{"type":"Point","coordinates":[9.450000000000001,50.25]},"properties":{"pop":2499}},{"type":"Feature","geometry":{"type":"Point","coordinates":[9.35,50.25]},"properties":{"pop":23852}},{"type":"Feature","geometry":{"type":"Point","coordinates":[9.950000000000001,51.550000000000004]},"properties":{"pop":93683}},{"type":"Feature","geometry":{"type":"Point","coordinates":[9.850000000000001,51.550000000000004]},"properties":{"pop":32076}},{"type":"Feature","geometry":{"type":"Point","coordinates":[9.950000000000001,51.45]},"properties":{"pop":9037}},{"type":"Feature","geometry":{"type":"Point","coordinates":[11.65,49.650000000000006]},"properties":{"pop":6509}},{"type":"Feature","geometry":{"type":"Point","coordinates":[11.55,48.550000000000004]},"properties":{"pop":17013}},{"type":"Feature","geometry":{"type":"Point","coordinates":[11.450000000000001,48.550000000000004]},"properties":{"pop":15765}},{"type":"Feature","geometry":{"type":"Point","coordinates":[7.8500000000000005,49.050000000000004]},"properties":{"pop":2131}},{"type":"Feature","geometry":{"type":"Point","coordinates":[11.15,51.25]},"properties":{"pop":4476}},{"type":"Feature","geometry":{"type":"Point","coordinates":[6.8500000000000005,49.650000000000006]},"properties":{"pop":6085}},{"type":"Feature","geometry":{"type":"Point","coordinates":[7.15,50.95]},"properties":{"pop":91351}},{"type":"Feature","geometry":{"type":"Point","coordinates":[7.15,50.85]},"properties":{"pop":101726}},{"type":"Feature","geometry":{"type":"Point","coordinates":[7.25,50.85]},"properties":{"pop":47261}},{"type":"Feature","geometry":{"type":"Point","coordinates":[10.05,51.550000000000004]},"properties":{"pop":6093}},{"type":"Feature","geometry":{"type":"Point","coordinates":[10.05,48.45]},"properties":{"pop":43647}},{"type":"Feature","geometry":{"type":"Point","coordinates":[10.65,48.45]},"properties":{"pop":8459}},{"type":"Feature","geometry":{"type":"Point","coordinates":[9.450000000000001,48.150000000000006]},"properties":{"pop":15186}},{"type":"Feature","geometry":{"type":"Point","coordinates":[6.45,51.650000000000006]},"properties":{"pop":19218}},{"type":"Feature","geometry":{"type":"Point","coordinates":[11.450000000000001,51.050000000000004]},"properties":{"pop":9421}},{"type":"Feature","geometry":{"type":"Point","coordinates":[11.55,51.050000000000004]},"properties":{"pop":18144}},{"type":"Feature","geometry":{"type":"Point","coordinates":[9.35,53.150000000000006]},"properties":{"pop":10022}},{"type":"Feature","geometry":{"type":"Point","coordinates":[10.25,48.050000000000004]},"properties":{"pop":9539}},{"type":"Feature","geometry":{"type":"Point","coordinates":[11.05,49.75]},"properties":{"pop":35724}},{"type":"Feature","geometry":{"type":"Point","coordinates":[10.850000000000001,53.75]},"properties":{"pop":2464}},{"type":"Feature","geometry":{"type":"Point","coordinates":[8.55,53.650000000000006]},"properties":{"pop":10478}},{"type":"Feature","geometry":{"type":"Point","coordinates":[6.550000000000001,51.650000000000006]},"properties":{"pop":17907}},{"type":"Feature","geometry":{"type":"Point","coordinates":[6.3500000000000005,50.150000000000006]},"properties":{"pop":3486}},{"type":"Feature","geometry":{"type":"Point","coordinates":[8.85,49.150000000000006]},"properties":{"pop":18242}},{"type":"Feature","geometry":{"type":"Point","coordinates":[8.75,49.150000000000006]},"properties":{"pop":14162}},{"type":"Feature","geometry":{"type":"Point","coordinates":[8.75,49.050000000000004]},"properties":{"pop":29874}},{"type":"Feature","geometry":{"type":"Point","coordinates":[8.950000000000001,48.35]},"properties":{"pop":31078}},{"type":"Feature","geometry":{"type":"Point","coordinates":[8.950000000000001,48.45]},"properties":{"pop":25802}},{"type":"Feature","geometry":{"type":"Point","coordinates":[12.350000000000001,51.25]},"properties":{"pop":54863}},{"type":"Feature","geometry":{"type":"Point","coordinates":[12.450000000000001,51.25]},"properties":{"pop":38368}},{"type":"Feature","geometry":{"type":"Point","coordinates":[9.75,49.85]},"properties":{"pop":4438}},{"type":"Feature","geometry":{"type":"Point","coordinates":[13.15,48.75]},"properties":{"pop":9442}},{"type":"Feature","geometry":{"type":"Point","coordinates":[13.15,48.85]},"properties":{"pop":5527}},{"type":"Feature","geometry":{"type":"Point","coordinates":[13.25,48.85]},"properties":{"pop":4963}},{"type":"Feature","geometry":{"type":"Point","coordinates":[13.950000000000001,51.45]},"properties":{"pop":4410}},{"type":"Feature","geometry":{"type":"Point","coordinates":[13.75,51.45]},"properties":{"pop":10918}},{"type":"Feature","geometry":{"type":"Point","coordinates":[13.65,53.550000000000004]},"properties":{"pop":987}},{"type":"Feature","geometry":{"type":"Point","coordinates":[13.850000000000001,51.85]},"properties":{"pop":2835}},{"type":"Feature","geometry":{"type":"Point","coordinates":[12.65,48.35]},"properties":{"pop":6775}},{"type":"Feature","geometry":{"type":"Point","coordinates":[9.950000000000001,50.650000000000006]},"properties":{"pop":4050}},{"type":"Feature","geometry":{"type":"Point","coordinates":[9.850000000000001,50.650000000000006]},"properties":{"pop":3839}},{"type":"Feature","geometry":{"type":"Point","coordinates":[10.65,52.95]},"properties":{"pop":4363}},{"type":"Feature","geometry":{"type":"Point","coordinates":[7.3500000000000005,49.45]},"properties":{"pop":16151}},{"type":"Feature","geometry":{"type":"Point","coordinates":[11.55,53.35]},"properties":{"pop":7357}},{"type":"Feature","geometry":{"type":"Point","coordinates":[11.25,49.85]},"properties":{"pop":4016}},{"type":"Feature","geometry":{"type":"Point","coordinates":[7.95,53.050000000000004]},"properties":{"pop":7104}},{"type":"Feature","geometry":{"type":"Point","coordinates":[8.05,53.050000000000004]},"properties":{"pop":5345}},{"type":"Feature","geometry":{"type":"Point","coordinates":[8.05,52.95]},"properties":{"pop":11774}},{"type":"Feature","geometry":{"type":"Point","coordinates":[7.95,52.95]},"properties":{"pop":4761}},{"type":"Feature","geometry":{"type":"Point","coordinates":[10.75,53.75]},"properties":{"pop":7601}},{"type":"Feature","geometry":{"type":"Point","coordinates":[9.75,50.75]},"properties":{"pop":7666}},{"type":"Feature","geometry":{"type":"Point","coordinates":[9.75,50.85]},"properties":{"pop":21994}},{"type":"Feature","geometry":{"type":"Point","coordinates":[6.75,52.650000000000006]},"properties":{"pop":1493}},{"type":"Feature","geometry":{"type":"Point","coordinates":[7.25,50.35]},"properties":{"pop":32018}},{"type":"Feature","geometry":{"type":"Point","coordinates":[7.3500000000000005,50.35]},"properties":{"pop":21017}},{"type":"Feature","geometry":{"type":"Point","coordinates":[8.25,49.95]},"properties":{"pop":130340}},{"type":"Feature","geometry":{"type":"Point","coordinates":[10.350000000000001,54.050000000000004]},"properties":{"pop":3401}},{"type":"Feature","geometry":{"type":"Point","coordinates":[12.55,51.25]},"properties":{"pop":12454}},{"type":"Feature","geometry":{"type":"Point","coordinates":[10.950000000000001,50.25]},"properties":{"pop":51185}},{"type":"Feature","geometry":{"type":"Point","coordinates":[10.950000000000001,50.150000000000006]},"properties":{"pop":9443}},{"type":"Feature","geometry":{"type":"Point","coordinates":[13.950000000000001,52.75]},"properties":{"pop":1655}},{"type":"Feature","geometry":{"type":"Point","coordinates":[13.850000000000001,51.75]},"properties":{"pop":2169}},{"type":"Feature","geometry":{"type":"Point","coordinates":[13.850000000000001,51.95]},"properties":{"pop":9235}},{"type":"Feature","geometry":{"type":"Point","coordinates":[7.550000000000001,49.95]},"properties":{"pop":12928}},{"type":"Feature","geometry":{"type":"Point","coordinates":[12.850000000000001,48.75]},"properties":{"pop":15185}},{"type":"Feature","geometry":{"type":"Point","coordinates":[12.850000000000001,48.650000000000006]},"properties":{"pop":6318}},{"type":"Feature","geometry":{"type":"Point","coordinates":[12.75,48.650000000000006]},"properties":{"pop":7972}},{"type":"Feature","geometry":{"type":"Point","coordinates":[13.05,52.95]},"properties":{"pop":1388}},{"type":"Feature","geometry":{"type":"Point","coordinates":[7.050000000000001,51.25]},"properties":{"pop":83733}},{"type":"Feature","geometry":{"type":"Point","coordinates":[7.15,51.35]},"properties":{"pop":47046}},{"type":"Feature","geometry":{"type":"Point","coordinates":[12.65,48.75]},"properties":{"pop":5349}},{"type":"Feature","geometry":{"type":"Point","coordinates":[7.3500000000000005,49.35]},"properties":{"pop":38052}},{"type":"Feature","geometry":{"type":"Point","coordinates":[13.25,51.650000000000006]},"properties":{"pop":6252}},{"type":"Feature","geometry":{"type":"Point","coordinates":[12.850000000000001,50.75]},"properties":{"pop":26025}},{"type":"Feature","geometry":{"type":"Point","coordinates":[9.950000000000001,48.85]},"properties":{"pop":19113}},{"type":"Feature","geometry":{"type":"Point","coordinates":[12.15,51.150000000000006]},"properties":{"pop":4830}},{"type":"Feature","geometry":{"type":"Point","coordinates":[8.75,49.85]},"properties":{"pop":30879}},{"type":"Feature","geometry":{"type":"Point","coordinates":[7.95,50.85]},"properties":{"pop":41685}},{"type":"Feature","geometry":{"type":"Point","coordinates":[9.950000000000001,54.550000000000004]},"properties":{"pop":2619}},{"type":"Feature","geometry":{"type":"Point","coordinates":[10.05,54.550000000000004]},"properties":{"pop":1328}},{"type":"Feature","geometry":{"type":"Point","coordinates":[12.55,48.85]},"properties":{"pop":33823}},{"type":"Feature","geometry":{"type":"Point","coordinates":[12.450000000000001,48.85]},"properties":{"pop":6654}},{"type":"Feature","geometry":{"type":"Point","coordinates":[8.450000000000001,49.35]},"properties":{"pop":57364}},{"type":"Feature","geometry":{"type":"Point","coordinates":[8.25,52.35]},"properties":{"pop":8901}},{"type":"Feature","geometry":{"type":"Point","coordinates":[8.35,52.35]},"properties":{"pop":14297}},{"type":"Feature","geometry":{"type":"Point","coordinates":[12.450000000000001,50.550000000000004]},"properties":{"pop":13315}},{"type":"Feature","geometry":{"type":"Point","coordinates":[8.25,52.45]},"properties":{"pop":4786}},{"type":"Feature","geometry":{"type":"Point","coordinates":[8.35,52.45]},"properties":{"pop":9508}},{"type":"Feature","geometry":{"type":"Point","coordinates":[10.350000000000001,49.050000000000004]},"properties":{"pop":12804}},{"type":"Feature","geometry":{"type":"Point","coordinates":[12.65,52.25]},"properties":{"pop":1847}},{"type":"Feature","geometry":{"type":"Point","coordinates":[10.15,48.050000000000004]},"properties":{"pop":18882}},{"type":"Feature","geometry":{"type":"Point","coordinates":[12.75,52.25]},"properties":{"pop":1634}},{"type":"Feature","geometry":{"type":"Point","coordinates":[11.450000000000001,51.35]},"properties":{"pop":3147}},{"type":"Feature","geometry":{"type":"Point","coordinates":[11.450000000000001,51.25]},"properties":{"pop":5830}},{"type":"Feature","geometry":{"type":"Point","coordinates":[11.65,50.150000000000006]},"properties":{"pop":6914}},{"type":"Feature","geometry":{"type":"Point","coordinates":[13.65,54.45]},"properties":{"pop":936}},{"type":"Feature","geometry":{"type":"Point","coordinates":[13.65,54.050000000000004]},"properties":{"pop":2386}},{"type":"Feature","geometry":{"type":"Point","coordinates":[13.55,51.95]},"properties":{"pop":2264}},{"type":"Feature","geometry":{"type":"Point","coordinates":[7.550000000000001,49.25]},"properties":{"pop":26631}},{"type":"Feature","geometry":{"type":"Point","coordinates":[12.950000000000001,51.050000000000004]},"properties":{"pop":13666}},{"type":"Feature","geometry":{"type":"Point","coordinates":[12.950000000000001,50.95]},"properties":{"pop":17185}},{"type":"Feature","geometry":{"type":"Point","coordinates":[9.55,49.85]},"properties":{"pop":12430}},{"type":"Feature","geometry":{"type":"Point","coordinates":[11.05,48.550000000000004]},"properties":{"pop":6894}},{"type":"Feature","geometry":{"type":"Point","coordinates":[7.25,52.75]},"properties":{"pop":18715}},{"type":"Feature","geometry":{"type":"Point","coordinates":[7.15,52.75]},"properties":{"pop":6528}},{"type":"Feature","geometry":{"type":"Point","coordinates":[7.050000000000001,52.85]},"properties":{"pop":423}},{"type":"Feature","geometry":{"type":"Point","coordinates":[9.850000000000001,53.45]},"properties":{"pop":56420}},{"type":"Feature","geometry":{"type":"Point","coordinates":[12.65,53.25]},"properties":{"pop":974}},{"type":"Feature","geometry":{"type":"Point","coordinates":[13.350000000000001,48.95]},"properties":{"pop":5605}},{"type":"Feature","geometry":{"type":"Point","coordinates":[12.65,47.85]},"properties":{"pop":25693}},{"type":"Feature","geometry":{"type":"Point","coordinates":[9.65,52.050000000000004]},"properties":{"pop":8240}},{"type":"Feature","geometry":{"type":"Point","coordinates":[11.25,50.75]},"properties":{"pop":3172}},{"type":"Feature","geometry":{"type":"Point","coordinates":[9.75,53.35]},"properties":{"pop":10681}},{"type":"Feature","geometry":{"type":"Point","coordinates":[9.75,53.45]},"properties":{"pop":29813}},{"type":"Feature","geometry":{"type":"Point","coordinates":[7.25,53.550000000000004]},"properties":{"pop":19792}},{"type":"Feature","geometry":{"type":"Point","coordinates":[9.55,52.150000000000006]},"properties":{"pop":5936}},{"type":"Feature","geometry":{"type":"Point","coordinates":[9.05,54.550000000000004]},"properties":{"pop":7539}},{"type":"Feature","geometry":{"type":"Point","coordinates":[9.15,54.550000000000004]},"properties":{"pop":4877}},{"type":"Feature","geometry":{"type":"Point","coordinates":[10.950000000000001,48.050000000000004]},"properties":{"pop":11374}},{"type":"Feature","geometry":{"type":"Point","coordinates":[10.350000000000001,53.35]},"properties":{"pop":8802}},{"type":"Feature","geometry":{"type":"Point","coordinates":[11.850000000000001,50.35]},"properties":{"pop":13843}},{"type":"Feature","geometry":{"type":"Point","coordinates":[11.75,50.35]},"properties":{"pop":9666}},{"type":"Feature","geometry":{"type":"Point","coordinates":[8.450000000000001,47.85]},"properties":{"pop":6692}},{"type":"Feature","geometry":{"type":"Point","coordinates":[8.450000000000001,47.95]},"properties":{"pop":19729}},{"type":"Feature","geometry":{"type":"Point","coordinates":[8.55,47.95]},"properties":{"pop":12335}},{"type":"Feature","geometry":{"type":"Point","coordinates":[8.55,47.85]},"properties":{"pop":8964}},{"type":"Feature","geometry":{"type":"Point","coordinates":[10.850000000000001,48.45]},"properties":{"pop":49258}},{"type":"Feature","geometry":{"type":"Point","coordinates":[11.350000000000001,48.85]},"properties":{"pop":17381}},{"type":"Feature","geometry":{"type":"Point","coordinates":[11.450000000000001,48.85]},"properties":{"pop":22311}},{"type":"Feature","geometry":{"type":"Point","coordinates":[12.450000000000001,48.75]},"properties":{"pop":5143}},{"type":"Feature","geometry":{"type":"Point","coordinates":[11.350000000000001,48.75]},"properties":{"pop":32120}},{"type":"Feature","geometry":{"type":"Point","coordinates":[8.85,53.650000000000006]},"properties":{"pop":6379}},{"type":"Feature","geometry":{"type":"Point","coordinates":[10.75,53.85]},"properties":{"pop":70437}},{"type":"Feature","geometry":{"type":"Point","coordinates":[12.350000000000001,48.75]},"properties":{"pop":3660}},{"type":"Feature","geometry":{"type":"Point","coordinates":[13.950000000000001,53.35]},"properties":{"pop":1938}},{"type":"Feature","geometry":{"type":"Point","coordinates":[9.25,49.050000000000004]},"properties":{"pop":28577}},{"type":"Feature","geometry":{"type":"Point","coordinates":[12.55,48.75]},"properties":{"pop":4205}},{"type":"Feature","geometry":{"type":"Point","coordinates":[9.450000000000001,51.95]},"properties":{"pop":4127}},{"type":"Feature","geometry":{"type":"Point","coordinates":[9.35,51.95]},"properties":{"pop":4680}},{"type":"Feature","geometry":{"type":"Point","coordinates":[13.25,52.050000000000004]},"properties":{"pop":1239}},{"type":"Feature","geometry":{"type":"Point","coordinates":[13.25,52.150000000000006]},"properties":{"pop":2692}},{"type":"Feature","geometry":{"type":"Point","coordinates":[13.15,52.150000000000006]},"properties":{"pop":6887}},{"type":"Feature","geometry":{"type":"Point","coordinates":[13.350000000000001,52.050000000000004]},"properties":{"pop":1575}},{"type":"Feature","geometry":{"type":"Point","coordinates":[13.350000000000001,52.150000000000006]},"properties":{"pop":4897}},{"type":"Feature","geometry":{"type":"Point","coordinates":[9.850000000000001,54.550000000000004]},"properties":{"pop":4587}},{"type":"Feature","geometry":{"type":"Point","coordinates":[9.950000000000001,50.050000000000004]},"properties":{"pop":4162}},{"type":"Feature","geometry":{"type":"Point","coordinates":[11.75,50.85]},"properties":{"pop":8294}},{"type":"Feature","geometry":{"type":"Point","coordinates":[9.05,53.75]},"properties":{"pop":7547}},{"type":"Feature","geometry":{"type":"Point","coordinates":[13.15,48.95]},"properties":{"pop":10967}},{"type":"Feature","geometry":{"type":"Point","coordinates":[13.25,48.95]},"properties":{"pop":5290}},{"type":"Feature","geometry":{"type":"Point","coordinates":[14.350000000000001,51.650000000000006]},"properties":{"pop":1871}},{"type":"Feature","geometry":{"type":"Point","coordinates":[14.25,51.650000000000006]},"properties":{"pop":3622}},{"type":"Feature","geometry":{"type":"Point","coordinates":[13.450000000000001,52.050000000000004]},"properties":{"pop":1400}},{"type":"Feature","geometry":{"type":"Point","coordinates":[8.450000000000001,47.650000000000006]},"properties":{"pop":6861}},{"type":"Feature","geometry":{"type":"Point","coordinates":[10.850000000000001,51.150000000000006]},"properties":{"pop":6651}},{"type":"Feature","geometry":{"type":"Point","coordinates":[9.05,49.150000000000006]},"properties":{"pop":15839}},{"type":"Feature","geometry":{"type":"Point","coordinates":[9.15,49.050000000000004]},"properties":{"pop":42421}},{"type":"Feature","geometry":{"type":"Point","coordinates":[14.850000000000001,51.25]},"properties":{"pop":8938}},{"type":"Feature","geometry":{"type":"Point","coordinates":[14.75,51.35]},"properties":{"pop":3596}},{"type":"Feature","geometry":{"type":"Point","coordinates":[14.75,51.25]},"properties":{"pop":2784}},{"type":"Feature","geometry":{"type":"Point","coordinates":[14.850000000000001,51.35]},"properties":{"pop":3703}},{"type":"Feature","geometry":{"type":"Point","coordinates":[9.850000000000001,54.25]},"properties":{"pop":3947}},{"type":"Feature","geometry":{"type":"Point","coordinates":[7.45,49.25]},"properties":{"pop":14578}},{"type":"Feature","geometry":{"type":"Point","coordinates":[10.950000000000001,47.85]},"properties":{"pop":10783}},{"type":"Feature","geometry":{"type":"Point","coordinates":[11.65,48.550000000000004]},"properties":{"pop":8870}},{"type":"Feature","geometry":{"type":"Point","coordinates":[13.450000000000001,48.650000000000006]},"properties":{"pop":17409}},{"type":"Feature","geometry":{"type":"Point","coordinates":[13.450000000000001,48.550000000000004]},"properties":{"pop":32308}},{"type":"Feature","geometry":{"type":"Point","coordinates":[13.55,48.550000000000004]},"properties":{"pop":2629}},{"type":"Feature","geometry":{"type":"Point","coordinates":[9.25,49.25]},"properties":{"pop":38471}},{"type":"Feature","geometry":{"type":"Point","coordinates":[9.950000000000001,53.75]},"properties":{"pop":60578}},{"type":"Feature","geometry":{"type":"Point","coordinates":[7.15,51.95]},"properties":{"pop":28739}},{"type":"Feature","geometry":{"type":"Point","coordinates":[7.25,51.95]},"properties":{"pop":11952}},{"type":"Feature","geometry":{"type":"Point","coordinates":[7.15,51.85]},"properties":{"pop":7166}},{"type":"Feature","geometry":{"type":"Point","coordinates":[7.25,51.85]},"properties":{"pop":26238}},{"type":"Feature","geometry":{"type":"Point","coordinates":[9.75,49.35]},"properties":{"pop":3707}},{"type":"Feature","geometry":{"type":"Point","coordinates":[12.65,48.85]},"properties":{"pop":18429}},{"type":"Feature","geometry":{"type":"Point","coordinates":[9.75,49.25]},"properties":{"pop":8900}},{"type":"Feature","geometry":{"type":"Point","coordinates":[10.25,51.95]},"properties":{"pop":3407}},{"type":"Feature","geometry":{"type":"Point","coordinates":[11.75,51.050000000000004]},"properties":{"pop":5202}},{"type":"Feature","geometry":{"type":"Point","coordinates":[14.65,51.25]},"properties":{"pop":3054}},{"type":"Feature","geometry":{"type":"Point","coordinates":[7.95,49.050000000000004]},"properties":{"pop":6162}},{"type":"Feature","geometry":{"type":"Point","coordinates":[12.55,53.650000000000006]},"properties":{"pop":1160}},{"type":"Feature","geometry":{"type":"Point","coordinates":[12.55,53.550000000000004]},"properties":{"pop":1117}},{"type":"Feature","geometry":{"type":"Point","coordinates":[9.75,49.45]},"properties":{"pop":15503}},{"type":"Feature","geometry":{"type":"Point","coordinates":[12.450000000000001,53.550000000000004]},"properties":{"pop":837}},{"type":"Feature","geometry":{"type":"Point","coordinates":[7.050000000000001,51.95]},"properties":{"pop":11485}},{"type":"Feature","geometry":{"type":"Point","coordinates":[7.050000000000001,51.85]},"properties":{"pop":15750}},{"type":"Feature","geometry":{"type":"Point","coordinates":[13.75,52.45]},"properties":{"pop":56232}},{"type":"Feature","geometry":{"type":"Point","coordinates":[9.950000000000001,53.95]},"properties":{"pop":5793}},{"type":"Feature","geometry":{"type":"Point","coordinates":[9.850000000000001,53.95]},"properties":{"pop":19346}},{"type":"Feature","geometry":{"type":"Point","coordinates":[11.850000000000001,47.650000000000006]},"properties":{"pop":2610}},{"type":"Feature","geometry":{"type":"Point","coordinates":[11.850000000000001,47.75]},"properties":{"pop":22818}},{"type":"Feature","geometry":{"type":"Point","coordinates":[11.55,50.95]},"properties":{"pop":55210}},{"type":"Feature","geometry":{"type":"Point","coordinates":[8.950000000000001,52.95]},"properties":{"pop":6057}},{"type":"Feature","geometry":{"type":"Point","coordinates":[9.850000000000001,49.25]},"properties":{"pop":6723}},{"type":"Feature","geometry":{"type":"Point","coordinates":[12.55,49.25]},"properties":{"pop":6696}},{"type":"Feature","geometry":{"type":"Point","coordinates":[10.950000000000001,52.550000000000004]},"properties":{"pop":3545}},{"type":"Feature","geometry":{"type":"Point","coordinates":[11.05,52.650000000000006]},"properties":{"pop":2250}},{"type":"Feature","geometry":{"type":"Point","coordinates":[11.15,52.550000000000004]},"properties":{"pop":2543}},{"type":"Feature","geometry":{"type":"Point","coordinates":[11.05,52.550000000000004]},"properties":{"pop":2548}},{"type":"Feature","geometry":{"type":"Point","coordinates":[11.15,52.650000000000006]},"properties":{"pop":3261}},{"type":"Feature","geometry":{"type":"Point","coordinates":[12.65,53.150000000000006]},"properties":{"pop":1040}},{"type":"Feature","geometry":{"type":"Point","coordinates":[13.05,53.150000000000006]},"properties":{"pop":1200}},{"type":"Feature","geometry":{"type":"Point","coordinates":[9.450000000000001,47.85]},"properties":{"pop":7965}},{"type":"Feature","geometry":{"type":"Point","coordinates":[9.15,53.75]},"properties":{"pop":3938}},{"type":"Feature","geometry":{"type":"Point","coordinates":[9.25,49.150000000000006]},"properties":{"pop":88857}},{"type":"Feature","geometry":{"type":"Point","coordinates":[8.75,51.75]},"properties":{"pop":95270}},{"type":"Feature","geometry":{"type":"Point","coordinates":[8.65,51.650000000000006]},"properties":{"pop":20721}},{"type":"Feature","geometry":{"type":"Point","coordinates":[8.85,51.75]},"properties":{"pop":25663}},{"type":"Feature","geometry":{"type":"Point","coordinates":[11.850000000000001,50.650000000000006]},"properties":{"pop":3660}},{"type":"Feature","geometry":{"type":"Point","coordinates":[12.25,53.45]},"properties":{"pop":4931}},{"type":"Feature","geometry":{"type":"Point","coordinates":[12.25,53.550000000000004]},"properties":{"pop":1450}},{"type":"Feature","geometry":{"type":"Point","coordinates":[14.05,52.75]},"properties":{"pop":6360}},{"type":"Feature","geometry":{"type":"Point","coordinates":[12.25,51.150000000000006]},"properties":{"pop":13203}},{"type":"Feature","geometry":{"type":"Point","coordinates":[12.350000000000001,51.150000000000006]},"properties":{"pop":7411}},{"type":"Feature","geometry":{"type":"Point","coordinates":[12.25,51.050000000000004]},"properties":{"pop":9940}},{"type":"Feature","geometry":{"type":"Point","coordinates":[8.55,52.25]},"properties":{"pop":26766}},{"type":"Feature","geometry":{"type":"Point","coordinates":[10.350000000000001,48.95]},"properties":{"pop":6690}},{"type":"Feature","geometry":{"type":"Point","coordinates":[10.25,49.050000000000004]},"properties":{"pop":8235}},{"type":"Feature","geometry":{"type":"Point","coordinates":[10.25,48.95]},"properties":{"pop":7016}},{"type":"Feature","geometry":{"type":"Point","coordinates":[12.950000000000001,53.550000000000004]},"properties":{"pop":1741}},{"type":"Feature","geometry":{"type":"Point","coordinates":[12.65,53.550000000000004]},"properties":{"pop":13581}},{"type":"Feature","geometry":{"type":"Point","coordinates":[12.950000000000001,53.45]},"properties":{"pop":833}},{"type":"Feature","geometry":{"type":"Point","coordinates":[10.450000000000001,48.35]},"properties":{"pop":9545}},{"type":"Feature","geometry":{"type":"Point","coordinates":[10.350000000000001,48.35]},"properties":{"pop":12098}},{"type":"Feature","geometry":{"type":"Point","coordinates":[9.55,50.050000000000004]},"properties":{"pop":6761}},{"type":"Feature","geometry":{"type":"Point","coordinates":[9.55,49.95]},"properties":{"pop":12050}},{"type":"Feature","geometry":{"type":"Point","coordinates":[9.65,50.050000000000004]},"properties":{"pop":8989}},{"type":"Feature","geometry":{"type":"Point","coordinates":[8.05,47.75]},"properties":{"pop":2977}},{"type":"Feature","geometry":{"type":"Point","coordinates":[6.95,49.75]},"properties":{"pop":6600}},{"type":"Feature","geometry":{"type":"Point","coordinates":[9.75,47.550000000000004]},"properties":{"pop":15057}},{"type":"Feature","geometry":{"type":"Point","coordinates":[10.850000000000001,52.25]},"properties":{"pop":8853}},{"type":"Feature","geometry":{"type":"Point","coordinates":[10.850000000000001,52.35]},"properties":{"pop":13677}},{"type":"Feature","geometry":{"type":"Point","coordinates":[10.05,54.150000000000006]},"properties":{"pop":16449}},{"type":"Feature","geometry":{"type":"Point","coordinates":[13.75,52.95]},"properties":{"pop":3604}},{"type":"Feature","geometry":{"type":"Point","coordinates":[11.850000000000001,53.95]},"properties":{"pop":3196}},{"type":"Feature","geometry":{"type":"Point","coordinates":[11.950000000000001,53.95]},"properties":{"pop":2009}},{"type":"Feature","geometry":{"type":"Point","coordinates":[8.65,48.650000000000006]},"properties":{"pop":10707}},{"type":"Feature","geometry":{"type":"Point","coordinates":[8.75,48.650000000000006]},"properties":{"pop":16224}},{"type":"Feature","geometry":{"type":"Point","coordinates":[7.95,52.150000000000006]},"properties":{"pop":14921}},{"type":"Feature","geometry":{"type":"Point","coordinates":[12.05,50.150000000000006]},"properties":{"pop":5471}},{"type":"Feature","geometry":{"type":"Point","coordinates":[10.05,54.25]},"properties":{"pop":23004}},{"type":"Feature","geometry":{"type":"Point","coordinates":[10.05,53.25]},"properties":{"pop":7255}},{"type":"Feature","geometry":{"type":"Point","coordinates":[9.950000000000001,53.25]},"properties":{"pop":4665}},{"type":"Feature","geometry":{"type":"Point","coordinates":[9.55,49.25]},"properties":{"pop":14606}},{"type":"Feature","geometry":{"type":"Point","coordinates":[8.85,48.75]},"properties":{"pop":29592}},{"type":"Feature","geometry":{"type":"Point","coordinates":[8.15,47.75]},"properties":{"pop":6671}},{"type":"Feature","geometry":{"type":"Point","coordinates":[12.15,48.45]},"properties":{"pop":8276}},{"type":"Feature","geometry":{"type":"Point","coordinates":[8.950000000000001,49.85]},"properties":{"pop":22052}},{"type":"Feature","geometry":{"type":"Point","coordinates":[9.25,54.150000000000006]},"properties":{"pop":5688}},{"type":"Feature","geometry":{"type":"Point","coordinates":[9.15,53.85]},"properties":{"pop":7103}},{"type":"Feature","geometry":{"type":"Point","coordinates":[10.05,51.650000000000006]},"properties":{"pop":7079}},{"type":"Feature","geometry":{"type":"Point","coordinates":[10.15,50.75]},"properties":{"pop":4949}},{"type":"Feature","geometry":{"type":"Point","coordinates":[6.75,51.85]},"properties":{"pop":13920}},{"type":"Feature","geometry":{"type":"Point","coordinates":[6.8500000000000005,51.85]},"properties":{"pop":27949}},{"type":"Feature","geometry":{"type":"Point","coordinates":[10.25,52.95]},"properties":{"pop":465}},{"type":"Feature","geometry":{"type":"Point","coordinates":[10.25,53.050000000000004]},"properties":{"pop":1865}},{"type":"Feature","geometry":{"type":"Point","coordinates":[9.35,50.45]},"properties":{"pop":4366}},{"type":"Feature","geometry":{"type":"Point","coordinates":[9.15,54.75]},"properties":{"pop":4318}},{"type":"Feature","geometry":{"type":"Point","coordinates":[7.95,52.050000000000004]},"properties":{"pop":7409}},{"type":"Feature","geometry":{"type":"Point","coordinates":[7.8500000000000005,52.050000000000004]},"properties":{"pop":9195}},{"type":"Feature","geometry":{"type":"Point","coordinates":[8.450000000000001,48.150000000000006]},"properties":{"pop":16291}},{"type":"Feature","geometry":{"type":"Point","coordinates":[10.350000000000001,49.75]},"properties":{"pop":7344}},{"type":"Feature","geometry":{"type":"Point","coordinates":[10.25,49.85]},"properties":{"pop":11706}},{"type":"Feature","geometry":{"type":"Point","coordinates":[10.350000000000001,49.85]},"properties":{"pop":8623}},{"type":"Feature","geometry":{"type":"Point","coordinates":[14.25,53.050000000000004]},"properties":{"pop":18646}},{"type":"Feature","geometry":{"type":"Point","coordinates":[8.450000000000001,48.75]},"properties":{"pop":4463}},{"type":"Feature","geometry":{"type":"Point","coordinates":[8.450000000000001,48.85]},"properties":{"pop":17211}},{"type":"Feature","geometry":{"type":"Point","coordinates":[8.55,48.85]},"properties":{"pop":28135}},{"type":"Feature","geometry":{"type":"Point","coordinates":[8.55,48.75]},"properties":{"pop":7813}},{"type":"Feature","geometry":{"type":"Point","coordinates":[12.65,48.150000000000006]},"properties":{"pop":10581}},{"type":"Feature","geometry":{"type":"Point","coordinates":[8.85,49.75]},"properties":{"pop":17736}},{"type":"Feature","geometry":{"type":"Point","coordinates":[8.25,47.75]},"properties":{"pop":3535}},{"type":"Feature","geometry":{"type":"Point","coordinates":[6.95,51.85]},"properties":{"pop":17691}},{"type":"Feature","geometry":{"type":"Point","coordinates":[10.950000000000001,49.95]},"properties":{"pop":35746}},{"type":"Feature","geometry":{"type":"Point","coordinates":[11.75,50.650000000000006]},"properties":{"pop":2012}},{"type":"Feature","geometry":{"type":"Point","coordinates":[9.950000000000001,50.550000000000004]},"properties":{"pop":3701}},{"type":"Feature","geometry":{"type":"Point","coordinates":[10.05,50.650000000000006]},"properties":{"pop":4205}},{"type":"Feature","geometry":{"type":"Point","coordinates":[12.55,53.45]},"properties":{"pop":1468}},{"type":"Feature","geometry":{"type":"Point","coordinates":[11.25,51.150000000000006]},"properties":{"pop":6888}},{"type":"Feature","geometry":{"type":"Point","coordinates":[10.350000000000001,51.150000000000006]},"properties":{"pop":2916}},{"type":"Feature","geometry":{"type":"Point","coordinates":[9.850000000000001,47.85]},"properties":{"pop":6460}},{"type":"Feature","geometry":{"type":"Point","coordinates":[9.950000000000001,47.95]},"properties":{"pop":5196}},{"type":"Feature","geometry":{"type":"Point","coordinates":[9.850000000000001,47.95]},"properties":{"pop":7850}},{"type":"Feature","geometry":{"type":"Point","coordinates":[9.950000000000001,47.85]},"properties":{"pop":6671}},{"type":"Feature","geometry":{"type":"Point","coordinates":[9.850000000000001,50.35]},"properties":{"pop":3401}},{"type":"Feature","geometry":{"type":"Point","coordinates":[13.05,49.050000000000004]},"properties":{"pop":5736}},{"type":"Feature","geometry":{"type":"Point","coordinates":[13.05,49.150000000000006]},"properties":{"pop":5056}},{"type":"Feature","geometry":{"type":"Point","coordinates":[12.950000000000001,49.050000000000004]},"properties":{"pop":7189}},{"type":"Feature","geometry":{"type":"Point","coordinates":[12.950000000000001,49.150000000000006]},"properties":{"pop":4137}},{"type":"Feature","geometry":{"type":"Point","coordinates":[9.75,50.35]},"properties":{"pop":8329}},{"type":"Feature","geometry":{"type":"Point","coordinates":[11.850000000000001,50.45]},"properties":{"pop":5278}},{"type":"Feature","geometry":{"type":"Point","coordinates":[7.550000000000001,53.25]},"properties":{"pop":10770}},{"type":"Feature","geometry":{"type":"Point","coordinates":[7.75,52.95]},"properties":{"pop":5615}},{"type":"Feature","geometry":{"type":"Point","coordinates":[7.65,52.95]},"properties":{"pop":8773}},{"type":"Feature","geometry":{"type":"Point","coordinates":[7.65,52.85]},"properties":{"pop":10475}},{"type":"Feature","geometry":{"type":"Point","coordinates":[13.65,50.75]},"properties":{"pop":1918}},{"type":"Feature","geometry":{"type":"Point","coordinates":[6.75,51.550000000000004]},"properties":{"pop":147505}},{"type":"Feature","geometry":{"type":"Point","coordinates":[10.15,53.050000000000004]},"properties":{"pop":1882}},{"type":"Feature","geometry":{"type":"Point","coordinates":[11.55,48.35]},"properties":{"pop":12521}},{"type":"Feature","geometry":{"type":"Point","coordinates":[11.55,48.25]},"properties":{"pop":133600}},{"type":"Feature","geometry":{"type":"Point","coordinates":[10.950000000000001,49.85]},"properties":{"pop":30918}},{"type":"Feature","geometry":{"type":"Point","coordinates":[10.850000000000001,49.85]},"properties":{"pop":35380}},{"type":"Feature","geometry":{"type":"Point","coordinates":[8.55,48.550000000000004]},"properties":{"pop":11732}},{"type":"Feature","geometry":{"type":"Point","coordinates":[8.65,48.550000000000004]},"properties":{"pop":16629}},{"type":"Feature","geometry":{"type":"Point","coordinates":[8.55,48.650000000000006]},"properties":{"pop":4585}},{"type":"Feature","geometry":{"type":"Point","coordinates":[11.450000000000001,51.75]},"properties":{"pop":16257}},{"type":"Feature","geometry":{"type":"Point","coordinates":[6.65,51.45]},"properties":{"pop":145691}},{"type":"Feature","geometry":{"type":"Point","coordinates":[6.65,51.550000000000004]},"properties":{"pop":28630}},{"type":"Feature","geometry":{"type":"Point","coordinates":[7.75,52.050000000000004]},"properties":{"pop":11769}},{"type":"Feature","geometry":{"type":"Point","coordinates":[7.75,51.95]},"properties":{"pop":39615}},{"type":"Feature","geometry":{"type":"Point","coordinates":[7.45,50.25]},"properties":{"pop":10186}},{"type":"Feature","geometry":{"type":"Point","coordinates":[11.850000000000001,48.85]},"properties":{"pop":14919}},{"type":"Feature","geometry":{"type":"Point","coordinates":[13.55,52.550000000000004]},"properties":{"pop":264929}},{"type":"Feature","geometry":{"type":"Point","coordinates":[13.55,52.45]},"properties":{"pop":261753}},{"type":"Feature","geometry":{"type":"Point","coordinates":[13.65,52.45]},"properties":{"pop":89664}},{"type":"Feature","geometry":{"type":"Point","coordinates":[13.450000000000001,52.45]},"properties":{"pop":340053}},{"type":"Feature","geometry":{"type":"Point","coordinates":[13.350000000000001,52.35]},"properties":{"pop":40890}},{"type":"Feature","geometry":{"type":"Point","coordinates":[13.450000000000001,52.35]},"properties":{"pop":61475}},{"type":"Feature","geometry":{"type":"Point","coordinates":[13.65,52.35]},"properties":{"pop":51278}},{"type":"Feature","geometry":{"type":"Point","coordinates":[13.55,52.35]},"properties":{"pop":34214}},{"type":"Feature","geometry":{"type":"Point","coordinates":[13.350000000000001,52.45]},"properties":{"pop":456983}},{"type":"Feature","geometry":{"type":"Point","coordinates":[13.350000000000001,52.550000000000004]},"properties":{"pop":453219}},{"type":"Feature","geometry":{"type":"Point","coordinates":[13.25,52.550000000000004]},"properties":{"pop":257357}},{"type":"Feature","geometry":{"type":"Point","coordinates":[13.350000000000001,52.650000000000006]},"properties":{"pop":108321}},{"type":"Feature","geometry":{"type":"Point","coordinates":[13.25,52.45]},"properties":{"pop":197729}},{"type":"Feature","geometry":{"type":"Point","coordinates":[13.450000000000001,52.550000000000004]},"properties":{"pop":401465}},{"type":"Feature","geometry":{"type":"Point","coordinates":[9.05,52.050000000000004]},"properties":{"pop":9553}},{"type":"Feature","geometry":{"type":"Point","coordinates":[11.950000000000001,50.45]},"properties":{"pop":2681}},{"type":"Feature","geometry":{"type":"Point","coordinates":[9.450000000000001,52.75]},"properties":{"pop":1846}},{"type":"Feature","geometry":{"type":"Point","coordinates":[9.450000000000001,52.85]},"properties":{"pop":4449}},{"type":"Feature","geometry":{"type":"Point","coordinates":[10.350000000000001,52.35]},"properties":{"pop":12453}},{"type":"Feature","geometry":{"type":"Point","coordinates":[12.75,52.45]},"properties":{"pop":5132}},{"type":"Feature","geometry":{"type":"Point","coordinates":[12.55,49.150000000000006]},"properties":{"pop":8009}},{"type":"Feature","geometry":{"type":"Point","coordinates":[11.15,50.95]},"properties":{"pop":18849}},{"type":"Feature","geometry":{"type":"Point","coordinates":[8.85,50.25]},"properties":{"pop":27892}},{"type":"Feature","geometry":{"type":"Point","coordinates":[8.35,51.95]},"properties":{"pop":40662}},{"type":"Feature","geometry":{"type":"Point","coordinates":[14.25,51.75]},"properties":{"pop":11111}},{"type":"Feature","geometry":{"type":"Point","coordinates":[14.350000000000001,51.75]},"properties":{"pop":80298}},{"type":"Feature","geometry":{"type":"Point","coordinates":[14.350000000000001,51.85]},"properties":{"pop":9533}},{"type":"Feature","geometry":{"type":"Point","coordinates":[12.950000000000001,50.650000000000006]},"properties":{"pop":17984}},{"type":"Feature","geometry":{"type":"Point","coordinates":[10.15,50.35]},"properties":{"pop":8879}},{"type":"Feature","geometry":{"type":"Point","coordinates":[8.450000000000001,51.85]},"properties":{"pop":35888}},{"type":"Feature","geometry":{"type":"Point","coordinates":[8.450000000000001,51.95]},"properties":{"pop":66567}},{"type":"Feature","geometry":{"type":"Point","coordinates":[8.35,51.85]},"properties":{"pop":44812}},{"type":"Feature","geometry":{"type":"Point","coordinates":[8.25,48.650000000000006]},"properties":{"pop":1503}},{"type":"Feature","geometry":{"type":"Point","coordinates":[9.65,48.45]},"properties":{"pop":9492}},{"type":"Feature","geometry":{"type":"Point","coordinates":[8.950000000000001,52.45]},"properties":{"pop":6128}},{"type":"Feature","geometry":{"type":"Point","coordinates":[8.85,52.550000000000004]},"properties":{"pop":3011}},{"type":"Feature","geometry":{"type":"Point","coordinates":[8.85,52.45]},"properties":{"pop":3714}},{"type":"Feature","geometry":{"type":"Point","coordinates":[12.350000000000001,50.75]},"properties":{"pop":24799}},{"type":"Feature","geometry":{"type":"Point","coordinates":[10.75,47.95]},"properties":{"pop":7779}},{"type":"Feature","geometry":{"type":"Point","coordinates":[8.85,54.050000000000004]},"properties":{"pop":1658}},{"type":"Feature","geometry":{"type":"Point","coordinates":[8.85,53.95]},"properties":{"pop":74}},{"type":"Feature","geometry":{"type":"Point","coordinates":[9.75,54.050000000000004]},"properties":{"pop":4056}},{"type":"Feature","geometry":{"type":"Point","coordinates":[9.850000000000001,54.050000000000004]},"properties":{"pop":3575}},{"type":"Feature","geometry":{"type":"Point","coordinates":[9.850000000000001,53.75]},"properties":{"pop":8725}},{"type":"Feature","geometry":{"type":"Point","coordinates":[8.15,47.95]},"properties":{"pop":7419}},{"type":"Feature","geometry":{"type":"Point","coordinates":[10.450000000000001,54.45]},"properties":{"pop":753}},{"type":"Feature","geometry":{"type":"Point","coordinates":[10.75,53.95]},"properties":{"pop":33323}},{"type":"Feature","geometry":{"type":"Point","coordinates":[10.850000000000001,53.95]},"properties":{"pop":41504}},{"type":"Feature","geometry":{"type":"Point","coordinates":[6.8500000000000005,51.050000000000004]},"properties":{"pop":120692}},{"type":"Feature","geometry":{"type":"Point","coordinates":[6.75,51.150000000000006]},"properties":{"pop":96325}},{"type":"Feature","geometry":{"type":"Point","coordinates":[6.75,51.050000000000004]},"properties":{"pop":25611}},{"type":"Feature","geometry":{"type":"Point","coordinates":[6.8500000000000005,51.150000000000006]},"properties":{"pop":166331}},{"type":"Feature","geometry":{"type":"Point","coordinates":[7.050000000000001,50.35]},"properties":{"pop":4703}},{"type":"Feature","geometry":{"type":"Point","coordinates":[13.65,48.650000000000006]},"properties":{"pop":11218}},{"type":"Feature","geometry":{"type":"Point","coordinates":[14.05,53.35]},"properties":{"pop":1297}},{"type":"Feature","geometry":{"type":"Point","coordinates":[14.75,50.95]},"properties":{"pop":11387}},{"type":"Feature","geometry":{"type":"Point","coordinates":[14.65,50.95]},"properties":{"pop":17944}},{"type":"Feature","geometry":{"type":"Point","coordinates":[7.95,53.550000000000004]},"properties":{"pop":22093}},{"type":"Feature","geometry":{"type":"Point","coordinates":[7.8500000000000005,53.550000000000004]},"properties":{"pop":11220}},{"type":"Feature","geometry":{"type":"Point","coordinates":[9.15,49.25]},"properties":{"pop":30845}},{"type":"Feature","geometry":{"type":"Point","coordinates":[7.95,54.150000000000006]},"properties":{"pop":475}},{"type":"Feature","geometry":{"type":"Point","coordinates":[7.8500000000000005,54.150000000000006]},"properties":{"pop":940}},{"type":"Feature","geometry":{"type":"Point","coordinates":[8.85,51.550000000000004]},"properties":{"pop":4975}},{"type":"Feature","geometry":{"type":"Point","coordinates":[8.75,51.550000000000004]},"properties":{"pop":9296}},{"type":"Feature","geometry":{"type":"Point","coordinates":[8.950000000000001,51.550000000000004]},"properties":{"pop":3547}},{"type":"Feature","geometry":{"type":"Point","coordinates":[9.850000000000001,52.050000000000004]},"properties":{"pop":4675}},{"type":"Feature","geometry":{"type":"Point","coordinates":[8.55,54.650000000000006]},"properties":{"pop":4933}},{"type":"Feature","geometry":{"type":"Point","coordinates":[10.850000000000001,48.75]},"properties":{"pop":6700}},{"type":"Feature","geometry":{"type":"Point","coordinates":[8.950000000000001,51.650000000000006]},"properties":{"pop":3732}},{"type":"Feature","geometry":{"type":"Point","coordinates":[12.05,49.550000000000004]},"properties":{"pop":5008}},{"type":"Feature","geometry":{"type":"Point","coordinates":[11.850000000000001,49.25]},"properties":{"pop":2249}},{"type":"Feature","geometry":{"type":"Point","coordinates":[11.950000000000001,49.25]},"properties":{"pop":4586}},{"type":"Feature","geometry":{"type":"Point","coordinates":[11.950000000000001,49.550000000000004]},"properties":{"pop":6418}},{"type":"Feature","geometry":{"type":"Point","coordinates":[12.450000000000001,53.75]},"properties":{"pop":2328}},{"type":"Feature","geometry":{"type":"Point","coordinates":[12.25,53.650000000000006]},"properties":{"pop":3168}},{"type":"Feature","geometry":{"type":"Point","coordinates":[12.25,53.75]},"properties":{"pop":5576}},{"type":"Feature","geometry":{"type":"Point","coordinates":[12.15,53.75]},"properties":{"pop":15864}},{"type":"Feature","geometry":{"type":"Point","coordinates":[12.450000000000001,49.85]},"properties":{"pop":2731}},{"type":"Feature","geometry":{"type":"Point","coordinates":[11.450000000000001,47.95]},"properties":{"pop":28311}},{"type":"Feature","geometry":{"type":"Point","coordinates":[12.450000000000001,49.95]},"properties":{"pop":1420}},{"type":"Feature","geometry":{"type":"Point","coordinates":[13.15,51.25]},"properties":{"pop":8303}},{"type":"Feature","geometry":{"type":"Point","coordinates":[7.3500000000000005,51.150000000000006]},"properties":{"pop":24944}},{"type":"Feature","geometry":{"type":"Point","coordinates":[7.15,51.050000000000004]},"properties":{"pop":40845}},{"type":"Feature","geometry":{"type":"Point","coordinates":[9.35,52.85]},"properties":{"pop":6334}},{"type":"Feature","geometry":{"type":"Point","coordinates":[10.850000000000001,53.85]},"properties":{"pop":6906}},{"type":"Feature","geometry":{"type":"Point","coordinates":[6.3500000000000005,49.85]},"properties":{"pop":2675}},{"type":"Feature","geometry":{"type":"Point","coordinates":[13.15,54.550000000000004]},"properties":{"pop":945}},{"type":"Feature","geometry":{"type":"Point","coordinates":[9.75,47.85]},"properties":{"pop":9661}},{"type":"Feature","geometry":{"type":"Point","coordinates":[8.450000000000001,52.75]},"properties":{"pop":7428}},{"type":"Feature","geometry":{"type":"Point","coordinates":[8.65,52.050000000000004]},"properties":{"pop":72296}},{"type":"Feature","geometry":{"type":"Point","coordinates":[7.8500000000000005,51.95]},"properties":{"pop":12605}},{"type":"Feature","geometry":{"type":"Point","coordinates":[10.350000000000001,52.95]},"properties":{"pop":1500}},{"type":"Feature","geometry":{"type":"Point","coordinates":[8.05,47.95]},"properties":{"pop":4815}},{"type":"Feature","geometry":{"type":"Point","coordinates":[13.05,51.85]},"properties":{"pop":1642}},{"type":"Feature","geometry":{"type":"Point","coordinates":[12.850000000000001,51.95]},"properties":{"pop":1734}},{"type":"Feature","geometry":{"type":"Point","coordinates":[13.05,51.95]},"properties":{"pop":7465}},{"type":"Feature","geometry":{"type":"Point","coordinates":[12.950000000000001,51.95]},"properties":{"pop":2178}},{"type":"Feature","geometry":{"type":"Point","coordinates":[7.75,52.650000000000006]},"properties":{"pop":3636}},{"type":"Feature","geometry":{"type":"Point","coordinates":[7.75,52.550000000000004]},"properties":{"pop":4748}},{"type":"Feature","geometry":{"type":"Point","coordinates":[12.950000000000001,52.050000000000004]},"properties":{"pop":2391}},{"type":"Feature","geometry":{"type":"Point","coordinates":[10.25,54.45]},"properties":{"pop":4683}},{"type":"Feature","geometry":{"type":"Point","coordinates":[13.75,54.050000000000004]},"properties":{"pop":12396}},{"type":"Feature","geometry":{"type":"Point","coordinates":[8.25,49.85]},"properties":{"pop":22168}},{"type":"Feature","geometry":{"type":"Point","coordinates":[7.8500000000000005,51.35]},"properties":{"pop":15591}},{"type":"Feature","geometry":{"type":"Point","coordinates":[12.15,53.150000000000006]},"properties":{"pop":7278}},{"type":"Feature","geometry":{"type":"Point","coordinates":[12.25,53.150000000000006]},"properties":{"pop":1897}},{"type":"Feature","geometry":{"type":"Point","coordinates":[12.350000000000001,53.150000000000006]},"properties":{"pop":1725}},{"type":"Feature","geometry":{"type":"Point","coordinates":[12.15,53.25]},"properties":{"pop":1203}},{"type":"Feature","geometry":{"type":"Point","coordinates":[12.05,53.150000000000006]},"properties":{"pop":1220}},{"type":"Feature","geometry":{"type":"Point","coordinates":[14.55,52.550000000000004]},"properties":{"pop":3418}},{"type":"Feature","geometry":{"type":"Point","coordinates":[14.65,52.550000000000004]},"properties":{"pop":775}},{"type":"Feature","geometry":{"type":"Point","coordinates":[11.950000000000001,47.85]},"properties":{"pop":24775}},{"type":"Feature","geometry":{"type":"Point","coordinates":[11.850000000000001,47.85]},"properties":{"pop":9788}},{"type":"Feature","geometry":{"type":"Point","coordinates":[11.15,49.75]},"properties":{"pop":16551}},{"type":"Feature","geometry":{"type":"Point","coordinates":[11.15,49.85]},"properties":{"pop":4800}},{"type":"Feature","geometry":{"type":"Point","coordinates":[11.25,49.75]},"properties":{"pop":5750}},{"type":"Feature","geometry":{"type":"Point","coordinates":[11.55,49.45]},"properties":{"pop":4814}},{"type":"Feature","geometry":{"type":"Point","coordinates":[11.55,49.35]},"properties":{"pop":4114}},{"type":"Feature","geometry":{"type":"Point","coordinates":[11.450000000000001,49.45]},"properties":{"pop":9545}},{"type":"Feature","geometry":{"type":"Point","coordinates":[11.450000000000001,49.35]},"properties":{"pop":8918}},{"type":"Feature","geometry":{"type":"Point","coordinates":[8.85,48.050000000000004]},"properties":{"pop":11138}},{"type":"Feature","geometry":{"type":"Point","coordinates":[7.15,53.550000000000004]},"properties":{"pop":7506}},{"type":"Feature","geometry":{"type":"Point","coordinates":[10.05,52.150000000000006]},"properties":{"pop":12356}},{"type":"Feature","geometry":{"type":"Point","coordinates":[9.950000000000001,52.050000000000004]},"properties":{"pop":9538}},{"type":"Feature","geometry":{"type":"Point","coordinates":[9.15,50.050000000000004]},"properties":{"pop":25044}},{"type":"Feature","geometry":{"type":"Point","coordinates":[9.25,50.050000000000004]},"properties":{"pop":23391}},{"type":"Feature","geometry":{"type":"Point","coordinates":[6.3500000000000005,50.85]},"properties":{"pop":26945}},{"type":"Feature","geometry":{"type":"Point","coordinates":[10.05,47.650000000000006]},"properties":{"pop":11291}},{"type":"Feature","geometry":{"type":"Point","coordinates":[11.65,51.550000000000004]},"properties":{"pop":4062}},{"type":"Feature","geometry":{"type":"Point","coordinates":[11.55,51.550000000000004]},"properties":{"pop":17205}},{"type":"Feature","geometry":{"type":"Point","coordinates":[12.450000000000001,47.75]},"properties":{"pop":14671}},{"type":"Feature","geometry":{"type":"Point","coordinates":[7.75,53.45]},"properties":{"pop":8374}},{"type":"Feature","geometry":{"type":"Point","coordinates":[7.95,53.45]},"properties":{"pop":11342}},{"type":"Feature","geometry":{"type":"Point","coordinates":[7.8500000000000005,53.45]},"properties":{"pop":5398}},{"type":"Feature","geometry":{"type":"Point","coordinates":[7.65,53.45]},"properties":{"pop":8398}},{"type":"Feature","geometry":{"type":"Point","coordinates":[10.15,49.95]},"properties":{"pop":11929}},{"type":"Feature","geometry":{"type":"Point","coordinates":[10.05,49.95]},"properties":{"pop":9282}},{"type":"Feature","geometry":{"type":"Point","coordinates":[7.8500000000000005,53.35]},"properties":{"pop":3143}},{"type":"Feature","geometry":{"type":"Point","coordinates":[7.75,53.25]},"properties":{"pop":9992}},{"type":"Feature","geometry":{"type":"Point","coordinates":[8.65,48.050000000000004]},"properties":{"pop":25187}},{"type":"Feature","geometry":{"type":"Point","coordinates":[9.05,50.35]},"properties":{"pop":15135}},{"type":"Feature","geometry":{"type":"Point","coordinates":[13.65,51.45]},"properties":{"pop":2294}},{"type":"Feature","geometry":{"type":"Point","coordinates":[9.35,53.45]},"properties":{"pop":3587}},{"type":"Feature","geometry":{"type":"Point","coordinates":[9.75,47.95]},"properties":{"pop":13511}},{"type":"Feature","geometry":{"type":"Point","coordinates":[8.15,49.25]},"properties":{"pop":36266}},{"type":"Feature","geometry":{"type":"Point","coordinates":[10.350000000000001,53.45]},"properties":{"pop":39281}},{"type":"Feature","geometry":{"type":"Point","coordinates":[6.3500000000000005,50.050000000000004]},"properties":{"pop":2967}},{"type":"Feature","geometry":{"type":"Point","coordinates":[11.55,51.45]},"properties":{"pop":6081}},{"type":"Feature","geometry":{"type":"Point","coordinates":[11.450000000000001,51.45]},"properties":{"pop":4183}},{"type":"Feature","geometry":{"type":"Point","coordinates":[12.850000000000001,53.95]},"properties":{"pop":2379}},{"type":"Feature","geometry":{"type":"Point","coordinates":[9.25,50.95]},"properties":{"pop":12414}},{"type":"Feature","geometry":{"type":"Point","coordinates":[9.65,51.85]},"properties":{"pop":8931}},{"type":"Feature","geometry":{"type":"Point","coordinates":[9.75,48.150000000000006]},"properties":{"pop":16342}},{"type":"Feature","geometry":{"type":"Point","coordinates":[9.850000000000001,48.150000000000006]},"properties":{"pop":14604}},{"type":"Feature","geometry":{"type":"Point","coordinates":[12.850000000000001,50.650000000000006]},"properties":{"pop":13144}},{"type":"Feature","geometry":{"type":"Point","coordinates":[9.55,52.25]},"properties":{"pop":22840}},{"type":"Feature","geometry":{"type":"Point","coordinates":[12.350000000000001,49.150000000000006]},"properties":{"pop":7079}},{"type":"Feature","geometry":{"type":"Point","coordinates":[11.850000000000001,52.050000000000004]},"properties":{"pop":8368}},{"type":"Feature","geometry":{"type":"Point","coordinates":[11.75,52.050000000000004]},"properties":{"pop":22463}},{"type":"Feature","geometry":{"type":"Point","coordinates":[10.850000000000001,48.25]},"properties":{"pop":43946}},{"type":"Feature","geometry":{"type":"Point","coordinates":[9.15,53.35]},"properties":{"pop":2899}},{"type":"Feature","geometry":{"type":"Point","coordinates":[9.15,53.25]},"properties":{"pop":2679}},{"type":"Feature","geometry":{"type":"Point","coordinates":[9.65,52.25]},"properties":{"pop":19811}},{"type":"Feature","geometry":{"type":"Point","coordinates":[8.75,54.35]},"properties":{"pop":3945}},{"type":"Feature","geometry":{"type":"Point","coordinates":[9.450000000000001,53.75]},"properties":{"pop":13227}},{"type":"Feature","geometry":{"type":"Point","coordinates":[10.05,49.550000000000004]},"properties":{"pop":4898}},{"type":"Feature","geometry":{"type":"Point","coordinates":[8.35,48.75]},"properties":{"pop":28887}},{"type":"Feature","geometry":{"type":"Point","coordinates":[11.350000000000001,53.650000000000006]},"properties":{"pop":43453}},{"type":"Feature","geometry":{"type":"Point","coordinates":[12.950000000000001,48.75]},"properties":{"pop":5303}},{"type":"Feature","geometry":{"type":"Point","coordinates":[12.850000000000001,48.85]},"properties":{"pop":9412}},{"type":"Feature","geometry":{"type":"Point","coordinates":[12.950000000000001,48.85]},"properties":{"pop":34196}},{"type":"Feature","geometry":{"type":"Point","coordinates":[11.25,47.85]},"properties":{"pop":8196}},{"type":"Feature","geometry":{"type":"Point","coordinates":[9.950000000000001,49.75]},"properties":{"pop":91308}},{"type":"Feature","geometry":{"type":"Point","coordinates":[9.55,51.95]},"properties":{"pop":7986}},{"type":"Feature","geometry":{"type":"Point","coordinates":[8.950000000000001,51.75]},"properties":{"pop":10014}},{"type":"Feature","geometry":{"type":"Point","coordinates":[8.950000000000001,51.85]},"properties":{"pop":14155}},{"type":"Feature","geometry":{"type":"Point","coordinates":[14.850000000000001,50.95]},"properties":{"pop":11303}},{"type":"Feature","geometry":{"type":"Point","coordinates":[9.05,51.75]},"properties":{"pop":13794}},{"type":"Feature","geometry":{"type":"Point","coordinates":[12.25,48.75]},"properties":{"pop":7748}},{"type":"Feature","geometry":{"type":"Point","coordinates":[12.15,48.75]},"properties":{"pop":6722}},{"type":"Feature","geometry":{"type":"Point","coordinates":[12.25,48.85]},"properties":{"pop":6232}},{"type":"Feature","geometry":{"type":"Point","coordinates":[9.850000000000001,53.050000000000004]},"properties":{"pop":5725}},{"type":"Feature","geometry":{"type":"Point","coordinates":[10.450000000000001,51.150000000000006]},"properties":{"pop":9388}},{"type":"Feature","geometry":{"type":"Point","coordinates":[8.85,54.45]},"properties":{"pop":1314}},{"type":"Feature","geometry":{"type":"Point","coordinates":[9.15,50.95]},"properties":{"pop":9505}},{"type":"Feature","geometry":{"type":"Point","coordinates":[8.950000000000001,50.95]},"properties":{"pop":5976}},{"type":"Feature","geometry":{"type":"Point","coordinates":[12.450000000000001,49.150000000000006]},"properties":{"pop":4571}},{"type":"Feature","geometry":{"type":"Point","coordinates":[9.55,47.550000000000004]},"properties":{"pop":5965}},{"type":"Feature","geometry":{"type":"Point","coordinates":[12.75,50.45]},"properties":{"pop":6382}},{"type":"Feature","geometry":{"type":"Point","coordinates":[9.35,49.85]},"properties":{"pop":3339}},{"type":"Feature","geometry":{"type":"Point","coordinates":[9.950000000000001,53.050000000000004]},"properties":{"pop":3376}},{"type":"Feature","geometry":{"type":"Point","coordinates":[9.950000000000001,53.150000000000006]},"properties":{"pop":2128}},{"type":"Feature","geometry":{"type":"Point","coordinates":[12.15,48.85]},"properties":{"pop":8359}},{"type":"Feature","geometry":{"type":"Point","coordinates":[8.05,49.25]},"properties":{"pop":14065}},{"type":"Feature","geometry":{"type":"Point","coordinates":[9.850000000000001,48.550000000000004]},"properties":{"pop":7745}},{"type":"Feature","geometry":{"type":"Point","coordinates":[9.950000000000001,48.650000000000006]},"properties":{"pop":9381}},{"type":"Feature","geometry":{"type":"Point","coordinates":[8.55,52.150000000000006]},"properties":{"pop":45428}},{"type":"Feature","geometry":{"type":"Point","coordinates":[8.65,52.150000000000006]},"properties":{"pop":74455}},{"type":"Feature","geometry":{"type":"Point","coordinates":[11.350000000000001,49.050000000000004]},"properties":{"pop":5014}},{"type":"Feature","geometry":{"type":"Point","coordinates":[11.25,49.050000000000004]},"properties":{"pop":4500}},{"type":"Feature","geometry":{"type":"Point","coordinates":[11.350000000000001,49.150000000000006]},"properties":{"pop":7553}},{"type":"Feature","geometry":{"type":"Point","coordinates":[11.450000000000001,49.050000000000004]},"properties":{"pop":6583}},{"type":"Feature","geometry":{"type":"Point","coordinates":[11.25,49.150000000000006]},"properties":{"pop":7595}},{"type":"Feature","geometry":{"type":"Point","coordinates":[11.450000000000001,48.25]},"properties":{"pop":99285}},{"type":"Feature","geometry":{"type":"Point","coordinates":[10.15,51.150000000000006]},"properties":{"pop":7050}},{"type":"Feature","geometry":{"type":"Point","coordinates":[9.75,49.75]},"properties":{"pop":9336}},{"type":"Feature","geometry":{"type":"Point","coordinates":[9.65,49.45]},"properties":{"pop":6339}},{"type":"Feature","geometry":{"type":"Point","coordinates":[9.65,49.35]},"properties":{"pop":9863}},{"type":"Feature","geometry":{"type":"Point","coordinates":[11.15,49.650000000000006]},"properties":{"pop":15391}},{"type":"Feature","geometry":{"type":"Point","coordinates":[7.95,50.150000000000006]},"properties":{"pop":4757}},{"type":"Feature","geometry":{"type":"Point","coordinates":[12.850000000000001,48.35]},"properties":{"pop":6049}},{"type":"Feature","geometry":{"type":"Point","coordinates":[9.55,52.35]},"properties":{"pop":23747}},{"type":"Feature","geometry":{"type":"Point","coordinates":[10.55,53.150000000000006]},"properties":{"pop":3375}},{"type":"Feature","geometry":{"type":"Point","coordinates":[10.75,48.050000000000004]},"properties":{"pop":15839}},{"type":"Feature","geometry":{"type":"Point","coordinates":[7.95,52.35]},"properties":{"pop":28419}},{"type":"Feature","geometry":{"type":"Point","coordinates":[8.05,52.35]},"properties":{"pop":32575}},{"type":"Feature","geometry":{"type":"Point","coordinates":[13.15,51.650000000000006]},"properties":{"pop":1949}},{"type":"Feature","geometry":{"type":"Point","coordinates":[13.25,51.75]},"properties":{"pop":1693}},{"type":"Feature","geometry":{"type":"Point","coordinates":[13.15,51.75]},"properties":{"pop":1903}},{"type":"Feature","geometry":{"type":"Point","coordinates":[13.05,51.650000000000006]},"properties":{"pop":1024}},{"type":"Feature","geometry":{"type":"Point","coordinates":[10.65,49.45]},"properties":{"pop":8103}},{"type":"Feature","geometry":{"type":"Point","coordinates":[6.25,51.35]},"properties":{"pop":27725}},{"type":"Feature","geometry":{"type":"Point","coordinates":[6.3500000000000005,51.35]},"properties":{"pop":23715}},{"type":"Feature","geometry":{"type":"Point","coordinates":[10.05,53.75]},"properties":{"pop":35167}},{"type":"Feature","geometry":{"type":"Point","coordinates":[10.350000000000001,47.45]},"properties":{"pop":1591}},{"type":"Feature","geometry":{"type":"Point","coordinates":[10.350000000000001,47.35]},"properties":{"pop":380}},{"type":"Feature","geometry":{"type":"Point","coordinates":[10.15,53.85]},"properties":{"pop":10256}},{"type":"Feature","geometry":{"type":"Point","coordinates":[8.35,47.75]},"properties":{"pop":5825}},{"type":"Feature","geometry":{"type":"Point","coordinates":[6.3500000000000005,51.25]},"properties":{"pop":68117}},{"type":"Feature","geometry":{"type":"Point","coordinates":[9.65,48.050000000000004]},"properties":{"pop":11052}},{"type":"Feature","geometry":{"type":"Point","coordinates":[10.25,47.45]},"properties":{"pop":15781}},{"type":"Feature","geometry":{"type":"Point","coordinates":[10.25,47.35]},"properties":{"pop":1852}},{"type":"Feature","geometry":{"type":"Point","coordinates":[10.15,47.35]},"properties":{"pop":37}},{"type":"Feature","geometry":{"type":"Point","coordinates":[10.25,47.25]},"properties":{"pop":74}},{"type":"Feature","geometry":{"type":"Point","coordinates":[12.15,49.650000000000006]},"properties":{"pop":40725}},{"type":"Feature","geometry":{"type":"Point","coordinates":[12.25,49.650000000000006]},"properties":{"pop":6011}},{"type":"Feature","geometry":{"type":"Point","coordinates":[12.15,49.75]},"properties":{"pop":15674}},{"type":"Feature","geometry":{"type":"Point","coordinates":[12.75,54.150000000000006]},"properties":{"pop":906}},{"type":"Feature","geometry":{"type":"Point","coordinates":[12.65,54.150000000000006]},"properties":{"pop":2259}},{"type":"Feature","geometry":{"type":"Point","coordinates":[12.75,54.25]},"properties":{"pop":1125}},{"type":"Feature","geometry":{"type":"Point","coordinates":[9.15,47.85]},"properties":{"pop":8205}},{"type":"Feature","geometry":{"type":"Point","coordinates":[9.25,47.85]},"properties":{"pop":9460}},{"type":"Feature","geometry":{"type":"Point","coordinates":[9.15,47.75]},"properties":{"pop":32412}},{"type":"Feature","geometry":{"type":"Point","coordinates":[9.25,50.150000000000006]},"properties":{"pop":10779}},{"type":"Feature","geometry":{"type":"Point","coordinates":[10.25,47.550000000000004]},"properties":{"pop":35794}},{"type":"Feature","geometry":{"type":"Point","coordinates":[10.350000000000001,47.550000000000004]},"properties":{"pop":6671}},{"type":"Feature","geometry":{"type":"Point","coordinates":[7.050000000000001,50.25]},"properties":{"pop":5607}},{"type":"Feature","geometry":{"type":"Point","coordinates":[7.45,49.650000000000006]},"properties":{"pop":2186}},{"type":"Feature","geometry":{"type":"Point","coordinates":[6.8500000000000005,50.85]},"properties":{"pop":87781}},{"type":"Feature","geometry":{"type":"Point","coordinates":[13.350000000000001,51.75]},"properties":{"pop":2089}},{"type":"Feature","geometry":{"type":"Point","coordinates":[13.850000000000001,51.650000000000006]},"properties":{"pop":1241}},{"type":"Feature","geometry":{"type":"Point","coordinates":[11.15,53.45]},"properties":{"pop":8169}},{"type":"Feature","geometry":{"type":"Point","coordinates":[9.25,47.75]},"properties":{"pop":22227}},{"type":"Feature","geometry":{"type":"Point","coordinates":[9.55,54.150000000000006]},"properties":{"pop":3410}},{"type":"Feature","geometry":{"type":"Point","coordinates":[9.55,54.050000000000004]},"properties":{"pop":2493}},{"type":"Feature","geometry":{"type":"Point","coordinates":[6.65,50.45]},"properties":{"pop":5641}},{"type":"Feature","geometry":{"type":"Point","coordinates":[6.550000000000001,50.45]},"properties":{"pop":5734}},{"type":"Feature","geometry":{"type":"Point","coordinates":[12.850000000000001,48.45]},"properties":{"pop":5590}},{"type":"Feature","geometry":{"type":"Point","coordinates":[13.15,49.050000000000004]},"properties":{"pop":3695}},{"type":"Feature","geometry":{"type":"Point","coordinates":[10.75,50.650000000000006]},"properties":{"pop":9273}},{"type":"Feature","geometry":{"type":"Point","coordinates":[9.55,48.85]},"properties":{"pop":45632}},{"type":"Feature","geometry":{"type":"Point","coordinates":[10.25,50.650000000000006]},"properties":{"pop":2498}},{"type":"Feature","geometry":{"type":"Point","coordinates":[9.35,54.550000000000004]},"properties":{"pop":5474}},{"type":"Feature","geometry":{"type":"Point","coordinates":[6.8500000000000005,52.550000000000004]},"properties":{"pop":3904}},{"type":"Feature","geometry":{"type":"Point","coordinates":[9.450000000000001,54.550000000000004]},"properties":{"pop":6485}},{"type":"Feature","geometry":{"type":"Point","coordinates":[7.550000000000001,52.95]},"properties":{"pop":4999}},{"type":"Feature","geometry":{"type":"Point","coordinates":[13.25,51.45]},"properties":{"pop":3627}},{"type":"Feature","geometry":{"type":"Point","coordinates":[7.15,50.45]},"properties":{"pop":8808}},{"type":"Feature","geometry":{"type":"Point","coordinates":[10.25,54.35]},"properties":{"pop":26425}},{"type":"Feature","geometry":{"type":"Point","coordinates":[8.35,48.150000000000006]},"properties":{"pop":14288}},{"type":"Feature","geometry":{"type":"Point","coordinates":[14.450000000000001,51.75]},"properties":{"pop":5531}},{"type":"Feature","geometry":{"type":"Point","coordinates":[14.450000000000001,51.85]},"properties":{"pop":5257}},{"type":"Feature","geometry":{"type":"Point","coordinates":[9.450000000000001,48.050000000000004]},"properties":{"pop":12972}},{"type":"Feature","geometry":{"type":"Point","coordinates":[9.35,48.050000000000004]},"properties":{"pop":14762}},{"type":"Feature","geometry":{"type":"Point","coordinates":[10.25,52.35]},"properties":{"pop":33482}},{"type":"Feature","geometry":{"type":"Point","coordinates":[10.15,52.35]},"properties":{"pop":22437}},{"type":"Feature","geometry":{"type":"Point","coordinates":[10.350000000000001,52.45]},"properties":{"pop":9837}},{"type":"Feature","geometry":{"type":"Point","coordinates":[14.450000000000001,51.050000000000004]},"properties":{"pop":13130}},{"type":"Feature","geometry":{"type":"Point","coordinates":[12.15,52.45]},"properties":{"pop":5917}},{"type":"Feature","geometry":{"type":"Point","coordinates":[8.65,49.35]},"properties":{"pop":125924}},{"type":"Feature","geometry":{"type":"Point","coordinates":[10.850000000000001,52.75]},"properties":{"pop":1616}},{"type":"Feature","geometry":{"type":"Point","coordinates":[9.65,48.150000000000006]},"properties":{"pop":6481}},{"type":"Feature","geometry":{"type":"Point","coordinates":[10.25,48.550000000000004]},"properties":{"pop":15120}},{"type":"Feature","geometry":{"type":"Point","coordinates":[8.85,50.95]},"properties":{"pop":2674}},{"type":"Feature","geometry":{"type":"Point","coordinates":[12.450000000000001,54.45]},"properties":{"pop":155}},{"type":"Feature","geometry":{"type":"Point","coordinates":[12.55,54.35]},"properties":{"pop":1793}},{"type":"Feature","geometry":{"type":"Point","coordinates":[12.55,54.45]},"properties":{"pop":2271}},{"type":"Feature","geometry":{"type":"Point","coordinates":[12.450000000000001,54.35]},"properties":{"pop":1040}},{"type":"Feature","geometry":{"type":"Point","coordinates":[8.35,50.75]},"properties":{"pop":12698}},{"type":"Feature","geometry":{"type":"Point","coordinates":[9.15,49.95]},"properties":{"pop":83979}},{"type":"Feature","geometry":{"type":"Point","coordinates":[13.25,48.650000000000006]},"properties":{"pop":7818}},{"type":"Feature","geometry":{"type":"Point","coordinates":[8.25,51.95]},"properties":{"pop":21884}},{"type":"Feature","geometry":{"type":"Point","coordinates":[8.25,50.650000000000006]},"properties":{"pop":14374}},{"type":"Feature","geometry":{"type":"Point","coordinates":[14.05,54.050000000000004]},"properties":{"pop":3101}},{"type":"Feature","geometry":{"type":"Point","coordinates":[14.15,53.95]},"properties":{"pop":9437}},{"type":"Feature","geometry":{"type":"Point","coordinates":[8.15,48.75]},"properties":{"pop":42114}},{"type":"Feature","geometry":{"type":"Point","coordinates":[8.05,48.75]},"properties":{"pop":13068}},{"type":"Feature","geometry":{"type":"Point","coordinates":[12.850000000000001,47.75]},"properties":{"pop":17563}},{"type":"Feature","geometry":{"type":"Point","coordinates":[11.55,49.050000000000004]},"properties":{"pop":6835}},{"type":"Feature","geometry":{"type":"Point","coordinates":[11.65,49.050000000000004]},"properties":{"pop":3730}},{"type":"Feature","geometry":{"type":"Point","coordinates":[8.25,50.75]},"properties":{"pop":25922}},{"type":"Feature","geometry":{"type":"Point","coordinates":[11.950000000000001,52.85]},"properties":{"pop":1404}},{"type":"Feature","geometry":{"type":"Point","coordinates":[11.950000000000001,52.95]},"properties":{"pop":2272}},{"type":"Feature","geometry":{"type":"Point","coordinates":[12.05,52.95]},"properties":{"pop":1470}},{"type":"Feature","geometry":{"type":"Point","coordinates":[11.75,49.45]},"properties":{"pop":16855}},{"type":"Feature","geometry":{"type":"Point","coordinates":[10.850000000000001,48.35]},"properties":{"pop":172507}},{"type":"Feature","geometry":{"type":"Point","coordinates":[9.450000000000001,48.550000000000004]},"properties":{"pop":19596}},{"type":"Feature","geometry":{"type":"Point","coordinates":[9.25,52.550000000000004]},"properties":{"pop":3288}},{"type":"Feature","geometry":{"type":"Point","coordinates":[12.15,47.75]},"properties":{"pop":20655}},{"type":"Feature","geometry":{"type":"Point","coordinates":[12.05,47.650000000000006]},"properties":{"pop":1406}},{"type":"Feature","geometry":{"type":"Point","coordinates":[12.15,47.650000000000006]},"properties":{"pop":9782}},{"type":"Feature","geometry":{"type":"Point","coordinates":[9.15,48.25]},"properties":{"pop":6697}},{"type":"Feature","geometry":{"type":"Point","coordinates":[10.15,47.650000000000006]},"properties":{"pop":5228}},{"type":"Feature","geometry":{"type":"Point","coordinates":[10.25,47.650000000000006]},"properties":{"pop":9561}},{"type":"Feature","geometry":{"type":"Point","coordinates":[9.15,48.35]},"properties":{"pop":11066}},{"type":"Feature","geometry":{"type":"Point","coordinates":[13.75,48.650000000000006]},"properties":{"pop":5010}},{"type":"Feature","geometry":{"type":"Point","coordinates":[13.850000000000001,48.650000000000006]},"properties":{"pop":857}},{"type":"Feature","geometry":{"type":"Point","coordinates":[9.05,48.35]},"properties":{"pop":9016}},{"type":"Feature","geometry":{"type":"Point","coordinates":[9.05,48.25]},"properties":{"pop":30783}},{"type":"Feature","geometry":{"type":"Point","coordinates":[11.55,48.95]},"properties":{"pop":3746}},{"type":"Feature","geometry":{"type":"Point","coordinates":[12.25,48.35]},"properties":{"pop":9898}},{"type":"Feature","geometry":{"type":"Point","coordinates":[12.350000000000001,48.35]},"properties":{"pop":5961}},{"type":"Feature","geometry":{"type":"Point","coordinates":[9.65,49.25]},"properties":{"pop":10676}},{"type":"Feature","geometry":{"type":"Point","coordinates":[10.850000000000001,50.550000000000004]},"properties":{"pop":4075}},{"type":"Feature","geometry":{"type":"Point","coordinates":[12.65,50.650000000000006]},"properties":{"pop":16223}},{"type":"Feature","geometry":{"type":"Point","coordinates":[11.25,50.95]},"properties":{"pop":17345}},{"type":"Feature","geometry":{"type":"Point","coordinates":[12.450000000000001,53.25]},"properties":{"pop":1278}},{"type":"Feature","geometry":{"type":"Point","coordinates":[12.55,53.25]},"properties":{"pop":1629}},{"type":"Feature","geometry":{"type":"Point","coordinates":[12.75,48.25]},"properties":{"pop":8513}},{"type":"Feature","geometry":{"type":"Point","coordinates":[10.850000000000001,53.150000000000006]},"properties":{"pop":1519}},{"type":"Feature","geometry":{"type":"Point","coordinates":[13.55,51.650000000000006]},"properties":{"pop":6061}},{"type":"Feature","geometry":{"type":"Point","coordinates":[8.75,53.650000000000006]},"properties":{"pop":2681}},{"type":"Feature","geometry":{"type":"Point","coordinates":[11.55,53.150000000000006]},"properties":{"pop":1002}},{"type":"Feature","geometry":{"type":"Point","coordinates":[12.25,53.85]},"properties":{"pop":5252}},{"type":"Feature","geometry":{"type":"Point","coordinates":[10.950000000000001,53.75]},"properties":{"pop":2016}},{"type":"Feature","geometry":{"type":"Point","coordinates":[7.65,53.650000000000006]},"properties":{"pop":8452}},{"type":"Feature","geometry":{"type":"Point","coordinates":[7.75,53.650000000000006]},"properties":{"pop":3840}},{"type":"Feature","geometry":{"type":"Point","coordinates":[7.65,53.75]},"properties":{"pop":559}},{"type":"Feature","geometry":{"type":"Point","coordinates":[7.75,53.75]},"properties":{"pop":251}},{"type":"Feature","geometry":{"type":"Point","coordinates":[7.550000000000001,47.75]},"properties":{"pop":11424}},{"type":"Feature","geometry":{"type":"Point","coordinates":[12.950000000000001,53.85]},"properties":{"pop":1618}},{"type":"Feature","geometry":{"type":"Point","coordinates":[8.950000000000001,53.650000000000006]},"properties":{"pop":1445}},{"type":"Feature","geometry":{"type":"Point","coordinates":[12.850000000000001,54.150000000000006]},"properties":{"pop":2437}},{"type":"Feature","geometry":{"type":"Point","coordinates":[12.950000000000001,54.150000000000006]},"properties":{"pop":1169}},{"type":"Feature","geometry":{"type":"Point","coordinates":[7.550000000000001,47.85]},"properties":{"pop":11091}},{"type":"Feature","geometry":{"type":"Point","coordinates":[14.05,50.85]},"properties":{"pop":2550}},{"type":"Feature","geometry":{"type":"Point","coordinates":[8.05,52.75]},"properties":{"pop":5547}},{"type":"Feature","geometry":{"type":"Point","coordinates":[8.950000000000001,48.85]},"properties":{"pop":30757}},{"type":"Feature","geometry":{"type":"Point","coordinates":[8.950000000000001,48.75]},"properties":{"pop":67904}},{"type":"Feature","geometry":{"type":"Point","coordinates":[11.55,53.85]},"properties":{"pop":5056}},{"type":"Feature","geometry":{"type":"Point","coordinates":[10.65,50.550000000000004]},"properties":{"pop":6727}},{"type":"Feature","geometry":{"type":"Point","coordinates":[14.05,51.150000000000006]},"properties":{"pop":15446}},{"type":"Feature","geometry":{"type":"Point","coordinates":[6.65,50.650000000000006]},"properties":{"pop":17756}},{"type":"Feature","geometry":{"type":"Point","coordinates":[6.75,50.75]},"properties":{"pop":19941}},{"type":"Feature","geometry":{"type":"Point","coordinates":[6.65,50.75]},"properties":{"pop":9692}},{"type":"Feature","geometry":{"type":"Point","coordinates":[7.8500000000000005,52.75]},"properties":{"pop":5871}},{"type":"Feature","geometry":{"type":"Point","coordinates":[7.8500000000000005,52.85]},"properties":{"pop":4168}},{"type":"Feature","geometry":{"type":"Point","coordinates":[7.95,52.75]},"properties":{"pop":7296}},{"type":"Feature","geometry":{"type":"Point","coordinates":[9.65,53.35]},"properties":{"pop":5143}},{"type":"Feature","geometry":{"type":"Point","coordinates":[9.65,53.45]},"properties":{"pop":36171}},{"type":"Feature","geometry":{"type":"Point","coordinates":[11.950000000000001,49.050000000000004]},"properties":{"pop":16198}},{"type":"Feature","geometry":{"type":"Point","coordinates":[11.850000000000001,49.050000000000004]},"properties":{"pop":9579}},{"type":"Feature","geometry":{"type":"Point","coordinates":[10.05,51.35]},"properties":{"pop":7100}},{"type":"Feature","geometry":{"type":"Point","coordinates":[11.55,50.85]},"properties":{"pop":22399}},{"type":"Feature","geometry":{"type":"Point","coordinates":[9.25,50.25]},"properties":{"pop":12699}},{"type":"Feature","geometry":{"type":"Point","coordinates":[9.15,50.25]},"properties":{"pop":26747}},{"type":"Feature","geometry":{"type":"Point","coordinates":[8.450000000000001,49.550000000000004]},"properties":{"pop":141353}},{"type":"Feature","geometry":{"type":"Point","coordinates":[8.55,49.550000000000004]},"properties":{"pop":77245}},{"type":"Feature","geometry":{"type":"Point","coordinates":[6.75,50.050000000000004]},"properties":{"pop":2509}},{"type":"Feature","geometry":{"type":"Point","coordinates":[11.75,48.050000000000004]},"properties":{"pop":32647}},{"type":"Feature","geometry":{"type":"Point","coordinates":[10.850000000000001,50.25]},"properties":{"pop":5174}},{"type":"Feature","geometry":{"type":"Point","coordinates":[10.850000000000001,50.150000000000006]},"properties":{"pop":5600}},{"type":"Feature","geometry":{"type":"Point","coordinates":[10.75,50.150000000000006]},"properties":{"pop":4389}},{"type":"Feature","geometry":{"type":"Point","coordinates":[10.75,50.25]},"properties":{"pop":2777}},{"type":"Feature","geometry":{"type":"Point","coordinates":[11.15,53.85]},"properties":{"pop":8804}},{"type":"Feature","geometry":{"type":"Point","coordinates":[11.15,53.75]},"properties":{"pop":3667}},{"type":"Feature","geometry":{"type":"Point","coordinates":[12.65,54.25]},"properties":{"pop":1867}},{"type":"Feature","geometry":{"type":"Point","coordinates":[12.950000000000001,47.75]},"properties":{"pop":11202}},{"type":"Feature","geometry":{"type":"Point","coordinates":[8.65,48.95]},"properties":{"pop":34751}},{"type":"Feature","geometry":{"type":"Point","coordinates":[9.850000000000001,53.650000000000006]},"properties":{"pop":85971}},{"type":"Feature","geometry":{"type":"Point","coordinates":[10.65,50.650000000000006]},"properties":{"pop":23789}},{"type":"Feature","geometry":{"type":"Point","coordinates":[13.05,48.75]},"properties":{"pop":13897}},{"type":"Feature","geometry":{"type":"Point","coordinates":[10.55,53.75]},"properties":{"pop":5449}},{"type":"Feature","geometry":{"type":"Point","coordinates":[8.85,52.25]},"properties":{"pop":49099}},{"type":"Feature","geometry":{"type":"Point","coordinates":[8.950000000000001,52.25]},"properties":{"pop":39439}},{"type":"Feature","geometry":{"type":"Point","coordinates":[8.85,52.35]},"properties":{"pop":21139}},{"type":"Feature","geometry":{"type":"Point","coordinates":[8.950000000000001,52.35]},"properties":{"pop":28673}},{"type":"Feature","geometry":{"type":"Point","coordinates":[8.450000000000001,52.050000000000004]},"properties":{"pop":43670}},{"type":"Feature","geometry":{"type":"Point","coordinates":[8.450000000000001,52.150000000000006]},"properties":{"pop":21014}},{"type":"Feature","geometry":{"type":"Point","coordinates":[6.45,51.150000000000006]},"properties":{"pop":140258}},{"type":"Feature","geometry":{"type":"Point","coordinates":[6.3500000000000005,51.150000000000006]},"properties":{"pop":58455}},{"type":"Feature","geometry":{"type":"Point","coordinates":[6.45,51.050000000000004]},"properties":{"pop":12414}},{"type":"Feature","geometry":{"type":"Point","coordinates":[10.950000000000001,51.150000000000006]},"properties":{"pop":6847}},{"type":"Feature","geometry":{"type":"Point","coordinates":[8.05,48.050000000000004]},"properties":{"pop":5443}},{"type":"Feature","geometry":{"type":"Point","coordinates":[8.15,48.050000000000004]},"properties":{"pop":6493}},{"type":"Feature","geometry":{"type":"Point","coordinates":[9.65,51.95]},"properties":{"pop":5783}},{"type":"Feature","geometry":{"type":"Point","coordinates":[6.45,51.25]},"properties":{"pop":83861}},{"type":"Feature","geometry":{"type":"Point","coordinates":[6.550000000000001,51.150000000000006]},"properties":{"pop":45760}},{"type":"Feature","geometry":{"type":"Point","coordinates":[13.350000000000001,54.150000000000006]},"properties":{"pop":6232}},{"type":"Feature","geometry":{"type":"Point","coordinates":[13.450000000000001,54.150000000000006]},"properties":{"pop":1932}},{"type":"Feature","geometry":{"type":"Point","coordinates":[10.05,50.45]},"properties":{"pop":2933}},{"type":"Feature","geometry":{"type":"Point","coordinates":[14.350000000000001,52.45]},"properties":{"pop":1896}},{"type":"Feature","geometry":{"type":"Point","coordinates":[14.350000000000001,52.35]},"properties":{"pop":2515}},{"type":"Feature","geometry":{"type":"Point","coordinates":[9.55,54.25]},"properties":{"pop":4825}},{"type":"Feature","geometry":{"type":"Point","coordinates":[13.350000000000001,54.650000000000006]},"properties":{"pop":1614}},{"type":"Feature","geometry":{"type":"Point","coordinates":[10.15,49.650000000000006]},"properties":{"pop":9880}},{"type":"Feature","geometry":{"type":"Point","coordinates":[9.35,53.650000000000006]},"properties":{"pop":8511}},{"type":"Feature","geometry":{"type":"Point","coordinates":[9.25,53.650000000000006]},"properties":{"pop":6102}},{"type":"Feature","geometry":{"type":"Point","coordinates":[13.350000000000001,54.550000000000004]},"properties":{"pop":530}},{"type":"Feature","geometry":{"type":"Point","coordinates":[13.55,48.75]},"properties":{"pop":9486}},{"type":"Feature","geometry":{"type":"Point","coordinates":[11.350000000000001,54.45]},"properties":{"pop":28}},{"type":"Feature","geometry":{"type":"Point","coordinates":[14.75,50.85]},"properties":{"pop":12377}},{"type":"Feature","geometry":{"type":"Point","coordinates":[14.850000000000001,50.85]},"properties":{"pop":7240}},{"type":"Feature","geometry":{"type":"Point","coordinates":[8.950000000000001,54.75]},"properties":{"pop":10291}},{"type":"Feature","geometry":{"type":"Point","coordinates":[7.75,51.75]},"properties":{"pop":19435}},{"type":"Feature","geometry":{"type":"Point","coordinates":[9.75,52.550000000000004]},"properties":{"pop":19275}},{"type":"Feature","geometry":{"type":"Point","coordinates":[11.15,54.050000000000004]},"properties":{"pop":111}},{"type":"Feature","geometry":{"type":"Point","coordinates":[10.15,50.150000000000006]},"properties":{"pop":6766}},{"type":"Feature","geometry":{"type":"Point","coordinates":[11.05,53.95]},"properties":{"pop":1991}},{"type":"Feature","geometry":{"type":"Point","coordinates":[11.450000000000001,50.150000000000006]},"properties":{"pop":16504}},{"type":"Feature","geometry":{"type":"Point","coordinates":[11.55,50.150000000000006]},"properties":{"pop":8177}},{"type":"Feature","geometry":{"type":"Point","coordinates":[11.55,50.25]},"properties":{"pop":3420}},{"type":"Feature","geometry":{"type":"Point","coordinates":[8.35,49.85]},"properties":{"pop":24976}},{"type":"Feature","geometry":{"type":"Point","coordinates":[8.25,48.150000000000006]},"properties":{"pop":9834}},{"type":"Feature","geometry":{"type":"Point","coordinates":[8.15,48.150000000000006]},"properties":{"pop":3517}},{"type":"Feature","geometry":{"type":"Point","coordinates":[13.65,48.75]},"properties":{"pop":9524}},{"type":"Feature","geometry":{"type":"Point","coordinates":[12.450000000000001,51.150000000000006]},"properties":{"pop":18023}},{"type":"Feature","geometry":{"type":"Point","coordinates":[12.65,50.85]},"properties":{"pop":11940}},{"type":"Feature","geometry":{"type":"Point","coordinates":[10.75,49.95]},"properties":{"pop":11767}},{"type":"Feature","geometry":{"type":"Point","coordinates":[10.75,49.85]},"properties":{"pop":10154}},{"type":"Feature","geometry":{"type":"Point","coordinates":[9.15,51.150000000000006]},"properties":{"pop":12088}},{"type":"Feature","geometry":{"type":"Point","coordinates":[7.65,49.95]},"properties":{"pop":2666}},{"type":"Feature","geometry":{"type":"Point","coordinates":[7.65,48.25]},"properties":{"pop":975}},{"type":"Feature","geometry":{"type":"Point","coordinates":[13.850000000000001,53.45]},"properties":{"pop":1416}},{"type":"Feature","geometry":{"type":"Point","coordinates":[12.15,50.85]},"properties":{"pop":17706}},{"type":"Feature","geometry":{"type":"Point","coordinates":[11.05,50.95]},"properties":{"pop":89823}},{"type":"Feature","geometry":{"type":"Point","coordinates":[10.75,48.95]},"properties":{"pop":4000}},{"type":"Feature","geometry":{"type":"Point","coordinates":[8.75,52.35]},"properties":{"pop":8525}},{"type":"Feature","geometry":{"type":"Point","coordinates":[10.850000000000001,48.85]},"properties":{"pop":5377}},{"type":"Feature","geometry":{"type":"Point","coordinates":[10.850000000000001,48.95]},"properties":{"pop":6342}},{"type":"Feature","geometry":{"type":"Point","coordinates":[11.55,50.050000000000004]},"properties":{"pop":9067}},{"type":"Feature","geometry":{"type":"Point","coordinates":[11.15,48.35]},"properties":{"pop":7249}},{"type":"Feature","geometry":{"type":"Point","coordinates":[11.15,48.25]},"properties":{"pop":12175}},{"type":"Feature","geometry":{"type":"Point","coordinates":[14.05,51.25]},"properties":{"pop":11261}},{"type":"Feature","geometry":{"type":"Point","coordinates":[14.05,51.35]},"properties":{"pop":7336}},{"type":"Feature","geometry":{"type":"Point","coordinates":[12.350000000000001,54.050000000000004]},"properties":{"pop":6064}},{"type":"Feature","geometry":{"type":"Point","coordinates":[7.45,51.150000000000006]},"properties":{"pop":14964}},{"type":"Feature","geometry":{"type":"Point","coordinates":[7.550000000000001,51.150000000000006]},"properties":{"pop":18142}},{"type":"Feature","geometry":{"type":"Point","coordinates":[10.65,53.85]},"properties":{"pop":96837}},{"type":"Feature","geometry":{"type":"Point","coordinates":[13.05,51.35]},"properties":{"pop":6109}},{"type":"Feature","geometry":{"type":"Point","coordinates":[9.850000000000001,48.45]},"properties":{"pop":12662}},{"type":"Feature","geometry":{"type":"Point","coordinates":[10.75,49.45]},"properties":{"pop":15511}},{"type":"Feature","geometry":{"type":"Point","coordinates":[13.15,54.35]},"properties":{"pop":3776}},{"type":"Feature","geometry":{"type":"Point","coordinates":[11.350000000000001,47.650000000000006]},"properties":{"pop":4995}},{"type":"Feature","geometry":{"type":"Point","coordinates":[11.25,47.650000000000006]},"properties":{"pop":11328}},{"type":"Feature","geometry":{"type":"Point","coordinates":[12.350000000000001,52.75]},"properties":{"pop":2723}},{"type":"Feature","geometry":{"type":"Point","coordinates":[7.3500000000000005,49.75]},"properties":{"pop":20587}},{"type":"Feature","geometry":{"type":"Point","coordinates":[12.350000000000001,52.650000000000006]},"properties":{"pop":17144}},{"type":"Feature","geometry":{"type":"Point","coordinates":[11.850000000000001,52.25]},"properties":{"pop":14705}},{"type":"Feature","geometry":{"type":"Point","coordinates":[11.950000000000001,52.25]},"properties":{"pop":2731}},{"type":"Feature","geometry":{"type":"Point","coordinates":[12.55,47.85]},"properties":{"pop":11433}},{"type":"Feature","geometry":{"type":"Point","coordinates":[11.450000000000001,53.650000000000006]},"properties":{"pop":32604}},{"type":"Feature","geometry":{"type":"Point","coordinates":[11.450000000000001,53.550000000000004]},"properties":{"pop":13584}},{"type":"Feature","geometry":{"type":"Point","coordinates":[11.350000000000001,53.550000000000004]},"properties":{"pop":11168}},{"type":"Feature","geometry":{"type":"Point","coordinates":[7.050000000000001,49.550000000000004]},"properties":{"pop":11827}},{"type":"Feature","geometry":{"type":"Point","coordinates":[10.75,48.550000000000004]},"properties":{"pop":7434}},{"type":"Feature","geometry":{"type":"Point","coordinates":[10.65,48.550000000000004]},"properties":{"pop":10588}},{"type":"Feature","geometry":{"type":"Point","coordinates":[10.950000000000001,50.050000000000004]},"properties":{"pop":10535}},{"type":"Feature","geometry":{"type":"Point","coordinates":[11.05,50.050000000000004]},"properties":{"pop":6041}},{"type":"Feature","geometry":{"type":"Point","coordinates":[10.850000000000001,50.050000000000004]},"properties":{"pop":9589}},{"type":"Feature","geometry":{"type":"Point","coordinates":[6.25,51.85]},"properties":{"pop":21893}},{"type":"Feature","geometry":{"type":"Point","coordinates":[11.55,52.050000000000004]},"properties":{"pop":24422}},{"type":"Feature","geometry":{"type":"Point","coordinates":[11.55,51.95]},"properties":{"pop":5176}},{"type":"Feature","geometry":{"type":"Point","coordinates":[8.35,51.75]},"properties":{"pop":23063}},{"type":"Feature","geometry":{"type":"Point","coordinates":[8.35,54.95]},"properties":{"pop":9222}},{"type":"Feature","geometry":{"type":"Point","coordinates":[14.15,51.35]},"properties":{"pop":3196}},{"type":"Feature","geometry":{"type":"Point","coordinates":[6.15,51.85]},"properties":{"pop":15547}},{"type":"Feature","geometry":{"type":"Point","coordinates":[6.15,51.95]},"properties":{"pop":319}},{"type":"Feature","geometry":{"type":"Point","coordinates":[8.55,53.75]},"properties":{"pop":4095}},{"type":"Feature","geometry":{"type":"Point","coordinates":[10.15,48.150000000000006]},"properties":{"pop":12246}},{"type":"Feature","geometry":{"type":"Point","coordinates":[8.55,50.550000000000004]},"properties":{"pop":41131}},{"type":"Feature","geometry":{"type":"Point","coordinates":[8.65,53.75]},"properties":{"pop":9321}},{"type":"Feature","geometry":{"type":"Point","coordinates":[8.55,53.85]},"properties":{"pop":1536}},{"type":"Feature","geometry":{"type":"Point","coordinates":[11.350000000000001,51.25]},"properties":{"pop":1452}},{"type":"Feature","geometry":{"type":"Point","coordinates":[9.15,53.650000000000006]},"properties":{"pop":9360}},{"type":"Feature","geometry":{"type":"Point","coordinates":[9.05,53.650000000000006]},"properties":{"pop":2274}},{"type":"Feature","geometry":{"type":"Point","coordinates":[7.25,53.050000000000004]},"properties":{"pop":3804}},{"type":"Feature","geometry":{"type":"Point","coordinates":[7.3500000000000005,53.050000000000004]},"properties":{"pop":17336}},{"type":"Feature","geometry":{"type":"Point","coordinates":[6.95,49.550000000000004]},"properties":{"pop":7941}},{"type":"Feature","geometry":{"type":"Point","coordinates":[13.950000000000001,52.85]},"properties":{"pop":2567}},{"type":"Feature","geometry":{"type":"Point","coordinates":[7.65,50.550000000000004]},"properties":{"pop":15863}},{"type":"Feature","geometry":{"type":"Point","coordinates":[8.450000000000001,49.050000000000004]},"properties":{"pop":95342}},{"type":"Feature","geometry":{"type":"Point","coordinates":[8.55,49.050000000000004]},"properties":{"pop":38760}},{"type":"Feature","geometry":{"type":"Point","coordinates":[11.05,48.35]},"properties":{"pop":14827}},{"type":"Feature","geometry":{"type":"Point","coordinates":[13.25,54.150000000000006]},"properties":{"pop":1901}},{"type":"Feature","geometry":{"type":"Point","coordinates":[13.850000000000001,54.050000000000004]},"properties":{"pop":3159}},{"type":"Feature","geometry":{"type":"Point","coordinates":[9.75,52.25]},"properties":{"pop":19409}},{"type":"Feature","geometry":{"type":"Point","coordinates":[11.05,47.45]},"properties":{"pop":14941}},{"type":"Feature","geometry":{"type":"Point","coordinates":[11.05,47.550000000000004]},"properties":{"pop":6464}},{"type":"Feature","geometry":{"type":"Point","coordinates":[11.15,47.550000000000004]},"properties":{"pop":9449}},{"type":"Feature","geometry":{"type":"Point","coordinates":[11.15,47.45]},"properties":{"pop":9455}},{"type":"Feature","geometry":{"type":"Point","coordinates":[10.950000000000001,47.45]},"properties":{"pop":390}},{"type":"Feature","geometry":{"type":"Point","coordinates":[14.05,52.85]},"properties":{"pop":6744}},{"type":"Feature","geometry":{"type":"Point","coordinates":[13.65,54.150000000000006]},"properties":{"pop":3530}},{"type":"Feature","geometry":{"type":"Point","coordinates":[6.95,52.050000000000004]},"properties":{"pop":19692}},{"type":"Feature","geometry":{"type":"Point","coordinates":[6.95,52.150000000000006]},"properties":{"pop":19863}},{"type":"Feature","geometry":{"type":"Point","coordinates":[7.050000000000001,52.150000000000006]},"properties":{"pop":20684}},{"type":"Feature","geometry":{"type":"Point","coordinates":[6.8500000000000005,52.150000000000006]},"properties":{"pop":2442}},{"type":"Feature","geometry":{"type":"Point","coordinates":[7.050000000000001,52.050000000000004]},"properties":{"pop":4435}},{"type":"Feature","geometry":{"type":"Point","coordinates":[6.8500000000000005,52.050000000000004]},"properties":{"pop":14460}},{"type":"Feature","geometry":{"type":"Point","coordinates":[11.15,51.85]},"properties":{"pop":5054}},{"type":"Feature","geometry":{"type":"Point","coordinates":[11.15,51.650000000000006]},"properties":{"pop":3675}},{"type":"Feature","geometry":{"type":"Point","coordinates":[9.25,54.550000000000004]},"properties":{"pop":2819}},{"type":"Feature","geometry":{"type":"Point","coordinates":[9.65,53.75]},"properties":{"pop":62055}},{"type":"Feature","geometry":{"type":"Point","coordinates":[7.050000000000001,50.85]},"properties":{"pop":147010}},{"type":"Feature","geometry":{"type":"Point","coordinates":[8.450000000000001,52.35]},"properties":{"pop":13546}},{"type":"Feature","geometry":{"type":"Point","coordinates":[8.450000000000001,52.25]},"properties":{"pop":13728}},{"type":"Feature","geometry":{"type":"Point","coordinates":[10.950000000000001,49.35]},"properties":{"pop":10692}},{"type":"Feature","geometry":{"type":"Point","coordinates":[11.05,49.25]},"properties":{"pop":22196}},{"type":"Feature","geometry":{"type":"Point","coordinates":[12.950000000000001,47.650000000000006]},"properties":{"pop":12563}},{"type":"Feature","geometry":{"type":"Point","coordinates":[13.950000000000001,51.35]},"properties":{"pop":2599}},{"type":"Feature","geometry":{"type":"Point","coordinates":[11.950000000000001,49.85]},"properties":{"pop":3250}},{"type":"Feature","geometry":{"type":"Point","coordinates":[11.850000000000001,49.85]},"properties":{"pop":7660}},{"type":"Feature","geometry":{"type":"Point","coordinates":[9.65,53.050000000000004]},"properties":{"pop":4460}},{"type":"Feature","geometry":{"type":"Point","coordinates":[9.65,52.95]},"properties":{"pop":5786}},{"type":"Feature","geometry":{"type":"Point","coordinates":[9.75,52.95]},"properties":{"pop":4429}},{"type":"Feature","geometry":{"type":"Point","coordinates":[9.65,52.85]},"properties":{"pop":11959}},{"type":"Feature","geometry":{"type":"Point","coordinates":[12.05,53.95]},"properties":{"pop":2749}},{"type":"Feature","geometry":{"type":"Point","coordinates":[12.15,53.95]},"properties":{"pop":5870}},{"type":"Feature","geometry":{"type":"Point","coordinates":[7.25,52.35]},"properties":{"pop":15830}},{"type":"Feature","geometry":{"type":"Point","coordinates":[7.25,52.25]},"properties":{"pop":7745}},{"type":"Feature","geometry":{"type":"Point","coordinates":[7.15,52.35]},"properties":{"pop":8081}},{"type":"Feature","geometry":{"type":"Point","coordinates":[7.15,52.25]},"properties":{"pop":17630}},{"type":"Feature","geometry":{"type":"Point","coordinates":[7.25,52.650000000000006]},"properties":{"pop":17303}},{"type":"Feature","geometry":{"type":"Point","coordinates":[7.25,51.150000000000006]},"properties":{"pop":67462}},{"type":"Feature","geometry":{"type":"Point","coordinates":[10.950000000000001,50.650000000000006]},"properties":{"pop":22864}},{"type":"Feature","geometry":{"type":"Point","coordinates":[11.15,50.35]},"properties":{"pop":30044}},{"type":"Feature","geometry":{"type":"Point","coordinates":[12.65,48.650000000000006]},"properties":{"pop":11058}},{"type":"Feature","geometry":{"type":"Point","coordinates":[12.55,48.650000000000006]},"properties":{"pop":8325}},{"type":"Feature","geometry":{"type":"Point","coordinates":[11.950000000000001,49.95]},"properties":{"pop":7387}},{"type":"Feature","geometry":{"type":"Point","coordinates":[11.850000000000001,53.650000000000006]},"properties":{"pop":1839}},{"type":"Feature","geometry":{"type":"Point","coordinates":[11.75,53.650000000000006]},"properties":{"pop":925}},{"type":"Feature","geometry":{"type":"Point","coordinates":[8.55,52.75]},"properties":{"pop":6223}},{"type":"Feature","geometry":{"type":"Point","coordinates":[8.65,52.75]},"properties":{"pop":6415}},{"type":"Feature","geometry":{"type":"Point","coordinates":[8.55,48.45]},"properties":{"pop":14059}},{"type":"Feature","geometry":{"type":"Point","coordinates":[7.45,50.650000000000006]},"properties":{"pop":11759}},{"type":"Feature","geometry":{"type":"Point","coordinates":[13.25,52.25]},"properties":{"pop":13522}},{"type":"Feature","geometry":{"type":"Point","coordinates":[13.25,52.35]},"properties":{"pop":36027}},{"type":"Feature","geometry":{"type":"Point","coordinates":[13.350000000000001,52.25]},"properties":{"pop":5573}},{"type":"Feature","geometry":{"type":"Point","coordinates":[13.15,52.35]},"properties":{"pop":51893}},{"type":"Feature","geometry":{"type":"Point","coordinates":[11.65,54.050000000000004]},"properties":{"pop":5341}},{"type":"Feature","geometry":{"type":"Point","coordinates":[9.75,48.650000000000006]},"properties":{"pop":40438}},{"type":"Feature","geometry":{"type":"Point","coordinates":[10.450000000000001,50.85]},"properties":{"pop":4979}},{"type":"Feature","geometry":{"type":"Point","coordinates":[8.65,51.550000000000004]},"properties":{"pop":5811}},{"type":"Feature","geometry":{"type":"Point","coordinates":[8.75,51.45]},"properties":{"pop":5346}},{"type":"Feature","geometry":{"type":"Point","coordinates":[8.65,51.45]},"properties":{"pop":5530}},{"type":"Feature","geometry":{"type":"Point","coordinates":[8.85,51.45]},"properties":{"pop":10182}},{"type":"Feature","geometry":{"type":"Point","coordinates":[11.15,47.650000000000006]},"properties":{"pop":7441}},{"type":"Feature","geometry":{"type":"Point","coordinates":[7.550000000000001,48.150000000000006]},"properties":{"pop":334}},{"type":"Feature","geometry":{"type":"Point","coordinates":[8.65,47.95]},"properties":{"pop":8305}},{"type":"Feature","geometry":{"type":"Point","coordinates":[8.65,52.85]},"properties":{"pop":4900}},{"type":"Feature","geometry":{"type":"Point","coordinates":[9.25,52.85]},"properties":{"pop":7841}},{"type":"Feature","geometry":{"type":"Point","coordinates":[9.35,52.95]},"properties":{"pop":4107}},{"type":"Feature","geometry":{"type":"Point","coordinates":[12.950000000000001,54.25]},"properties":{"pop":2364}},{"type":"Feature","geometry":{"type":"Point","coordinates":[11.850000000000001,49.95]},"properties":{"pop":4399}},{"type":"Feature","geometry":{"type":"Point","coordinates":[7.45,52.45]},"properties":{"pop":5326}},{"type":"Feature","geometry":{"type":"Point","coordinates":[10.950000000000001,48.45]},"properties":{"pop":21625}},{"type":"Feature","geometry":{"type":"Point","coordinates":[9.65,50.650000000000006]},"properties":{"pop":5794}},{"type":"Feature","geometry":{"type":"Point","coordinates":[9.65,50.75]},"properties":{"pop":4414}},{"type":"Feature","geometry":{"type":"Point","coordinates":[9.75,50.650000000000006]},"properties":{"pop":17090}},{"type":"Feature","geometry":{"type":"Point","coordinates":[13.15,48.45]},"properties":{"pop":7945}},{"type":"Feature","geometry":{"type":"Point","coordinates":[13.15,48.550000000000004]},"properties":{"pop":6908}},{"type":"Feature","geometry":{"type":"Point","coordinates":[13.05,48.550000000000004]},"properties":{"pop":8130}},{"type":"Feature","geometry":{"type":"Point","coordinates":[13.950000000000001,51.95]},"properties":{"pop":5478}},{"type":"Feature","geometry":{"type":"Point","coordinates":[7.75,51.45]},"properties":{"pop":57015}},{"type":"Feature","geometry":{"type":"Point","coordinates":[7.8500000000000005,51.45]},"properties":{"pop":30281}},{"type":"Feature","geometry":{"type":"Point","coordinates":[8.15,51.050000000000004]},"properties":{"pop":5670}},{"type":"Feature","geometry":{"type":"Point","coordinates":[8.25,51.050000000000004]},"properties":{"pop":3384}},{"type":"Feature","geometry":{"type":"Point","coordinates":[14.05,51.95]},"properties":{"pop":1989}},{"type":"Feature","geometry":{"type":"Point","coordinates":[9.75,51.35]},"properties":{"pop":7281}},{"type":"Feature","geometry":{"type":"Point","coordinates":[9.55,47.85]},"properties":{"pop":9443}},{"type":"Feature","geometry":{"type":"Point","coordinates":[13.950000000000001,51.85]},"properties":{"pop":12190}},{"type":"Feature","geometry":{"type":"Point","coordinates":[10.05,47.75]},"properties":{"pop":10132}},{"type":"Feature","geometry":{"type":"Point","coordinates":[10.15,47.75]},"properties":{"pop":4368}},{"type":"Feature","geometry":{"type":"Point","coordinates":[9.950000000000001,47.75]},"properties":{"pop":7442}},{"type":"Feature","geometry":{"type":"Point","coordinates":[9.450000000000001,50.85]},"properties":{"pop":4790}},{"type":"Feature","geometry":{"type":"Point","coordinates":[12.950000000000001,53.95]},"properties":{"pop":1762}},{"type":"Feature","geometry":{"type":"Point","coordinates":[9.75,51.75]},"properties":{"pop":3468}},{"type":"Feature","geometry":{"type":"Point","coordinates":[9.75,51.85]},"properties":{"pop":6093}},{"type":"Feature","geometry":{"type":"Point","coordinates":[9.65,51.75]},"properties":{"pop":1922}},{"type":"Feature","geometry":{"type":"Point","coordinates":[9.55,54.75]},"properties":{"pop":6479}},{"type":"Feature","geometry":{"type":"Point","coordinates":[9.55,47.95]},"properties":{"pop":9056}},{"type":"Feature","geometry":{"type":"Point","coordinates":[9.55,49.150000000000006]},"properties":{"pop":14048}},{"type":"Feature","geometry":{"type":"Point","coordinates":[9.15,47.650000000000006]},"properties":{"pop":61211}},{"type":"Feature","geometry":{"type":"Point","coordinates":[8.950000000000001,49.75]},"properties":{"pop":14544}},{"type":"Feature","geometry":{"type":"Point","coordinates":[13.65,53.25]},"properties":{"pop":1356}},{"type":"Feature","geometry":{"type":"Point","coordinates":[13.450000000000001,53.25]},"properties":{"pop":489}},{"type":"Feature","geometry":{"type":"Point","coordinates":[13.55,53.25]},"properties":{"pop":1175}},{"type":"Feature","geometry":{"type":"Point","coordinates":[9.15,51.050000000000004]},"properties":{"pop":7074}},{"type":"Feature","geometry":{"type":"Point","coordinates":[8.15,47.85]},"properties":{"pop":5612}},{"type":"Feature","geometry":{"type":"Point","coordinates":[8.25,47.85]},"properties":{"pop":5916}},{"type":"Feature","geometry":{"type":"Point","coordinates":[9.35,49.95]},"properties":{"pop":4902}},{"type":"Feature","geometry":{"type":"Point","coordinates":[12.450000000000001,53.45]},"properties":{"pop":6454}},{"type":"Feature","geometry":{"type":"Point","coordinates":[8.05,47.550000000000004]},"properties":{"pop":16388}},{"type":"Feature","geometry":{"type":"Point","coordinates":[8.15,47.550000000000004]},"properties":{"pop":1598}},{"type":"Feature","geometry":{"type":"Point","coordinates":[13.25,49.150000000000006]},"properties":{"pop":219}},{"type":"Feature","geometry":{"type":"Point","coordinates":[13.15,49.150000000000006]},"properties":{"pop":995}},{"type":"Feature","geometry":{"type":"Point","coordinates":[13.25,49.050000000000004]},"properties":{"pop":10401}},{"type":"Feature","geometry":{"type":"Point","coordinates":[8.05,47.85]},"properties":{"pop":2689}},{"type":"Feature","geometry":{"type":"Point","coordinates":[11.350000000000001,50.150000000000006]},"properties":{"pop":8308}},{"type":"Feature","geometry":{"type":"Point","coordinates":[8.55,48.95]},"properties":{"pop":36646}},{"type":"Feature","geometry":{"type":"Point","coordinates":[14.850000000000001,51.050000000000004]},"properties":{"pop":4745}},{"type":"Feature","geometry":{"type":"Point","coordinates":[9.65,50.45]},"properties":{"pop":12513}},{"type":"Feature","geometry":{"type":"Point","coordinates":[9.55,50.35]},"properties":{"pop":13143}},{"type":"Feature","geometry":{"type":"Point","coordinates":[13.65,52.650000000000006]},"properties":{"pop":11117}},{"type":"Feature","geometry":{"type":"Point","coordinates":[11.450000000000001,50.050000000000004]},"properties":{"pop":12335}},{"type":"Feature","geometry":{"type":"Point","coordinates":[11.350000000000001,50.050000000000004]},"properties":{"pop":7538}},{"type":"Feature","geometry":{"type":"Point","coordinates":[6.25,49.85]},"properties":{"pop":298}},{"type":"Feature","geometry":{"type":"Point","coordinates":[6.3500000000000005,51.650000000000006]},"properties":{"pop":11275}},{"type":"Feature","geometry":{"type":"Point","coordinates":[6.3500000000000005,51.550000000000004]},"properties":{"pop":23126}},{"type":"Feature","geometry":{"type":"Point","coordinates":[6.25,51.650000000000006]},"properties":{"pop":12496}},{"type":"Feature","geometry":{"type":"Point","coordinates":[9.65,52.650000000000006]},"properties":{"pop":11445}},{"type":"Feature","geometry":{"type":"Point","coordinates":[9.75,52.650000000000006]},"properties":{"pop":3591}},{"type":"Feature","geometry":{"type":"Point","coordinates":[10.05,47.550000000000004]},"properties":{"pop":6608}},{"type":"Feature","geometry":{"type":"Point","coordinates":[9.25,54.45]},"properties":{"pop":3548}},{"type":"Feature","geometry":{"type":"Point","coordinates":[11.450000000000001,51.550000000000004]},"properties":{"pop":13843}},{"type":"Feature","geometry":{"type":"Point","coordinates":[12.25,47.75]},"properties":{"pop":4163}},{"type":"Feature","geometry":{"type":"Point","coordinates":[10.05,53.35]},"properties":{"pop":20194}},{"type":"Feature","geometry":{"type":"Point","coordinates":[10.15,51.550000000000004]},"properties":{"pop":7440}},{"type":"Feature","geometry":{"type":"Point","coordinates":[12.25,52.75]},"properties":{"pop":838}},{"type":"Feature","geometry":{"type":"Point","coordinates":[10.55,50.35]},"properties":{"pop":3664}},{"type":"Feature","geometry":{"type":"Point","coordinates":[10.15,48.85]},"properties":{"pop":32079}},{"type":"Feature","geometry":{"type":"Point","coordinates":[12.25,52.650000000000006]},"properties":{"pop":2866}},{"type":"Feature","geometry":{"type":"Point","coordinates":[7.25,53.35]},"properties":{"pop":28596}},{"type":"Feature","geometry":{"type":"Point","coordinates":[7.15,53.35]},"properties":{"pop":20170}},{"type":"Feature","geometry":{"type":"Point","coordinates":[7.050000000000001,53.35]},"properties":{"pop":3186}},{"type":"Feature","geometry":{"type":"Point","coordinates":[7.3500000000000005,53.35]},"properties":{"pop":6466}},{"type":"Feature","geometry":{"type":"Point","coordinates":[11.05,47.85]},"properties":{"pop":9294}},{"type":"Feature","geometry":{"type":"Point","coordinates":[14.65,51.550000000000004]},"properties":{"pop":16064}},{"type":"Feature","geometry":{"type":"Point","coordinates":[14.65,51.45]},"properties":{"pop":3658}},{"type":"Feature","geometry":{"type":"Point","coordinates":[14.55,51.45]},"properties":{"pop":1812}},{"type":"Feature","geometry":{"type":"Point","coordinates":[9.25,53.150000000000006]},"properties":{"pop":9347}},{"type":"Feature","geometry":{"type":"Point","coordinates":[9.15,53.150000000000006]},"properties":{"pop":7381}},{"type":"Feature","geometry":{"type":"Point","coordinates":[10.15,52.650000000000006]},"properties":{"pop":11725}},{"type":"Feature","geometry":{"type":"Point","coordinates":[7.15,49.45]},"properties":{"pop":27251}},{"type":"Feature","geometry":{"type":"Point","coordinates":[8.65,51.35]},"properties":{"pop":4616}},{"type":"Feature","geometry":{"type":"Point","coordinates":[11.55,51.35]},"properties":{"pop":5904}},{"type":"Feature","geometry":{"type":"Point","coordinates":[11.25,50.050000000000004]},"properties":{"pop":4343}},{"type":"Feature","geometry":{"type":"Point","coordinates":[8.35,53.45]},"properties":{"pop":3919}},{"type":"Feature","geometry":{"type":"Point","coordinates":[8.450000000000001,53.45]},"properties":{"pop":19733}},{"type":"Feature","geometry":{"type":"Point","coordinates":[8.35,53.35]},"properties":{"pop":3103}},{"type":"Feature","geometry":{"type":"Point","coordinates":[11.55,51.25]},"properties":{"pop":4979}},{"type":"Feature","geometry":{"type":"Point","coordinates":[13.55,48.95]},"properties":{"pop":1233}},{"type":"Feature","geometry":{"type":"Point","coordinates":[11.05,48.45]},"properties":{"pop":10072}},{"type":"Feature","geometry":{"type":"Point","coordinates":[12.350000000000001,47.95]},"properties":{"pop":10582}},{"type":"Feature","geometry":{"type":"Point","coordinates":[12.950000000000001,53.25]},"properties":{"pop":2461}},{"type":"Feature","geometry":{"type":"Point","coordinates":[10.65,50.95]},"properties":{"pop":21765}},{"type":"Feature","geometry":{"type":"Point","coordinates":[10.75,50.95]},"properties":{"pop":29035}},{"type":"Feature","geometry":{"type":"Point","coordinates":[8.75,53.75]},"properties":{"pop":3601}},{"type":"Feature","geometry":{"type":"Point","coordinates":[8.75,53.25]},"properties":{"pop":22103}},{"type":"Feature","geometry":{"type":"Point","coordinates":[13.55,53.95]},"properties":{"pop":2197}},{"type":"Feature","geometry":{"type":"Point","coordinates":[10.15,52.95]},"properties":{"pop":6807}},{"type":"Feature","geometry":{"type":"Point","coordinates":[10.15,52.85]},"properties":{"pop":5198}},{"type":"Feature","geometry":{"type":"Point","coordinates":[10.05,52.85]},"properties":{"pop":5940}},{"type":"Feature","geometry":{"type":"Point","coordinates":[10.05,52.95]},"properties":{"pop":5601}},{"type":"Feature","geometry":{"type":"Point","coordinates":[10.25,52.85]},"properties":{"pop":3599}},{"type":"Feature","geometry":{"type":"Point","coordinates":[10.75,51.150000000000006]},"properties":{"pop":3659}},{"type":"Feature","geometry":{"type":"Point","coordinates":[6.95,51.050000000000004]},"properties":{"pop":137697}},{"type":"Feature","geometry":{"type":"Point","coordinates":[9.35,48.95]},"properties":{"pop":26231}},{"type":"Feature","geometry":{"type":"Point","coordinates":[12.15,51.050000000000004]},"properties":{"pop":25431}},{"type":"Feature","geometry":{"type":"Point","coordinates":[11.950000000000001,47.75]},"properties":{"pop":8056}},{"type":"Feature","geometry":{"type":"Point","coordinates":[11.950000000000001,47.650000000000006]},"properties":{"pop":780}},{"type":"Feature","geometry":{"type":"Point","coordinates":[11.850000000000001,54.050000000000004]},"properties":{"pop":3316}},{"type":"Feature","geometry":{"type":"Point","coordinates":[8.55,49.650000000000006]},"properties":{"pop":26430}},{"type":"Feature","geometry":{"type":"Point","coordinates":[12.950000000000001,48.95]},"properties":{"pop":7092}},{"type":"Feature","geometry":{"type":"Point","coordinates":[10.65,48.650000000000006]},"properties":{"pop":5110}},{"type":"Feature","geometry":{"type":"Point","coordinates":[12.15,48.050000000000004]},"properties":{"pop":14576}},{"type":"Feature","geometry":{"type":"Point","coordinates":[10.65,51.45]},"properties":{"pop":4805}},{"type":"Feature","geometry":{"type":"Point","coordinates":[11.25,48.75]},"properties":{"pop":19583}},{"type":"Feature","geometry":{"type":"Point","coordinates":[12.850000000000001,53.75]},"properties":{"pop":1463}},{"type":"Feature","geometry":{"type":"Point","coordinates":[9.75,49.95]},"properties":{"pop":11619}},{"type":"Feature","geometry":{"type":"Point","coordinates":[8.05,53.150000000000006]},"properties":{"pop":18196}},{"type":"Feature","geometry":{"type":"Point","coordinates":[10.75,48.25]},"properties":{"pop":12322}},{"type":"Feature","geometry":{"type":"Point","coordinates":[7.550000000000001,48.050000000000004]},"properties":{"pop":7613}},{"type":"Feature","geometry":{"type":"Point","coordinates":[7.65,48.050000000000004]},"properties":{"pop":15688}},{"type":"Feature","geometry":{"type":"Point","coordinates":[7.95,51.650000000000006]},"properties":{"pop":19172}},{"type":"Feature","geometry":{"type":"Point","coordinates":[10.450000000000001,52.650000000000006]},"properties":{"pop":2848}},{"type":"Feature","geometry":{"type":"Point","coordinates":[10.350000000000001,52.650000000000006]},"properties":{"pop":2629}},{"type":"Feature","geometry":{"type":"Point","coordinates":[12.15,53.550000000000004]},"properties":{"pop":1043}},{"type":"Feature","geometry":{"type":"Point","coordinates":[10.25,47.85]},"properties":{"pop":13451}},{"type":"Feature","geometry":{"type":"Point","coordinates":[12.05,53.75]},"properties":{"pop":1824}},{"type":"Feature","geometry":{"type":"Point","coordinates":[12.450000000000001,52.75]},"properties":{"pop":997}},{"type":"Feature","geometry":{"type":"Point","coordinates":[12.55,52.75]},"properties":{"pop":2327}},{"type":"Feature","geometry":{"type":"Point","coordinates":[11.350000000000001,50.550000000000004]},"properties":{"pop":4022}},{"type":"Feature","geometry":{"type":"Point","coordinates":[8.450000000000001,50.25]},"properties":{"pop":11970}},{"type":"Feature","geometry":{"type":"Point","coordinates":[9.950000000000001,50.35]},"properties":{"pop":4415}},{"type":"Feature","geometry":{"type":"Point","coordinates":[12.55,52.650000000000006]},"properties":{"pop":1536}},{"type":"Feature","geometry":{"type":"Point","coordinates":[9.35,48.550000000000004]},"properties":{"pop":42361}},{"type":"Feature","geometry":{"type":"Point","coordinates":[7.550000000000001,52.45]},"properties":{"pop":8518}},{"type":"Feature","geometry":{"type":"Point","coordinates":[10.15,51.35]},"properties":{"pop":15791}},{"type":"Feature","geometry":{"type":"Point","coordinates":[12.05,49.85]},"properties":{"pop":6049}},{"type":"Feature","geometry":{"type":"Point","coordinates":[14.65,51.650000000000006]},"properties":{"pop":3390}},{"type":"Feature","geometry":{"type":"Point","coordinates":[11.55,50.35]},"properties":{"pop":4637}},{"type":"Feature","geometry":{"type":"Point","coordinates":[11.450000000000001,50.35]},"properties":{"pop":2965}},{"type":"Feature","geometry":{"type":"Point","coordinates":[8.450000000000001,50.75]},"properties":{"pop":13262}},{"type":"Feature","geometry":{"type":"Point","coordinates":[13.950000000000001,51.050000000000004]},"properties":{"pop":18937}},{"type":"Feature","geometry":{"type":"Point","coordinates":[8.25,51.85]},"properties":{"pop":33494}},{"type":"Feature","geometry":{"type":"Point","coordinates":[8.85,53.050000000000004]},"properties":{"pop":155280}},{"type":"Feature","geometry":{"type":"Point","coordinates":[8.75,53.050000000000004]},"properties":{"pop":82655}},{"type":"Feature","geometry":{"type":"Point","coordinates":[8.75,53.150000000000006]},"properties":{"pop":76580}},{"type":"Feature","geometry":{"type":"Point","coordinates":[11.15,51.45]},"properties":{"pop":3642}},{"type":"Feature","geometry":{"type":"Point","coordinates":[8.65,49.550000000000004]},"properties":{"pop":68966}},{"type":"Feature","geometry":{"type":"Point","coordinates":[9.450000000000001,51.35]},"properties":{"pop":136757}},{"type":"Feature","geometry":{"type":"Point","coordinates":[11.350000000000001,53.25]},"properties":{"pop":2697}},{"type":"Feature","geometry":{"type":"Point","coordinates":[13.05,48.95]},"properties":{"pop":5817}},{"type":"Feature","geometry":{"type":"Point","coordinates":[11.850000000000001,48.550000000000004]},"properties":{"pop":9450}},{"type":"Feature","geometry":{"type":"Point","coordinates":[7.75,47.75]},"properties":{"pop":4065}},{"type":"Feature","geometry":{"type":"Point","coordinates":[12.25,53.35]},"properties":{"pop":2152}},{"type":"Feature","geometry":{"type":"Point","coordinates":[12.05,53.25]},"properties":{"pop":1834}},{"type":"Feature","geometry":{"type":"Point","coordinates":[11.950000000000001,53.25]},"properties":{"pop":951}},{"type":"Feature","geometry":{"type":"Point","coordinates":[8.65,48.45]},"properties":{"pop":16219}},{"type":"Feature","geometry":{"type":"Point","coordinates":[6.3500000000000005,50.75]},"properties":{"pop":9392}},{"type":"Feature","geometry":{"type":"Point","coordinates":[6.45,50.75]},"properties":{"pop":49205}},{"type":"Feature","geometry":{"type":"Point","coordinates":[6.45,50.85]},"properties":{"pop":57337}},{"type":"Feature","geometry":{"type":"Point","coordinates":[9.15,49.550000000000004]},"properties":{"pop":2761}},{"type":"Feature","geometry":{"type":"Point","coordinates":[9.05,49.650000000000006]},"properties":{"pop":13299}},{"type":"Feature","geometry":{"type":"Point","coordinates":[9.450000000000001,51.150000000000006]},"properties":{"pop":17603}},{"type":"Feature","geometry":{"type":"Point","coordinates":[8.85,52.85]},"properties":{"pop":7022}},{"type":"Feature","geometry":{"type":"Point","coordinates":[12.05,51.95]},"properties":{"pop":7163}},{"type":"Feature","geometry":{"type":"Point","coordinates":[12.15,52.050000000000004]},"properties":{"pop":2599}},{"type":"Feature","geometry":{"type":"Point","coordinates":[12.350000000000001,52.050000000000004]},"properties":{"pop":1068}},{"type":"Feature","geometry":{"type":"Point","coordinates":[12.25,52.050000000000004]},"properties":{"pop":1755}},{"type":"Feature","geometry":{"type":"Point","coordinates":[11.950000000000001,51.95]},"properties":{"pop":1843}},{"type":"Feature","geometry":{"type":"Point","coordinates":[12.25,51.95]},"properties":{"pop":5776}},{"type":"Feature","geometry":{"type":"Point","coordinates":[12.05,52.050000000000004]},"properties":{"pop":1794}},{"type":"Feature","geometry":{"type":"Point","coordinates":[12.15,51.95]},"properties":{"pop":3156}},{"type":"Feature","geometry":{"type":"Point","coordinates":[9.35,51.150000000000006]},"properties":{"pop":9346}},{"type":"Feature","geometry":{"type":"Point","coordinates":[9.450000000000001,51.050000000000004]},"properties":{"pop":10355}},{"type":"Feature","geometry":{"type":"Point","coordinates":[10.65,51.550000000000004]},"properties":{"pop":7144}},{"type":"Feature","geometry":{"type":"Point","coordinates":[10.65,51.650000000000006]},"properties":{"pop":4320}},{"type":"Feature","geometry":{"type":"Point","coordinates":[9.25,51.75]},"properties":{"pop":6419}},{"type":"Feature","geometry":{"type":"Point","coordinates":[8.85,49.45]},"properties":{"pop":10742}},{"type":"Feature","geometry":{"type":"Point","coordinates":[7.65,47.85]},"properties":{"pop":32770}},{"type":"Feature","geometry":{"type":"Point","coordinates":[10.450000000000001,52.35]},"properties":{"pop":26591}},{"type":"Feature","geometry":{"type":"Point","coordinates":[7.3500000000000005,50.85]},"properties":{"pop":25313}},{"type":"Feature","geometry":{"type":"Point","coordinates":[7.3500000000000005,50.75]},"properties":{"pop":26568}},{"type":"Feature","geometry":{"type":"Point","coordinates":[7.550000000000001,51.050000000000004]},"properties":{"pop":34567}},{"type":"Feature","geometry":{"type":"Point","coordinates":[7.550000000000001,50.95]},"properties":{"pop":35473}},{"type":"Feature","geometry":{"type":"Point","coordinates":[7.45,50.95]},"properties":{"pop":20383}},{"type":"Feature","geometry":{"type":"Point","coordinates":[9.65,50.35]},"properties":{"pop":6989}},{"type":"Feature","geometry":{"type":"Point","coordinates":[9.450000000000001,50.35]},"properties":{"pop":8894}},{"type":"Feature","geometry":{"type":"Point","coordinates":[9.35,47.650000000000006]},"properties":{"pop":10294}},{"type":"Feature","geometry":{"type":"Point","coordinates":[12.350000000000001,50.650000000000006]},"properties":{"pop":17000}},{"type":"Feature","geometry":{"type":"Point","coordinates":[10.950000000000001,49.45]},"properties":{"pop":124614}},{"type":"Feature","geometry":{"type":"Point","coordinates":[10.350000000000001,54.150000000000006]},"properties":{"pop":5174}},{"type":"Feature","geometry":{"type":"Point","coordinates":[7.75,47.85]},"properties":{"pop":12646}},{"type":"Feature","geometry":{"type":"Point","coordinates":[10.55,51.650000000000006]},"properties":{"pop":2737}},{"type":"Feature","geometry":{"type":"Point","coordinates":[13.55,51.150000000000006]},"properties":{"pop":38922}},{"type":"Feature","geometry":{"type":"Point","coordinates":[9.65,54.25]},"properties":{"pop":22725}},{"type":"Feature","geometry":{"type":"Point","coordinates":[9.05,49.050000000000004]},"properties":{"pop":29544}},{"type":"Feature","geometry":{"type":"Point","coordinates":[8.950000000000001,49.050000000000004]},"properties":{"pop":12447}},{"type":"Feature","geometry":{"type":"Point","coordinates":[12.05,53.85]},"properties":{"pop":1947}},{"type":"Feature","geometry":{"type":"Point","coordinates":[9.35,51.050000000000004]},"properties":{"pop":7605}},{"type":"Feature","geometry":{"type":"Point","coordinates":[9.25,51.050000000000004]},"properties":{"pop":11521}},{"type":"Feature","geometry":{"type":"Point","coordinates":[12.350000000000001,51.050000000000004]},"properties":{"pop":13493}},{"type":"Feature","geometry":{"type":"Point","coordinates":[14.25,52.650000000000006]},"properties":{"pop":2700}},{"type":"Feature","geometry":{"type":"Point","coordinates":[14.15,52.650000000000006]},"properties":{"pop":2231}},{"type":"Feature","geometry":{"type":"Point","coordinates":[9.450000000000001,49.85]},"properties":{"pop":4497}},{"type":"Feature","geometry":{"type":"Point","coordinates":[10.55,51.050000000000004]},"properties":{"pop":2876}},{"type":"Feature","geometry":{"type":"Point","coordinates":[6.65,49.550000000000004]},"properties":{"pop":5503}},{"type":"Feature","geometry":{"type":"Point","coordinates":[14.05,52.45]},"properties":{"pop":2546}},{"type":"Feature","geometry":{"type":"Point","coordinates":[14.15,52.45]},"properties":{"pop":1565}},{"type":"Feature","geometry":{"type":"Point","coordinates":[13.950000000000001,52.45]},"properties":{"pop":2433}},{"type":"Feature","geometry":{"type":"Point","coordinates":[9.950000000000001,52.25]},"properties":{"pop":18014}},{"type":"Feature","geometry":{"type":"Point","coordinates":[14.15,52.35]},"properties":{"pop":3234}},{"type":"Feature","geometry":{"type":"Point","coordinates":[12.450000000000001,52.650000000000006]},"properties":{"pop":1578}},{"type":"Feature","geometry":{"type":"Point","coordinates":[12.65,51.25]},"properties":{"pop":9182}},{"type":"Feature","geometry":{"type":"Point","coordinates":[12.05,47.75]},"properties":{"pop":10182}},{"type":"Feature","geometry":{"type":"Point","coordinates":[7.15,51.150000000000006]},"properties":{"pop":84891}},{"type":"Feature","geometry":{"type":"Point","coordinates":[9.15,48.550000000000004]},"properties":{"pop":54584}},{"type":"Feature","geometry":{"type":"Point","coordinates":[11.25,53.650000000000006]},"properties":{"pop":3359}},{"type":"Feature","geometry":{"type":"Point","coordinates":[9.450000000000001,51.550000000000004]},"properties":{"pop":5697}},{"type":"Feature","geometry":{"type":"Point","coordinates":[9.55,51.550000000000004]},"properties":{"pop":2693}},{"type":"Feature","geometry":{"type":"Point","coordinates":[12.25,50.25]},"properties":{"pop":4035}},{"type":"Feature","geometry":{"type":"Point","coordinates":[7.3500000000000005,52.35]},"properties":{"pop":9321}},{"type":"Feature","geometry":{"type":"Point","coordinates":[7.45,52.35]},"properties":{"pop":17342}},{"type":"Feature","geometry":{"type":"Point","coordinates":[9.35,49.35]},"properties":{"pop":10303}},{"type":"Feature","geometry":{"type":"Point","coordinates":[8.75,52.95]},"properties":{"pop":17027}},{"type":"Feature","geometry":{"type":"Point","coordinates":[8.85,52.95]},"properties":{"pop":37592}},{"type":"Feature","geometry":{"type":"Point","coordinates":[9.950000000000001,51.25]},"properties":{"pop":10313}},{"type":"Feature","geometry":{"type":"Point","coordinates":[11.350000000000001,48.95]},"properties":{"pop":5374}},{"type":"Feature","geometry":{"type":"Point","coordinates":[11.450000000000001,48.95]},"properties":{"pop":7567}},{"type":"Feature","geometry":{"type":"Point","coordinates":[11.25,48.95]},"properties":{"pop":4047}},{"type":"Feature","geometry":{"type":"Point","coordinates":[12.350000000000001,54.150000000000006]},"properties":{"pop":2714}},{"type":"Feature","geometry":{"type":"Point","coordinates":[9.05,48.75]},"properties":{"pop":78088}},{"type":"Feature","geometry":{"type":"Point","coordinates":[7.95,48.75]},"properties":{"pop":2928}},{"type":"Feature","geometry":{"type":"Point","coordinates":[9.55,47.75]},"properties":{"pop":31754}},{"type":"Feature","geometry":{"type":"Point","coordinates":[7.15,51.650000000000006]},"properties":{"pop":95767}},{"type":"Feature","geometry":{"type":"Point","coordinates":[10.25,48.45]},"properties":{"pop":24713}},{"type":"Feature","geometry":{"type":"Point","coordinates":[12.75,49.35]},"properties":{"pop":4467}},{"type":"Feature","geometry":{"type":"Point","coordinates":[9.850000000000001,50.150000000000006]},"properties":{"pop":8253}},{"type":"Feature","geometry":{"type":"Point","coordinates":[7.3500000000000005,51.650000000000006]},"properties":{"pop":48458}},{"type":"Feature","geometry":{"type":"Point","coordinates":[7.15,51.75]},"properties":{"pop":22601}},{"type":"Feature","geometry":{"type":"Point","coordinates":[12.15,48.550000000000004]},"properties":{"pop":80026}},{"type":"Feature","geometry":{"type":"Point","coordinates":[12.15,49.550000000000004]},"properties":{"pop":7033}},{"type":"Feature","geometry":{"type":"Point","coordinates":[12.25,49.550000000000004]},"properties":{"pop":3859}},{"type":"Feature","geometry":{"type":"Point","coordinates":[9.35,52.550000000000004]},"properties":{"pop":3947}},{"type":"Feature","geometry":{"type":"Point","coordinates":[9.35,52.650000000000006]},"properties":{"pop":2511}},{"type":"Feature","geometry":{"type":"Point","coordinates":[6.550000000000001,50.95]},"properties":{"pop":30848}},{"type":"Feature","geometry":{"type":"Point","coordinates":[9.450000000000001,52.650000000000006]},"properties":{"pop":4107}},{"type":"Feature","geometry":{"type":"Point","coordinates":[9.55,52.650000000000006]},"properties":{"pop":4709}},{"type":"Feature","geometry":{"type":"Point","coordinates":[9.450000000000001,48.95]},"properties":{"pop":54143}},{"type":"Feature","geometry":{"type":"Point","coordinates":[8.950000000000001,48.550000000000004]},"properties":{"pop":25177}},{"type":"Feature","geometry":{"type":"Point","coordinates":[7.550000000000001,49.85]},"properties":{"pop":5618}},{"type":"Feature","geometry":{"type":"Point","coordinates":[9.55,53.35]},"properties":{"pop":3244}},{"type":"Feature","geometry":{"type":"Point","coordinates":[11.350000000000001,50.25]},"properties":{"pop":19217}},{"type":"Feature","geometry":{"type":"Point","coordinates":[8.25,50.25]},"properties":{"pop":31087}},{"type":"Feature","geometry":{"type":"Point","coordinates":[8.25,50.35]},"properties":{"pop":15540}},{"type":"Feature","geometry":{"type":"Point","coordinates":[8.35,50.35]},"properties":{"pop":7946}},{"type":"Feature","geometry":{"type":"Point","coordinates":[8.35,50.25]},"properties":{"pop":10540}},{"type":"Feature","geometry":{"type":"Point","coordinates":[10.55,51.150000000000006]},"properties":{"pop":6965}},{"type":"Feature","geometry":{"type":"Point","coordinates":[9.25,53.25]},"properties":{"pop":9788}},{"type":"Feature","geometry":{"type":"Point","coordinates":[7.050000000000001,51.050000000000004]},"properties":{"pop":132102}},{"type":"Feature","geometry":{"type":"Point","coordinates":[9.850000000000001,52.650000000000006]},"properties":{"pop":8569}},{"type":"Feature","geometry":{"type":"Point","coordinates":[9.75,52.75]},"properties":{"pop":581}},{"type":"Feature","geometry":{"type":"Point","coordinates":[9.35,50.95]},"properties":{"pop":8834}},{"type":"Feature","geometry":{"type":"Point","coordinates":[12.05,52.550000000000004]},"properties":{"pop":2929}},{"type":"Feature","geometry":{"type":"Point","coordinates":[12.15,52.550000000000004]},"properties":{"pop":955}},{"type":"Feature","geometry":{"type":"Point","coordinates":[9.450000000000001,50.95]},"properties":{"pop":4332}},{"type":"Feature","geometry":{"type":"Point","coordinates":[8.75,50.45]},"properties":{"pop":18188}},{"type":"Feature","geometry":{"type":"Point","coordinates":[6.95,50.45]},"properties":{"pop":4390}},{"type":"Feature","geometry":{"type":"Point","coordinates":[9.950000000000001,52.650000000000006]},"properties":{"pop":17044}},{"type":"Feature","geometry":{"type":"Point","coordinates":[10.05,52.650000000000006]},"properties":{"pop":45547}},{"type":"Feature","geometry":{"type":"Point","coordinates":[7.45,52.25]},"properties":{"pop":61809}},{"type":"Feature","geometry":{"type":"Point","coordinates":[7.550000000000001,52.25]},"properties":{"pop":12925}},{"type":"Feature","geometry":{"type":"Point","coordinates":[7.3500000000000005,52.25]},"properties":{"pop":19621}},{"type":"Feature","geometry":{"type":"Point","coordinates":[7.45,52.150000000000006]},"properties":{"pop":10831}},{"type":"Feature","geometry":{"type":"Point","coordinates":[9.75,53.550000000000004]},"properties":{"pop":62095}},{"type":"Feature","geometry":{"type":"Point","coordinates":[9.75,53.650000000000006]},"properties":{"pop":52246}},{"type":"Feature","geometry":{"type":"Point","coordinates":[13.25,53.050000000000004]},"properties":{"pop":3751}},{"type":"Feature","geometry":{"type":"Point","coordinates":[13.25,53.150000000000006]},"properties":{"pop":2112}},{"type":"Feature","geometry":{"type":"Point","coordinates":[13.25,53.25]},"properties":{"pop":1025}},{"type":"Feature","geometry":{"type":"Point","coordinates":[13.350000000000001,53.050000000000004]},"properties":{"pop":2433}},{"type":"Feature","geometry":{"type":"Point","coordinates":[11.950000000000001,50.75]},"properties":{"pop":3455}},{"type":"Feature","geometry":{"type":"Point","coordinates":[12.75,50.85]},"properties":{"pop":43284}},{"type":"Feature","geometry":{"type":"Point","coordinates":[12.350000000000001,48.85]},"properties":{"pop":6394}},{"type":"Feature","geometry":{"type":"Point","coordinates":[14.350000000000001,51.95]},"properties":{"pop":1171}},{"type":"Feature","geometry":{"type":"Point","coordinates":[14.450000000000001,51.95]},"properties":{"pop":803}},{"type":"Feature","geometry":{"type":"Point","coordinates":[12.950000000000001,50.85]},"properties":{"pop":87705}},{"type":"Feature","geometry":{"type":"Point","coordinates":[12.950000000000001,50.75]},"properties":{"pop":34603}},{"type":"Feature","geometry":{"type":"Point","coordinates":[13.05,50.85]},"properties":{"pop":22902}},{"type":"Feature","geometry":{"type":"Point","coordinates":[9.950000000000001,54.25]},"properties":{"pop":3735}},{"type":"Feature","geometry":{"type":"Point","coordinates":[11.15,50.85]},"properties":{"pop":3990}},{"type":"Feature","geometry":{"type":"Point","coordinates":[9.55,49.75]},"properties":{"pop":15359}},{"type":"Feature","geometry":{"type":"Point","coordinates":[8.85,49.25]},"properties":{"pop":24090}},{"type":"Feature","geometry":{"type":"Point","coordinates":[10.15,50.650000000000006]},"properties":{"pop":5094}},{"type":"Feature","geometry":{"type":"Point","coordinates":[11.65,52.35]},"properties":{"pop":2684}},{"type":"Feature","geometry":{"type":"Point","coordinates":[11.950000000000001,51.45]},"properties":{"pop":124293}},{"type":"Feature","geometry":{"type":"Point","coordinates":[7.050000000000001,52.25]},"properties":{"pop":27984}},{"type":"Feature","geometry":{"type":"Point","coordinates":[7.050000000000001,52.35]},"properties":{"pop":3452}},{"type":"Feature","geometry":{"type":"Point","coordinates":[11.850000000000001,53.85]},"properties":{"pop":1518}},{"type":"Feature","geometry":{"type":"Point","coordinates":[11.75,47.85]},"properties":{"pop":12221}},{"type":"Feature","geometry":{"type":"Point","coordinates":[10.15,48.75]},"properties":{"pop":21252}},{"type":"Feature","geometry":{"type":"Point","coordinates":[10.950000000000001,48.35]},"properties":{"pop":139317}},{"type":"Feature","geometry":{"type":"Point","coordinates":[11.850000000000001,51.45]},"properties":{"pop":12733}},{"type":"Feature","geometry":{"type":"Point","coordinates":[10.05,49.050000000000004]},"properties":{"pop":8594}},{"type":"Feature","geometry":{"type":"Point","coordinates":[13.350000000000001,53.25]},"properties":{"pop":2400}},{"type":"Feature","geometry":{"type":"Point","coordinates":[7.95,48.25]},"properties":{"pop":4338}},{"type":"Feature","geometry":{"type":"Point","coordinates":[7.8500000000000005,48.25]},"properties":{"pop":22476}},{"type":"Feature","geometry":{"type":"Point","coordinates":[10.15,50.85]},"properties":{"pop":6221}},{"type":"Feature","geometry":{"type":"Point","coordinates":[10.25,50.85]},"properties":{"pop":12266}},{"type":"Feature","geometry":{"type":"Point","coordinates":[13.05,51.150000000000006]},"properties":{"pop":8140}},{"type":"Feature","geometry":{"type":"Point","coordinates":[13.05,51.050000000000004]},"properties":{"pop":8926}},{"type":"Feature","geometry":{"type":"Point","coordinates":[13.15,51.050000000000004]},"properties":{"pop":8844}},{"type":"Feature","geometry":{"type":"Point","coordinates":[12.15,50.650000000000006]},"properties":{"pop":15129}},{"type":"Feature","geometry":{"type":"Point","coordinates":[12.25,50.650000000000006]},"properties":{"pop":24810}},{"type":"Feature","geometry":{"type":"Point","coordinates":[12.15,53.45]},"properties":{"pop":1432}},{"type":"Feature","geometry":{"type":"Point","coordinates":[9.55,49.45]},"properties":{"pop":4543}},{"type":"Feature","geometry":{"type":"Point","coordinates":[11.25,53.45]},"properties":{"pop":4686}},{"type":"Feature","geometry":{"type":"Point","coordinates":[10.55,50.95]},"properties":{"pop":10014}},{"type":"Feature","geometry":{"type":"Point","coordinates":[10.450000000000001,49.150000000000006]},"properties":{"pop":6553}},{"type":"Feature","geometry":{"type":"Point","coordinates":[10.450000000000001,49.050000000000004]},"properties":{"pop":5145}},{"type":"Feature","geometry":{"type":"Point","coordinates":[10.55,49.150000000000006]},"properties":{"pop":5956}},{"type":"Feature","geometry":{"type":"Point","coordinates":[8.75,50.85]},"properties":{"pop":43273}},{"type":"Feature","geometry":{"type":"Point","coordinates":[8.65,50.85]},"properties":{"pop":8115}},{"type":"Feature","geometry":{"type":"Point","coordinates":[11.25,52.25]},"properties":{"pop":3140}},{"type":"Feature","geometry":{"type":"Point","coordinates":[10.15,54.25]},"properties":{"pop":53220}},{"type":"Feature","geometry":{"type":"Point","coordinates":[11.05,54.150000000000006]},"properties":{"pop":1566}},{"type":"Feature","geometry":{"type":"Point","coordinates":[11.850000000000001,49.550000000000004]},"properties":{"pop":4392}},{"type":"Feature","geometry":{"type":"Point","coordinates":[14.75,51.45]},"properties":{"pop":1394}},{"type":"Feature","geometry":{"type":"Point","coordinates":[14.850000000000001,51.45]},"properties":{"pop":713}},{"type":"Feature","geometry":{"type":"Point","coordinates":[14.65,51.35]},"properties":{"pop":2302}},{"type":"Feature","geometry":{"type":"Point","coordinates":[10.450000000000001,47.45]},"properties":{"pop":587}},{"type":"Feature","geometry":{"type":"Point","coordinates":[14.350000000000001,51.050000000000004]},"properties":{"pop":9980}},{"type":"Feature","geometry":{"type":"Point","coordinates":[10.05,52.25]},"properties":{"pop":10788}},{"type":"Feature","geometry":{"type":"Point","coordinates":[10.15,52.25]},"properties":{"pop":12655}},{"type":"Feature","geometry":{"type":"Point","coordinates":[8.75,50.75]},"properties":{"pop":31800}},{"type":"Feature","geometry":{"type":"Point","coordinates":[8.85,50.75]},"properties":{"pop":12209}},{"type":"Feature","geometry":{"type":"Point","coordinates":[8.85,50.650000000000006]},"properties":{"pop":12710}},{"type":"Feature","geometry":{"type":"Point","coordinates":[8.65,50.75]},"properties":{"pop":10237}},{"type":"Feature","geometry":{"type":"Point","coordinates":[11.75,47.650000000000006]},"properties":{"pop":9310}},{"type":"Feature","geometry":{"type":"Point","coordinates":[11.75,47.75]},"properties":{"pop":16087}},{"type":"Feature","geometry":{"type":"Point","coordinates":[6.550000000000001,51.25]},"properties":{"pop":62386}},{"type":"Feature","geometry":{"type":"Point","coordinates":[6.65,51.150000000000006]},"properties":{"pop":72308}},{"type":"Feature","geometry":{"type":"Point","coordinates":[13.55,52.75]},"properties":{"pop":4584}},{"type":"Feature","geometry":{"type":"Point","coordinates":[13.450000000000001,52.75]},"properties":{"pop":15961}},{"type":"Feature","geometry":{"type":"Point","coordinates":[7.15,52.150000000000006]},"properties":{"pop":9595}},{"type":"Feature","geometry":{"type":"Point","coordinates":[8.55,51.95]},"properties":{"pop":70644}},{"type":"Feature","geometry":{"type":"Point","coordinates":[10.75,53.550000000000004]},"properties":{"pop":2940}},{"type":"Feature","geometry":{"type":"Point","coordinates":[13.05,48.85]},"properties":{"pop":6074}},{"type":"Feature","geometry":{"type":"Point","coordinates":[10.950000000000001,53.650000000000006]},"properties":{"pop":1464}},{"type":"Feature","geometry":{"type":"Point","coordinates":[9.65,53.85]},"properties":{"pop":6875}},{"type":"Feature","geometry":{"type":"Point","coordinates":[11.15,53.25]},"properties":{"pop":1528}},{"type":"Feature","geometry":{"type":"Point","coordinates":[8.950000000000001,54.85]},"properties":{"pop":2475}},{"type":"Feature","geometry":{"type":"Point","coordinates":[10.950000000000001,47.550000000000004]},"properties":{"pop":153}},{"type":"Feature","geometry":{"type":"Point","coordinates":[12.15,53.35]},"properties":{"pop":903}},{"type":"Feature","geometry":{"type":"Point","coordinates":[9.05,52.45]},"properties":{"pop":5744}},{"type":"Feature","geometry":{"type":"Point","coordinates":[8.75,48.75]},"properties":{"pop":30317}},{"type":"Feature","geometry":{"type":"Point","coordinates":[12.75,49.050000000000004]},"properties":{"pop":4997}},{"type":"Feature","geometry":{"type":"Point","coordinates":[7.15,53.45]},"properties":{"pop":6940}},{"type":"Feature","geometry":{"type":"Point","coordinates":[7.25,53.45]},"properties":{"pop":6757}},{"type":"Feature","geometry":{"type":"Point","coordinates":[7.3500000000000005,53.650000000000006]},"properties":{"pop":4479}},{"type":"Feature","geometry":{"type":"Point","coordinates":[13.15,51.550000000000004]},"properties":{"pop":2076}},{"type":"Feature","geometry":{"type":"Point","coordinates":[10.350000000000001,52.25]},"properties":{"pop":16799}},{"type":"Feature","geometry":{"type":"Point","coordinates":[12.450000000000001,52.85]},"properties":{"pop":4812}},{"type":"Feature","geometry":{"type":"Point","coordinates":[7.65,49.050000000000004]},"properties":{"pop":1466}},{"type":"Feature","geometry":{"type":"Point","coordinates":[8.85,49.550000000000004]},"properties":{"pop":11217}},{"type":"Feature","geometry":{"type":"Point","coordinates":[9.05,49.85]},"properties":{"pop":19036}},{"type":"Feature","geometry":{"type":"Point","coordinates":[6.65,49.75]},"properties":{"pop":94200}},{"type":"Feature","geometry":{"type":"Point","coordinates":[10.55,48.550000000000004]},"properties":{"pop":12579}},{"type":"Feature","geometry":{"type":"Point","coordinates":[14.05,53.25]},"properties":{"pop":1570}},{"type":"Feature","geometry":{"type":"Point","coordinates":[13.950000000000001,53.25]},"properties":{"pop":1801}},{"type":"Feature","geometry":{"type":"Point","coordinates":[6.65,51.85]},"properties":{"pop":55454}},{"type":"Feature","geometry":{"type":"Point","coordinates":[6.65,51.75]},"properties":{"pop":13208}},{"type":"Feature","geometry":{"type":"Point","coordinates":[7.95,50.75]},"properties":{"pop":23381}},{"type":"Feature","geometry":{"type":"Point","coordinates":[6.65,51.95]},"properties":{"pop":1037}},{"type":"Feature","geometry":{"type":"Point","coordinates":[6.75,51.95]},"properties":{"pop":2981}},{"type":"Feature","geometry":{"type":"Point","coordinates":[13.05,54.550000000000004]},"properties":{"pop":243}},{"type":"Feature","geometry":{"type":"Point","coordinates":[13.05,54.45]},"properties":{"pop":614}},{"type":"Feature","geometry":{"type":"Point","coordinates":[13.15,54.650000000000006]},"properties":{"pop":9}},{"type":"Feature","geometry":{"type":"Point","coordinates":[10.55,48.650000000000006]},"properties":{"pop":9002}},{"type":"Feature","geometry":{"type":"Point","coordinates":[13.65,53.45]},"properties":{"pop":994}},{"type":"Feature","geometry":{"type":"Point","coordinates":[11.950000000000001,48.45]},"properties":{"pop":24004}},{"type":"Feature","geometry":{"type":"Point","coordinates":[8.950000000000001,52.75]},"properties":{"pop":3671}},{"type":"Feature","geometry":{"type":"Point","coordinates":[7.45,51.75]},"properties":{"pop":20809}},{"type":"Feature","geometry":{"type":"Point","coordinates":[7.3500000000000005,51.75]},"properties":{"pop":14886}},{"type":"Feature","geometry":{"type":"Point","coordinates":[8.85,52.75]},"properties":{"pop":4310}},{"type":"Feature","geometry":{"type":"Point","coordinates":[13.55,52.85]},"properties":{"pop":3167}},{"type":"Feature","geometry":{"type":"Point","coordinates":[13.450000000000001,52.85]},"properties":{"pop":3138}},{"type":"Feature","geometry":{"type":"Point","coordinates":[7.25,51.75]},"properties":{"pop":13687}},{"type":"Feature","geometry":{"type":"Point","coordinates":[12.05,51.25]},"properties":{"pop":15048}},{"type":"Feature","geometry":{"type":"Point","coordinates":[12.15,51.25]},"properties":{"pop":7346}},{"type":"Feature","geometry":{"type":"Point","coordinates":[8.55,53.550000000000004]},"properties":{"pop":72299}},{"type":"Feature","geometry":{"type":"Point","coordinates":[11.950000000000001,48.35]},"properties":{"pop":25148}},{"type":"Feature","geometry":{"type":"Point","coordinates":[10.350000000000001,47.650000000000006]},"properties":{"pop":13886}},{"type":"Feature","geometry":{"type":"Point","coordinates":[10.55,53.650000000000006]},"properties":{"pop":5037}},{"type":"Feature","geometry":{"type":"Point","coordinates":[14.05,51.45]},"properties":{"pop":10321}},{"type":"Feature","geometry":{"type":"Point","coordinates":[11.55,50.75]},"properties":{"pop":7308}},{"type":"Feature","geometry":{"type":"Point","coordinates":[8.35,49.550000000000004]},"properties":{"pop":88068}},{"type":"Feature","geometry":{"type":"Point","coordinates":[8.65,48.35]},"properties":{"pop":14339}},{"type":"Feature","geometry":{"type":"Point","coordinates":[9.850000000000001,50.85]},"properties":{"pop":5501}},{"type":"Feature","geometry":{"type":"Point","coordinates":[7.95,51.45]},"properties":{"pop":41893}},{"type":"Feature","geometry":{"type":"Point","coordinates":[7.8500000000000005,51.550000000000004]},"properties":{"pop":20907}},{"type":"Feature","geometry":{"type":"Point","coordinates":[12.25,50.35]},"properties":{"pop":5787}},{"type":"Feature","geometry":{"type":"Point","coordinates":[9.55,50.85]},"properties":{"pop":5029}},{"type":"Feature","geometry":{"type":"Point","coordinates":[14.25,52.45]},"properties":{"pop":1928}},{"type":"Feature","geometry":{"type":"Point","coordinates":[14.25,52.35]},"properties":{"pop":2086}},{"type":"Feature","geometry":{"type":"Point","coordinates":[12.450000000000001,51.85]},"properties":{"pop":8795}},{"type":"Feature","geometry":{"type":"Point","coordinates":[12.450000000000001,51.95]},"properties":{"pop":1579}},{"type":"Feature","geometry":{"type":"Point","coordinates":[12.350000000000001,51.95]},"properties":{"pop":1862}},{"type":"Feature","geometry":{"type":"Point","coordinates":[12.350000000000001,51.85]},"properties":{"pop":2627}},{"type":"Feature","geometry":{"type":"Point","coordinates":[11.850000000000001,51.25]},"properties":{"pop":10533}},{"type":"Feature","geometry":{"type":"Point","coordinates":[12.450000000000001,52.050000000000004]},"properties":{"pop":925}},{"type":"Feature","geometry":{"type":"Point","coordinates":[10.950000000000001,50.45]},"properties":{"pop":7325}},{"type":"Feature","geometry":{"type":"Point","coordinates":[10.950000000000001,50.35]},"properties":{"pop":5592}},{"type":"Feature","geometry":{"type":"Point","coordinates":[8.25,48.550000000000004]},"properties":{"pop":2104}},{"type":"Feature","geometry":{"type":"Point","coordinates":[13.75,48.85]},"properties":{"pop":1134}},{"type":"Feature","geometry":{"type":"Point","coordinates":[14.15,52.85]},"properties":{"pop":2680}},{"type":"Feature","geometry":{"type":"Point","coordinates":[7.050000000000001,49.25]},"properties":{"pop":84623}},{"type":"Feature","geometry":{"type":"Point","coordinates":[14.15,51.75]},"properties":{"pop":3740}},{"type":"Feature","geometry":{"type":"Point","coordinates":[9.65,47.550000000000004]},"properties":{"pop":24512}},{"type":"Feature","geometry":{"type":"Point","coordinates":[8.950000000000001,52.150000000000006]},"properties":{"pop":11380}},{"type":"Feature","geometry":{"type":"Point","coordinates":[11.55,52.650000000000006]},"properties":{"pop":2922}},{"type":"Feature","geometry":{"type":"Point","coordinates":[11.65,52.650000000000006]},"properties":{"pop":1887}},{"type":"Feature","geometry":{"type":"Point","coordinates":[11.75,52.650000000000006]},"properties":{"pop":1815}},{"type":"Feature","geometry":{"type":"Point","coordinates":[11.65,52.75]},"properties":{"pop":2728}},{"type":"Feature","geometry":{"type":"Point","coordinates":[11.65,52.550000000000004]},"properties":{"pop":4872}},{"type":"Feature","geometry":{"type":"Point","coordinates":[11.450000000000001,52.650000000000006]},"properties":{"pop":1182}},{"type":"Feature","geometry":{"type":"Point","coordinates":[11.75,48.550000000000004]},"properties":{"pop":9663}},{"type":"Feature","geometry":{"type":"Point","coordinates":[10.450000000000001,54.150000000000006]},"properties":{"pop":11302}},{"type":"Feature","geometry":{"type":"Point","coordinates":[11.05,53.75]},"properties":{"pop":4370}},{"type":"Feature","geometry":{"type":"Point","coordinates":[8.55,48.35]},"properties":{"pop":11581}},{"type":"Feature","geometry":{"type":"Point","coordinates":[8.450000000000001,48.35]},"properties":{"pop":9728}},{"type":"Feature","geometry":{"type":"Point","coordinates":[11.55,52.550000000000004]},"properties":{"pop":2430}},{"type":"Feature","geometry":{"type":"Point","coordinates":[10.350000000000001,54.25]},"properties":{"pop":4336}},{"type":"Feature","geometry":{"type":"Point","coordinates":[12.05,53.550000000000004]},"properties":{"pop":3943}},{"type":"Feature","geometry":{"type":"Point","coordinates":[8.35,50.150000000000006]},"properties":{"pop":43676}},{"type":"Feature","geometry":{"type":"Point","coordinates":[9.55,51.25]},"properties":{"pop":39202}},{"type":"Feature","geometry":{"type":"Point","coordinates":[9.450000000000001,51.25]},"properties":{"pop":65775}},{"type":"Feature","geometry":{"type":"Point","coordinates":[9.55,50.95]},"properties":{"pop":3656}},{"type":"Feature","geometry":{"type":"Point","coordinates":[9.55,51.050000000000004]},"properties":{"pop":6790}},{"type":"Feature","geometry":{"type":"Point","coordinates":[14.75,51.550000000000004]},"properties":{"pop":4875}},{"type":"Feature","geometry":{"type":"Point","coordinates":[11.65,52.95]},"properties":{"pop":1368}},{"type":"Feature","geometry":{"type":"Point","coordinates":[11.55,52.95]},"properties":{"pop":704}},{"type":"Feature","geometry":{"type":"Point","coordinates":[14.25,53.150000000000006]},"properties":{"pop":3996}},{"type":"Feature","geometry":{"type":"Point","coordinates":[14.25,53.25]},"properties":{"pop":1876}},{"type":"Feature","geometry":{"type":"Point","coordinates":[14.350000000000001,53.25]},"properties":{"pop":2395}},{"type":"Feature","geometry":{"type":"Point","coordinates":[14.350000000000001,53.150000000000006]},"properties":{"pop":1681}},{"type":"Feature","geometry":{"type":"Point","coordinates":[13.950000000000001,53.95]},"properties":{"pop":870}},{"type":"Feature","geometry":{"type":"Point","coordinates":[10.950000000000001,52.25]},"properties":{"pop":13066}},{"type":"Feature","geometry":{"type":"Point","coordinates":[7.25,49.35]},"properties":{"pop":42122}},{"type":"Feature","geometry":{"type":"Point","coordinates":[11.55,53.050000000000004]},"properties":{"pop":1085}},{"type":"Feature","geometry":{"type":"Point","coordinates":[14.25,53.75]},"properties":{"pop":537}},{"type":"Feature","geometry":{"type":"Point","coordinates":[11.350000000000001,49.95]},"properties":{"pop":3570}},{"type":"Feature","geometry":{"type":"Point","coordinates":[11.25,49.95]},"properties":{"pop":4770}},{"type":"Feature","geometry":{"type":"Point","coordinates":[11.65,51.45]},"properties":{"pop":6651}},{"type":"Feature","geometry":{"type":"Point","coordinates":[6.45,49.550000000000004]},"properties":{"pop":4975}},{"type":"Feature","geometry":{"type":"Point","coordinates":[11.950000000000001,49.150000000000006]},"properties":{"pop":6282}},{"type":"Feature","geometry":{"type":"Point","coordinates":[12.05,49.45]},"properties":{"pop":5927}},{"type":"Feature","geometry":{"type":"Point","coordinates":[10.450000000000001,51.25]},"properties":{"pop":27829}},{"type":"Feature","geometry":{"type":"Point","coordinates":[11.65,50.25]},"properties":{"pop":7583}},{"type":"Feature","geometry":{"type":"Point","coordinates":[7.75,48.35]},"properties":{"pop":7353}},{"type":"Feature","geometry":{"type":"Point","coordinates":[10.05,48.85]},"properties":{"pop":43187}},{"type":"Feature","geometry":{"type":"Point","coordinates":[10.850000000000001,51.75]},"properties":{"pop":3978}},{"type":"Feature","geometry":{"type":"Point","coordinates":[12.65,48.550000000000004]},"properties":{"pop":7217}},{"type":"Feature","geometry":{"type":"Point","coordinates":[12.75,48.550000000000004]},"properties":{"pop":5537}},{"type":"Feature","geometry":{"type":"Point","coordinates":[12.950000000000001,49.25]},"properties":{"pop":7020}},{"type":"Feature","geometry":{"type":"Point","coordinates":[12.850000000000001,52.050000000000004]},"properties":{"pop":3815}},{"type":"Feature","geometry":{"type":"Point","coordinates":[12.850000000000001,52.150000000000006]},"properties":{"pop":1890}},{"type":"Feature","geometry":{"type":"Point","coordinates":[9.05,53.35]},"properties":{"pop":5113}},{"type":"Feature","geometry":{"type":"Point","coordinates":[9.05,53.45]},"properties":{"pop":3848}},{"type":"Feature","geometry":{"type":"Point","coordinates":[8.950000000000001,53.45]},"properties":{"pop":3419}},{"type":"Feature","geometry":{"type":"Point","coordinates":[7.8500000000000005,51.650000000000006]},"properties":{"pop":74732}},{"type":"Feature","geometry":{"type":"Point","coordinates":[13.15,48.650000000000006]},"properties":{"pop":16539}},{"type":"Feature","geometry":{"type":"Point","coordinates":[13.05,48.650000000000006]},"properties":{"pop":8296}},{"type":"Feature","geometry":{"type":"Point","coordinates":[9.05,51.95]},"properties":{"pop":11203}},{"type":"Feature","geometry":{"type":"Point","coordinates":[12.25,52.45]},"properties":{"pop":2052}},{"type":"Feature","geometry":{"type":"Point","coordinates":[12.350000000000001,52.550000000000004]},"properties":{"pop":16134}},{"type":"Feature","geometry":{"type":"Point","coordinates":[12.450000000000001,52.550000000000004]},"properties":{"pop":1286}},{"type":"Feature","geometry":{"type":"Point","coordinates":[11.65,50.75]},"properties":{"pop":5445}},{"type":"Feature","geometry":{"type":"Point","coordinates":[7.8500000000000005,49.75]},"properties":{"pop":8080}},{"type":"Feature","geometry":{"type":"Point","coordinates":[8.35,51.35]},"properties":{"pop":9536}},{"type":"Feature","geometry":{"type":"Point","coordinates":[7.8500000000000005,51.150000000000006]},"properties":{"pop":13303}},{"type":"Feature","geometry":{"type":"Point","coordinates":[8.450000000000001,49.650000000000006]},"properties":{"pop":35659}},{"type":"Feature","geometry":{"type":"Point","coordinates":[11.05,47.95]},"properties":{"pop":8044}},{"type":"Feature","geometry":{"type":"Point","coordinates":[11.75,48.95]},"properties":{"pop":3059}},{"type":"Feature","geometry":{"type":"Point","coordinates":[11.850000000000001,48.95]},"properties":{"pop":14446}},{"type":"Feature","geometry":{"type":"Point","coordinates":[6.8500000000000005,51.650000000000006]},"properties":{"pop":12722}},{"type":"Feature","geometry":{"type":"Point","coordinates":[9.15,53.45]},"properties":{"pop":12284}},{"type":"Feature","geometry":{"type":"Point","coordinates":[10.850000000000001,50.650000000000006]},"properties":{"pop":6808}},{"type":"Feature","geometry":{"type":"Point","coordinates":[8.35,51.25]},"properties":{"pop":3889}},{"type":"Feature","geometry":{"type":"Point","coordinates":[11.850000000000001,48.150000000000006]},"properties":{"pop":33715}},{"type":"Feature","geometry":{"type":"Point","coordinates":[13.65,53.95]},"properties":{"pop":2321}},{"type":"Feature","geometry":{"type":"Point","coordinates":[13.950000000000001,51.150000000000006]},"properties":{"pop":15898}},{"type":"Feature","geometry":{"type":"Point","coordinates":[9.850000000000001,51.45]},"properties":{"pop":6000}},{"type":"Feature","geometry":{"type":"Point","coordinates":[12.15,52.35]},"properties":{"pop":4065}},{"type":"Feature","geometry":{"type":"Point","coordinates":[12.25,52.550000000000004]},"properties":{"pop":2344}},{"type":"Feature","geometry":{"type":"Point","coordinates":[6.550000000000001,51.35]},"properties":{"pop":121735}},{"type":"Feature","geometry":{"type":"Point","coordinates":[6.45,51.35]},"properties":{"pop":52648}},{"type":"Feature","geometry":{"type":"Point","coordinates":[7.3500000000000005,51.85]},"properties":{"pop":15131}},{"type":"Feature","geometry":{"type":"Point","coordinates":[11.75,52.75]},"properties":{"pop":5573}},{"type":"Feature","geometry":{"type":"Point","coordinates":[11.850000000000001,52.75]},"properties":{"pop":1649}},{"type":"Feature","geometry":{"type":"Point","coordinates":[6.15,50.150000000000006]},"properties":{"pop":763}},{"type":"Feature","geometry":{"type":"Point","coordinates":[9.65,50.95]},"properties":{"pop":2045}},{"type":"Feature","geometry":{"type":"Point","coordinates":[9.15,50.85]},"properties":{"pop":9763}},{"type":"Feature","geometry":{"type":"Point","coordinates":[9.05,50.85]},"properties":{"pop":17250}},{"type":"Feature","geometry":{"type":"Point","coordinates":[11.65,53.35]},"properties":{"pop":2221}},{"type":"Feature","geometry":{"type":"Point","coordinates":[11.450000000000001,50.75]},"properties":{"pop":3142}},{"type":"Feature","geometry":{"type":"Point","coordinates":[11.350000000000001,53.35]},"properties":{"pop":2626}},{"type":"Feature","geometry":{"type":"Point","coordinates":[12.75,48.95]},"properties":{"pop":9783}},{"type":"Feature","geometry":{"type":"Point","coordinates":[9.55,53.050000000000004]},"properties":{"pop":4785}},{"type":"Feature","geometry":{"type":"Point","coordinates":[12.55,51.050000000000004]},"properties":{"pop":9669}},{"type":"Feature","geometry":{"type":"Point","coordinates":[12.25,47.95]},"properties":{"pop":9756}},{"type":"Feature","geometry":{"type":"Point","coordinates":[12.25,48.050000000000004]},"properties":{"pop":13696}},{"type":"Feature","geometry":{"type":"Point","coordinates":[9.950000000000001,51.650000000000006]},"properties":{"pop":15850}},{"type":"Feature","geometry":{"type":"Point","coordinates":[8.450000000000001,51.45]},"properties":{"pop":5242}},{"type":"Feature","geometry":{"type":"Point","coordinates":[10.25,49.95]},"properties":{"pop":11661}},{"type":"Feature","geometry":{"type":"Point","coordinates":[6.65,51.050000000000004]},"properties":{"pop":24422}},{"type":"Feature","geometry":{"type":"Point","coordinates":[6.550000000000001,51.050000000000004]},"properties":{"pop":39166}},{"type":"Feature","geometry":{"type":"Point","coordinates":[6.45,50.95]},"properties":{"pop":10633}},{"type":"Feature","geometry":{"type":"Point","coordinates":[8.35,51.45]},"properties":{"pop":14844}},{"type":"Feature","geometry":{"type":"Point","coordinates":[8.55,51.45]},"properties":{"pop":4838}},{"type":"Feature","geometry":{"type":"Point","coordinates":[14.15,52.75]},"properties":{"pop":6013}},{"type":"Feature","geometry":{"type":"Point","coordinates":[12.65,48.45]},"properties":{"pop":3917}},{"type":"Feature","geometry":{"type":"Point","coordinates":[9.15,47.95]},"properties":{"pop":7857}},{"type":"Feature","geometry":{"type":"Point","coordinates":[10.55,49.35]},"properties":{"pop":18802}},{"type":"Feature","geometry":{"type":"Point","coordinates":[13.350000000000001,53.95]},"properties":{"pop":4525}},{"type":"Feature","geometry":{"type":"Point","coordinates":[11.850000000000001,53.75]},"properties":{"pop":4309}},{"type":"Feature","geometry":{"type":"Point","coordinates":[11.75,47.95]},"properties":{"pop":7862}},{"type":"Feature","geometry":{"type":"Point","coordinates":[10.15,49.150000000000006]},"properties":{"pop":7180}},{"type":"Feature","geometry":{"type":"Point","coordinates":[10.15,49.050000000000004]},"properties":{"pop":4242}},{"type":"Feature","geometry":{"type":"Point","coordinates":[7.8500000000000005,53.150000000000006]},"properties":{"pop":6694}},{"type":"Feature","geometry":{"type":"Point","coordinates":[12.05,47.95]},"properties":{"pop":9595}},{"type":"Feature","geometry":{"type":"Point","coordinates":[13.15,51.45]},"properties":{"pop":3899}},{"type":"Feature","geometry":{"type":"Point","coordinates":[9.950000000000001,54.050000000000004]},"properties":{"pop":44578}},{"type":"Feature","geometry":{"type":"Point","coordinates":[8.950000000000001,50.550000000000004]},"properties":{"pop":15168}},{"type":"Feature","geometry":{"type":"Point","coordinates":[7.95,53.25]},"properties":{"pop":12832}},{"type":"Feature","geometry":{"type":"Point","coordinates":[7.8500000000000005,53.25]},"properties":{"pop":9475}},{"type":"Feature","geometry":{"type":"Point","coordinates":[7.95,53.35]},"properties":{"pop":7761}},{"type":"Feature","geometry":{"type":"Point","coordinates":[12.05,48.35]},"properties":{"pop":6642}},{"type":"Feature","geometry":{"type":"Point","coordinates":[7.050000000000001,51.35]},"properties":{"pop":101905}},{"type":"Feature","geometry":{"type":"Point","coordinates":[11.950000000000001,47.95]},"properties":{"pop":8370}},{"type":"Feature","geometry":{"type":"Point","coordinates":[12.55,48.550000000000004]},"properties":{"pop":8611}},{"type":"Feature","geometry":{"type":"Point","coordinates":[12.450000000000001,48.550000000000004]},"properties":{"pop":6431}},{"type":"Feature","geometry":{"type":"Point","coordinates":[12.55,48.45]},"properties":{"pop":5480}},{"type":"Feature","geometry":{"type":"Point","coordinates":[10.15,54.45]},"properties":{"pop":23370}},{"type":"Feature","geometry":{"type":"Point","coordinates":[13.15,50.85]},"properties":{"pop":11545}},{"type":"Feature","geometry":{"type":"Point","coordinates":[12.25,51.85]},"properties":{"pop":54253}},{"type":"Feature","geometry":{"type":"Point","coordinates":[12.25,51.75]},"properties":{"pop":1826}},{"type":"Feature","geometry":{"type":"Point","coordinates":[13.950000000000001,53.85]},"properties":{"pop":1488}},{"type":"Feature","geometry":{"type":"Point","coordinates":[10.05,53.150000000000006]},"properties":{"pop":3574}},{"type":"Feature","geometry":{"type":"Point","coordinates":[10.75,53.050000000000004]},"properties":{"pop":2438}},{"type":"Feature","geometry":{"type":"Point","coordinates":[8.75,53.550000000000004]},"properties":{"pop":4104}},{"type":"Feature","geometry":{"type":"Point","coordinates":[13.15,52.45]},"properties":{"pop":61536}},{"type":"Feature","geometry":{"type":"Point","coordinates":[13.15,52.550000000000004]},"properties":{"pop":162379}},{"type":"Feature","geometry":{"type":"Point","coordinates":[9.950000000000001,52.150000000000006]},"properties":{"pop":93462}},{"type":"Feature","geometry":{"type":"Point","coordinates":[8.450000000000001,50.95]},"properties":{"pop":12215}},{"type":"Feature","geometry":{"type":"Point","coordinates":[8.35,50.85]},"properties":{"pop":13272}},{"type":"Feature","geometry":{"type":"Point","coordinates":[8.35,50.95]},"properties":{"pop":5107}},{"type":"Feature","geometry":{"type":"Point","coordinates":[10.05,50.050000000000004]},"properties":{"pop":7526}},{"type":"Feature","geometry":{"type":"Point","coordinates":[8.75,54.45]},"properties":{"pop":90}},{"type":"Feature","geometry":{"type":"Point","coordinates":[13.25,54.45]},"properties":{"pop":1855}},{"type":"Feature","geometry":{"type":"Point","coordinates":[7.65,52.150000000000006]},"properties":{"pop":13603}},{"type":"Feature","geometry":{"type":"Point","coordinates":[7.550000000000001,52.150000000000006]},"properties":{"pop":40934}},{"type":"Feature","geometry":{"type":"Point","coordinates":[9.55,52.95]},"properties":{"pop":7096}},{"type":"Feature","geometry":{"type":"Point","coordinates":[9.450000000000001,52.95]},"properties":{"pop":2307}},{"type":"Feature","geometry":{"type":"Point","coordinates":[11.15,50.050000000000004]},"properties":{"pop":3121}},{"type":"Feature","geometry":{"type":"Point","coordinates":[11.75,50.550000000000004]},"properties":{"pop":4217}},{"type":"Feature","geometry":{"type":"Point","coordinates":[11.25,53.25]},"properties":{"pop":1070}},{"type":"Feature","geometry":{"type":"Point","coordinates":[14.350000000000001,53.35]},"properties":{"pop":1023}},{"type":"Feature","geometry":{"type":"Point","coordinates":[12.350000000000001,48.150000000000006]},"properties":{"pop":8283}},{"type":"Feature","geometry":{"type":"Point","coordinates":[8.15,51.95]},"properties":{"pop":12855}},{"type":"Feature","geometry":{"type":"Point","coordinates":[10.950000000000001,52.85]},"properties":{"pop":3465}},{"type":"Feature","geometry":{"type":"Point","coordinates":[10.850000000000001,52.85]},"properties":{"pop":1787}},{"type":"Feature","geometry":{"type":"Point","coordinates":[10.950000000000001,52.75]},"properties":{"pop":1626}},{"type":"Feature","geometry":{"type":"Point","coordinates":[12.05,49.95]},"properties":{"pop":7929}},{"type":"Feature","geometry":{"type":"Point","coordinates":[9.35,54.650000000000006]},"properties":{"pop":9059}},{"type":"Feature","geometry":{"type":"Point","coordinates":[10.350000000000001,50.050000000000004]},"properties":{"pop":9199}},{"type":"Feature","geometry":{"type":"Point","coordinates":[8.05,53.45]},"properties":{"pop":7223}},{"type":"Feature","geometry":{"type":"Point","coordinates":[12.55,48.35]},"properties":{"pop":6370}},{"type":"Feature","geometry":{"type":"Point","coordinates":[7.45,53.050000000000004]},"properties":{"pop":24016}},{"type":"Feature","geometry":{"type":"Point","coordinates":[7.550000000000001,53.050000000000004]},"properties":{"pop":5017}},{"type":"Feature","geometry":{"type":"Point","coordinates":[7.3500000000000005,53.150000000000006]},"properties":{"pop":14186}},{"type":"Feature","geometry":{"type":"Point","coordinates":[7.45,53.150000000000006]},"properties":{"pop":15986}},{"type":"Feature","geometry":{"type":"Point","coordinates":[12.950000000000001,51.75]},"properties":{"pop":4332}},{"type":"Feature","geometry":{"type":"Point","coordinates":[13.05,51.75]},"properties":{"pop":3298}},{"type":"Feature","geometry":{"type":"Point","coordinates":[12.850000000000001,51.75]},"properties":{"pop":2461}},{"type":"Feature","geometry":{"type":"Point","coordinates":[12.950000000000001,51.85]},"properties":{"pop":2163}},{"type":"Feature","geometry":{"type":"Point","coordinates":[12.850000000000001,51.85]},"properties":{"pop":3024}},{"type":"Feature","geometry":{"type":"Point","coordinates":[11.950000000000001,54.150000000000006]},"properties":{"pop":11468}},{"type":"Feature","geometry":{"type":"Point","coordinates":[10.25,50.95]},"properties":{"pop":9748}},{"type":"Feature","geometry":{"type":"Point","coordinates":[10.15,50.95]},"properties":{"pop":3457}},{"type":"Feature","geometry":{"type":"Point","coordinates":[9.65,47.95]},"properties":{"pop":13404}},{"type":"Feature","geometry":{"type":"Point","coordinates":[11.950000000000001,53.85]},"properties":{"pop":8926}},{"type":"Feature","geometry":{"type":"Point","coordinates":[11.75,52.150000000000006]},"properties":{"pop":11074}},{"type":"Feature","geometry":{"type":"Point","coordinates":[11.850000000000001,52.150000000000006]},"properties":{"pop":2741}},{"type":"Feature","geometry":{"type":"Point","coordinates":[11.65,51.75]},"properties":{"pop":7887}},{"type":"Feature","geometry":{"type":"Point","coordinates":[11.65,51.85]},"properties":{"pop":8053}},{"type":"Feature","geometry":{"type":"Point","coordinates":[8.05,53.75]},"properties":{"pop":216}},{"type":"Feature","geometry":{"type":"Point","coordinates":[7.8500000000000005,53.650000000000006]},"properties":{"pop":4224}},{"type":"Feature","geometry":{"type":"Point","coordinates":[7.95,53.75]},"properties":{"pop":1082}},{"type":"Feature","geometry":{"type":"Point","coordinates":[7.8500000000000005,53.75]},"properties":{"pop":1350}},{"type":"Feature","geometry":{"type":"Point","coordinates":[6.25,51.45]},"properties":{"pop":17114}},{"type":"Feature","geometry":{"type":"Point","coordinates":[6.25,51.550000000000004]},"properties":{"pop":27050}},{"type":"Feature","geometry":{"type":"Point","coordinates":[6.3500000000000005,51.45]},"properties":{"pop":12242}},{"type":"Feature","geometry":{"type":"Point","coordinates":[10.350000000000001,51.85]},"properties":{"pop":11982}},{"type":"Feature","geometry":{"type":"Point","coordinates":[10.350000000000001,51.75]},"properties":{"pop":3266}},{"type":"Feature","geometry":{"type":"Point","coordinates":[10.15,48.45]},"properties":{"pop":21641}},{"type":"Feature","geometry":{"type":"Point","coordinates":[10.950000000000001,49.75]},"properties":{"pop":7585}},{"type":"Feature","geometry":{"type":"Point","coordinates":[7.050000000000001,52.550000000000004]},"properties":{"pop":4625}},{"type":"Feature","geometry":{"type":"Point","coordinates":[11.65,48.75]},"properties":{"pop":10771}},{"type":"Feature","geometry":{"type":"Point","coordinates":[11.75,48.75]},"properties":{"pop":6063}},{"type":"Feature","geometry":{"type":"Point","coordinates":[11.15,50.150000000000006]},"properties":{"pop":14263}},{"type":"Feature","geometry":{"type":"Point","coordinates":[10.65,49.25]},"properties":{"pop":13595}},{"type":"Feature","geometry":{"type":"Point","coordinates":[14.15,53.050000000000004]},"properties":{"pop":1889}},{"type":"Feature","geometry":{"type":"Point","coordinates":[14.25,51.95]},"properties":{"pop":1088}},{"type":"Feature","geometry":{"type":"Point","coordinates":[7.550000000000001,53.150000000000006]},"properties":{"pop":15451}},{"type":"Feature","geometry":{"type":"Point","coordinates":[11.450000000000001,49.150000000000006]},"properties":{"pop":8987}},{"type":"Feature","geometry":{"type":"Point","coordinates":[11.15,50.550000000000004]},"properties":{"pop":8340}},{"type":"Feature","geometry":{"type":"Point","coordinates":[10.25,47.75]},"properties":{"pop":29503}},{"type":"Feature","geometry":{"type":"Point","coordinates":[7.75,50.85]},"properties":{"pop":8976}},{"type":"Feature","geometry":{"type":"Point","coordinates":[11.450000000000001,50.25]},"properties":{"pop":5414}},{"type":"Feature","geometry":{"type":"Point","coordinates":[12.05,52.150000000000006]},"properties":{"pop":1945}},{"type":"Feature","geometry":{"type":"Point","coordinates":[12.05,52.25]},"properties":{"pop":1178}},{"type":"Feature","geometry":{"type":"Point","coordinates":[12.15,52.150000000000006]},"properties":{"pop":1193}},{"type":"Feature","geometry":{"type":"Point","coordinates":[11.950000000000001,52.150000000000006]},"properties":{"pop":2874}},{"type":"Feature","geometry":{"type":"Point","coordinates":[12.15,52.25]},"properties":{"pop":2271}},{"type":"Feature","geometry":{"type":"Point","coordinates":[9.950000000000001,50.25]},"properties":{"pop":8556}},{"type":"Feature","geometry":{"type":"Point","coordinates":[8.85,54.95]},"properties":{"pop":111}},{"type":"Feature","geometry":{"type":"Point","coordinates":[8.75,54.95]},"properties":{"pop":31}},{"type":"Feature","geometry":{"type":"Point","coordinates":[14.55,51.35]},"properties":{"pop":1515}},{"type":"Feature","geometry":{"type":"Point","coordinates":[6.3500000000000005,50.45]},"properties":{"pop":1146}},{"type":"Feature","geometry":{"type":"Point","coordinates":[6.3500000000000005,50.35]},"properties":{"pop":1146}},{"type":"Feature","geometry":{"type":"Point","coordinates":[12.850000000000001,48.95]},"properties":{"pop":4809}},{"type":"Feature","geometry":{"type":"Point","coordinates":[10.55,52.050000000000004]},"properties":{"pop":8480}},{"type":"Feature","geometry":{"type":"Point","coordinates":[6.45,50.45]},"properties":{"pop":5907}},{"type":"Feature","geometry":{"type":"Point","coordinates":[6.45,50.550000000000004]},"properties":{"pop":11307}},{"type":"Feature","geometry":{"type":"Point","coordinates":[11.950000000000001,52.050000000000004]},"properties":{"pop":2648}},{"type":"Feature","geometry":{"type":"Point","coordinates":[7.45,52.95]},"properties":{"pop":3874}},{"type":"Feature","geometry":{"type":"Point","coordinates":[11.75,48.650000000000006]},"properties":{"pop":15172}},{"type":"Feature","geometry":{"type":"Point","coordinates":[13.850000000000001,51.35]},"properties":{"pop":776}},{"type":"Feature","geometry":{"type":"Point","coordinates":[13.55,48.85]},"properties":{"pop":9170}},{"type":"Feature","geometry":{"type":"Point","coordinates":[13.75,52.050000000000004]},"properties":{"pop":1177}},{"type":"Feature","geometry":{"type":"Point","coordinates":[11.950000000000001,54.050000000000004]},"properties":{"pop":6993}},{"type":"Feature","geometry":{"type":"Point","coordinates":[7.550000000000001,47.650000000000006]},"properties":{"pop":14843}},{"type":"Feature","geometry":{"type":"Point","coordinates":[6.95,50.650000000000006]},"properties":{"pop":29358}},{"type":"Feature","geometry":{"type":"Point","coordinates":[8.85,49.050000000000004]},"properties":{"pop":15304}},{"type":"Feature","geometry":{"type":"Point","coordinates":[10.950000000000001,48.75]},"properties":{"pop":5035}},{"type":"Feature","geometry":{"type":"Point","coordinates":[10.55,49.25]},"properties":{"pop":19760}},{"type":"Feature","geometry":{"type":"Point","coordinates":[10.350000000000001,49.150000000000006]},"properties":{"pop":11228}},{"type":"Feature","geometry":{"type":"Point","coordinates":[7.65,52.650000000000006]},"properties":{"pop":3504}},{"type":"Feature","geometry":{"type":"Point","coordinates":[8.25,52.95]},"properties":{"pop":7897}},{"type":"Feature","geometry":{"type":"Point","coordinates":[8.25,52.85]},"properties":{"pop":7686}},{"type":"Feature","geometry":{"type":"Point","coordinates":[8.15,52.85]},"properties":{"pop":11361}},{"type":"Feature","geometry":{"type":"Point","coordinates":[8.15,52.95]},"properties":{"pop":3527}},{"type":"Feature","geometry":{"type":"Point","coordinates":[11.350000000000001,48.550000000000004]},"properties":{"pop":6402}},{"type":"Feature","geometry":{"type":"Point","coordinates":[11.75,47.550000000000004]},"properties":{"pop":11}},{"type":"Feature","geometry":{"type":"Point","coordinates":[12.450000000000001,53.650000000000006]},"properties":{"pop":1138}},{"type":"Feature","geometry":{"type":"Point","coordinates":[12.450000000000001,49.35]},"properties":{"pop":3408}},{"type":"Feature","geometry":{"type":"Point","coordinates":[8.15,53.050000000000004]},"properties":{"pop":9449}},{"type":"Feature","geometry":{"type":"Point","coordinates":[8.450000000000001,52.45]},"properties":{"pop":5125}},{"type":"Feature","geometry":{"type":"Point","coordinates":[8.450000000000001,52.550000000000004]},"properties":{"pop":1359}},{"type":"Feature","geometry":{"type":"Point","coordinates":[7.95,50.050000000000004]},"properties":{"pop":5906}},{"type":"Feature","geometry":{"type":"Point","coordinates":[8.15,48.85]},"properties":{"pop":33470}},{"type":"Feature","geometry":{"type":"Point","coordinates":[8.25,48.75]},"properties":{"pop":25742}},{"type":"Feature","geometry":{"type":"Point","coordinates":[10.05,52.75]},"properties":{"pop":5135}},{"type":"Feature","geometry":{"type":"Point","coordinates":[10.55,49.050000000000004]},"properties":{"pop":5247}},{"type":"Feature","geometry":{"type":"Point","coordinates":[14.25,52.550000000000004]},"properties":{"pop":2432}},{"type":"Feature","geometry":{"type":"Point","coordinates":[13.65,52.25]},"properties":{"pop":27004}},{"type":"Feature","geometry":{"type":"Point","coordinates":[13.55,52.25]},"properties":{"pop":8768}},{"type":"Feature","geometry":{"type":"Point","coordinates":[13.75,52.25]},"properties":{"pop":6450}},{"type":"Feature","geometry":{"type":"Point","coordinates":[13.25,50.95]},"properties":{"pop":6556}},{"type":"Feature","geometry":{"type":"Point","coordinates":[11.75,54.050000000000004]},"properties":{"pop":4553}},{"type":"Feature","geometry":{"type":"Point","coordinates":[12.75,52.75]},"properties":{"pop":2075}},{"type":"Feature","geometry":{"type":"Point","coordinates":[12.65,52.75]},"properties":{"pop":721}},{"type":"Feature","geometry":{"type":"Point","coordinates":[10.850000000000001,50.95]},"properties":{"pop":6415}},{"type":"Feature","geometry":{"type":"Point","coordinates":[7.050000000000001,50.95]},"properties":{"pop":235526}},{"type":"Feature","geometry":{"type":"Point","coordinates":[11.350000000000001,53.95]},"properties":{"pop":3937}},{"type":"Feature","geometry":{"type":"Point","coordinates":[13.450000000000001,53.75]},"properties":{"pop":1190}},{"type":"Feature","geometry":{"type":"Point","coordinates":[9.35,51.45]},"properties":{"pop":9460}},{"type":"Feature","geometry":{"type":"Point","coordinates":[9.450000000000001,51.45]},"properties":{"pop":15462}},{"type":"Feature","geometry":{"type":"Point","coordinates":[9.35,51.35]},"properties":{"pop":10013}},{"type":"Feature","geometry":{"type":"Point","coordinates":[10.950000000000001,49.25]},"properties":{"pop":6945}},{"type":"Feature","geometry":{"type":"Point","coordinates":[11.350000000000001,50.650000000000006]},"properties":{"pop":27900}},{"type":"Feature","geometry":{"type":"Point","coordinates":[8.15,48.35]},"properties":{"pop":3185}},{"type":"Feature","geometry":{"type":"Point","coordinates":[11.950000000000001,53.550000000000004]},"properties":{"pop":1437}},{"type":"Feature","geometry":{"type":"Point","coordinates":[10.25,51.150000000000006]},"properties":{"pop":6027}},{"type":"Feature","geometry":{"type":"Point","coordinates":[13.25,51.25]},"properties":{"pop":10034}},{"type":"Feature","geometry":{"type":"Point","coordinates":[10.25,51.050000000000004]},"properties":{"pop":4909}},{"type":"Feature","geometry":{"type":"Point","coordinates":[13.350000000000001,51.25]},"properties":{"pop":7220}},{"type":"Feature","geometry":{"type":"Point","coordinates":[7.15,52.650000000000006]},"properties":{"pop":5887}},{"type":"Feature","geometry":{"type":"Point","coordinates":[7.050000000000001,52.650000000000006]},"properties":{"pop":4613}},{"type":"Feature","geometry":{"type":"Point","coordinates":[7.050000000000001,52.75]},"properties":{"pop":1459}},{"type":"Feature","geometry":{"type":"Point","coordinates":[10.55,54.35]},"properties":{"pop":3014}},{"type":"Feature","geometry":{"type":"Point","coordinates":[11.450000000000001,53.050000000000004]},"properties":{"pop":2764}},{"type":"Feature","geometry":{"type":"Point","coordinates":[13.55,50.85]},"properties":{"pop":3464}},{"type":"Feature","geometry":{"type":"Point","coordinates":[12.05,52.85]},"properties":{"pop":4134}},{"type":"Feature","geometry":{"type":"Point","coordinates":[12.15,52.85]},"properties":{"pop":878}},{"type":"Feature","geometry":{"type":"Point","coordinates":[12.15,52.75]},"properties":{"pop":1214}},{"type":"Feature","geometry":{"type":"Point","coordinates":[9.15,48.45]},"properties":{"pop":41256}},{"type":"Feature","geometry":{"type":"Point","coordinates":[12.25,52.150000000000006]},"properties":{"pop":327}},{"type":"Feature","geometry":{"type":"Point","coordinates":[11.75,49.550000000000004]},"properties":{"pop":9595}},{"type":"Feature","geometry":{"type":"Point","coordinates":[9.05,50.75]},"properties":{"pop":4411}},{"type":"Feature","geometry":{"type":"Point","coordinates":[8.950000000000001,50.75]},"properties":{"pop":8975}},{"type":"Feature","geometry":{"type":"Point","coordinates":[7.15,52.550000000000004]},"properties":{"pop":5195}},{"type":"Feature","geometry":{"type":"Point","coordinates":[10.15,50.25]},"properties":{"pop":11260}},{"type":"Feature","geometry":{"type":"Point","coordinates":[6.25,50.45]},"properties":{"pop":3}},{"type":"Feature","geometry":{"type":"Point","coordinates":[10.850000000000001,47.550000000000004]},"properties":{"pop":76}},{"type":"Feature","geometry":{"type":"Point","coordinates":[12.350000000000001,52.150000000000006]},"properties":{"pop":2278}},{"type":"Feature","geometry":{"type":"Point","coordinates":[12.450000000000001,52.150000000000006]},"properties":{"pop":1978}},{"type":"Feature","geometry":{"type":"Point","coordinates":[10.55,54.25]},"properties":{"pop":8668}},{"type":"Feature","geometry":{"type":"Point","coordinates":[10.65,54.35]},"properties":{"pop":1631}},{"type":"Feature","geometry":{"type":"Point","coordinates":[8.35,48.35]},"properties":{"pop":3754}},{"type":"Feature","geometry":{"type":"Point","coordinates":[12.25,52.85]},"properties":{"pop":1543}},{"type":"Feature","geometry":{"type":"Point","coordinates":[8.450000000000001,49.75]},"properties":{"pop":24035}},{"type":"Feature","geometry":{"type":"Point","coordinates":[9.450000000000001,53.150000000000006]},"properties":{"pop":15793}},{"type":"Feature","geometry":{"type":"Point","coordinates":[8.65,53.650000000000006]},"properties":{"pop":13188}},{"type":"Feature","geometry":{"type":"Point","coordinates":[8.65,53.550000000000004]},"properties":{"pop":48601}},{"type":"Feature","geometry":{"type":"Point","coordinates":[6.65,49.45]},"properties":{"pop":26023}},{"type":"Feature","geometry":{"type":"Point","coordinates":[6.550000000000001,49.35]},"properties":{"pop":1675}},{"type":"Feature","geometry":{"type":"Point","coordinates":[6.550000000000001,49.45]},"properties":{"pop":10948}},{"type":"Feature","geometry":{"type":"Point","coordinates":[11.350000000000001,49.85]},"properties":{"pop":4191}},{"type":"Feature","geometry":{"type":"Point","coordinates":[8.35,52.550000000000004]},"properties":{"pop":6028}},{"type":"Feature","geometry":{"type":"Point","coordinates":[10.450000000000001,52.550000000000004]},"properties":{"pop":11543}},{"type":"Feature","geometry":{"type":"Point","coordinates":[10.75,51.45]},"properties":{"pop":11800}},{"type":"Feature","geometry":{"type":"Point","coordinates":[10.350000000000001,53.25]},"properties":{"pop":42343}},{"type":"Feature","geometry":{"type":"Point","coordinates":[8.950000000000001,50.150000000000006]},"properties":{"pop":97615}},{"type":"Feature","geometry":{"type":"Point","coordinates":[13.05,48.35]},"properties":{"pop":5422}},{"type":"Feature","geometry":{"type":"Point","coordinates":[13.65,48.85]},"properties":{"pop":2915}},{"type":"Feature","geometry":{"type":"Point","coordinates":[13.15,48.25]},"properties":{"pop":601}},{"type":"Feature","geometry":{"type":"Point","coordinates":[13.15,48.35]},"properties":{"pop":5918}},{"type":"Feature","geometry":{"type":"Point","coordinates":[12.850000000000001,51.650000000000006]},"properties":{"pop":3162}},{"type":"Feature","geometry":{"type":"Point","coordinates":[11.75,51.45]},"properties":{"pop":7586}},{"type":"Feature","geometry":{"type":"Point","coordinates":[13.950000000000001,51.75]},"properties":{"pop":5251}},{"type":"Feature","geometry":{"type":"Point","coordinates":[13.05,52.45]},"properties":{"pop":64728}},{"type":"Feature","geometry":{"type":"Point","coordinates":[8.65,51.25]},"properties":{"pop":6064}},{"type":"Feature","geometry":{"type":"Point","coordinates":[8.75,51.35]},"properties":{"pop":2895}},{"type":"Feature","geometry":{"type":"Point","coordinates":[14.15,53.25]},"properties":{"pop":1161}},{"type":"Feature","geometry":{"type":"Point","coordinates":[14.15,53.150000000000006]},"properties":{"pop":1929}},{"type":"Feature","geometry":{"type":"Point","coordinates":[10.55,50.75]},"properties":{"pop":4940}},{"type":"Feature","geometry":{"type":"Point","coordinates":[10.25,52.25]},"properties":{"pop":24233}},{"type":"Feature","geometry":{"type":"Point","coordinates":[9.15,53.550000000000004]},"properties":{"pop":5735}},{"type":"Feature","geometry":{"type":"Point","coordinates":[9.25,53.550000000000004]},"properties":{"pop":5728}},{"type":"Feature","geometry":{"type":"Point","coordinates":[8.85,51.35]},"properties":{"pop":3645}},{"type":"Feature","geometry":{"type":"Point","coordinates":[9.05,53.550000000000004]},"properties":{"pop":3121}},{"type":"Feature","geometry":{"type":"Point","coordinates":[10.75,54.150000000000006]},"properties":{"pop":3869}},{"type":"Feature","geometry":{"type":"Point","coordinates":[7.25,49.45]},"properties":{"pop":12585}},{"type":"Feature","geometry":{"type":"Point","coordinates":[11.25,51.95]},"properties":{"pop":4195}},{"type":"Feature","geometry":{"type":"Point","coordinates":[9.75,52.050000000000004]},"properties":{"pop":12583}},{"type":"Feature","geometry":{"type":"Point","coordinates":[12.65,53.050000000000004]},"properties":{"pop":490}},{"type":"Feature","geometry":{"type":"Point","coordinates":[12.55,53.050000000000004]},"properties":{"pop":1034}},{"type":"Feature","geometry":{"type":"Point","coordinates":[11.25,53.150000000000006]},"properties":{"pop":3780}},{"type":"Feature","geometry":{"type":"Point","coordinates":[7.25,51.550000000000004]},"properties":{"pop":169276}},{"type":"Feature","geometry":{"type":"Point","coordinates":[14.05,52.25]},"properties":{"pop":5949}},{"type":"Feature","geometry":{"type":"Point","coordinates":[14.15,52.25]},"properties":{"pop":1862}},{"type":"Feature","geometry":{"type":"Point","coordinates":[14.05,52.35]},"properties":{"pop":30350}},{"type":"Feature","geometry":{"type":"Point","coordinates":[8.25,51.35]},"properties":{"pop":13644}},{"type":"Feature","geometry":{"type":"Point","coordinates":[8.25,51.25]},"properties":{"pop":6382}},{"type":"Feature","geometry":{"type":"Point","coordinates":[11.350000000000001,51.650000000000006]},"properties":{"pop":1451}},{"type":"Feature","geometry":{"type":"Point","coordinates":[11.450000000000001,51.650000000000006]},"properties":{"pop":10167}},{"type":"Feature","geometry":{"type":"Point","coordinates":[11.55,51.650000000000006]},"properties":{"pop":12993}},{"type":"Feature","geometry":{"type":"Point","coordinates":[7.25,51.650000000000006]},"properties":{"pop":64372}},{"type":"Feature","geometry":{"type":"Point","coordinates":[8.55,49.35]},"properties":{"pop":75968}},{"type":"Feature","geometry":{"type":"Point","coordinates":[13.05,50.95]},"properties":{"pop":14779}},{"type":"Feature","geometry":{"type":"Point","coordinates":[12.850000000000001,48.550000000000004]},"properties":{"pop":6168}},{"type":"Feature","geometry":{"type":"Point","coordinates":[12.450000000000001,48.35]},"properties":{"pop":5310}},{"type":"Feature","geometry":{"type":"Point","coordinates":[7.550000000000001,52.050000000000004]},"properties":{"pop":16378}},{"type":"Feature","geometry":{"type":"Point","coordinates":[7.95,48.550000000000004]},"properties":{"pop":21184}},{"type":"Feature","geometry":{"type":"Point","coordinates":[9.25,52.45]},"properties":{"pop":9792}},{"type":"Feature","geometry":{"type":"Point","coordinates":[9.35,50.050000000000004]},"properties":{"pop":5684}},{"type":"Feature","geometry":{"type":"Point","coordinates":[8.65,48.25]},"properties":{"pop":8045}},{"type":"Feature","geometry":{"type":"Point","coordinates":[11.55,54.050000000000004]},"properties":{"pop":780}},{"type":"Feature","geometry":{"type":"Point","coordinates":[11.65,54.150000000000006]},"properties":{"pop":2186}},{"type":"Feature","geometry":{"type":"Point","coordinates":[10.350000000000001,50.150000000000006]},"properties":{"pop":5782}},{"type":"Feature","geometry":{"type":"Point","coordinates":[7.15,52.45]},"properties":{"pop":8816}},{"type":"Feature","geometry":{"type":"Point","coordinates":[10.350000000000001,50.25]},"properties":{"pop":4192}},{"type":"Feature","geometry":{"type":"Point","coordinates":[10.450000000000001,50.150000000000006]},"properties":{"pop":3539}},{"type":"Feature","geometry":{"type":"Point","coordinates":[11.450000000000001,53.25]},"properties":{"pop":2024}},{"type":"Feature","geometry":{"type":"Point","coordinates":[11.55,54.150000000000006]},"properties":{"pop":12}},{"type":"Feature","geometry":{"type":"Point","coordinates":[10.450000000000001,50.25]},"properties":{"pop":4521}},{"type":"Feature","geometry":{"type":"Point","coordinates":[7.65,53.550000000000004]},"properties":{"pop":5886}},{"type":"Feature","geometry":{"type":"Point","coordinates":[8.25,53.35]},"properties":{"pop":2776}},{"type":"Feature","geometry":{"type":"Point","coordinates":[10.55,50.050000000000004]},"properties":{"pop":17308}},{"type":"Feature","geometry":{"type":"Point","coordinates":[10.65,50.050000000000004]},"properties":{"pop":3303}},{"type":"Feature","geometry":{"type":"Point","coordinates":[8.35,51.650000000000006]},"properties":{"pop":49588}},{"type":"Feature","geometry":{"type":"Point","coordinates":[8.450000000000001,51.650000000000006]},"properties":{"pop":17578}},{"type":"Feature","geometry":{"type":"Point","coordinates":[13.65,48.550000000000004]},"properties":{"pop":6786}},{"type":"Feature","geometry":{"type":"Point","coordinates":[13.75,48.550000000000004]},"properties":{"pop":3137}},{"type":"Feature","geometry":{"type":"Point","coordinates":[9.55,52.45]},"properties":{"pop":41783}},{"type":"Feature","geometry":{"type":"Point","coordinates":[13.55,53.75]},"properties":{"pop":1518}},{"type":"Feature","geometry":{"type":"Point","coordinates":[11.65,49.45]},"properties":{"pop":2830}},{"type":"Feature","geometry":{"type":"Point","coordinates":[8.55,48.25]},"properties":{"pop":16798}},{"type":"Feature","geometry":{"type":"Point","coordinates":[12.850000000000001,51.25]},"properties":{"pop":6925}},{"type":"Feature","geometry":{"type":"Point","coordinates":[13.75,52.150000000000006]},"properties":{"pop":1500}},{"type":"Feature","geometry":{"type":"Point","coordinates":[13.850000000000001,52.050000000000004]},"properties":{"pop":1639}},{"type":"Feature","geometry":{"type":"Point","coordinates":[8.05,52.25]},"properties":{"pop":106342}},{"type":"Feature","geometry":{"type":"Point","coordinates":[8.15,52.25]},"properties":{"pop":36083}},{"type":"Feature","geometry":{"type":"Point","coordinates":[8.15,52.35]},"properties":{"pop":14398}},{"type":"Feature","geometry":{"type":"Point","coordinates":[7.95,52.25]},"properties":{"pop":39067}},{"type":"Feature","geometry":{"type":"Point","coordinates":[7.75,52.45]},"properties":{"pop":3373}},{"type":"Feature","geometry":{"type":"Point","coordinates":[7.8500000000000005,52.45]},"properties":{"pop":8071}},{"type":"Feature","geometry":{"type":"Point","coordinates":[7.8500000000000005,52.550000000000004]},"properties":{"pop":9619}},{"type":"Feature","geometry":{"type":"Point","coordinates":[10.450000000000001,51.95]},"properties":{"pop":33528}},{"type":"Feature","geometry":{"type":"Point","coordinates":[10.450000000000001,51.85]},"properties":{"pop":3152}},{"type":"Feature","geometry":{"type":"Point","coordinates":[7.45,51.650000000000006]},"properties":{"pop":42250}},{"type":"Feature","geometry":{"type":"Point","coordinates":[12.65,48.050000000000004]},"properties":{"pop":5414}},{"type":"Feature","geometry":{"type":"Point","coordinates":[8.450000000000001,52.650000000000006]},"properties":{"pop":7357}},{"type":"Feature","geometry":{"type":"Point","coordinates":[8.35,52.650000000000006]},"properties":{"pop":11014}},{"type":"Feature","geometry":{"type":"Point","coordinates":[8.35,52.75]},"properties":{"pop":9143}},{"type":"Feature","geometry":{"type":"Point","coordinates":[12.950000000000001,51.650000000000006]},"properties":{"pop":3913}},{"type":"Feature","geometry":{"type":"Point","coordinates":[9.65,50.85]},"properties":{"pop":12690}},{"type":"Feature","geometry":{"type":"Point","coordinates":[7.550000000000001,53.35]},"properties":{"pop":12583}},{"type":"Feature","geometry":{"type":"Point","coordinates":[7.65,53.35]},"properties":{"pop":7095}},{"type":"Feature","geometry":{"type":"Point","coordinates":[7.65,53.25]},"properties":{"pop":5439}},{"type":"Feature","geometry":{"type":"Point","coordinates":[12.850000000000001,52.25]},"properties":{"pop":5729}},{"type":"Feature","geometry":{"type":"Point","coordinates":[11.65,48.95]},"properties":{"pop":5927}},{"type":"Feature","geometry":{"type":"Point","coordinates":[8.450000000000001,51.150000000000006]},"properties":{"pop":3207}},{"type":"Feature","geometry":{"type":"Point","coordinates":[7.050000000000001,49.75]},"properties":{"pop":3606}},{"type":"Feature","geometry":{"type":"Point","coordinates":[7.15,49.75]},"properties":{"pop":2780}},{"type":"Feature","geometry":{"type":"Point","coordinates":[8.65,49.650000000000006]},"properties":{"pop":55489}},{"type":"Feature","geometry":{"type":"Point","coordinates":[7.75,53.35]},"properties":{"pop":7383}},{"type":"Feature","geometry":{"type":"Point","coordinates":[13.15,50.95]},"properties":{"pop":9343}},{"type":"Feature","geometry":{"type":"Point","coordinates":[11.15,51.050000000000004]},"properties":{"pop":10216}},{"type":"Feature","geometry":{"type":"Point","coordinates":[6.550000000000001,49.75]},"properties":{"pop":22790}},{"type":"Feature","geometry":{"type":"Point","coordinates":[14.15,53.650000000000006]},"properties":{"pop":1184}},{"type":"Feature","geometry":{"type":"Point","coordinates":[9.05,51.150000000000006]},"properties":{"pop":3806}},{"type":"Feature","geometry":{"type":"Point","coordinates":[13.55,53.85]},"properties":{"pop":1406}},{"type":"Feature","geometry":{"type":"Point","coordinates":[8.25,51.75]},"properties":{"pop":9948}},{"type":"Feature","geometry":{"type":"Point","coordinates":[8.950000000000001,54.550000000000004]},"properties":{"pop":2639}},{"type":"Feature","geometry":{"type":"Point","coordinates":[6.65,49.85]},"properties":{"pop":13606}},{"type":"Feature","geometry":{"type":"Point","coordinates":[7.8500000000000005,52.35]},"properties":{"pop":8560}},{"type":"Feature","geometry":{"type":"Point","coordinates":[10.850000000000001,53.35]},"properties":{"pop":2183}},{"type":"Feature","geometry":{"type":"Point","coordinates":[10.850000000000001,52.150000000000006]},"properties":{"pop":3012}},{"type":"Feature","geometry":{"type":"Point","coordinates":[13.65,52.85]},"properties":{"pop":5581}},{"type":"Feature","geometry":{"type":"Point","coordinates":[13.75,52.85]},"properties":{"pop":26258}},{"type":"Feature","geometry":{"type":"Point","coordinates":[13.55,50.75]},"properties":{"pop":2998}},{"type":"Feature","geometry":{"type":"Point","coordinates":[8.450000000000001,48.050000000000004]},"properties":{"pop":53652}},{"type":"Feature","geometry":{"type":"Point","coordinates":[10.75,47.550000000000004]},"properties":{"pop":6451}},{"type":"Feature","geometry":{"type":"Point","coordinates":[10.15,47.550000000000004]},"properties":{"pop":4518}},{"type":"Feature","geometry":{"type":"Point","coordinates":[8.450000000000001,48.550000000000004]},"properties":{"pop":4437}},{"type":"Feature","geometry":{"type":"Point","coordinates":[12.05,52.650000000000006]},"properties":{"pop":2652}},{"type":"Feature","geometry":{"type":"Point","coordinates":[12.15,52.650000000000006]},"properties":{"pop":386}},{"type":"Feature","geometry":{"type":"Point","coordinates":[7.8500000000000005,52.650000000000006]},"properties":{"pop":4961}},{"type":"Feature","geometry":{"type":"Point","coordinates":[6.050000000000001,51.150000000000006]},"properties":{"pop":3481}},{"type":"Feature","geometry":{"type":"Point","coordinates":[13.65,52.95]},"properties":{"pop":534}},{"type":"Feature","geometry":{"type":"Point","coordinates":[13.450000000000001,52.95]},"properties":{"pop":1116}},{"type":"Feature","geometry":{"type":"Point","coordinates":[11.350000000000001,48.650000000000006]},"properties":{"pop":5058}},{"type":"Feature","geometry":{"type":"Point","coordinates":[6.25,51.75]},"properties":{"pop":11599}},{"type":"Feature","geometry":{"type":"Point","coordinates":[14.55,52.650000000000006]},"properties":{"pop":286}},{"type":"Feature","geometry":{"type":"Point","coordinates":[9.950000000000001,53.650000000000006]},"properties":{"pop":154492}},{"type":"Feature","geometry":{"type":"Point","coordinates":[7.95,49.25]},"properties":{"pop":7593}},{"type":"Feature","geometry":{"type":"Point","coordinates":[7.8500000000000005,49.25]},"properties":{"pop":1899}},{"type":"Feature","geometry":{"type":"Point","coordinates":[10.950000000000001,51.35]},"properties":{"pop":2283}},{"type":"Feature","geometry":{"type":"Point","coordinates":[11.450000000000001,52.050000000000004]},"properties":{"pop":5603}},{"type":"Feature","geometry":{"type":"Point","coordinates":[11.75,51.85]},"properties":{"pop":12749}},{"type":"Feature","geometry":{"type":"Point","coordinates":[11.850000000000001,51.95]},"properties":{"pop":6603}},{"type":"Feature","geometry":{"type":"Point","coordinates":[11.850000000000001,51.85]},"properties":{"pop":2525}},{"type":"Feature","geometry":{"type":"Point","coordinates":[8.75,49.45]},"properties":{"pop":30351}},{"type":"Feature","geometry":{"type":"Point","coordinates":[11.850000000000001,49.150000000000006]},"properties":{"pop":3290}},{"type":"Feature","geometry":{"type":"Point","coordinates":[11.75,49.150000000000006]},"properties":{"pop":8133}},{"type":"Feature","geometry":{"type":"Point","coordinates":[11.75,49.050000000000004]},"properties":{"pop":6011}},{"type":"Feature","geometry":{"type":"Point","coordinates":[9.65,52.150000000000006]},"properties":{"pop":7466}},{"type":"Feature","geometry":{"type":"Point","coordinates":[10.15,49.75]},"properties":{"pop":27955}},{"type":"Feature","geometry":{"type":"Point","coordinates":[11.350000000000001,50.75]},"properties":{"pop":16763}},{"type":"Feature","geometry":{"type":"Point","coordinates":[7.75,53.150000000000006]},"properties":{"pop":12668}},{"type":"Feature","geometry":{"type":"Point","coordinates":[13.850000000000001,52.85]},"properties":{"pop":18874}},{"type":"Feature","geometry":{"type":"Point","coordinates":[8.65,54.650000000000006]},"properties":{"pop":95}},{"type":"Feature","geometry":{"type":"Point","coordinates":[10.75,53.45]},"properties":{"pop":1565}},{"type":"Feature","geometry":{"type":"Point","coordinates":[7.75,49.25]},"properties":{"pop":6276}},{"type":"Feature","geometry":{"type":"Point","coordinates":[8.75,52.25]},"properties":{"pop":44236}},{"type":"Feature","geometry":{"type":"Point","coordinates":[8.75,52.150000000000006]},"properties":{"pop":31789}},{"type":"Feature","geometry":{"type":"Point","coordinates":[8.25,50.050000000000004]},"properties":{"pop":231396}},{"type":"Feature","geometry":{"type":"Point","coordinates":[8.35,50.050000000000004]},"properties":{"pop":75911}},{"type":"Feature","geometry":{"type":"Point","coordinates":[8.25,50.150000000000006]},"properties":{"pop":23505}},{"type":"Feature","geometry":{"type":"Point","coordinates":[9.55,50.25]},"properties":{"pop":1470}},{"type":"Feature","geometry":{"type":"Point","coordinates":[9.55,51.150000000000006]},"properties":{"pop":15373}},{"type":"Feature","geometry":{"type":"Point","coordinates":[8.25,54.75]},"properties":{"pop":897}},{"type":"Feature","geometry":{"type":"Point","coordinates":[11.65,52.45]},"properties":{"pop":1035}},{"type":"Feature","geometry":{"type":"Point","coordinates":[9.450000000000001,47.650000000000006]},"properties":{"pop":46384}},{"type":"Feature","geometry":{"type":"Point","coordinates":[8.65,52.35]},"properties":{"pop":35809}},{"type":"Feature","geometry":{"type":"Point","coordinates":[8.65,52.25]},"properties":{"pop":28542}},{"type":"Feature","geometry":{"type":"Point","coordinates":[12.950000000000001,53.35]},"properties":{"pop":753}},{"type":"Feature","geometry":{"type":"Point","coordinates":[13.05,53.35]},"properties":{"pop":15156}},{"type":"Feature","geometry":{"type":"Point","coordinates":[11.350000000000001,49.75]},"properties":{"pop":5753}},{"type":"Feature","geometry":{"type":"Point","coordinates":[14.25,53.95]},"properties":{"pop":71}},{"type":"Feature","geometry":{"type":"Point","coordinates":[9.05,52.35]},"properties":{"pop":8592}},{"type":"Feature","geometry":{"type":"Point","coordinates":[9.55,48.150000000000006]},"properties":{"pop":6778}},{"type":"Feature","geometry":{"type":"Point","coordinates":[12.75,52.150000000000006]},"properties":{"pop":3660}},{"type":"Feature","geometry":{"type":"Point","coordinates":[9.55,51.85]},"properties":{"pop":4200}},{"type":"Feature","geometry":{"type":"Point","coordinates":[14.25,52.85]},"properties":{"pop":14}},{"type":"Feature","geometry":{"type":"Point","coordinates":[13.950000000000001,53.550000000000004]},"properties":{"pop":6854}},{"type":"Feature","geometry":{"type":"Point","coordinates":[9.450000000000001,52.550000000000004]},"properties":{"pop":15698}},{"type":"Feature","geometry":{"type":"Point","coordinates":[12.350000000000001,49.45]},"properties":{"pop":3982}},{"type":"Feature","geometry":{"type":"Point","coordinates":[8.75,52.75]},"properties":{"pop":4162}},{"type":"Feature","geometry":{"type":"Point","coordinates":[10.75,52.95]},"properties":{"pop":3723}},{"type":"Feature","geometry":{"type":"Point","coordinates":[8.450000000000001,50.35]},"properties":{"pop":10763}},{"type":"Feature","geometry":{"type":"Point","coordinates":[7.550000000000001,52.85]},"properties":{"pop":8897}},{"type":"Feature","geometry":{"type":"Point","coordinates":[7.45,52.85]},"properties":{"pop":844}},{"type":"Feature","geometry":{"type":"Point","coordinates":[13.350000000000001,53.85]},"properties":{"pop":1431}},{"type":"Feature","geometry":{"type":"Point","coordinates":[13.450000000000001,53.85]},"properties":{"pop":1594}},{"type":"Feature","geometry":{"type":"Point","coordinates":[9.55,51.45]},"properties":{"pop":4857}},{"type":"Feature","geometry":{"type":"Point","coordinates":[10.65,49.35]},"properties":{"pop":9850}},{"type":"Feature","geometry":{"type":"Point","coordinates":[10.75,50.75]},"properties":{"pop":5217}},{"type":"Feature","geometry":{"type":"Point","coordinates":[12.15,48.650000000000006]},"properties":{"pop":7565}},{"type":"Feature","geometry":{"type":"Point","coordinates":[10.450000000000001,48.95]},"properties":{"pop":5675}},{"type":"Feature","geometry":{"type":"Point","coordinates":[7.550000000000001,53.650000000000006]},"properties":{"pop":4318}},{"type":"Feature","geometry":{"type":"Point","coordinates":[8.450000000000001,47.75]},"properties":{"pop":3094}},{"type":"Feature","geometry":{"type":"Point","coordinates":[12.15,53.650000000000006]},"properties":{"pop":846}},{"type":"Feature","geometry":{"type":"Point","coordinates":[12.65,51.75]},"properties":{"pop":2900}},{"type":"Feature","geometry":{"type":"Point","coordinates":[12.75,51.75]},"properties":{"pop":2627}},{"type":"Feature","geometry":{"type":"Point","coordinates":[14.05,52.050000000000004]},"properties":{"pop":1530}},{"type":"Feature","geometry":{"type":"Point","coordinates":[13.950000000000001,52.050000000000004]},"properties":{"pop":1784}},{"type":"Feature","geometry":{"type":"Point","coordinates":[14.15,52.050000000000004]},"properties":{"pop":1670}},{"type":"Feature","geometry":{"type":"Point","coordinates":[13.950000000000001,52.150000000000006]},"properties":{"pop":1322}},{"type":"Feature","geometry":{"type":"Point","coordinates":[12.350000000000001,53.85]},"properties":{"pop":1782}},{"type":"Feature","geometry":{"type":"Point","coordinates":[12.05,53.650000000000006]},"properties":{"pop":1649}},{"type":"Feature","geometry":{"type":"Point","coordinates":[11.450000000000001,54.050000000000004]},"properties":{"pop":828}},{"type":"Feature","geometry":{"type":"Point","coordinates":[13.05,48.25]},"properties":{"pop":7599}},{"type":"Feature","geometry":{"type":"Point","coordinates":[11.05,52.150000000000006]},"properties":{"pop":6370}},{"type":"Feature","geometry":{"type":"Point","coordinates":[11.450000000000001,47.650000000000006]},"properties":{"pop":1673}},{"type":"Feature","geometry":{"type":"Point","coordinates":[10.55,48.45]},"properties":{"pop":6438}},{"type":"Feature","geometry":{"type":"Point","coordinates":[7.95,48.150000000000006]},"properties":{"pop":12978}},{"type":"Feature","geometry":{"type":"Point","coordinates":[9.65,51.45]},"properties":{"pop":16950}},{"type":"Feature","geometry":{"type":"Point","coordinates":[10.75,50.550000000000004]},"properties":{"pop":10034}},{"type":"Feature","geometry":{"type":"Point","coordinates":[9.25,49.35]},"properties":{"pop":8109}},{"type":"Feature","geometry":{"type":"Point","coordinates":[12.850000000000001,49.25]},"properties":{"pop":6412}},{"type":"Feature","geometry":{"type":"Point","coordinates":[12.850000000000001,49.35]},"properties":{"pop":5740}},{"type":"Feature","geometry":{"type":"Point","coordinates":[12.950000000000001,49.35]},"properties":{"pop":1541}},{"type":"Feature","geometry":{"type":"Point","coordinates":[10.450000000000001,48.85]},"properties":{"pop":17578}},{"type":"Feature","geometry":{"type":"Point","coordinates":[11.05,52.75]},"properties":{"pop":2174}},{"type":"Feature","geometry":{"type":"Point","coordinates":[11.15,52.75]},"properties":{"pop":1660}},{"type":"Feature","geometry":{"type":"Point","coordinates":[10.950000000000001,52.650000000000006]},"properties":{"pop":2559}},{"type":"Feature","geometry":{"type":"Point","coordinates":[12.75,54.35]},"properties":{"pop":6872}},{"type":"Feature","geometry":{"type":"Point","coordinates":[13.15,54.25]},"properties":{"pop":9222}},{"type":"Feature","geometry":{"type":"Point","coordinates":[12.65,54.35]},"properties":{"pop":3844}},{"type":"Feature","geometry":{"type":"Point","coordinates":[13.950000000000001,53.650000000000006]},"properties":{"pop":2865}},{"type":"Feature","geometry":{"type":"Point","coordinates":[14.25,53.650000000000006]},"properties":{"pop":736}},{"type":"Feature","geometry":{"type":"Point","coordinates":[8.450000000000001,53.650000000000006]},"properties":{"pop":326}},{"type":"Feature","geometry":{"type":"Point","coordinates":[8.65,47.85]},"properties":{"pop":5803}},{"type":"Feature","geometry":{"type":"Point","coordinates":[8.65,47.75]},"properties":{"pop":1708}},{"type":"Feature","geometry":{"type":"Point","coordinates":[11.15,49.95]},"properties":{"pop":2386}},{"type":"Feature","geometry":{"type":"Point","coordinates":[14.05,51.550000000000004]},"properties":{"pop":10917}},{"type":"Feature","geometry":{"type":"Point","coordinates":[10.850000000000001,48.150000000000006]},"properties":{"pop":17631}},{"type":"Feature","geometry":{"type":"Point","coordinates":[9.15,48.75]},"properties":{"pop":246304}},{"type":"Feature","geometry":{"type":"Point","coordinates":[6.8500000000000005,49.45]},"properties":{"pop":21145}},{"type":"Feature","geometry":{"type":"Point","coordinates":[13.05,51.45]},"properties":{"pop":1613}},{"type":"Feature","geometry":{"type":"Point","coordinates":[13.950000000000001,51.550000000000004]},"properties":{"pop":13158}},{"type":"Feature","geometry":{"type":"Point","coordinates":[10.65,52.050000000000004]},"properties":{"pop":4762}},{"type":"Feature","geometry":{"type":"Point","coordinates":[12.850000000000001,54.25]},"properties":{"pop":2505}},{"type":"Feature","geometry":{"type":"Point","coordinates":[11.950000000000001,50.550000000000004]},"properties":{"pop":5295}},{"type":"Feature","geometry":{"type":"Point","coordinates":[12.450000000000001,48.650000000000006]},"properties":{"pop":18514}},{"type":"Feature","geometry":{"type":"Point","coordinates":[11.450000000000001,49.550000000000004]},"properties":{"pop":14734}},{"type":"Feature","geometry":{"type":"Point","coordinates":[12.25,53.95]},"properties":{"pop":2049}},{"type":"Feature","geometry":{"type":"Point","coordinates":[12.350000000000001,53.95]},"properties":{"pop":4090}},{"type":"Feature","geometry":{"type":"Point","coordinates":[12.350000000000001,48.050000000000004]},"properties":{"pop":5404}},{"type":"Feature","geometry":{"type":"Point","coordinates":[11.450000000000001,49.650000000000006]},"properties":{"pop":4130}},{"type":"Feature","geometry":{"type":"Point","coordinates":[12.05,49.35]},"properties":{"pop":11422}},{"type":"Feature","geometry":{"type":"Point","coordinates":[10.05,49.45]},"properties":{"pop":3487}},{"type":"Feature","geometry":{"type":"Point","coordinates":[9.950000000000001,49.45]},"properties":{"pop":7196}},{"type":"Feature","geometry":{"type":"Point","coordinates":[9.950000000000001,49.550000000000004]},"properties":{"pop":3136}},{"type":"Feature","geometry":{"type":"Point","coordinates":[8.450000000000001,54.75]},"properties":{"pop":1554}},{"type":"Feature","geometry":{"type":"Point","coordinates":[9.55,54.85]},"properties":{"pop":8999}},{"type":"Feature","geometry":{"type":"Point","coordinates":[14.75,52.050000000000004]},"properties":{"pop":952}},{"type":"Feature","geometry":{"type":"Point","coordinates":[12.75,48.85]},"properties":{"pop":7609}},{"type":"Feature","geometry":{"type":"Point","coordinates":[6.75,51.650000000000006]},"properties":{"pop":11872}},{"type":"Feature","geometry":{"type":"Point","coordinates":[8.950000000000001,49.650000000000006]},"properties":{"pop":14450}},{"type":"Feature","geometry":{"type":"Point","coordinates":[10.75,49.150000000000006]},"properties":{"pop":15487}},{"type":"Feature","geometry":{"type":"Point","coordinates":[10.850000000000001,49.150000000000006]},"properties":{"pop":5553}},{"type":"Feature","geometry":{"type":"Point","coordinates":[12.15,47.95]},"properties":{"pop":11852}},{"type":"Feature","geometry":{"type":"Point","coordinates":[9.950000000000001,53.550000000000004]},"properties":{"pop":252275}},{"type":"Feature","geometry":{"type":"Point","coordinates":[9.850000000000001,53.550000000000004]},"properties":{"pop":160478}},{"type":"Feature","geometry":{"type":"Point","coordinates":[10.05,53.550000000000004]},"properties":{"pop":221137}},{"type":"Feature","geometry":{"type":"Point","coordinates":[14.15,51.25]},"properties":{"pop":11654}},{"type":"Feature","geometry":{"type":"Point","coordinates":[10.05,53.650000000000006]},"properties":{"pop":217767}},{"type":"Feature","geometry":{"type":"Point","coordinates":[7.550000000000001,47.550000000000004]},"properties":{"pop":1115}},{"type":"Feature","geometry":{"type":"Point","coordinates":[8.450000000000001,53.95]},"properties":{"pop":781}},{"type":"Feature","geometry":{"type":"Point","coordinates":[10.15,53.45]},"properties":{"pop":83599}},{"type":"Feature","geometry":{"type":"Point","coordinates":[10.25,53.45]},"properties":{"pop":95084}},{"type":"Feature","geometry":{"type":"Point","coordinates":[10.05,53.45]},"properties":{"pop":49562}},{"type":"Feature","geometry":{"type":"Point","coordinates":[10.25,53.35]},"properties":{"pop":23305}},{"type":"Feature","geometry":{"type":"Point","coordinates":[9.950000000000001,53.45]},"properties":{"pop":128924}},{"type":"Feature","geometry":{"type":"Point","coordinates":[12.350000000000001,52.95]},"properties":{"pop":4908}},{"type":"Feature","geometry":{"type":"Point","coordinates":[12.25,52.95]},"properties":{"pop":1502}},{"type":"Feature","geometry":{"type":"Point","coordinates":[12.350000000000001,52.85]},"properties":{"pop":1731}},{"type":"Feature","geometry":{"type":"Point","coordinates":[13.850000000000001,48.550000000000004]},"properties":{"pop":107}},{"type":"Feature","geometry":{"type":"Point","coordinates":[9.65,50.25]},"properties":{"pop":4464}},{"type":"Feature","geometry":{"type":"Point","coordinates":[9.55,54.650000000000006]},"properties":{"pop":6000}},{"type":"Feature","geometry":{"type":"Point","coordinates":[9.450000000000001,54.650000000000006]},"properties":{"pop":5878}},{"type":"Feature","geometry":{"type":"Point","coordinates":[7.95,52.85]},"properties":{"pop":8953}},{"type":"Feature","geometry":{"type":"Point","coordinates":[14.15,50.85]},"properties":{"pop":1912}},{"type":"Feature","geometry":{"type":"Point","coordinates":[8.450000000000001,49.45]},"properties":{"pop":134433}},{"type":"Feature","geometry":{"type":"Point","coordinates":[13.25,50.75]},"properties":{"pop":7277}},{"type":"Feature","geometry":{"type":"Point","coordinates":[12.450000000000001,48.45]},"properties":{"pop":4567}},{"type":"Feature","geometry":{"type":"Point","coordinates":[10.850000000000001,52.95]},"properties":{"pop":992}},{"type":"Feature","geometry":{"type":"Point","coordinates":[8.05,51.95]},"properties":{"pop":13621}},{"type":"Feature","geometry":{"type":"Point","coordinates":[8.450000000000001,48.650000000000006]},"properties":{"pop":2732}},{"type":"Feature","geometry":{"type":"Point","coordinates":[9.850000000000001,49.550000000000004]},"properties":{"pop":3746}},{"type":"Feature","geometry":{"type":"Point","coordinates":[9.05,50.45]},"properties":{"pop":12539}},{"type":"Feature","geometry":{"type":"Point","coordinates":[11.25,48.85]},"properties":{"pop":10162}},{"type":"Feature","geometry":{"type":"Point","coordinates":[13.15,52.650000000000006]},"properties":{"pop":28138}},{"type":"Feature","geometry":{"type":"Point","coordinates":[13.05,52.650000000000006]},"properties":{"pop":3975}},{"type":"Feature","geometry":{"type":"Point","coordinates":[8.25,52.75]},"properties":{"pop":28087}},{"type":"Feature","geometry":{"type":"Point","coordinates":[11.75,52.95]},"properties":{"pop":7475}},{"type":"Feature","geometry":{"type":"Point","coordinates":[11.450000000000001,48.150000000000006]},"properties":{"pop":337286}},{"type":"Feature","geometry":{"type":"Point","coordinates":[11.55,48.150000000000006]},"properties":{"pop":548814}},{"type":"Feature","geometry":{"type":"Point","coordinates":[11.75,51.35]},"properties":{"pop":4871}},{"type":"Feature","geometry":{"type":"Point","coordinates":[11.850000000000001,51.35]},"properties":{"pop":7750}},{"type":"Feature","geometry":{"type":"Point","coordinates":[11.950000000000001,52.550000000000004]},"properties":{"pop":8367}},{"type":"Feature","geometry":{"type":"Point","coordinates":[11.850000000000001,52.650000000000006]},"properties":{"pop":6557}},{"type":"Feature","geometry":{"type":"Point","coordinates":[8.05,52.550000000000004]},"properties":{"pop":7517}},{"type":"Feature","geometry":{"type":"Point","coordinates":[14.05,51.75]},"properties":{"pop":5661}},{"type":"Feature","geometry":{"type":"Point","coordinates":[7.550000000000001,47.95]},"properties":{"pop":220}},{"type":"Feature","geometry":{"type":"Point","coordinates":[8.55,50.75]},"properties":{"pop":11646}},{"type":"Feature","geometry":{"type":"Point","coordinates":[11.05,51.050000000000004]},"properties":{"pop":43535}},{"type":"Feature","geometry":{"type":"Point","coordinates":[7.95,52.45]},"properties":{"pop":15448}},{"type":"Feature","geometry":{"type":"Point","coordinates":[11.55,53.45]},"properties":{"pop":1594}},{"type":"Feature","geometry":{"type":"Point","coordinates":[12.450000000000001,49.45]},"properties":{"pop":5790}},{"type":"Feature","geometry":{"type":"Point","coordinates":[13.25,50.85]},"properties":{"pop":7223}},{"type":"Feature","geometry":{"type":"Point","coordinates":[11.05,53.650000000000006]},"properties":{"pop":2350}},{"type":"Feature","geometry":{"type":"Point","coordinates":[9.850000000000001,51.25]},"properties":{"pop":4433}},{"type":"Feature","geometry":{"type":"Point","coordinates":[11.65,48.650000000000006]},"properties":{"pop":12939}},{"type":"Feature","geometry":{"type":"Point","coordinates":[13.25,54.650000000000006]},"properties":{"pop":1888}},{"type":"Feature","geometry":{"type":"Point","coordinates":[13.25,54.550000000000004]},"properties":{"pop":902}},{"type":"Feature","geometry":{"type":"Point","coordinates":[10.55,52.35]},"properties":{"pop":43534}},{"type":"Feature","geometry":{"type":"Point","coordinates":[8.55,52.050000000000004]},"properties":{"pop":144548}},{"type":"Feature","geometry":{"type":"Point","coordinates":[9.75,51.650000000000006]},"properties":{"pop":4059}},{"type":"Feature","geometry":{"type":"Point","coordinates":[9.850000000000001,51.650000000000006]},"properties":{"pop":9550}},{"type":"Feature","geometry":{"type":"Point","coordinates":[12.15,49.85]},"properties":{"pop":6466}},{"type":"Feature","geometry":{"type":"Point","coordinates":[9.450000000000001,49.95]},"properties":{"pop":1172}},{"type":"Feature","geometry":{"type":"Point","coordinates":[11.450000000000001,49.95]},"properties":{"pop":6014}},{"type":"Feature","geometry":{"type":"Point","coordinates":[13.950000000000001,52.25]},"properties":{"pop":5002}},{"type":"Feature","geometry":{"type":"Point","coordinates":[14.05,52.150000000000006]},"properties":{"pop":1680}},{"type":"Feature","geometry":{"type":"Point","coordinates":[14.05,51.650000000000006]},"properties":{"pop":3212}},{"type":"Feature","geometry":{"type":"Point","coordinates":[13.950000000000001,51.650000000000006]},"properties":{"pop":1409}},{"type":"Feature","geometry":{"type":"Point","coordinates":[14.350000000000001,53.050000000000004]},"properties":{"pop":3616}},{"type":"Feature","geometry":{"type":"Point","coordinates":[7.95,51.95]},"properties":{"pop":23302}},{"type":"Feature","geometry":{"type":"Point","coordinates":[11.850000000000001,48.050000000000004]},"properties":{"pop":22850}},{"type":"Feature","geometry":{"type":"Point","coordinates":[11.55,52.45]},"properties":{"pop":616}},{"type":"Feature","geometry":{"type":"Point","coordinates":[8.15,52.75]},"properties":{"pop":5192}},{"type":"Feature","geometry":{"type":"Point","coordinates":[10.05,48.95]},"properties":{"pop":6242}},{"type":"Feature","geometry":{"type":"Point","coordinates":[14.55,51.550000000000004]},"properties":{"pop":4549}},{"type":"Feature","geometry":{"type":"Point","coordinates":[14.450000000000001,51.45]},"properties":{"pop":362}},{"type":"Feature","geometry":{"type":"Point","coordinates":[12.450000000000001,54.050000000000004]},"properties":{"pop":4849}},{"type":"Feature","geometry":{"type":"Point","coordinates":[10.55,51.95]},"properties":{"pop":15159}},{"type":"Feature","geometry":{"type":"Point","coordinates":[8.35,48.650000000000006]},"properties":{"pop":3831}},{"type":"Feature","geometry":{"type":"Point","coordinates":[11.15,51.150000000000006]},"properties":{"pop":16051}},{"type":"Feature","geometry":{"type":"Point","coordinates":[10.65,51.95]},"properties":{"pop":3888}},{"type":"Feature","geometry":{"type":"Point","coordinates":[7.45,51.550000000000004]},"properties":{"pop":145722}},{"type":"Feature","geometry":{"type":"Point","coordinates":[7.3500000000000005,51.550000000000004]},"properties":{"pop":143696}},{"type":"Feature","geometry":{"type":"Point","coordinates":[6.550000000000001,50.550000000000004]},"properties":{"pop":12216}},{"type":"Feature","geometry":{"type":"Point","coordinates":[11.850000000000001,47.95]},"properties":{"pop":11813}},{"type":"Feature","geometry":{"type":"Point","coordinates":[10.05,52.45]},"properties":{"pop":22844}},{"type":"Feature","geometry":{"type":"Point","coordinates":[10.05,52.550000000000004]},"properties":{"pop":14430}},{"type":"Feature","geometry":{"type":"Point","coordinates":[9.75,49.650000000000006]},"properties":{"pop":5852}},{"type":"Feature","geometry":{"type":"Point","coordinates":[9.75,49.550000000000004]},"properties":{"pop":15061}},{"type":"Feature","geometry":{"type":"Point","coordinates":[12.950000000000001,48.650000000000006]},"properties":{"pop":5389}},{"type":"Feature","geometry":{"type":"Point","coordinates":[11.450000000000001,53.75]},"properties":{"pop":5340}},{"type":"Feature","geometry":{"type":"Point","coordinates":[8.450000000000001,47.550000000000004]},"properties":{"pop":2457}},{"type":"Feature","geometry":{"type":"Point","coordinates":[12.65,49.45]},"properties":{"pop":1769}},{"type":"Feature","geometry":{"type":"Point","coordinates":[11.350000000000001,47.95]},"properties":{"pop":20612}},{"type":"Feature","geometry":{"type":"Point","coordinates":[10.75,50.050000000000004]},"properties":{"pop":5561}},{"type":"Feature","geometry":{"type":"Point","coordinates":[12.55,49.45]},"properties":{"pop":3090}},{"type":"Feature","geometry":{"type":"Point","coordinates":[12.75,52.35]},"properties":{"pop":7810}},{"type":"Feature","geometry":{"type":"Point","coordinates":[12.850000000000001,52.45]},"properties":{"pop":7529}},{"type":"Feature","geometry":{"type":"Point","coordinates":[12.850000000000001,52.35]},"properties":{"pop":7112}},{"type":"Feature","geometry":{"type":"Point","coordinates":[10.950000000000001,49.150000000000006]},"properties":{"pop":9298}},{"type":"Feature","geometry":{"type":"Point","coordinates":[12.950000000000001,54.050000000000004]},"properties":{"pop":1388}},{"type":"Feature","geometry":{"type":"Point","coordinates":[12.850000000000001,54.050000000000004]},"properties":{"pop":1023}},{"type":"Feature","geometry":{"type":"Point","coordinates":[6.15,51.550000000000004]},"properties":{"pop":3391}},{"type":"Feature","geometry":{"type":"Point","coordinates":[11.25,52.550000000000004]},"properties":{"pop":829}},{"type":"Feature","geometry":{"type":"Point","coordinates":[11.25,52.650000000000006]},"properties":{"pop":1587}},{"type":"Feature","geometry":{"type":"Point","coordinates":[7.45,51.25]},"properties":{"pop":13056}},{"type":"Feature","geometry":{"type":"Point","coordinates":[10.65,53.050000000000004]},"properties":{"pop":4300}},{"type":"Feature","geometry":{"type":"Point","coordinates":[9.35,50.35]},"properties":{"pop":9176}},{"type":"Feature","geometry":{"type":"Point","coordinates":[13.05,50.45]},"properties":{"pop":2002}},{"type":"Feature","geometry":{"type":"Point","coordinates":[12.950000000000001,50.45]},"properties":{"pop":4157}},{"type":"Feature","geometry":{"type":"Point","coordinates":[12.850000000000001,50.45]},"properties":{"pop":1767}},{"type":"Feature","geometry":{"type":"Point","coordinates":[9.15,54.650000000000006]},"properties":{"pop":2758}},{"type":"Feature","geometry":{"type":"Point","coordinates":[14.350000000000001,50.95]},"properties":{"pop":3292}},{"type":"Feature","geometry":{"type":"Point","coordinates":[9.55,48.550000000000004]},"properties":{"pop":6862}},{"type":"Feature","geometry":{"type":"Point","coordinates":[7.45,53.35]},"properties":{"pop":12275}},{"type":"Feature","geometry":{"type":"Point","coordinates":[7.3500000000000005,53.45]},"properties":{"pop":12868}},{"type":"Feature","geometry":{"type":"Point","coordinates":[10.950000000000001,53.550000000000004]},"properties":{"pop":4060}},{"type":"Feature","geometry":{"type":"Point","coordinates":[11.05,53.25]},"properties":{"pop":1429}},{"type":"Feature","geometry":{"type":"Point","coordinates":[10.15,47.45]},"properties":{"pop":636}},{"type":"Feature","geometry":{"type":"Point","coordinates":[8.450000000000001,50.550000000000004]},"properties":{"pop":42577}},{"type":"Feature","geometry":{"type":"Point","coordinates":[7.65,51.150000000000006]},"properties":{"pop":16701}},{"type":"Feature","geometry":{"type":"Point","coordinates":[13.65,52.75]},"properties":{"pop":7556}},{"type":"Feature","geometry":{"type":"Point","coordinates":[9.75,48.050000000000004]},"properties":{"pop":21278}},{"type":"Feature","geometry":{"type":"Point","coordinates":[6.3500000000000005,49.650000000000006]},"properties":{"pop":22}},{"type":"Feature","geometry":{"type":"Point","coordinates":[13.25,50.650000000000006]},"properties":{"pop":6733}},{"type":"Feature","geometry":{"type":"Point","coordinates":[7.45,49.150000000000006]},"properties":{"pop":3324}},{"type":"Feature","geometry":{"type":"Point","coordinates":[11.55,50.45]},"properties":{"pop":3258}},{"type":"Feature","geometry":{"type":"Point","coordinates":[7.8500000000000005,53.050000000000004]},"properties":{"pop":10611}},{"type":"Feature","geometry":{"type":"Point","coordinates":[7.8500000000000005,52.95]},"properties":{"pop":3742}},{"type":"Feature","geometry":{"type":"Point","coordinates":[7.95,53.150000000000006]},"properties":{"pop":15616}},{"type":"Feature","geometry":{"type":"Point","coordinates":[8.35,47.85]},"properties":{"pop":9794}},{"type":"Feature","geometry":{"type":"Point","coordinates":[11.350000000000001,52.650000000000006]},"properties":{"pop":2556}},{"type":"Feature","geometry":{"type":"Point","coordinates":[11.25,52.75]},"properties":{"pop":3183}},{"type":"Feature","geometry":{"type":"Point","coordinates":[11.450000000000001,52.75]},"properties":{"pop":2167}},{"type":"Feature","geometry":{"type":"Point","coordinates":[11.350000000000001,52.75]},"properties":{"pop":2038}},{"type":"Feature","geometry":{"type":"Point","coordinates":[12.55,49.95]},"properties":{"pop":480}},{"type":"Feature","geometry":{"type":"Point","coordinates":[12.55,49.85]},"properties":{"pop":22}},{"type":"Feature","geometry":{"type":"Point","coordinates":[11.05,53.550000000000004]},"properties":{"pop":4967}},{"type":"Feature","geometry":{"type":"Point","coordinates":[12.15,49.95]},"properties":{"pop":6923}},{"type":"Feature","geometry":{"type":"Point","coordinates":[11.55,49.150000000000006]},"properties":{"pop":4388}},{"type":"Feature","geometry":{"type":"Point","coordinates":[14.55,51.95]},"properties":{"pop":943}},{"type":"Feature","geometry":{"type":"Point","coordinates":[8.05,52.45]},"properties":{"pop":11354}},{"type":"Feature","geometry":{"type":"Point","coordinates":[12.450000000000001,50.45]},"properties":{"pop":6522}},{"type":"Feature","geometry":{"type":"Point","coordinates":[9.450000000000001,48.25]},"properties":{"pop":3916}},{"type":"Feature","geometry":{"type":"Point","coordinates":[11.05,50.25]},"properties":{"pop":21618}},{"type":"Feature","geometry":{"type":"Point","coordinates":[9.55,49.550000000000004]},"properties":{"pop":2351}},{"type":"Feature","geometry":{"type":"Point","coordinates":[6.65,51.650000000000006]},"properties":{"pop":65157}},{"type":"Feature","geometry":{"type":"Point","coordinates":[10.05,52.35]},"properties":{"pop":11944}},{"type":"Feature","geometry":{"type":"Point","coordinates":[7.45,53.25]},"properties":{"pop":34683}},{"type":"Feature","geometry":{"type":"Point","coordinates":[7.25,53.650000000000006]},"properties":{"pop":7536}},{"type":"Feature","geometry":{"type":"Point","coordinates":[10.850000000000001,54.150000000000006]},"properties":{"pop":9439}},{"type":"Feature","geometry":{"type":"Point","coordinates":[10.850000000000001,54.050000000000004]},"properties":{"pop":6942}},{"type":"Feature","geometry":{"type":"Point","coordinates":[10.950000000000001,54.150000000000006]},"properties":{"pop":7195}},{"type":"Feature","geometry":{"type":"Point","coordinates":[12.950000000000001,52.45]},"properties":{"pop":37478}},{"type":"Feature","geometry":{"type":"Point","coordinates":[10.950000000000001,53.25]},"properties":{"pop":2409}},{"type":"Feature","geometry":{"type":"Point","coordinates":[6.75,52.050000000000004]},"properties":{"pop":7017}},{"type":"Feature","geometry":{"type":"Point","coordinates":[6.75,52.150000000000006]},"properties":{"pop":365}},{"type":"Feature","geometry":{"type":"Point","coordinates":[6.65,52.050000000000004]},"properties":{"pop":68}},{"type":"Feature","geometry":{"type":"Point","coordinates":[12.350000000000001,49.550000000000004]},"properties":{"pop":3344}},{"type":"Feature","geometry":{"type":"Point","coordinates":[9.950000000000001,48.95]},"properties":{"pop":4020}},{"type":"Feature","geometry":{"type":"Point","coordinates":[9.850000000000001,48.95]},"properties":{"pop":4878}},{"type":"Feature","geometry":{"type":"Point","coordinates":[11.55,48.650000000000006]},"properties":{"pop":11070}},{"type":"Feature","geometry":{"type":"Point","coordinates":[8.950000000000001,47.650000000000006]},"properties":{"pop":4141}},{"type":"Feature","geometry":{"type":"Point","coordinates":[8.85,47.650000000000006]},"properties":{"pop":2069}},{"type":"Feature","geometry":{"type":"Point","coordinates":[10.950000000000001,52.150000000000006]},"properties":{"pop":13277}},{"type":"Feature","geometry":{"type":"Point","coordinates":[8.35,48.85]},"properties":{"pop":31281}},{"type":"Feature","geometry":{"type":"Point","coordinates":[12.05,49.25]},"properties":{"pop":17187}},{"type":"Feature","geometry":{"type":"Point","coordinates":[10.950000000000001,51.45]},"properties":{"pop":3734}},{"type":"Feature","geometry":{"type":"Point","coordinates":[7.65,50.95]},"properties":{"pop":15225}},{"type":"Feature","geometry":{"type":"Point","coordinates":[9.35,52.75]},"properties":{"pop":3367}},{"type":"Feature","geometry":{"type":"Point","coordinates":[12.950000000000001,48.550000000000004]},"properties":{"pop":4869}},{"type":"Feature","geometry":{"type":"Point","coordinates":[14.15,53.85]},"properties":{"pop":869}},{"type":"Feature","geometry":{"type":"Point","coordinates":[13.05,54.150000000000006]},"properties":{"pop":9355}},{"type":"Feature","geometry":{"type":"Point","coordinates":[10.450000000000001,50.050000000000004]},"properties":{"pop":7486}},{"type":"Feature","geometry":{"type":"Point","coordinates":[14.65,50.85]},"properties":{"pop":4720}},{"type":"Feature","geometry":{"type":"Point","coordinates":[9.65,50.550000000000004]},"properties":{"pop":53249}},{"type":"Feature","geometry":{"type":"Point","coordinates":[7.8500000000000005,48.150000000000006]},"properties":{"pop":37189}},{"type":"Feature","geometry":{"type":"Point","coordinates":[11.15,51.550000000000004]},"properties":{"pop":2369}},{"type":"Feature","geometry":{"type":"Point","coordinates":[11.25,51.550000000000004]},"properties":{"pop":4558}},{"type":"Feature","geometry":{"type":"Point","coordinates":[11.05,51.550000000000004]},"properties":{"pop":1916}},{"type":"Feature","geometry":{"type":"Point","coordinates":[12.55,51.550000000000004]},"properties":{"pop":6212}},{"type":"Feature","geometry":{"type":"Point","coordinates":[8.15,50.050000000000004]},"properties":{"pop":62361}},{"type":"Feature","geometry":{"type":"Point","coordinates":[8.05,50.050000000000004]},"properties":{"pop":20064}},{"type":"Feature","geometry":{"type":"Point","coordinates":[9.850000000000001,51.35]},"properties":{"pop":10474}},{"type":"Feature","geometry":{"type":"Point","coordinates":[8.35,48.550000000000004]},"properties":{"pop":9660}},{"type":"Feature","geometry":{"type":"Point","coordinates":[8.35,48.45]},"properties":{"pop":4038}},{"type":"Feature","geometry":{"type":"Point","coordinates":[9.05,48.550000000000004]},"properties":{"pop":60973}},{"type":"Feature","geometry":{"type":"Point","coordinates":[10.350000000000001,51.050000000000004]},"properties":{"pop":9095}},{"type":"Feature","geometry":{"type":"Point","coordinates":[13.350000000000001,52.75]},"properties":{"pop":11048}},{"type":"Feature","geometry":{"type":"Point","coordinates":[13.25,52.75]},"properties":{"pop":36584}},{"type":"Feature","geometry":{"type":"Point","coordinates":[11.350000000000001,50.35]},"properties":{"pop":6321}},{"type":"Feature","geometry":{"type":"Point","coordinates":[6.65,52.550000000000004]},"properties":{"pop":6}},{"type":"Feature","geometry":{"type":"Point","coordinates":[9.850000000000001,49.45]},"properties":{"pop":9687}},{"type":"Feature","geometry":{"type":"Point","coordinates":[11.950000000000001,52.75]},"properties":{"pop":2045}},{"type":"Feature","geometry":{"type":"Point","coordinates":[12.05,52.75]},"properties":{"pop":2307}},{"type":"Feature","geometry":{"type":"Point","coordinates":[7.3500000000000005,49.25]},"properties":{"pop":37731}},{"type":"Feature","geometry":{"type":"Point","coordinates":[9.65,51.25]},"properties":{"pop":14518}},{"type":"Feature","geometry":{"type":"Point","coordinates":[9.75,51.25]},"properties":{"pop":9429}},{"type":"Feature","geometry":{"type":"Point","coordinates":[6.15,50.95]},"properties":{"pop":52093}},{"type":"Feature","geometry":{"type":"Point","coordinates":[6.45,49.75]},"properties":{"pop":190}},{"type":"Feature","geometry":{"type":"Point","coordinates":[12.350000000000001,50.050000000000004]},"properties":{"pop":2348}},{"type":"Feature","geometry":{"type":"Point","coordinates":[12.75,48.050000000000004]},"properties":{"pop":5887}},{"type":"Feature","geometry":{"type":"Point","coordinates":[8.450000000000001,48.45]},"properties":{"pop":25485}},{"type":"Feature","geometry":{"type":"Point","coordinates":[11.05,50.45]},"properties":{"pop":3855}},{"type":"Feature","geometry":{"type":"Point","coordinates":[8.55,53.95]},"properties":{"pop":284}},{"type":"Feature","geometry":{"type":"Point","coordinates":[9.65,51.650000000000006]},"properties":{"pop":10104}},{"type":"Feature","geometry":{"type":"Point","coordinates":[9.55,51.650000000000006]},"properties":{"pop":5711}},{"type":"Feature","geometry":{"type":"Point","coordinates":[9.55,51.75]},"properties":{"pop":1922}},{"type":"Feature","geometry":{"type":"Point","coordinates":[10.75,48.75]},"properties":{"pop":18127}},{"type":"Feature","geometry":{"type":"Point","coordinates":[7.65,52.45]},"properties":{"pop":7802}},{"type":"Feature","geometry":{"type":"Point","coordinates":[7.550000000000001,52.35]},"properties":{"pop":4004}},{"type":"Feature","geometry":{"type":"Point","coordinates":[6.8500000000000005,49.550000000000004]},"properties":{"pop":14438}},{"type":"Feature","geometry":{"type":"Point","coordinates":[14.25,52.050000000000004]},"properties":{"pop":1108}},{"type":"Feature","geometry":{"type":"Point","coordinates":[14.350000000000001,52.050000000000004]},"properties":{"pop":691}},{"type":"Feature","geometry":{"type":"Point","coordinates":[8.25,48.85]},"properties":{"pop":55383}},{"type":"Feature","geometry":{"type":"Point","coordinates":[5.95,51.050000000000004]},"properties":{"pop":11028}},{"type":"Feature","geometry":{"type":"Point","coordinates":[5.8500000000000005,51.050000000000004]},"properties":{"pop":1304}},{"type":"Feature","geometry":{"type":"Point","coordinates":[5.95,50.95]},"properties":{"pop":3552}},{"type":"Feature","geometry":{"type":"Point","coordinates":[7.550000000000001,51.35]},"properties":{"pop":64449}},{"type":"Feature","geometry":{"type":"Point","coordinates":[7.550000000000001,51.25]},"properties":{"pop":26684}},{"type":"Feature","geometry":{"type":"Point","coordinates":[7.65,51.25]},"properties":{"pop":64599}},{"type":"Feature","geometry":{"type":"Point","coordinates":[9.65,49.650000000000006]},"properties":{"pop":13043}},{"type":"Feature","geometry":{"type":"Point","coordinates":[6.8500000000000005,50.75]},"properties":{"pop":19200}},{"type":"Feature","geometry":{"type":"Point","coordinates":[7.8500000000000005,51.75]},"properties":{"pop":38095}},{"type":"Feature","geometry":{"type":"Point","coordinates":[14.05,50.95]},"properties":{"pop":8254}},{"type":"Feature","geometry":{"type":"Point","coordinates":[9.450000000000001,51.650000000000006]},"properties":{"pop":5935}},{"type":"Feature","geometry":{"type":"Point","coordinates":[10.950000000000001,52.35]},"properties":{"pop":3748}},{"type":"Feature","geometry":{"type":"Point","coordinates":[7.65,52.75]},"properties":{"pop":4189}},{"type":"Feature","geometry":{"type":"Point","coordinates":[7.75,52.75]},"properties":{"pop":10010}},{"type":"Feature","geometry":{"type":"Point","coordinates":[11.05,54.050000000000004]},"properties":{"pop":134}},{"type":"Feature","geometry":{"type":"Point","coordinates":[11.75,53.050000000000004]},"properties":{"pop":11621}},{"type":"Feature","geometry":{"type":"Point","coordinates":[11.850000000000001,53.050000000000004]},"properties":{"pop":7704}},{"type":"Feature","geometry":{"type":"Point","coordinates":[11.850000000000001,52.95]},"properties":{"pop":1262}},{"type":"Feature","geometry":{"type":"Point","coordinates":[13.850000000000001,52.25]},"properties":{"pop":4196}},{"type":"Feature","geometry":{"type":"Point","coordinates":[13.850000000000001,52.150000000000006]},"properties":{"pop":871}},{"type":"Feature","geometry":{"type":"Point","coordinates":[12.25,47.650000000000006]},"properties":{"pop":2318}},{"type":"Feature","geometry":{"type":"Point","coordinates":[10.55,50.85]},"properties":{"pop":14755}},{"type":"Feature","geometry":{"type":"Point","coordinates":[10.450000000000001,47.35]},"properties":{"pop":26}},{"type":"Feature","geometry":{"type":"Point","coordinates":[9.05,48.45]},"properties":{"pop":41184}},{"type":"Feature","geometry":{"type":"Point","coordinates":[9.25,47.650000000000006]},"properties":{"pop":10183}},{"type":"Feature","geometry":{"type":"Point","coordinates":[14.450000000000001,52.650000000000006]},"properties":{"pop":1835}},{"type":"Feature","geometry":{"type":"Point","coordinates":[12.65,51.35]},"properties":{"pop":12625}},{"type":"Feature","geometry":{"type":"Point","coordinates":[12.05,49.75]},"properties":{"pop":3623}},{"type":"Feature","geometry":{"type":"Point","coordinates":[10.65,50.25]},"properties":{"pop":2543}},{"type":"Feature","geometry":{"type":"Point","coordinates":[11.25,52.150000000000006]},"properties":{"pop":3832}},{"type":"Feature","geometry":{"type":"Point","coordinates":[11.350000000000001,52.150000000000006]},"properties":{"pop":4111}},{"type":"Feature","geometry":{"type":"Point","coordinates":[10.55,52.95]},"properties":{"pop":27889}},{"type":"Feature","geometry":{"type":"Point","coordinates":[11.15,47.75]},"properties":{"pop":9328}},{"type":"Feature","geometry":{"type":"Point","coordinates":[6.65,50.550000000000004]},"properties":{"pop":13538}},{"type":"Feature","geometry":{"type":"Point","coordinates":[13.05,53.550000000000004]},"properties":{"pop":2303}},{"type":"Feature","geometry":{"type":"Point","coordinates":[7.050000000000001,51.75]},"properties":{"pop":21511}},{"type":"Feature","geometry":{"type":"Point","coordinates":[11.65,49.550000000000004]},"properties":{"pop":4366}},{"type":"Feature","geometry":{"type":"Point","coordinates":[9.950000000000001,50.45]},"properties":{"pop":4622}},{"type":"Feature","geometry":{"type":"Point","coordinates":[6.3500000000000005,49.550000000000004]},"properties":{"pop":3258}},{"type":"Feature","geometry":{"type":"Point","coordinates":[10.450000000000001,49.85]},"properties":{"pop":3226}},{"type":"Feature","geometry":{"type":"Point","coordinates":[12.950000000000001,51.150000000000006]},"properties":{"pop":9728}},{"type":"Feature","geometry":{"type":"Point","coordinates":[11.75,49.95]},"properties":{"pop":5935}},{"type":"Feature","geometry":{"type":"Point","coordinates":[10.950000000000001,53.95]},"properties":{"pop":3548}},{"type":"Feature","geometry":{"type":"Point","coordinates":[10.350000000000001,52.550000000000004]},"properties":{"pop":6122}},{"type":"Feature","geometry":{"type":"Point","coordinates":[13.55,52.150000000000006]},"properties":{"pop":2989}},{"type":"Feature","geometry":{"type":"Point","coordinates":[13.450000000000001,52.25]},"properties":{"pop":17993}},{"type":"Feature","geometry":{"type":"Point","coordinates":[8.65,47.650000000000006]},"properties":{"pop":2457}},{"type":"Feature","geometry":{"type":"Point","coordinates":[8.75,47.650000000000006]},"properties":{"pop":2539}},{"type":"Feature","geometry":{"type":"Point","coordinates":[8.25,51.150000000000006]},"properties":{"pop":6596}},{"type":"Feature","geometry":{"type":"Point","coordinates":[9.850000000000001,48.650000000000006]},"properties":{"pop":29710}},{"type":"Feature","geometry":{"type":"Point","coordinates":[9.55,50.75]},"properties":{"pop":4680}},{"type":"Feature","geometry":{"type":"Point","coordinates":[9.450000000000001,50.75]},"properties":{"pop":3556}},{"type":"Feature","geometry":{"type":"Point","coordinates":[10.05,53.050000000000004]},"properties":{"pop":4325}},{"type":"Feature","geometry":{"type":"Point","coordinates":[11.05,54.35]},"properties":{"pop":4272}},{"type":"Feature","geometry":{"type":"Point","coordinates":[11.350000000000001,52.050000000000004]},"properties":{"pop":4679}},{"type":"Feature","geometry":{"type":"Point","coordinates":[11.25,52.050000000000004]},"properties":{"pop":10688}},{"type":"Feature","geometry":{"type":"Point","coordinates":[11.450000000000001,52.150000000000006]},"properties":{"pop":10007}},{"type":"Feature","geometry":{"type":"Point","coordinates":[11.950000000000001,53.050000000000004]},"properties":{"pop":1313}},{"type":"Feature","geometry":{"type":"Point","coordinates":[9.25,48.25]},"properties":{"pop":7248}},{"type":"Feature","geometry":{"type":"Point","coordinates":[9.35,48.150000000000006]},"properties":{"pop":2543}},{"type":"Feature","geometry":{"type":"Point","coordinates":[9.35,48.25]},"properties":{"pop":2879}},{"type":"Feature","geometry":{"type":"Point","coordinates":[13.450000000000001,52.150000000000006]},"properties":{"pop":6725}},{"type":"Feature","geometry":{"type":"Point","coordinates":[10.450000000000001,49.95]},"properties":{"pop":5061}},{"type":"Feature","geometry":{"type":"Point","coordinates":[14.55,50.95]},"properties":{"pop":2095}},{"type":"Feature","geometry":{"type":"Point","coordinates":[12.450000000000001,49.25]},"properties":{"pop":3909}},{"type":"Feature","geometry":{"type":"Point","coordinates":[13.75,53.550000000000004]},"properties":{"pop":4888}},{"type":"Feature","geometry":{"type":"Point","coordinates":[13.75,50.75]},"properties":{"pop":3634}},{"type":"Feature","geometry":{"type":"Point","coordinates":[9.850000000000001,48.75]},"properties":{"pop":32499}},{"type":"Feature","geometry":{"type":"Point","coordinates":[13.850000000000001,50.75]},"properties":{"pop":2228}},{"type":"Feature","geometry":{"type":"Point","coordinates":[9.950000000000001,51.95]},"properties":{"pop":4384}},{"type":"Feature","geometry":{"type":"Point","coordinates":[12.15,48.35]},"properties":{"pop":11245}},{"type":"Feature","geometry":{"type":"Point","coordinates":[11.75,48.85]},"properties":{"pop":8013}},{"type":"Feature","geometry":{"type":"Point","coordinates":[7.75,51.85]},"properties":{"pop":7285}},{"type":"Feature","geometry":{"type":"Point","coordinates":[10.05,48.650000000000006]},"properties":{"pop":11475}},{"type":"Feature","geometry":{"type":"Point","coordinates":[14.15,53.35]},"properties":{"pop":1128}},{"type":"Feature","geometry":{"type":"Point","coordinates":[8.450000000000001,48.25]},"properties":{"pop":20216}},{"type":"Feature","geometry":{"type":"Point","coordinates":[8.35,48.25]},"properties":{"pop":12380}},{"type":"Feature","geometry":{"type":"Point","coordinates":[9.65,48.35]},"properties":{"pop":3092}},{"type":"Feature","geometry":{"type":"Point","coordinates":[11.450000000000001,49.75]},"properties":{"pop":5211}},{"type":"Feature","geometry":{"type":"Point","coordinates":[12.850000000000001,54.35]},"properties":{"pop":843}},{"type":"Feature","geometry":{"type":"Point","coordinates":[10.05,47.45]},"properties":{"pop":270}},{"type":"Feature","geometry":{"type":"Point","coordinates":[13.75,51.050000000000004]},"properties":{"pop":202081}},{"type":"Feature","geometry":{"type":"Point","coordinates":[11.55,49.550000000000004]},"properties":{"pop":4416}},{"type":"Feature","geometry":{"type":"Point","coordinates":[11.05,50.35]},"properties":{"pop":8319}},{"type":"Feature","geometry":{"type":"Point","coordinates":[11.05,51.45]},"properties":{"pop":5911}},{"type":"Feature","geometry":{"type":"Point","coordinates":[13.25,53.650000000000006]},"properties":{"pop":5179}},{"type":"Feature","geometry":{"type":"Point","coordinates":[7.050000000000001,53.550000000000004]},"properties":{"pop":761}},{"type":"Feature","geometry":{"type":"Point","coordinates":[14.25,53.550000000000004]},"properties":{"pop":843}},{"type":"Feature","geometry":{"type":"Point","coordinates":[14.15,53.550000000000004]},"properties":{"pop":710}},{"type":"Feature","geometry":{"type":"Point","coordinates":[6.8500000000000005,50.95]},"properties":{"pop":203591}},{"type":"Feature","geometry":{"type":"Point","coordinates":[6.25,50.75]},"properties":{"pop":54302}},{"type":"Feature","geometry":{"type":"Point","coordinates":[10.850000000000001,53.050000000000004]},"properties":{"pop":1601}},{"type":"Feature","geometry":{"type":"Point","coordinates":[13.350000000000001,50.650000000000006]},"properties":{"pop":9098}},{"type":"Feature","geometry":{"type":"Point","coordinates":[14.55,51.650000000000006]},"properties":{"pop":4334}},{"type":"Feature","geometry":{"type":"Point","coordinates":[10.55,50.25]},"properties":{"pop":2835}},{"type":"Feature","geometry":{"type":"Point","coordinates":[8.05,48.95]},"properties":{"pop":60}},{"type":"Feature","geometry":{"type":"Point","coordinates":[6.15,50.75]},"properties":{"pop":113562}},{"type":"Feature","geometry":{"type":"Point","coordinates":[8.55,50.35]},"properties":{"pop":23621}},{"type":"Feature","geometry":{"type":"Point","coordinates":[13.15,54.050000000000004]},"properties":{"pop":2001}},{"type":"Feature","geometry":{"type":"Point","coordinates":[10.25,49.150000000000006]},"properties":{"pop":5740}},{"type":"Feature","geometry":{"type":"Point","coordinates":[13.75,54.150000000000006]},"properties":{"pop":1695}},{"type":"Feature","geometry":{"type":"Point","coordinates":[9.15,50.75]},"properties":{"pop":4120}},{"type":"Feature","geometry":{"type":"Point","coordinates":[6.3500000000000005,49.45]},"properties":{"pop":2370}},{"type":"Feature","geometry":{"type":"Point","coordinates":[6.45,49.45]},"properties":{"pop":1487}},{"type":"Feature","geometry":{"type":"Point","coordinates":[11.05,50.150000000000006]},"properties":{"pop":16736}},{"type":"Feature","geometry":{"type":"Point","coordinates":[8.450000000000001,54.650000000000006]},"properties":{"pop":508}},{"type":"Feature","geometry":{"type":"Point","coordinates":[7.45,53.75]},"properties":{"pop":1675}},{"type":"Feature","geometry":{"type":"Point","coordinates":[7.550000000000001,53.75]},"properties":{"pop":104}},{"type":"Feature","geometry":{"type":"Point","coordinates":[7.25,51.45]},"properties":{"pop":145351}},{"type":"Feature","geometry":{"type":"Point","coordinates":[7.65,51.95]},"properties":{"pop":178047}},{"type":"Feature","geometry":{"type":"Point","coordinates":[7.65,51.85]},"properties":{"pop":19321}},{"type":"Feature","geometry":{"type":"Point","coordinates":[7.65,52.050000000000004]},"properties":{"pop":28864}},{"type":"Feature","geometry":{"type":"Point","coordinates":[9.75,52.85]},"properties":{"pop":4157}},{"type":"Feature","geometry":{"type":"Point","coordinates":[11.850000000000001,50.550000000000004]},"properties":{"pop":6222}},{"type":"Feature","geometry":{"type":"Point","coordinates":[13.850000000000001,52.45]},"properties":{"pop":8400}},{"type":"Feature","geometry":{"type":"Point","coordinates":[8.35,50.45]},"properties":{"pop":9153}},{"type":"Feature","geometry":{"type":"Point","coordinates":[9.850000000000001,52.95]},"properties":{"pop":12530}},{"type":"Feature","geometry":{"type":"Point","coordinates":[9.950000000000001,52.95]},"properties":{"pop":4837}},{"type":"Feature","geometry":{"type":"Point","coordinates":[8.85,53.85]},"properties":{"pop":4354}},{"type":"Feature","geometry":{"type":"Point","coordinates":[9.05,53.150000000000006]},"properties":{"pop":8159}},{"type":"Feature","geometry":{"type":"Point","coordinates":[11.65,51.650000000000006]},"properties":{"pop":5162}},{"type":"Feature","geometry":{"type":"Point","coordinates":[11.75,51.650000000000006]},"properties":{"pop":5399}},{"type":"Feature","geometry":{"type":"Point","coordinates":[11.15,52.150000000000006]},"properties":{"pop":5286}},{"type":"Feature","geometry":{"type":"Point","coordinates":[11.850000000000001,51.650000000000006]},"properties":{"pop":4882}},{"type":"Feature","geometry":{"type":"Point","coordinates":[8.35,51.050000000000004]},"properties":{"pop":9893}},{"type":"Feature","geometry":{"type":"Point","coordinates":[8.450000000000001,51.050000000000004]},"properties":{"pop":5092}},{"type":"Feature","geometry":{"type":"Point","coordinates":[7.75,47.550000000000004]},"properties":{"pop":23521}},{"type":"Feature","geometry":{"type":"Point","coordinates":[8.65,54.75]},"properties":{"pop":194}},{"type":"Feature","geometry":{"type":"Point","coordinates":[8.35,51.150000000000006]},"properties":{"pop":8912}},{"type":"Feature","geometry":{"type":"Point","coordinates":[13.850000000000001,53.35]},"properties":{"pop":13632}},{"type":"Feature","geometry":{"type":"Point","coordinates":[9.450000000000001,54.85]},"properties":{"pop":23426}},{"type":"Feature","geometry":{"type":"Point","coordinates":[11.15,51.95]},"properties":{"pop":5833}},{"type":"Feature","geometry":{"type":"Point","coordinates":[10.850000000000001,52.45]},"properties":{"pop":37904}},{"type":"Feature","geometry":{"type":"Point","coordinates":[14.55,52.45]},"properties":{"pop":3191}},{"type":"Feature","geometry":{"type":"Point","coordinates":[10.850000000000001,50.35]},"properties":{"pop":3941}},{"type":"Feature","geometry":{"type":"Point","coordinates":[7.75,53.050000000000004]},"properties":{"pop":7441}},{"type":"Feature","geometry":{"type":"Point","coordinates":[13.65,52.150000000000006]},"properties":{"pop":4729}},{"type":"Feature","geometry":{"type":"Point","coordinates":[10.850000000000001,51.050000000000004]},"properties":{"pop":8398}},{"type":"Feature","geometry":{"type":"Point","coordinates":[13.450000000000001,54.650000000000006]},"properties":{"pop":129}},{"type":"Feature","geometry":{"type":"Point","coordinates":[7.8500000000000005,48.35]},"properties":{"pop":50599}},{"type":"Feature","geometry":{"type":"Point","coordinates":[10.55,49.85]},"properties":{"pop":3045}},{"type":"Feature","geometry":{"type":"Point","coordinates":[10.450000000000001,48.75]},"properties":{"pop":3842}},{"type":"Feature","geometry":{"type":"Point","coordinates":[13.65,52.050000000000004]},"properties":{"pop":1110}},{"type":"Feature","geometry":{"type":"Point","coordinates":[6.15,51.75]},"properties":{"pop":45674}},{"type":"Feature","geometry":{"type":"Point","coordinates":[6.050000000000001,51.85]},"properties":{"pop":6016}},{"type":"Feature","geometry":{"type":"Point","coordinates":[10.75,54.25]},"properties":{"pop":2410}},{"type":"Feature","geometry":{"type":"Point","coordinates":[10.75,54.35]},"properties":{"pop":510}},{"type":"Feature","geometry":{"type":"Point","coordinates":[11.05,51.150000000000006]},"properties":{"pop":5014}},{"type":"Feature","geometry":{"type":"Point","coordinates":[12.55,52.150000000000006]},"properties":{"pop":4840}},{"type":"Feature","geometry":{"type":"Point","coordinates":[12.55,52.25]},"properties":{"pop":1922}},{"type":"Feature","geometry":{"type":"Point","coordinates":[12.65,52.150000000000006]},"properties":{"pop":4209}},{"type":"Feature","geometry":{"type":"Point","coordinates":[13.05,51.550000000000004]},"properties":{"pop":8650}},{"type":"Feature","geometry":{"type":"Point","coordinates":[11.15,52.050000000000004]},"properties":{"pop":4839}},{"type":"Feature","geometry":{"type":"Point","coordinates":[10.65,50.150000000000006]},"properties":{"pop":3732}},{"type":"Feature","geometry":{"type":"Point","coordinates":[12.75,51.650000000000006]},"properties":{"pop":3596}},{"type":"Feature","geometry":{"type":"Point","coordinates":[14.950000000000001,51.150000000000006]},"properties":{"pop":46146}},{"type":"Feature","geometry":{"type":"Point","coordinates":[14.950000000000001,51.25]},"properties":{"pop":2654}},{"type":"Feature","geometry":{"type":"Point","coordinates":[14.850000000000001,51.150000000000006]},"properties":{"pop":4215}},{"type":"Feature","geometry":{"type":"Point","coordinates":[6.050000000000001,50.75]},"properties":{"pop":88091}},{"type":"Feature","geometry":{"type":"Point","coordinates":[6.050000000000001,50.85]},"properties":{"pop":51042}},{"type":"Feature","geometry":{"type":"Point","coordinates":[6.15,50.650000000000006]},"properties":{"pop":8426}},{"type":"Feature","geometry":{"type":"Point","coordinates":[7.050000000000001,49.150000000000006]},"properties":{"pop":22632}},{"type":"Feature","geometry":{"type":"Point","coordinates":[11.05,48.650000000000006]},"properties":{"pop":5224}},{"type":"Feature","geometry":{"type":"Point","coordinates":[10.75,52.150000000000006]},"properties":{"pop":6938}},{"type":"Feature","geometry":{"type":"Point","coordinates":[14.05,53.85]},"properties":{"pop":550}},{"type":"Feature","geometry":{"type":"Point","coordinates":[8.55,47.650000000000006]},"properties":{"pop":5778}},{"type":"Feature","geometry":{"type":"Point","coordinates":[12.450000000000001,53.95]},"properties":{"pop":1409}},{"type":"Feature","geometry":{"type":"Point","coordinates":[8.35,48.95]},"properties":{"pop":73909}},{"type":"Feature","geometry":{"type":"Point","coordinates":[6.15,51.650000000000006]},"properties":{"pop":23134}},{"type":"Feature","geometry":{"type":"Point","coordinates":[6.050000000000001,51.650000000000006]},"properties":{"pop":3050}},{"type":"Feature","geometry":{"type":"Point","coordinates":[6.050000000000001,51.75]},"properties":{"pop":14107}},{"type":"Feature","geometry":{"type":"Point","coordinates":[9.65,49.550000000000004]},"properties":{"pop":7260}},{"type":"Feature","geometry":{"type":"Point","coordinates":[10.05,50.25]},"properties":{"pop":13492}},{"type":"Feature","geometry":{"type":"Point","coordinates":[11.15,50.25]},"properties":{"pop":11364}},{"type":"Feature","geometry":{"type":"Point","coordinates":[11.350000000000001,51.550000000000004]},"properties":{"pop":4383}},{"type":"Feature","geometry":{"type":"Point","coordinates":[10.75,52.050000000000004]},"properties":{"pop":3183}},{"type":"Feature","geometry":{"type":"Point","coordinates":[10.55,50.150000000000006]},"properties":{"pop":5661}},{"type":"Feature","geometry":{"type":"Point","coordinates":[8.05,52.85]},"properties":{"pop":36231}},{"type":"Feature","geometry":{"type":"Point","coordinates":[11.75,51.75]},"properties":{"pop":21396}},{"type":"Feature","geometry":{"type":"Point","coordinates":[11.950000000000001,51.85]},"properties":{"pop":3217}},{"type":"Feature","geometry":{"type":"Point","coordinates":[7.65,53.050000000000004]},"properties":{"pop":3542}},{"type":"Feature","geometry":{"type":"Point","coordinates":[7.65,53.150000000000006]},"properties":{"pop":16054}},{"type":"Feature","geometry":{"type":"Point","coordinates":[11.450000000000001,52.45]},"properties":{"pop":2761}},{"type":"Feature","geometry":{"type":"Point","coordinates":[11.350000000000001,52.45]},"properties":{"pop":2105}},{"type":"Feature","geometry":{"type":"Point","coordinates":[11.450000000000001,52.550000000000004]},"properties":{"pop":4428}},{"type":"Feature","geometry":{"type":"Point","coordinates":[11.350000000000001,52.550000000000004]},"properties":{"pop":3649}},{"type":"Feature","geometry":{"type":"Point","coordinates":[11.25,52.45]},"properties":{"pop":2314}},{"type":"Feature","geometry":{"type":"Point","coordinates":[11.350000000000001,52.95]},"properties":{"pop":1153}},{"type":"Feature","geometry":{"type":"Point","coordinates":[12.850000000000001,53.85]},"properties":{"pop":1516}},{"type":"Feature","geometry":{"type":"Point","coordinates":[6.95,50.95]},"properties":{"pop":309919}},{"type":"Feature","geometry":{"type":"Point","coordinates":[6.95,50.85]},"properties":{"pop":146326}},{"type":"Feature","geometry":{"type":"Point","coordinates":[8.65,49.050000000000004]},"properties":{"pop":24916}},{"type":"Feature","geometry":{"type":"Point","coordinates":[10.950000000000001,51.550000000000004]},"properties":{"pop":3246}},{"type":"Feature","geometry":{"type":"Point","coordinates":[12.850000000000001,49.050000000000004]},"properties":{"pop":7949}},{"type":"Feature","geometry":{"type":"Point","coordinates":[7.95,49.35]},"properties":{"pop":3367}},{"type":"Feature","geometry":{"type":"Point","coordinates":[12.55,49.650000000000006]},"properties":{"pop":892}},{"type":"Feature","geometry":{"type":"Point","coordinates":[12.450000000000001,49.650000000000006]},"properties":{"pop":4188}},{"type":"Feature","geometry":{"type":"Point","coordinates":[13.850000000000001,51.050000000000004]},"properties":{"pop":102738}},{"type":"Feature","geometry":{"type":"Point","coordinates":[11.25,47.75]},"properties":{"pop":4751}},{"type":"Feature","geometry":{"type":"Point","coordinates":[11.05,48.75]},"properties":{"pop":5897}},{"type":"Feature","geometry":{"type":"Point","coordinates":[8.05,52.650000000000006]},"properties":{"pop":3173}},{"type":"Feature","geometry":{"type":"Point","coordinates":[7.050000000000001,53.45]},"properties":{"pop":5835}},{"type":"Feature","geometry":{"type":"Point","coordinates":[12.350000000000001,53.550000000000004]},"properties":{"pop":578}},{"type":"Feature","geometry":{"type":"Point","coordinates":[6.050000000000001,51.050000000000004]},"properties":{"pop":26515}},{"type":"Feature","geometry":{"type":"Point","coordinates":[8.450000000000001,53.75]},"properties":{"pop":9}},{"type":"Feature","geometry":{"type":"Point","coordinates":[14.950000000000001,51.45]},"properties":{"pop":339}},{"type":"Feature","geometry":{"type":"Point","coordinates":[14.850000000000001,51.550000000000004]},"properties":{"pop":130}},{"type":"Feature","geometry":{"type":"Point","coordinates":[11.350000000000001,52.25]},"properties":{"pop":7140}},{"type":"Feature","geometry":{"type":"Point","coordinates":[11.25,52.35]},"properties":{"pop":2933}},{"type":"Feature","geometry":{"type":"Point","coordinates":[11.350000000000001,52.35]},"properties":{"pop":4024}},{"type":"Feature","geometry":{"type":"Point","coordinates":[6.15,51.050000000000004]},"properties":{"pop":35684}},{"type":"Feature","geometry":{"type":"Point","coordinates":[13.05,53.45]},"properties":{"pop":1551}},{"type":"Feature","geometry":{"type":"Point","coordinates":[12.55,49.550000000000004]},"properties":{"pop":4339}},{"type":"Feature","geometry":{"type":"Point","coordinates":[12.450000000000001,49.550000000000004]},"properties":{"pop":3376}},{"type":"Feature","geometry":{"type":"Point","coordinates":[10.75,51.050000000000004]},"properties":{"pop":5866}},{"type":"Feature","geometry":{"type":"Point","coordinates":[10.65,49.85]},"properties":{"pop":3363}},{"type":"Feature","geometry":{"type":"Point","coordinates":[11.65,53.45]},"properties":{"pop":1302}},{"type":"Feature","geometry":{"type":"Point","coordinates":[6.550000000000001,50.75]},"properties":{"pop":16019}},{"type":"Feature","geometry":{"type":"Point","coordinates":[8.55,50.85]},"properties":{"pop":12165}},{"type":"Feature","geometry":{"type":"Point","coordinates":[8.15,53.45]},"properties":{"pop":6992}},{"type":"Feature","geometry":{"type":"Point","coordinates":[9.950000000000001,52.35]},"properties":{"pop":35933}},{"type":"Feature","geometry":{"type":"Point","coordinates":[9.75,54.85]},"properties":{"pop":244}},{"type":"Feature","geometry":{"type":"Point","coordinates":[7.050000000000001,52.45]},"properties":{"pop":42211}},{"type":"Feature","geometry":{"type":"Point","coordinates":[11.950000000000001,53.150000000000006]},"properties":{"pop":1506}},{"type":"Feature","geometry":{"type":"Point","coordinates":[12.25,53.050000000000004]},"properties":{"pop":906}},{"type":"Feature","geometry":{"type":"Point","coordinates":[12.15,53.050000000000004]},"properties":{"pop":1147}},{"type":"Feature","geometry":{"type":"Point","coordinates":[12.05,53.050000000000004]},"properties":{"pop":1023}},{"type":"Feature","geometry":{"type":"Point","coordinates":[12.350000000000001,53.050000000000004]},"properties":{"pop":1501}},{"type":"Feature","geometry":{"type":"Point","coordinates":[7.050000000000001,51.150000000000006]},"properties":{"pop":139161}},{"type":"Feature","geometry":{"type":"Point","coordinates":[8.450000000000001,53.550000000000004]},"properties":{"pop":4805}},{"type":"Feature","geometry":{"type":"Point","coordinates":[9.25,51.35]},"properties":{"pop":8369}},{"type":"Feature","geometry":{"type":"Point","coordinates":[8.35,53.550000000000004]},"properties":{"pop":3543}},{"type":"Feature","geometry":{"type":"Point","coordinates":[9.15,51.75]},"properties":{"pop":9059}},{"type":"Feature","geometry":{"type":"Point","coordinates":[10.25,50.25]},"properties":{"pop":6166}},{"type":"Feature","geometry":{"type":"Point","coordinates":[14.450000000000001,53.35]},"properties":{"pop":52}},{"type":"Feature","geometry":{"type":"Point","coordinates":[11.850000000000001,52.85]},"properties":{"pop":1442}},{"type":"Feature","geometry":{"type":"Point","coordinates":[9.35,52.150000000000006]},"properties":{"pop":27182}},{"type":"Feature","geometry":{"type":"Point","coordinates":[8.950000000000001,54.650000000000006]},"properties":{"pop":11424}},{"type":"Feature","geometry":{"type":"Point","coordinates":[7.75,53.550000000000004]},"properties":{"pop":11237}},{"type":"Feature","geometry":{"type":"Point","coordinates":[7.75,51.150000000000006]},"properties":{"pop":8951}},{"type":"Feature","geometry":{"type":"Point","coordinates":[13.75,53.45]},"properties":{"pop":984}},{"type":"Feature","geometry":{"type":"Point","coordinates":[9.55,52.85]},"properties":{"pop":9915}},{"type":"Feature","geometry":{"type":"Point","coordinates":[12.450000000000001,52.95]},"properties":{"pop":3800}},{"type":"Feature","geometry":{"type":"Point","coordinates":[12.15,52.95]},"properties":{"pop":1492}},{"type":"Feature","geometry":{"type":"Point","coordinates":[14.450000000000001,51.550000000000004]},"properties":{"pop":2435}},{"type":"Feature","geometry":{"type":"Point","coordinates":[14.450000000000001,51.650000000000006]},"properties":{"pop":3401}},{"type":"Feature","geometry":{"type":"Point","coordinates":[12.75,49.45]},"properties":{"pop":203}},{"type":"Feature","geometry":{"type":"Point","coordinates":[9.55,50.650000000000006]},"properties":{"pop":8699}},{"type":"Feature","geometry":{"type":"Point","coordinates":[9.450000000000001,50.650000000000006]},"properties":{"pop":7378}},{"type":"Feature","geometry":{"type":"Point","coordinates":[11.25,52.95]},"properties":{"pop":2317}},{"type":"Feature","geometry":{"type":"Point","coordinates":[8.65,53.85]},"properties":{"pop":29884}},{"type":"Feature","geometry":{"type":"Point","coordinates":[8.75,53.85]},"properties":{"pop":11650}},{"type":"Feature","geometry":{"type":"Point","coordinates":[8.15,48.25]},"properties":{"pop":11081}},{"type":"Feature","geometry":{"type":"Point","coordinates":[12.15,51.75]},"properties":{"pop":9751}},{"type":"Feature","geometry":{"type":"Point","coordinates":[13.450000000000001,54.550000000000004]},"properties":{"pop":644}},{"type":"Feature","geometry":{"type":"Point","coordinates":[9.35,51.25]},"properties":{"pop":29595}},{"type":"Feature","geometry":{"type":"Point","coordinates":[13.450000000000001,48.95]},"properties":{"pop":648}},{"type":"Feature","geometry":{"type":"Point","coordinates":[12.850000000000001,47.650000000000006]},"properties":{"pop":1562}},{"type":"Feature","geometry":{"type":"Point","coordinates":[12.850000000000001,53.45]},"properties":{"pop":318}},{"type":"Feature","geometry":{"type":"Point","coordinates":[14.25,50.85]},"properties":{"pop":816}},{"type":"Feature","geometry":{"type":"Point","coordinates":[9.25,51.95]},"properties":{"pop":20365}},{"type":"Feature","geometry":{"type":"Point","coordinates":[13.55,52.050000000000004]},"properties":{"pop":1834}},{"type":"Feature","geometry":{"type":"Point","coordinates":[12.05,51.85]},"properties":{"pop":8028}},{"type":"Feature","geometry":{"type":"Point","coordinates":[12.15,51.85]},"properties":{"pop":26637}},{"type":"Feature","geometry":{"type":"Point","coordinates":[13.05,49.35]},"properties":{"pop":51}},{"type":"Feature","geometry":{"type":"Point","coordinates":[13.05,49.25]},"properties":{"pop":2376}},{"type":"Feature","geometry":{"type":"Point","coordinates":[8.55,54.35]},"properties":{"pop":48}},{"type":"Feature","geometry":{"type":"Point","coordinates":[14.450000000000001,52.75]},"properties":{"pop":112}},{"type":"Feature","geometry":{"type":"Point","coordinates":[14.350000000000001,52.650000000000006]},"properties":{"pop":1948}},{"type":"Feature","geometry":{"type":"Point","coordinates":[13.450000000000001,50.650000000000006]},"properties":{"pop":5801}},{"type":"Feature","geometry":{"type":"Point","coordinates":[14.350000000000001,50.85]},"properties":{"pop":66}},{"type":"Feature","geometry":{"type":"Point","coordinates":[8.55,47.75]},"properties":{"pop":156}},{"type":"Feature","geometry":{"type":"Point","coordinates":[13.65,53.650000000000006]},"properties":{"pop":816}},{"type":"Feature","geometry":{"type":"Point","coordinates":[13.15,54.150000000000006]},"properties":{"pop":1719}},{"type":"Feature","geometry":{"type":"Point","coordinates":[11.75,51.550000000000004]},"properties":{"pop":5967}},{"type":"Feature","geometry":{"type":"Point","coordinates":[13.65,48.95]},"properties":{"pop":91}},{"type":"Feature","geometry":{"type":"Point","coordinates":[8.450000000000001,55.050000000000004]},"properties":{"pop":1228}},{"type":"Feature","geometry":{"type":"Point","coordinates":[8.35,55.050000000000004]},"properties":{"pop":86}},{"type":"Feature","geometry":{"type":"Point","coordinates":[11.450000000000001,52.85]},"properties":{"pop":2155}},{"type":"Feature","geometry":{"type":"Point","coordinates":[14.950000000000001,51.050000000000004]},"properties":{"pop":4404}},{"type":"Feature","geometry":{"type":"Point","coordinates":[14.950000000000001,50.95]},"properties":{"pop":219}},{"type":"Feature","geometry":{"type":"Point","coordinates":[11.65,52.150000000000006]},"properties":{"pop":118051}},{"type":"Feature","geometry":{"type":"Point","coordinates":[11.450000000000001,52.95]},"properties":{"pop":411}},{"type":"Feature","geometry":{"type":"Point","coordinates":[15.05,51.25]},"properties":{"pop":2186}},{"type":"Feature","geometry":{"type":"Point","coordinates":[15.05,51.150000000000006]},"properties":{"pop":568}},{"type":"Feature","geometry":{"type":"Point","coordinates":[9.15,52.45]},"properties":{"pop":5292}},{"type":"Feature","geometry":{"type":"Point","coordinates":[13.15,53.35]},"properties":{"pop":2228}},{"type":"Feature","geometry":{"type":"Point","coordinates":[11.850000000000001,47.550000000000004]},"properties":{"pop":27}},{"type":"Feature","geometry":{"type":"Point","coordinates":[15.05,51.35]},"properties":{"pop":95}},{"type":"Feature","geometry":{"type":"Point","coordinates":[14.950000000000001,51.35]},"properties":{"pop":4078}},{"type":"Feature","geometry":{"type":"Point","coordinates":[12.350000000000001,50.150000000000006]},"properties":{"pop":98}},{"type":"Feature","geometry":{"type":"Point","coordinates":[8.25,48.35]},"properties":{"pop":4294}},{"type":"Feature","geometry":{"type":"Point","coordinates":[14.05,51.050000000000004]},"properties":{"pop":7778}},{"type":"Feature","geometry":{"type":"Point","coordinates":[12.65,49.550000000000004]},"properties":{"pop":385}},{"type":"Feature","geometry":{"type":"Point","coordinates":[8.85,54.550000000000004]},"properties":{"pop":252}},{"type":"Feature","geometry":{"type":"Point","coordinates":[8.25,51.45]},"properties":{"pop":9679}},{"type":"Feature","geometry":{"type":"Point","coordinates":[14.25,53.85]},"properties":{"pop":273}},{"type":"Feature","geometry":{"type":"Point","coordinates":[8.55,54.85]},"properties":{"pop":74}},{"type":"Feature","geometry":{"type":"Point","coordinates":[10.25,48.75]},"properties":{"pop":8704}},{"type":"Feature","geometry":{"type":"Point","coordinates":[10.950000000000001,50.95]},"properties":{"pop":42900}},{"type":"Feature","geometry":{"type":"Point","coordinates":[6.8500000000000005,49.150000000000006]},"properties":{"pop":6475}},{"type":"Feature","geometry":{"type":"Point","coordinates":[5.95,51.85]},"properties":{"pop":731}},{"type":"Feature","geometry":{"type":"Point","coordinates":[5.95,51.75]},"properties":{"pop":462}},{"type":"Feature","geometry":{"type":"Point","coordinates":[8.35,52.25]},"properties":{"pop":12336}},{"type":"Feature","geometry":{"type":"Point","coordinates":[8.35,54.650000000000006]},"properties":{"pop":2303}},{"type":"Feature","geometry":{"type":"Point","coordinates":[10.450000000000001,51.050000000000004]},"properties":{"pop":807}},{"type":"Feature","geometry":{"type":"Point","coordinates":[8.65,54.550000000000004]},"properties":{"pop":1029}},{"type":"Feature","geometry":{"type":"Point","coordinates":[8.55,54.550000000000004]},"properties":{"pop":182}},{"type":"Feature","geometry":{"type":"Point","coordinates":[8.65,54.45]},"properties":{"pop":62}},{"type":"Feature","geometry":{"type":"Point","coordinates":[8.75,54.550000000000004]},"properties":{"pop":6}},{"type":"Feature","geometry":{"type":"Point","coordinates":[13.15,54.45]},"properties":{"pop":368}},{"type":"Feature","geometry":{"type":"Point","coordinates":[11.15,52.85]},"properties":{"pop":12345}},{"type":"Feature","geometry":{"type":"Point","coordinates":[11.25,52.85]},"properties":{"pop":3400}},{"type":"Feature","geometry":{"type":"Point","coordinates":[11.350000000000001,52.85]},"properties":{"pop":1613}},{"type":"Feature","geometry":{"type":"Point","coordinates":[11.450000000000001,53.150000000000006]},"properties":{"pop":1089}},{"type":"Feature","geometry":{"type":"Point","coordinates":[11.05,52.85]},"properties":{"pop":3174}},{"type":"Feature","geometry":{"type":"Point","coordinates":[13.450000000000001,54.25]},"properties":{"pop":33}},{"type":"Feature","geometry":{"type":"Point","coordinates":[10.65,51.35]},"properties":{"pop":1596}},{"type":"Feature","geometry":{"type":"Point","coordinates":[5.95,50.75]},"properties":{"pop":3289}},{"type":"Feature","geometry":{"type":"Point","coordinates":[5.95,50.85]},"properties":{"pop":406}},{"type":"Feature","geometry":{"type":"Point","coordinates":[11.15,54.35]},"properties":{"pop":239}},{"type":"Feature","geometry":{"type":"Point","coordinates":[10.350000000000001,48.75]},"properties":{"pop":5623}},{"type":"Feature","geometry":{"type":"Point","coordinates":[8.05,51.45]},"properties":{"pop":16583}},{"type":"Feature","geometry":{"type":"Point","coordinates":[8.15,51.45]},"properties":{"pop":7703}},{"type":"Feature","geometry":{"type":"Point","coordinates":[8.25,53.550000000000004]},"properties":{"pop":1751}},{"type":"Feature","geometry":{"type":"Point","coordinates":[13.350000000000001,49.050000000000004]},"properties":{"pop":534}},{"type":"Feature","geometry":{"type":"Point","coordinates":[13.450000000000001,49.050000000000004]},"properties":{"pop":72}},{"type":"Feature","geometry":{"type":"Point","coordinates":[13.350000000000001,49.150000000000006]},"properties":{"pop":5}},{"type":"Feature","geometry":{"type":"Point","coordinates":[8.25,52.25]},"properties":{"pop":12688}},{"type":"Feature","geometry":{"type":"Point","coordinates":[9.55,52.550000000000004]},"properties":{"pop":7478}},{"type":"Feature","geometry":{"type":"Point","coordinates":[9.65,52.550000000000004]},"properties":{"pop":7893}},{"type":"Feature","geometry":{"type":"Point","coordinates":[10.850000000000001,51.35]},"properties":{"pop":13220}},{"type":"Feature","geometry":{"type":"Point","coordinates":[9.450000000000001,52.150000000000006]},"properties":{"pop":13115}},{"type":"Feature","geometry":{"type":"Point","coordinates":[14.450000000000001,53.25]},"properties":{"pop":512}},{"type":"Feature","geometry":{"type":"Point","coordinates":[13.05,54.050000000000004]},"properties":{"pop":2479}},{"type":"Feature","geometry":{"type":"Point","coordinates":[12.350000000000001,53.75]},"properties":{"pop":1760}},{"type":"Feature","geometry":{"type":"Point","coordinates":[13.15,52.050000000000004]},"properties":{"pop":16980}},{"type":"Feature","geometry":{"type":"Point","coordinates":[12.950000000000001,52.25]},"properties":{"pop":6389}},{"type":"Feature","geometry":{"type":"Point","coordinates":[11.350000000000001,53.150000000000006]},"properties":{"pop":1543}},{"type":"Feature","geometry":{"type":"Point","coordinates":[10.75,51.95]},"properties":{"pop":7528}},{"type":"Feature","geometry":{"type":"Point","coordinates":[8.25,53.650000000000006]},"properties":{"pop":60}},{"type":"Feature","geometry":{"type":"Point","coordinates":[8.35,53.650000000000006]},"properties":{"pop":201}},{"type":"Feature","geometry":{"type":"Point","coordinates":[8.15,53.75]},"properties":{"pop":6}},{"type":"Feature","geometry":{"type":"Point","coordinates":[7.75,48.45]},"properties":{"pop":3689}},{"type":"Feature","geometry":{"type":"Point","coordinates":[13.450000000000001,53.35]},"properties":{"pop":1876}},{"type":"Feature","geometry":{"type":"Point","coordinates":[12.450000000000001,51.550000000000004]},"properties":{"pop":4374}},{"type":"Feature","geometry":{"type":"Point","coordinates":[13.05,47.75]},"properties":{"pop":96}},{"type":"Feature","geometry":{"type":"Point","coordinates":[8.55,51.650000000000006]},"properties":{"pop":17939}},{"type":"Feature","geometry":{"type":"Point","coordinates":[13.950000000000001,54.25]},"properties":{"pop":14}},{"type":"Feature","geometry":{"type":"Point","coordinates":[10.05,47.35]},"properties":{"pop":7}},{"type":"Feature","geometry":{"type":"Point","coordinates":[12.850000000000001,48.050000000000004]},"properties":{"pop":1526}},{"type":"Feature","geometry":{"type":"Point","coordinates":[14.350000000000001,53.550000000000004]},"properties":{"pop":299}},{"type":"Feature","geometry":{"type":"Point","coordinates":[12.350000000000001,49.650000000000006]},"properties":{"pop":7357}},{"type":"Feature","geometry":{"type":"Point","coordinates":[6.95,52.25]},"properties":{"pop":2603}},{"type":"Feature","geometry":{"type":"Point","coordinates":[8.950000000000001,54.95]},"properties":{"pop":8}},{"type":"Feature","geometry":{"type":"Point","coordinates":[12.450000000000001,53.050000000000004]},"properties":{"pop":1315}},{"type":"Feature","geometry":{"type":"Point","coordinates":[8.25,48.25]},"properties":{"pop":10009}},{"type":"Feature","geometry":{"type":"Point","coordinates":[12.450000000000001,49.75]},"properties":{"pop":770}},{"type":"Feature","geometry":{"type":"Point","coordinates":[12.75,51.25]},"properties":{"pop":18462}},{"type":"Feature","geometry":{"type":"Point","coordinates":[12.450000000000001,53.150000000000006]},"properties":{"pop":5935}},{"type":"Feature","geometry":{"type":"Point","coordinates":[8.55,50.95]},"properties":{"pop":7265}},{"type":"Feature","geometry":{"type":"Point","coordinates":[8.65,54.95]},"properties":{"pop":86}},{"type":"Feature","geometry":{"type":"Point","coordinates":[12.950000000000001,47.550000000000004]},"properties":{"pop":1289}},{"type":"Feature","geometry":{"type":"Point","coordinates":[13.05,47.45]},"properties":{"pop":32}},{"type":"Feature","geometry":{"type":"Point","coordinates":[12.950000000000001,47.45]},"properties":{"pop":32}},{"type":"Feature","geometry":{"type":"Point","coordinates":[13.05,47.550000000000004]},"properties":{"pop":420}},{"type":"Feature","geometry":{"type":"Point","coordinates":[8.35,54.85]},"properties":{"pop":4944}},{"type":"Feature","geometry":{"type":"Point","coordinates":[8.25,54.85]},"properties":{"pop":755}},{"type":"Feature","geometry":{"type":"Point","coordinates":[8.25,54.95]},"properties":{"pop":248}},{"type":"Feature","geometry":{"type":"Point","coordinates":[8.450000000000001,54.85]},"properties":{"pop":777}},{"type":"Feature","geometry":{"type":"Point","coordinates":[10.15,47.25]},"properties":{"pop":17}},{"type":"Feature","geometry":{"type":"Point","coordinates":[8.75,52.85]},"properties":{"pop":10198}},{"type":"Feature","geometry":{"type":"Point","coordinates":[13.55,50.650000000000006]},"properties":{"pop":181}},{"type":"Feature","geometry":{"type":"Point","coordinates":[13.25,48.25]},"properties":{"pop":14}},{"type":"Feature","geometry":{"type":"Point","coordinates":[12.350000000000001,47.650000000000006]},"properties":{"pop":22}},{"type":"Feature","geometry":{"type":"Point","coordinates":[12.850000000000001,47.550000000000004]},"properties":{"pop":90}},{"type":"Feature","geometry":{"type":"Point","coordinates":[12.75,47.550000000000004]},"properties":{"pop":7}},{"type":"Feature","geometry":{"type":"Point","coordinates":[12.55,53.150000000000006]},"properties":{"pop":2665}},{"type":"Feature","geometry":{"type":"Point","coordinates":[7.050000000000001,53.650000000000006]},"properties":{"pop":491}},{"type":"Feature","geometry":{"type":"Point","coordinates":[6.95,53.650000000000006]},"properties":{"pop":1024}},{"type":"Feature","geometry":{"type":"Point","coordinates":[10.950000000000001,51.85]},"properties":{"pop":9180}},{"type":"Feature","geometry":{"type":"Point","coordinates":[9.950000000000001,47.45]},"properties":{"pop":14}},{"type":"Feature","geometry":{"type":"Point","coordinates":[8.450000000000001,54.550000000000004]},"properties":{"pop":10}},{"type":"Feature","geometry":{"type":"Point","coordinates":[6.65,53.550000000000004]},"properties":{"pop":4452}},{"type":"Feature","geometry":{"type":"Point","coordinates":[6.75,53.550000000000004]},"properties":{"pop":693}},{"type":"Feature","geometry":{"type":"Point","coordinates":[6.75,53.650000000000006]},"properties":{"pop":124}},{"type":"Feature","geometry":{"type":"Point","coordinates":[6.65,53.650000000000006]},"properties":{"pop":23}},{"type":"Feature","geometry":{"type":"Point","coordinates":[13.25,50.550000000000004]},"properties":{"pop":2115}},{"type":"Feature","geometry":{"type":"Point","coordinates":[6.15,50.25]},"properties":{"pop":235}},{"type":"Feature","geometry":{"type":"Point","coordinates":[9.05,47.650000000000006]},"properties":{"pop":24}},{"type":"Feature","geometry":{"type":"Point","coordinates":[14.65,52.45]},"properties":{"pop":19}},{"type":"Feature","geometry":{"type":"Point","coordinates":[13.950000000000001,50.75]},"properties":{"pop":9}},{"type":"Feature","geometry":{"type":"Point","coordinates":[11.350000000000001,54.050000000000004]},"properties":{"pop":1}},{"type":"Feature","geometry":{"type":"Point","coordinates":[13.350000000000001,50.550000000000004]},"properties":{"pop":915}},{"type":"Feature","geometry":{"type":"Point","coordinates":[6.8500000000000005,53.650000000000006]},"properties":{"pop":15}},{"type":"Feature","geometry":{"type":"Point","coordinates":[8.05,48.85]},"properties":{"pop":48}},{"type":"Feature","geometry":{"type":"Point","coordinates":[6.25,50.35]},"properties":{"pop":3}},{"type":"Feature","geometry":{"type":"Point","coordinates":[12.55,50.35]},"properties":{"pop":26}},{"type":"Feature","geometry":{"type":"Point","coordinates":[7.550000000000001,49.050000000000004]},"properties":{"pop":5}},{"type":"Feature","geometry":{"type":"Point","coordinates":[10.850000000000001,47.45]},"properties":{"pop":25}},{"type":"Feature","geometry":{"type":"Point","coordinates":[8.55,54.45]},"properties":{"pop":0}},{"type":"Feature","geometry":{"type":"Point","coordinates":[8.25,53.45]},"properties":{"pop":207}},{"type":"Feature","geometry":{"type":"Point","coordinates":[14.350000000000001,53.650000000000006]},"properties":{"pop":3}},{"type":"Feature","geometry":{"type":"Point","coordinates":[8.65,54.050000000000004]},"properties":{"pop":2}},{"type":"Feature","geometry":{"type":"Point","coordinates":[8.35,54.75]},"properties":{"pop":38}}]}