{"type":"FeatureCollection","features":[{"type":"Feature","geometry":{"type":"LineString","coordinates":[[10.033476635279385,53.625693742082916],[10.033891565277292,53.626681310195664],[10.03393416009159,53.62693857027627],[10.033920427627645,53.62717483790231],[10.03388193784548,53.627376461752476]]},"properties":{"name":"","laenge":191,"streckennummer":"1239","bundesland":"Hamburg"}},{"type":"Feature","geometry":{"type":"LineString","coordinates":[[10.033834329759308,53.627342442857724],[10.033756334127416,53.627567785017376],[10.033653776585211,53.62777516881039],[10.033523594224537,53.627977004717614],[10.033366616372255,53.628171987095925],[10.033183855195125,53.62835886711341],[10.032944938415703,53.62856097695751],[10.032711088778871,53.62872651704957],[10.032455676157587,53.628880386683704],[10.032180339031562,53.629021592174134],[10.031843555117625,53.62916630595],[10.031531638985848,53.62927743260573],[10.031205745197175,53.62937334547281],[10.030867967605051,53.629453424367306],[10.03052047832239,53.62951715627495],[10.03019811855856,53.62956072316197],[10.029750023823954,53.629601656644745],[10.029148063606161,53.62963473883031],[10.025223247599573,53.62979694632602],[10.02454385474123,53.62981569064668],[10.02390443962479,53.62981365607863],[10.023345870754639,53.62979428531509],[10.02265044597652,53.629749009652336],[10.013349702712746,53.62898903579856],[10.012448714564727,53.6289282629274],[10.01199597726193,53.62891399018777],[10.011693711588443,53.62891383454889],[10.011316556050295,53.62892674731891],[10.010997458719576,53.628950920839024],[10.010681709781169,53.62898743802651],[10.010319372380906,53.629045450137255],[10.010015479260796,53.629108143028205],[10.009684680343383,53.629192111331996]]},"properties":{"name":"TU Ohlsdorf-Hamburg Airport","laenge":1747,"streckennummer":"1239","bundesland":"Hamburg"}},{"type":"Feature","geometry":{"type":"LineString","coordinates":[[10.004981688344209,53.55559740418768],[10.004519607786115,53.5558580207448],[10.003914720378335,53.55615015575431],[10.003265733432448,53.556404483695566],[10.002361412773558,53.556643285321584],[10.001994764215407,53.556714137379394],[10.001641155808986,53.55676534482292],[10.00126010575429,53.55679840165423],[10.000834185684699,53.55680886209557],[10.00048883257857,53.55680141695815],[10.00017597819803,53.55678221099295],[9.9998029021242,53.55674397851774],[9.999555223611349,53.5567081417189],[9.999223909006849,53.55664198649386],[9.99890966296619,53.55656304974991],[9.998377341276884,53.556395198545125],[9.998102818806615,53.55628377079795],[9.997743905513033,53.55610986722118],[9.997526871577241,53.55598301956057],[9.997297788201722,53.555835605855464],[9.997117029353653,53.55569351628261],[9.996914352496743,53.555520605505784],[9.996754133308546,53.55534964016876],[9.996607051847166,53.55516363129369],[9.996348858870569,53.5547614455043],[9.995946789085457,53.55406293201123],[9.995685318181554,53.55368603893097],[9.995334792855475,53.5532926538721],[9.994900035231728,53.55292832306594],[9.99441995361713,53.55258759087939],[9.993875302021,53.552282657373134],[9.993266725542219,53.552015937855536],[9.990039161740336,53.55084070113499],[9.988137668569854,53.55010073359495],[9.987472711703333,53.54988821080544],[9.986759204028209,53.5497438352112],[9.986023118360654,53.54964110925923],[9.985186759729443,53.549562271753615],[9.98434718266188,53.54949283565257],[9.98370317395299,53.5494229683363],[9.983063410220462,53.549341206434924],[9.98233715519501,53.549240102081264],[9.981639055968959,53.54909563213665],[9.981006171167952,53.548867462841045],[9.980425224770585,53.54859007771405],[9.979893409233334,53.548281318499285],[9.979377439796814,53.54796164451402],[9.97884383453106,53.547653106503404],[9.978280682907656,53.54736586543129],[9.977665322689509,53.547119478897606],[9.977011616824544,53.546910957324044],[9.97632276754606,53.54674673884618],[9.97490343772101,53.54648123094976],[9.974183875118868,53.54636964008639],[9.973458141091815,53.546272287585246],[9.972724349389113,53.5462069302635],[9.971986645069832,53.54618531399971],[9.971244064124473,53.5462187950433],[9.971039034629266,53.54623977258517],[9.970298409723938,53.546345572818566],[9.969771044318144,53.54644400228018],[9.969042576354806,53.54658954591941],[9.968329906957278,53.54675852997469],[9.967637582950255,53.546956201243766],[9.966976069076699,53.54718699043346],[9.96575994030281,53.54774081691724],[9.965156948748426,53.548027842356845],[9.963883854372419,53.54853952856504],[9.963227591827414,53.548775645564206],[9.962539159925942,53.54897743378295],[9.96182797319678,53.54914915223902],[9.961098464601887,53.54928862633487],[9.960355932617388,53.549402898047845],[9.959607004312254,53.54950006356021],[9.958851457115182,53.5495769167822],[9.95658673812697,53.549702888074],[9.955847347090128,53.5497184746327],[9.954364375846046,53.54969167175519],[9.953563148645626,53.54965136463758],[9.952852258356508,53.54958777793857],[9.952124944273924,53.549498548122074],[9.951389890524194,53.549386013746044],[9.94991486512316,53.54913520970394],[9.948483470299454,53.548903381750705],[9.947076002788139,53.54868731827918],[9.946297842531305,53.54853495728692],[9.945668333261924,53.5483868542889],[9.944909905515809,53.548162562247875],[9.944171763692932,53.54791155335419],[9.942929713265986,53.54741612705408],[9.942026626572748,53.54709955711425],[9.9418437833615,53.54705046655774],[9.941602757733309,53.54699593135428],[9.940878030952009,53.54687166007644],[9.94040849075397,53.54682984065728],[9.940130357680127,53.54681997780094],[9.939635508156156,53.54682464702576],[9.939077033251944,53.5468692917557],[9.938854146984859,53.54689682393329],[9.93858402620119,53.54694082430624],[9.937962914686404,53.54708664124336],[9.937620742130985,53.54719804732387],[9.937251802768765,53.54733704532809],[9.93694772410326,53.54747553756898],[9.93670413641461,53.54761033310887],[9.936584073958866,53.547747213983676],[9.936312845537076,53.547953092721364],[9.93616904744147,53.5480810437491],[9.935976381559572,53.548281430983316],[9.935849306962062,53.54843983646596],[9.935717645534872,53.54863892280227],[9.935632385695378,53.54879262439667],[9.935388599911084,53.54947083660512],[9.935122236610633,53.55027387392081]]},"properties":{"name":"","laenge":5512,"streckennummer":"1270","bundesland":"Hamburg"}},{"type":"Feature","geometry":{"type":"LineString","coordinates":[[9.99718014905342,53.46657821954267],[9.998564347474357,53.46368845913241],[9.998795746458802,53.463115857171985],[9.998939104150885,53.46268433949335],[9.999021159461297,53.462372795140105],[9.99912632878971,53.461803572714764],[9.999175079867836,53.461398360573796],[9.999198246060558,53.46097828066866],[9.999187152046007,53.46058865144213],[9.999127726962316,53.46020985884097],[9.999074422795236,53.46000848485943],[9.998937487064861,53.45963845928488],[9.998829374785032,53.45942014828205],[9.998621479851316,53.459088990099715],[9.998482940159226,53.45889877067857],[9.998193450355123,53.45856830398392],[9.99788935638224,53.458277391041925],[9.997643750439327,53.45807762536389],[9.997333412975035,53.4578517229234],[9.997055432414639,53.45768005441899],[9.99669352903493,53.4574916954254],[9.99635253845251,53.45734532446859],[9.99595806318767,53.457195575896826],[9.995581781918132,53.45708395630729],[9.995168387419277,53.45698435762949],[9.994846670759118,53.45692329934712],[9.99454476333572,53.45687268673731],[9.994327067003772,53.456846876308454],[9.994004338764892,53.45681875555799],[9.993697949035822,53.45680430831964],[9.993366846916166,53.45679856178309],[9.992990004486533,53.45680813331975],[9.992209172751231,53.456865232700125],[9.991585259648847,53.45693083450319],[9.991068442460922,53.456996931420214],[9.990531571223546,53.457092138992884],[9.990118941498222,53.45718872089721],[9.98994670621144,53.45723698229181],[9.989536632743036,53.45736879502661],[9.989333147546235,53.45744577592936],[9.98894713791546,53.45761164820015],[9.988505697221187,53.45784217454513],[9.988288785060837,53.45797188769805],[9.98769238315495,53.458364901270386],[9.987355693959483,53.45857476554537],[9.986721868186507,53.45895314133953],[9.986348941278186,53.45916282629657],[9.985921792437987,53.4593772847457],[9.985566593850084,53.459533726206445],[9.985363158347479,53.45961360213608],[9.98494127291218,53.459759001528404],[9.984197930386552,53.459991510288816],[9.983431058380537,53.46021312047756],[9.983059827090017,53.46031175803767],[9.982728704920454,53.46039025575556],[9.982256553609663,53.46048780840863],[9.98174691774205,53.46056972322779],[9.979042537580632,53.460900891761874],[9.978415644873586,53.46098567765021],[9.977766357952737,53.46110830143222],[9.97737032329088,53.461216774843315],[9.977216214722125,53.461266306890714],[9.976870729607384,53.461397056962205],[9.976319963357334,53.46164098577272],[9.97400867918285,53.46274866436171],[9.973476751354752,53.46298856238876],[9.973192109378259,53.463102869607575],[9.972817296144457,53.46323527581847],[9.972210674498285,53.46341639321709],[9.971928487091564,53.463488185701806],[9.971554254233473,53.463570880765054],[9.971318096180829,53.46361769048755],[9.970890910926295,53.463685845100564],[9.966016940714121,53.46433676502288],[9.965761681297145,53.464380344441196],[9.965371888187462,53.464462656368944],[9.965041771730286,53.464553132573286],[9.964733510646418,53.4646545773978],[9.964320695837197,53.46482541144652],[9.964064255239208,53.4649508756678],[9.963144074380393,53.46544985723552],[9.961999487046821,53.46594834155512],[9.960443174889404,53.466678174218785],[9.959032106695163,53.46737147033238],[9.957285920116432,53.468243013072104],[9.956740010037437,53.46853892679862],[9.956431387664397,53.46871812543367],[9.956040971543572,53.46896035955034],[9.954884854654475,53.469710878883184],[9.954180839215143,53.47012828804537],[9.953945630396877,53.47024627453867]]},"properties":{"name":"S-Bahn-Tunnel Hamburg - Harburg","laenge":4409,"streckennummer":"1271","bundesland":"Hamburg"}},{"type":"Feature","geometry":{"type":"LineString","coordinates":[[8.055884754653905,53.58690749171871],[8.056192702385973,53.58702110222631]]},"properties":{"name":"Galeriebauw. Sengw. 8","laenge":2278,"streckennummer":"1552","bundesland":"Niedersachsen"}},{"type":"Feature","geometry":{"type":"LineString","coordinates":[[9.702229964031062,52.460673831066856],[9.701777812884066,52.46056395482971],[9.70114528511793,52.46033593188345],[9.700565969926298,52.460057861178285],[9.700040127306895,52.45974466012315],[9.699565997743866,52.459403646158975],[9.698783586173974,52.458716555784335],[9.69808366449909,52.45800864375593]]},"properties":{"name":"Flughafenbahnhof","laenge":418,"streckennummer":"1713","bundesland":"Niedersachsen"}},{"type":"Feature","geometry":{"type":"LineString","coordinates":[[9.868501275377845,52.13652898858301],[9.877792737804123,52.11014928558119],[9.878459718682572,52.10840303868196],[9.878817712406677,52.10752514485921],[9.879190668251853,52.10664802334634],[9.879573295232866,52.10578356800322],[9.880310198644779,52.1042091301693]]},"properties":{"name":"Escherberg-Tunnel","laenge":3687,"streckennummer":"1733","bundesland":"Niedersachsen"}},{"type":"Feature","geometry":{"type":"LineString","coordinates":[[9.888652930089476,52.089443053961446],[9.890517212513743,52.08624026532308],[9.891537230167293,52.084568624865895],[9.892617384220905,52.08289987135657],[9.893199199376308,52.08203918658979],[9.89376875329203,52.0812200737496],[9.894818017390453,52.07976861687469]]},"properties":{"name":"Eichenberg-Tunnel","laenge":1157,"streckennummer":"1733","bundesland":"Niedersachsen"}},{"type":"Feature","geometry":{"type":"LineString","coordinates":[[9.899197600991167,52.07433743442863],[9.900216863354782,52.07319091081834],[9.901565685131262,52.0717353410737]]},"properties":{"name":"Eggeberg-Tunnel","laenge":332,"streckennummer":"1733","bundesland":"Niedersachsen"}},{"type":"Feature","geometry":{"type":"LineString","coordinates":[[9.98388423011467,51.98272664370991],[9.985542416685188,51.980809968284085],[9.98621748538023,51.98001379136979],[9.986876489938663,51.97921259069645],[9.987510053131404,51.978403497270556],[9.98811909570619,51.977587299183504],[9.98870134163308,51.97676369238613],[9.989257269422726,51.97593320352921],[9.989786814574563,51.97509615259383],[9.990289635681206,51.97425283940645],[9.990765523040228,51.97340359412957],[9.99121433954997,51.97254873731153],[9.99155252792775,51.971858974861085]]},"properties":{"name":"Riesberg-Tunnel","laenge":1322,"streckennummer":"1733","bundesland":"Niedersachsen"}},{"type":"Feature","geometry":{"type":"LineString","coordinates":[[9.996379261639872,51.89826492298861],[9.99296510277723,51.887984016290396],[9.992398272243593,51.88622118075244],[9.991885629325155,51.8844519573909],[9.991713826884617,51.88380368603443]]},"properties":{"name":"Helleberg-Tunnel","laenge":1641,"streckennummer":"1733","bundesland":"Niedersachsen"}},{"type":"Feature","geometry":{"type":"LineString","coordinates":[[9.990230014905068,51.875897152849646],[9.990184067817328,51.875530682748476],[9.989861268354138,51.87212962951267]]},"properties":{"name":"Wadenberg Tunnel","laenge":420,"streckennummer":"1733","bundesland":"Niedersachsen"}},{"type":"Feature","geometry":{"type":"LineString","coordinates":[[9.987839056470937,51.85014732553943],[9.987533059595304,51.84681888707145],[9.987351343457508,51.84502511115765],[9.987235008023344,51.84412929080705],[9.98711307970822,51.843323611818995]]},"properties":{"name":"Hopfenberg Tunnel","laenge":761,"streckennummer":"1733","bundesland":"Niedersachsen"}},{"type":"Feature","geometry":{"type":"LineString","coordinates":[[9.978090782624388,51.82203330679074],[9.974482185195372,51.815646271455044],[9.974023482054898,51.81479372436322],[9.973581263921337,51.81393787953184],[9.973160397289822,51.813077833986185],[9.972759392719414,51.81221416652536],[9.97237831838155,51.811347061037004],[9.972017292587271,51.81047667402087],[9.97167638375479,51.8096032028264],[9.971355587120799,51.8087268139409],[9.971056508582796,51.807847395382275],[9.970842068388443,51.80717749163296]]},"properties":{"name":"Sohlberg-Tunnel","laenge":1729,"streckennummer":"1733","bundesland":"Niedersachsen"}},{"type":"Feature","geometry":{"type":"LineString","coordinates":[[9.968018312456557,51.79754858058715],[9.967718703624428,51.79634938293905],[9.967532011065478,51.79545816133233],[9.967372996883896,51.79456490478918],[9.967242439795832,51.79366984069151],[9.967140245538717,51.792773383352085],[9.967066525164189,51.79187572067262],[9.967021128227827,51.7909776898235],[9.967022725648578,51.78918052103042],[9.967118881927757,51.787384060663186],[9.967196667523265,51.78648670462031],[9.968336278008465,51.77452818100023],[9.96840924945356,51.7736306056316],[9.968464417933877,51.772732606147436],[9.968491115085378,51.771833879576135],[9.96849129616258,51.77093533558495],[9.96847991789447,51.77069935254817]]},"properties":{"name":"Krieberg-Tunnel","laenge":2994,"streckennummer":"1733","bundesland":"Niedersachsen"}},{"type":"Feature","geometry":{"type":"LineString","coordinates":[[9.839357190387851,51.47966516338108],[9.838423208054296,51.4788678234526],[9.837554395380652,51.478151270054234],[9.83667163275202,51.477441371141985],[9.82378298390828,51.46742070175494]]},"properties":{"name":"Leinebusch-Tunnel","laenge":1740,"streckennummer":"1733","bundesland":"Niedersachsen"}},{"type":"Feature","geometry":{"type":"LineString","coordinates":[[9.818362205059703,51.46326993469142],[9.812196055137392,51.458606217191594]]},"properties":{"name":"Endelskamp-Tunnel","laenge":673,"streckennummer":"1733","bundesland":"Niedersachsen"}},{"type":"Feature","geometry":{"type":"LineString","coordinates":[[9.800518865050218,51.44954952824318],[9.792960618797892,51.44355621555368]]},"properties":{"name":"Mackenrodt-Tunnel","laenge":849,"streckennummer":"1733","bundesland":"Niedersachsen"}},{"type":"Feature","geometry":{"type":"LineString","coordinates":[[9.785323998374144,51.437510441087625],[9.784400652371424,51.436807292962484],[9.783474113560366,51.4361200211776],[9.782531163505245,51.435441471479706],[9.78157280508069,51.434771412069004],[9.780599220148966,51.4341099582046],[9.779610634436215,51.43345726979535],[9.778607295498103,51.43281352458335],[9.777589398611243,51.43217878830703],[9.776557167698243,51.431553122021946],[9.775510778380383,51.430936708448776],[9.774450369455236,51.43032968111718],[9.773376202043712,51.42973218173688],[9.772288572862651,51.42914433381068],[9.771187613021269,51.42856624845678],[9.770073677117189,51.427998075770425],[9.768946910405854,51.42743991779601],[9.767807456525983,51.42689178221234],[9.766655620318376,51.426353859904374],[9.765491676994733,51.425826292523105],[9.764315814491466,51.42530916387267],[9.76312776240778,51.424803095555944],[9.761929378902186,51.42430659652582],[9.759506864975608,51.42333849141322],[9.725385567942164,51.409826069113784]]},"properties":{"name":"Rauheberg Tunnel","laenge":5210,"streckennummer":"1733","bundesland":"Niedersachsen"}},{"type":"Feature","geometry":{"type":"LineString","coordinates":[[9.708821329651219,51.40327059948359],[9.70727158487008,51.40268218906861],[9.706030170317895,51.40222947581066],[9.70477866098223,51.401787793925585],[9.703517218374579,51.401357407279995],[9.702246100748516,51.40093833198373],[9.70096553732003,51.40053056635252],[9.699675802859469,51.40013427022849],[9.69837718536822,51.39974953147762],[9.697069922936377,51.39937646523909],[9.695754360288682,51.39901511411967],[9.694430706247765,51.398665548793346],[9.693099206465854,51.39832779691888],[9.691760161328286,51.39800196153408],[9.690413807285191,51.39768805896457],[9.689060432675111,51.39738621309964],[9.687700274438232,51.39709647623613],[9.686333655965663,51.39681891815017],[9.68496093613758,51.39655358145916],[9.683582301403806,51.39630050980362],[9.682198025067487,51.39605979126715],[9.680808415189452,51.395831437342395],[9.679413751080356,51.39561545970267],[9.678014334716632,51.39541194630344],[9.676610366553579,51.39522092278257],[9.675202191628504,51.395042476871076],[9.673790044975439,51.3948770340116],[9.672374483165129,51.39472343586448],[9.669534766779478,51.39444864930688],[9.659586155965252,51.393527826198195],[9.658167026172201,51.393387589938996],[9.65675042174978,51.39323798790447],[9.655337660124701,51.39307463547943],[9.653928731939166,51.392898804702064],[9.652524080644923,51.392710282006796],[9.651123896286895,51.392509219288016],[9.649728353049909,51.3922956651709],[9.648337854830782,51.39206965802587],[9.646952647924993,51.39183126857332],[9.645573063535242,51.39158047719218],[9.644199426804574,51.39131734520461],[9.64283194805267,51.39104194356696],[9.64147088810717,51.39075436094381],[9.64011652875215,51.39045464544855],[9.638769152124041,51.39014287216958],[9.637429060942743,51.38981904868209],[9.636096522493373,51.38948321872005],[9.634771812090381,51.389135488902916],[9.63345519820568,51.38877599286311],[9.632146926364593,51.38840476549582],[9.630847307451504,51.38802189528278],[9.629556572879965,51.38762743968638],[9.628274954282235,51.38722147415274],[9.62700275526678,51.38680408723249],[9.625740278425974,51.38637529558575],[9.62448775621822,51.38593524209496],[9.623245392457155,51.38548407879119],[9.62201346821121,51.385021831463426],[9.620792287464996,51.38454862915399],[9.619582067130093,51.3840645384583],[9.61838309669145,51.38356968401785],[9.617195557687017,51.38306417757047],[9.616019565657172,51.38254803233385],[9.614855497123173,51.3820214444154],[9.613704110392781,51.38148416300541],[9.612564286195552,51.380937317885866],[9.610316537256775,51.3798179590198],[9.57790636604423,51.36345054158397],[9.57677079721551,51.362900605378044],[9.576191333885642,51.36263549254436],[9.575615669339674,51.362383536767496]]},"properties":{"name":"Münderner Tunnel","laenge":10525,"streckennummer":"1733","bundesland":"Niedersachsen"}},{"type":"Feature","geometry":{"type":"LineString","coordinates":[[9.572394252946147,51.361188170543436],[9.571880265592517,51.36102627498154],[9.571231553347465,51.36083393631716],[9.57057569561916,51.360651327420996],[9.569913058327517,51.36047845987252],[9.569244038041592,51.36031550240609],[9.568569080495323,51.36016253813487],[9.56788850987723,51.360019691219975],[9.567202765150443,51.359887080777845],[9.566512175979193,51.35976469613233],[9.565817050982991,51.359652567164225],[9.565117900142296,51.359550754246705],[9.563709091948839,51.359378136114415],[9.55803414721164,51.35882868028998],[9.557328565189213,51.35874631144411],[9.556626425482728,51.358652812271224],[9.555929935987447,51.35854433877127],[9.555239361948521,51.35842199535766],[9.554555320315597,51.35828570280413],[9.553799571906262,51.3581150868033]]},"properties":{"name":"Mühlenkopf-Tunnel","laenge":1346,"streckennummer":"1733","bundesland":"Niedersachsen"}},{"type":"Feature","geometry":{"type":"LineString","coordinates":[[9.541653280671724,51.35250264061578],[9.540238850660382,51.35168652065925],[9.539191824401628,51.35107128521883],[9.538113550151355,51.350478196870846],[9.53755573835689,51.35019575454507],[9.536979066452178,51.34992813273567],[9.536379654563511,51.34968111954737],[9.535760607340142,51.34945388694756],[9.535505907892317,51.34937111174854]]},"properties":{"name":"Lohberg Tunnel","laenge":554,"streckennummer":"1733","bundesland":"Hessen"}},{"type":"Feature","geometry":{"type":"LineString","coordinates":[[9.454400070577819,51.27763031635817],[9.454154713445345,51.27704751946381],[9.453824004185291,51.276173023920585],[9.453680676252514,51.27573279145527],[9.453557861110486,51.27528995340781],[9.4534616352997,51.27484461210749],[9.453390456918171,51.2743974297635],[9.453344581415225,51.27394895373102],[9.453324070775295,51.27349973209995],[9.453328708174007,51.273050376944965],[9.453358727189714,51.27260139970379],[9.45341406083775,51.27215334891776],[9.45349459933125,51.271706791255184],[9.453601029869693,51.271262465552226],[9.453730171294671,51.270820438018696],[9.453879209150701,51.27038089478539],[9.454047141591525,51.269944010450835],[9.454232047904513,51.269509769927],[9.454433708306485,51.26907845263341],[9.454884553069032,51.268225326114695],[9.455297102298703,51.26749718909476]]},"properties":{"name":"","laenge":1153,"streckennummer":"1733","bundesland":"Hessen"}},{"type":"Feature","geometry":{"type":"LineString","coordinates":[[9.4579778706918,51.26277209350286],[9.463524995810905,51.25298166591291],[9.46397160388791,51.25212753002306],[9.464382339929925,51.251266519242016],[9.46475672252826,51.2503990043908],[9.46513361039444,51.24941147159634]]},"properties":{"name":"Rengershausen-Tunnel","laenge":1569,"streckennummer":"1733","bundesland":"Hessen"}},{"type":"Feature","geometry":{"type":"LineString","coordinates":[[9.477485336227486,51.22971871722629],[9.478536607429803,51.227845267760884],[9.479944283219668,51.225297677832145],[9.480432017916433,51.22445272611365],[9.481043411419535,51.22346395763363]]},"properties":{"name":"Dörnhagen-Tunnel","laenge":739,"streckennummer":"1733","bundesland":"Hessen"}},{"type":"Feature","geometry":{"type":"LineString","coordinates":[[9.498398056971766,51.204693617287894],[9.498931282879237,51.204237183843496],[9.499794170093473,51.20352016262075],[9.500673247731864,51.20281094864573],[9.501568792309486,51.202109998790895],[9.50247928721499,51.20141668100632],[9.504340891208582,51.20005154282396],[9.520645193579186,51.18826964432616]]},"properties":{"name":"Kehrenberg-Tunnel","laenge":2400,"streckennummer":"1733","bundesland":"Hessen"}},{"type":"Feature","geometry":{"type":"LineString","coordinates":[[9.551388242888262,51.16678072769635],[9.553784114057992,51.1653779711485]]},"properties":{"name":"Erbelberg-Tunnel","laenge":229,"streckennummer":"1733","bundesland":"Hessen"}},{"type":"Feature","geometry":{"type":"LineString","coordinates":[[9.560222084006439,51.16142020076092],[9.561065104133556,51.16084514924106],[9.562016269507726,51.16017419177018],[9.56294941773181,51.15949328176514],[9.563864351856216,51.1588026633012],[9.564760868223086,51.15810261194459],[9.565638668619625,51.157393264390954],[9.566497533991582,51.15667479740185],[9.567337195805601,51.15594742842609],[9.568157420651612,51.15521132080742],[9.568957983088664,51.15446670076944],[9.569738779321249,51.153713802927875],[9.57049950506799,51.152952826915055],[9.571239834886368,51.15218399044219],[9.571959650281492,51.151407483239076],[9.572882562141166,51.15036253612665]]},"properties":{"name":"Hainbuch-Tunnel","laenge":1520,"streckennummer":"1733","bundesland":"Hessen"}},{"type":"Feature","geometry":{"type":"LineString","coordinates":[[9.573133511015438,51.150069801947865],[9.573994229833836,51.14903419690475],[9.574630122037343,51.14822927581215],[9.575244630929696,51.147417764224215],[9.57583752473096,51.1465999153052],[9.576408564283323,51.14577595977675],[9.576957682227443,51.144946149977045],[9.57748478254692,51.14411072938616],[9.577989654443034,51.14326990159181],[9.578471985956048,51.142423776291324],[9.578932083561506,51.14157277921301],[9.579367875282578,51.14071681752116],[9.579786296777934,51.13985738517079],[9.582310670405546,51.13441253119621]]},"properties":{"name":"Kaiserau-Tunnel","laenge":1861,"streckennummer":"1733","bundesland":"Hessen"}},{"type":"Feature","geometry":{"type":"LineString","coordinates":[[9.583941215297685,51.13074236766953],[9.584427541777236,51.12947550087873],[9.584732279619905,51.12859733192252],[9.585013661353342,51.127716092430155],[9.585271705611852,51.12683202517609],[9.585506288093663,51.12594536464834],[9.585717357072944,51.12505643484645],[9.58590485182125,51.124165411485784],[9.586068740189233,51.12327247012474],[9.586208941814913,51.12237792587645],[9.586325454845856,51.121482088952014],[9.586418204603925,51.12058515755328],[9.586487124302842,51.11968738825595],[9.58653223959513,51.11878900569633],[9.58655361789477,51.117890148892805],[9.586551182758862,51.116991438474614],[9.58651337770366,51.116128778751865]]},"properties":{"name":"Weltkugel-Tunnel","laenge":1641,"streckennummer":"1733","bundesland":"Hessen"}},{"type":"Feature","geometry":{"type":"LineString","coordinates":[[9.585030027634636,51.101208496009875],[9.58503384886785,51.09995062199018],[9.585181586021903,51.097255822361966],[9.586134254658063,51.08648622828412],[9.586261866415768,51.084690258603764],[9.586297091902564,51.0837915517884],[9.586312730754411,51.082892979103725],[9.586236146365748,51.080197017238156],[9.585976053222087,51.07750561546899],[9.585889380877482,51.076895855110806]]},"properties":{"name":"Wildsberg-Tunnel","laenge":2708,"streckennummer":"1733","bundesland":"Hessen"}},{"type":"Feature","geometry":{"type":"LineString","coordinates":[[9.579979918769403,51.06045853553724],[9.577069711242828,51.05489341173737],[9.576644931082607,51.05403526888248],[9.57623852860326,51.05317364486552],[9.575856695685507,51.052307650894946],[9.575497690278807,51.05143779018522],[9.575161777070486,51.050564227934444],[9.57484904413199,51.04968726503399],[9.574559585136443,51.04880708098417],[9.574293452347582,51.04792396783787],[9.574050705750386,51.047038267036115],[9.573831410215899,51.046150140203295],[9.573635517530116,51.045259830406636],[9.573463243252075,51.044367579403456],[9.573314710347487,51.043473638381805],[9.573189827784814,51.04257825057778],[9.573088525585375,51.04168163214246],[9.57301092702037,51.04078406118697],[9.572957067806515,51.03988565443686],[9.572927027174446,51.03898716660594],[9.572956176187837,51.03674022360363],[9.573030657055897,51.03579641884119]]},"properties":{"name":"Sengeberg-Tunnel","laenge":2807,"streckennummer":"1733","bundesland":"Hessen"}},{"type":"Feature","geometry":{"type":"LineString","coordinates":[[9.576736021133685,51.01327742826688],[9.576894455123803,51.01215052245086],[9.576995076678536,51.01125388893978],[9.57707552217453,51.010356433572724],[9.577135546289048,51.009458386825735],[9.577175223003735,51.008559874212395],[9.57719457598449,51.00766098552847],[9.577193563524036,51.00676228280521],[9.577102104872303,51.00451595836557],[9.576883472395652,51.0022731471038],[9.576760561706838,51.001377774145986],[9.57661734595823,51.00048334621211],[9.576453953745473,50.999590374969095],[9.576270351813607,50.99869895939455],[9.57606660091113,50.997809333099035],[9.575842754028821,50.99692163474141],[9.575597470831724,50.9960362393688],[9.57533504981439,50.99515278857158],[9.574770379698503,50.99339069237476],[9.573027420856095,50.988026729831596]]},"properties":{"name":"Schalkenberg-Tunnel","laenge":2835,"streckennummer":"1733","bundesland":"Hessen"}},{"type":"Feature","geometry":{"type":"LineString","coordinates":[[9.572369585166458,50.98600145437692],[9.571337486888593,50.98282400737968],[9.570777578703952,50.98106133499081],[9.570520518432714,50.98017724291766],[9.570281491849565,50.97929114737005],[9.57006357805014,50.97840283116174],[9.569865804855594,50.977512649728226],[9.569688245021661,50.97662082304596],[9.569530877591875,50.97572747715351],[9.569393639994354,50.97483282817265],[9.569276689776796,50.97393704619548],[9.569180048782526,50.97304026600995],[9.569103739728828,50.972142694301674],[9.569047746658933,50.971244286240854],[9.569012141916085,50.970345814561064],[9.569027047903543,50.967649432111656],[9.569225042811482,50.96495591735607],[9.569331573476262,50.964059758211214],[9.5694583925035,50.96316427737142],[9.569606726069916,50.96227031825093],[9.569772441032564,50.96137754588014],[9.570144635446328,50.95959528858274],[9.574722512243074,50.93813346180118]]},"properties":{"name":"Hainrode-Tunnel","laenge":5370,"streckennummer":"1733","bundesland":"Hessen"}},{"type":"Feature","geometry":{"type":"LineString","coordinates":[[9.57609519607166,50.93171086501895],[9.576229687188299,50.93108904930036],[9.576440179486127,50.93020006382165],[9.576667170054916,50.92931273116644],[9.576915879193228,50.92842771309039],[9.577184399640814,50.92754500091197],[9.577474542124072,50.92666503498706],[9.577780295039688,50.925787143775764],[9.579713690131745,50.920534112820526],[9.58034054359959,50.91878058095235],[9.580986799376193,50.9167798005518]]},"properties":{"name":"Mühlbach-Tunnel","laenge":1697,"streckennummer":"1733","bundesland":"Hessen"}},{"type":"Feature","geometry":{"type":"LineString","coordinates":[[9.581206201322832,50.91604673922857],[9.581432578097136,50.91525217999801],[9.581894497882953,50.91347824559153],[9.581957757399287,50.91320086056598]]},"properties":{"name":"Schmitteberg-Tunnel","laenge":321,"streckennummer":"1733","bundesland":"Hessen"}},{"type":"Feature","geometry":{"type":"LineString","coordinates":[[9.583442485599598,50.90435387702353],[9.58465463112304,50.895009924006835]]},"properties":{"name":"Kalter-Sand-Tunnel","laenge":1043,"streckennummer":"1733","bundesland":"Hessen"}},{"type":"Feature","geometry":{"type":"LineString","coordinates":[[9.585036868926393,50.892062495781765],[9.586798846495244,50.8784720466295]]},"properties":{"name":"Schickeberg-Tunnel","laenge":1517,"streckennummer":"1733","bundesland":"Hessen"}},{"type":"Feature","geometry":{"type":"LineString","coordinates":[[9.588360177741304,50.86642245751606],[9.58933279158572,50.85891497103084]]},"properties":{"name":"Krämerskuppe-Tunnel","laenge":838,"streckennummer":"1733","bundesland":"Hessen"}},{"type":"Feature","geometry":{"type":"LineString","coordinates":[[9.591564751431024,50.84965380993257],[9.592271460659545,50.84732465359253],[9.59252561585906,50.846440329464684],[9.592758163110945,50.84555357502406],[9.592967110472227,50.84466452638104],[9.5931467759023,50.84377285749431],[9.593298850621446,50.84287913071289],[9.59342327653113,50.841983679045015],[9.593519931606389,50.841086831310314],[9.593588802192986,50.840189064080604],[9.593629814721726,50.83929060700832],[9.59364295911249,50.83839165794052],[9.593628202775498,50.83749287776658],[9.593554076045677,50.83614541243137],[9.593417370364719,50.83479991032888],[9.593291581521248,50.83390466114087],[9.593138052225866,50.833010955154286],[9.592956855901697,50.8321194211391],[9.592748096532688,50.831230301151926],[9.592511971361848,50.830343917660194],[9.592248493607153,50.829460634500336],[9.59195616843303,50.828581097320615],[9.591640022805313,50.827704826437476],[9.591301371661377,50.826831886905644],[9.588110184535022,50.81899834919893],[9.587765339583372,50.818126355469666],[9.587436788408136,50.817251923306564],[9.587134729246559,50.81637365757776],[9.58697938670738,50.815878394709955]]},"properties":{"name":"Kirchheim-Tunnel","laenge":3820,"streckennummer":"1733","bundesland":"Hessen"}},{"type":"Feature","geometry":{"type":"LineString","coordinates":[[9.585617501759268,50.806972674927124],[9.58561785211099,50.806551818887776],[9.58567116008864,50.80520398025861],[9.585787066332841,50.803857718959456],[9.585895812144829,50.80298672042685]]},"properties":{"name":"Hattenbergtunnel","laenge":444,"streckennummer":"1733","bundesland":"Hessen"}},{"type":"Feature","geometry":{"type":"LineString","coordinates":[[9.587241780217674,50.797364736843484],[9.587454253271748,50.79675183583375],[9.587785662929493,50.79587784894166],[9.588144026990193,50.79500815219079],[9.588529192337859,50.79414308770026],[9.588941005555094,50.79328297060648],[9.589380350950771,50.79242830405292],[9.589843946809797,50.79157874925819],[9.59065997387999,50.790186744255486]]},"properties":{"name":"Warteküppeltunnel","laenge":835,"streckennummer":"1733","bundesland":"Hessen"}},{"type":"Feature","geometry":{"type":"LineString","coordinates":[[9.602748915095475,50.77030926424766],[9.604097058949346,50.76808770240088],[9.604593979390167,50.76724580003327],[9.605073886658104,50.7664000463879],[9.605527172755732,50.76554835662209],[9.60595520923411,50.764691470032915],[9.606356096603589,50.76382927542559],[9.606730182365261,50.76296223422435],[9.607077316771116,50.76209071603262],[9.607397427241851,50.76121502710912],[9.607690485140042,50.76033558133854],[9.607956297132336,50.759452658605724],[9.608194755587437,50.758566587772634],[9.60840578159176,50.75767772450162],[9.608589331155782,50.756786383801725],[9.60874521918555,50.755892926347265],[9.608873409517436,50.75499772100551],[9.608973865241937,50.754101078196925],[9.609046706085307,50.753203365935235],[9.609091761064551,50.752304935755035],[9.609108616995798,50.75140603705965],[9.609098473155054,50.75050723891699],[9.609027702558741,50.74915977232447],[9.608914392572599,50.747813291809315],[9.608184843990804,50.740636919335266],[9.608083340255062,50.7393332209814]]},"properties":{"name":"Richthoftunnel","laenge":3510,"streckennummer":"1733","bundesland":"Hessen"}},{"type":"Feature","geometry":{"type":"LineString","coordinates":[[9.609140713019016,50.729297457062785],[9.610352493915151,50.724349976731695]]},"properties":{"name":"Dornbuschtunnel","laenge":557,"streckennummer":"1733","bundesland":"Hessen"}},{"type":"Feature","geometry":{"type":"LineString","coordinates":[[9.614869596656954,50.70592850518175],[9.616602344133282,50.698858297506554]]},"properties":{"name":"Witzelshöhetunnel","laenge":796,"streckennummer":"1733","bundesland":"Hessen"}},{"type":"Feature","geometry":{"type":"LineString","coordinates":[[9.617699209410755,50.69438166804858],[9.619010792417118,50.68902743841935],[9.619462481851768,50.68725270552505],[9.619714348477016,50.68636810559851],[9.61991380460996,50.685722430894835]]},"properties":{"name":"Eichbergtunnel","laenge":976,"streckennummer":"1733","bundesland":"Hessen"}},{"type":"Feature","geometry":{"type":"LineString","coordinates":[[9.633829398834878,50.665210518250085],[9.634853177469576,50.66430785247081],[9.635702812492275,50.66358922665351],[9.636571172061592,50.66287972442217],[9.637131785313455,50.66243710178602]]},"properties":{"name":"Ganzbergtunnel","laenge":387,"streckennummer":"1733","bundesland":"Hessen"}},{"type":"Feature","geometry":{"type":"LineString","coordinates":[[9.668250226389517,50.642700747788666],[9.669370235673435,50.64183404891406],[9.670248877848033,50.64112984335275],[9.671111619787206,50.64041780279692],[9.671958264663825,50.63969798267074],[9.672788637399103,50.63897047423041],[9.673602529153186,50.63823547680108],[9.67439978079315,50.637493202903386],[9.67518026695093,50.63674375248972],[9.675943799781113,50.63598730228297],[9.67669024036456,50.63522398826617],[9.677419470950596,50.6344539418008],[9.678131303992854,50.63367735308254],[9.678825572470599,50.63289436274168],[9.67950218025639,50.63210512447557],[9.680160989113302,50.63130981020092],[9.680801839638262,50.630508591953536],[9.681424558719623,50.629701668813624],[9.682029049966348,50.62888916749059],[9.682615316261677,50.62807123657964],[9.683183120598004,50.627248048548765],[9.683732325641579,50.62641982471987],[9.684262806720074,50.62558668295371],[9.684774488579416,50.62474873631887],[9.68526729775223,50.623906219225965],[9.685741224579692,50.62305937918657],[9.686196059443319,50.6222083165527],[9.686631643321451,50.62135320778404],[9.687047944189445,50.62049421509956],[9.687445007226518,50.61963146429498],[9.687822625136796,50.618765208502204],[9.688180717421186,50.61789567312815],[9.688519202025443,50.61702297570455],[9.688838025431764,50.616147251564705],[9.689137121192479,50.61526871701622],[9.689416506459983,50.61438750695567],[9.6896760796275,50.61350384686935],[9.689915767624385,50.612617980044995],[9.690135615631789,50.611730023204764],[9.690333930075674,50.610840022462284],[9.690515764279677,50.60994856375321],[9.693740193183675,50.5920876182118],[9.694044973497455,50.59030020730509],[9.694146045190994,50.58940363397326],[9.694190961492986,50.58850521528078],[9.694179500006088,50.587606413450786],[9.69415259944954,50.587157287048065],[9.69411154978675,50.5867085865793],[9.693987051551284,50.58581324519798],[9.693806579221585,50.584921752147494],[9.693695472340996,50.58447789182478],[9.6935704250504,50.58403552580786],[9.693431426252593,50.583594833913054],[9.693112039232224,50.58271927409898],[9.692931790807494,50.58228474235036],[9.692530536525235,50.581422977340225],[9.692075649012313,50.58057202970847],[9.691826356860677,50.58014923937063]]},"properties":{"name":"Dietershantunnel","laenge":7375,"streckennummer":"1733","bundesland":"Hessen"}},{"type":"Feature","geometry":{"type":"LineString","coordinates":[[9.690187815908113,50.57762360099439],[9.688265919599768,50.5747057537682]]},"properties":{"name":"KRBW Nord  Str. 3600","laenge":352,"streckennummer":"1733","bundesland":"Hessen"}},{"type":"Feature","geometry":{"type":"LineString","coordinates":[[9.662750634719353,50.49585194992293],[9.662467245351307,50.49538324940736],[9.661982155261079,50.49453927454933],[9.661519215093696,50.493690231701144],[9.661078554275825,50.492836381092154],[9.660660202934968,50.49197793855607],[9.660264374922512,50.49111515932548],[9.659891165159062,50.49024836222638],[9.659687523269971,50.48974249111186]]},"properties":{"name":"Sulzhof-Tunnel","laenge":714,"streckennummer":"1733","bundesland":"Hessen"}},{"type":"Feature","geometry":{"type":"LineString","coordinates":[[9.657581204975857,50.44900663051032],[9.658206826938377,50.44371786518627],[9.658367835058861,50.44225642688008]]},"properties":{"name":"Hartbergtunnel","laenge":753,"streckennummer":"1733","bundesland":"Hessen"}},{"type":"Feature","geometry":{"type":"LineString","coordinates":[[9.658479442859855,50.43621924228699],[9.658474013900276,50.436084230330785],[9.658237048427102,50.43384209756522],[9.658101386370973,50.43294752515965],[9.657942347455068,50.43205416354205],[9.657760133944373,50.431162802586584],[9.657554670653296,50.43027351003669],[9.657325990368593,50.42938652831429],[9.657074301705647,50.42850209433908],[9.656797958032957,50.4276206218127],[9.656502639360939,50.42674162000497],[9.655800025946707,50.42479747124167]]},"properties":{"name":"Kalbachtunnel","laenge":1287,"streckennummer":"1733","bundesland":"Hessen"}},{"type":"Feature","geometry":{"type":"LineString","coordinates":[[9.653852520563703,50.41947550412218],[9.653311387948586,50.417986384377585],[9.653009244333902,50.41710836373609],[9.652722848275356,50.41622823105023],[9.652457860388063,50.415345361330836],[9.652212562096192,50.414460195879066],[9.651987116279138,50.41357289122727],[9.651744576534886,50.41250607260354]]},"properties":{"name":"Bornhecketunnel","laenge":790,"streckennummer":"1733","bundesland":"Hessen"}},{"type":"Feature","geometry":{"type":"LineString","coordinates":[[9.650891058289801,50.40619490441009],[9.650856167765529,50.405520244428594],[9.650826554560021,50.40192464322995],[9.650918231480667,50.398329039603425],[9.651169397645956,50.384845580350536],[9.651213987800142,50.383047893206566],[9.6513077959163,50.381251116396946],[9.651387070734115,50.38035362964615],[9.651485337677062,50.379456750957445],[9.651605711590603,50.378561132573715],[9.65174083973218,50.37766633918403],[9.65203623225496,50.375878395014304],[9.663032813552704,50.30969590999093]]},"properties":{"name":"Landrückentunnel","laenge":10779,"streckennummer":"1733","bundesland":"Hessen"}},{"type":"Feature","geometry":{"type":"LineString","coordinates":[[9.663492685822652,50.30345078291097],[9.663453838220121,50.302098596022155],[9.663228084886676,50.29985600898087],[9.66309287145857,50.29896148304782],[9.662931977449071,50.298068232524436],[9.662745689242731,50.29717714863287],[9.662533919276981,50.29628841221977],[9.662296114245619,50.29540250278264],[9.662034407534959,50.294519336089294],[9.66174750226969,50.293639413827904],[9.661445269711965,50.2927615423642],[9.658643842749521,50.28487665886369]]},"properties":{"name":"Schwarzenfelstunnel","laenge":2100,"streckennummer":"1733","bundesland":"Hessen"}},{"type":"Feature","geometry":{"type":"LineString","coordinates":[[9.648422957728748,50.25693177455595],[9.647947216041311,50.25595437289284],[9.647441767850937,50.25497265150045],[9.646915966208098,50.254004850135246],[9.646365668202037,50.253042666651446],[9.645791018722695,50.25208635162726],[9.64519217675983,50.25113616454032],[9.644563728615903,50.2501841068077],[9.643928325429572,50.24926336560561],[9.643023385421403,50.248016334759505],[9.642053336267843,50.24675160884454],[9.634856392911214,50.237692897963036]]},"properties":{"name":"Tunnel Altengronau","laenge":2353,"streckennummer":"1733","bundesland":"Hessen"}},{"type":"Feature","geometry":{"type":"LineString","coordinates":[[9.634149865147178,50.23680384371093],[9.632526849899731,50.23476139369969]]},"properties":{"name":"Tunnel Roßbach","laenge":255,"streckennummer":"1733","bundesland":"Hessen"}},{"type":"Feature","geometry":{"type":"LineString","coordinates":[[9.624566148941291,50.22239936169552],[9.624173736025147,50.221509214032544],[9.623804843077574,50.220614019211],[9.623459957204267,50.219714895816],[9.623136184763963,50.21880332783771],[9.622837088598983,50.2178882910797],[9.622567798381263,50.2169877567105],[9.62232240533873,50.21608441440866],[9.622098977389545,50.215169855880546]]},"properties":{"name":"Tunnel Dittenbrunn","laenge":824,"streckennummer":"1733","bundesland":"Bayern"}},{"type":"Feature","geometry":{"type":"LineString","coordinates":[[9.657949934480902,50.142991505622945],[9.658688916683237,50.13631992770367]]},"properties":{"name":"Burgsinntunnel","laenge":744,"streckennummer":"1733","bundesland":"Bayern"}},{"type":"Feature","geometry":{"type":"LineString","coordinates":[[9.666819188847207,50.10948980547044],[9.668475021699155,50.105997154161976],[9.668882705939344,50.10509313188829],[9.669263515851014,50.104200137099035],[9.66969813411207,50.10311171008831],[9.670093091658734,50.10204475489524],[9.670464810994998,50.10095593732715],[9.670803825273337,50.09987187920437],[9.671127481019312,50.098731009016376],[9.671424744392072,50.097559848690565],[9.671685740248435,50.096394197303475],[9.671911155920105,50.095234541098414],[9.672101685201703,50.09408133477696],[9.672262397352057,50.09289918087209],[9.672383790042495,50.091765353199584],[9.67248663558259,50.090498078664915]]},"properties":{"name":"Sinnbergtunnel","laenge":2159,"streckennummer":"1733","bundesland":"Bayern"}},{"type":"Feature","geometry":{"type":"LineString","coordinates":[[9.673512188045208,50.07505878598277],[9.673629833588693,50.071888245051944],[9.673808543436305,50.06467733499111]]},"properties":{"name":"Einmalbergtunnel","laenge":1155,"streckennummer":"1733","bundesland":"Bayern"}},{"type":"Feature","geometry":{"type":"LineString","coordinates":[[9.674092193900677,50.05313547993459],[9.6744870938315,50.037079318461664],[9.674526263889916,50.03592886506002],[9.674580037703086,50.03496057274851],[9.674657100096638,50.03399091752416],[9.674757369446795,50.03302214294315],[9.674878321062222,50.03207238399153],[9.675025951930882,50.03109709373025],[9.67519209776074,50.030150177192084],[9.67538612763369,50.029178266047204],[9.675597307373215,50.028235082522485],[9.675832926451164,50.027285192916864],[9.676116306662363,50.02624932212287],[9.676426500071972,50.02521664296415],[9.676763418424859,50.024187447933045],[9.677130192526656,50.023153271924606],[9.677520491507309,50.022131934887824],[9.677940882199186,50.02110627125707],[9.678384118066417,50.02009394002519],[9.678853525946128,50.019086524310815],[9.679449418094348,50.01788791457045],[9.680130745807205,50.01660455460718],[9.686740582056169,50.00458042795533]]},"properties":{"name":"Mühlbergtunnel","laenge":5528,"streckennummer":"1733","bundesland":"Bayern"}},{"type":"Feature","geometry":{"type":"LineString","coordinates":[[9.744011010906835,49.91803587113051],[9.747784936701313,49.91539125141529]]},"properties":{"name":"Hanfgartentunnel","laenge":400,"streckennummer":"1733","bundesland":"Bayern"}},{"type":"Feature","geometry":{"type":"LineString","coordinates":[[9.750737745852732,49.91332175159208],[9.758962770124983,49.90755585115699]]},"properties":{"name":"Hohe Wart - Tunnel  km 308.760 - 309.632","laenge":872,"streckennummer":"1733","bundesland":"Bayern"}},{"type":"Feature","geometry":{"type":"LineString","coordinates":[[9.804697461030486,49.87289268469606],[9.808392665031192,49.87005378586298],[9.809718685685583,49.869016776634275],[9.81129110882847,49.86773866060614],[9.812820817940707,49.86643909167871],[9.81386583503811,49.86551695172364],[9.814974118534654,49.86450672832088],[9.823242186965643,49.85678811720657]]},"properties":{"name":"- Espenloh-Tunnel -  km 314,701 - 316,936","laenge":2235,"streckennummer":"1733","bundesland":"Bayern"}},{"type":"Feature","geometry":{"type":"LineString","coordinates":[[9.824271018719713,49.855827119587964],[9.826738757532308,49.85352576410423],[9.828227873485258,49.852176952846975],[9.829041466102483,49.851461582697546],[9.830032112475722,49.85061003554974],[9.831717571701567,49.84920783607832],[9.833445419129283,49.84782740537518],[9.834325035123975,49.84714552375789],[9.835394221034704,49.846334720664245],[9.836833212874447,49.84527312694984],[9.84041698992569,49.8426807943807]]},"properties":{"name":"Eichelberg-Tunnel","laenge":1869,"streckennummer":"1733","bundesland":"Bayern"}},{"type":"Feature","geometry":{"type":"LineString","coordinates":[[9.841955704941315,49.841568486548844],[9.843200876369666,49.84067739452115],[9.844161205609392,49.84000785487787],[9.845114078068523,49.83936223671938],[9.846243487318754,49.8386201400962],[9.847226515123147,49.83799373582358],[9.848390574157596,49.837274403731826],[9.849572827353859,49.83656760801922],[9.850772958614048,49.83587354825273],[9.851640964908993,49.8353856857475],[9.852694215408338,49.83480905374994],[9.853725226811658,49.83426035765228],[9.854697524015991,49.833756742909344],[9.856309119788323,49.83294659280873],[9.862202151144931,49.830030117563545]]},"properties":{"name":"Neubergtunnel","laenge":1945,"streckennummer":"1733","bundesland":"Bayern"}},{"type":"Feature","geometry":{"type":"LineString","coordinates":[[9.879639735226121,49.82139801985283],[9.881715686102858,49.820359567816325],[9.883719508135663,49.81932383773379],[9.885696093348269,49.81826645988625],[9.887644890684884,49.817187741069645],[9.888715339146103,49.81657933999907],[9.889963261305109,49.81585604691508],[9.902300467739325,49.80862525376464]]},"properties":{"name":"Roßbergtunnel","laenge":2164,"streckennummer":"1733","bundesland":"Bayern"}},{"type":"Feature","geometry":{"type":"LineString","coordinates":[[9.904971520420384,49.80714543279045],[9.905841008434786,49.80673397799293],[9.90667273347457,49.80637760021112],[9.907528249318302,49.80604565173391],[9.908405846575903,49.805738797283446],[9.909303759616316,49.805457657107056],[9.910220207891575,49.805202788676375],[9.911153340617698,49.80497470061214],[9.91209618724936,49.80477486279722]]},"properties":{"name":"Steinbergtunnel","laenge":579,"streckennummer":"1733","bundesland":"Bayern"}},{"type":"Feature","geometry":{"type":"LineString","coordinates":[[8.98297368754032,51.77121223246684],[8.981983797941739,51.77091061759135],[8.980694014405449,51.770552321838274],[8.980116431743006,51.770409721313754],[8.97975420115875,51.770329510171656],[8.978942428536634,51.77017776535278],[8.978281393675903,51.77007758165998],[8.977980037313156,51.77003912374767],[8.977187052361531,51.76995950569913],[8.976473274233404,51.769912635281315],[8.975766381743844,51.769888348062736],[8.97501057793112,51.76988780572684],[8.959713030528585,51.7700569278149]]},"properties":{"name":"Rehberg Tunnel","laenge":1632,"streckennummer":"1760","bundesland":"Nordrhein-Westfalen"}},{"type":"Feature","geometry":{"type":"LineString","coordinates":[[10.643110777469378,51.580715652443935],[10.643575525511284,51.58077904106305],[10.646887206069922,51.58127241376671]]},"properties":{"name":"Walkenrieder Tunnel","laenge":269,"streckennummer":"1810","bundesland":"Niedersachsen"}},{"type":"Feature","geometry":{"type":"LineString","coordinates":[[9.949879897506634,51.8438751597903],[9.949827464124064,51.84406877736576],[9.949773635144687,51.84451674738378],[9.949795567298896,51.84496503975632],[9.949861674517033,51.84541275032801],[9.949924929946537,51.84570914862767]]},"properties":{"name":"Ippenser Tunnel","laenge":205,"streckennummer":"1940","bundesland":"Niedersachsen"}},{"type":"Feature","geometry":{"type":"LineString","coordinates":[[9.9113420850385,51.87305193255479],[9.910113159158582,51.87317560422517],[9.908675965197384,51.87327336697468],[9.900045669338063,51.87397772908415],[9.89861448738914,51.8740794069231]]},"properties":{"name":"Naensener Tunnel","laenge":884,"streckennummer":"1940","bundesland":"Niedersachsen"}},{"type":"Feature","geometry":{"type":"LineString","coordinates":[[7.56932709983201,51.47576861406143],[7.572633334358008,51.47052618353272],[7.572885310640824,51.47010496194378],[7.573160505970748,51.469689914456374],[7.573469118478803,51.469283753732256],[7.573599438788841,51.46914487290417]]},"properties":{"name":"Schwerter Tunnel","laenge":795,"streckennummer":"2113","bundesland":"Nordrhein-Westfalen"}},{"type":"Feature","geometry":{"type":"LineString","coordinates":[[7.336642973704082,51.47564950159967],[7.336797966005169,51.47599514988152],[7.3369600867068385,51.476432952036255],[7.337090551483143,51.47687483560937],[7.337711137048852,51.479542945180995],[7.337834303077235,51.479985650058275],[7.338059502954233,51.48064520089457]]},"properties":{"name":"Tunnel Oberstraße","laenge":565,"streckennummer":"2125","bundesland":"Nordrhein-Westfalen"}},{"type":"Feature","geometry":{"type":"LineString","coordinates":[[7.299587648477724,51.30987976522647],[7.299692582026544,51.30950225028143],[7.302662333999861,51.301700877098384]]},"properties":{"name":"Linderhauser Tunnel","laenge":935,"streckennummer":"2143","bundesland":"Nordrhein-Westfalen"}},{"type":"Feature","geometry":{"type":"LineString","coordinates":[[7.299855537254124,51.29148880968063],[7.299420261896863,51.291327202924506],[7.298771523111214,51.29113599823099],[7.298093989113461,51.29099031167019],[7.297480379228307,51.29090868959361]]},"properties":{"name":"Präsident-Hoeft-Tunnel","laenge":179,"streckennummer":"2143","bundesland":"Nordrhein-Westfalen"}},{"type":"Feature","geometry":{"type":"LineString","coordinates":[[7.02304716302818,51.41939592097373],[7.023178586993485,51.41991805788561],[7.023259103304382,51.42045473676427],[7.023283890896004,51.42086980950593],[7.023274764833854,51.42161048003917]]},"properties":{"name":"Stadtwald - Tunnel","laenge":247,"streckennummer":"2161","bundesland":"Nordrhein-Westfalen"}},{"type":"Feature","geometry":{"type":"LineString","coordinates":[[7.415495554849815,51.49036444480501],[7.415980213095245,51.49073138530194],[7.4163896535647975,51.49110092210843],[7.41675059156131,51.491489299937726],[7.416935253003583,51.49171373821833]]},"properties":{"name":"Unitunnel","laenge":181,"streckennummer":"2190","bundesland":"Nordrhein-Westfalen"}},{"type":"Feature","geometry":{"type":"LineString","coordinates":[[7.418294834283797,51.49351860343386],[7.418557075576327,51.49393719426309],[7.418779166727664,51.49436417100549],[7.418940199232387,51.49480210893915],[7.419060248157302,51.495244905675015],[7.419238694575839,51.49613655799019],[7.41936376517897,51.497032295339324],[7.419772057881172,51.49953478559459]]},"properties":{"name":"Unitunnel","laenge":680,"streckennummer":"2190","bundesland":"Nordrhein-Westfalen"}},{"type":"Feature","geometry":{"type":"LineString","coordinates":[[7.420103218157992,51.50156392798701],[7.4201630737636535,51.5019304224088]]},"properties":{"name":"Unitunnel","laenge":41,"streckennummer":"2190","bundesland":"Nordrhein-Westfalen"}},{"type":"Feature","geometry":{"type":"LineString","coordinates":[[7.4223487003145605,51.50767433965542],[7.4226687222532295,51.50797501927428],[7.423122508084192,51.50832381348003],[7.42331010748183,51.50844591791872]]},"properties":{"name":"Südl. Fahrtunnel","laenge":109,"streckennummer":"2190","bundesland":"Nordrhein-Westfalen"}},{"type":"Feature","geometry":{"type":"LineString","coordinates":[[7.425810446266462,51.50954376148867],[7.4259288340779275,51.50957665374351]]},"properties":{"name":"Nördl. Fahrtunnel","laenge":9,"streckennummer":"2190","bundesland":"Nordrhein-Westfalen"}},{"type":"Feature","geometry":{"type":"LineString","coordinates":[[7.873026012385312,52.18950931144076],[7.873571963525497,52.18989586369739],[7.876005357641599,52.1915419518939],[7.876505557321006,52.191900437612176],[7.878062150377199,52.19296598817683],[7.878467967212991,52.19323282180146],[7.8787210489642465,52.19338192174011]]},"properties":{"name":"Lengericher Tunnel","laenge":581,"streckennummer":"2200","bundesland":"Nordrhein-Westfalen"}},{"type":"Feature","geometry":{"type":"LineString","coordinates":[[7.33415223494245,51.49982477445863],[7.33420642903083,51.499426960962204],[7.334244912154439,51.499249928811686],[7.334293223236098,51.49906126953215],[7.334383095804773,51.498817935683356],[7.334600031531897,51.498396462551995],[7.3347648334124464,51.498156884000636],[7.334910422921532,51.49797735360245],[7.335089248584943,51.497781458222654],[7.335289977270446,51.49759920416913],[7.335732763391912,51.49724512889381],[7.336240971577879,51.4969271360537],[7.336803755558223,51.4966472598628],[7.337416675199427,51.49641197165466],[7.338068431441265,51.49622173530626],[7.338752264383298,51.496082099564795],[7.339457189317717,51.49599501180871],[7.340174296347516,51.495955064508294],[7.340893707386302,51.495958324341125],[7.344482436613742,51.49613670562135],[7.3452010990588885,51.4961611156244],[7.345920542357091,51.49617550943597],[7.34736011378462,51.496164085437385],[7.348406571349659,51.49612252129948]]},"properties":{"name":"","laenge":1236,"streckennummer":"2213","bundesland":"Nordrhein-Westfalen"}},{"type":"Feature","geometry":{"type":"LineString","coordinates":[[7.179428907492303,51.39744795982857],[7.180234265386908,51.3971417400523],[7.1809391246488,51.396857395097676]]},"properties":{"name":"","laenge":124,"streckennummer":"2292","bundesland":"Nordrhein-Westfalen"}},{"type":"Feature","geometry":{"type":"LineString","coordinates":[[6.851403235450125,51.484394655965964],[6.851482218071527,51.484463336400545],[6.851764186304623,51.48477675667331],[6.851852816657432,51.48489116418939],[6.85195699727353,51.48505694680683]]},"properties":{"name":"","laenge":83,"streckennummer":"2321","bundesland":"Nordrhein-Westfalen"}},{"type":"Feature","geometry":{"type":"LineString","coordinates":[[6.851650386036027,51.48464903452733],[6.851852816657432,51.48489116418939],[6.852029441320827,51.485185784905276],[6.852116633655075,51.4853848872443]]},"properties":{"name":"","laenge":88,"streckennummer":"2321","bundesland":"Nordrhein-Westfalen"}},{"type":"Feature","geometry":{"type":"LineString","coordinates":[[6.822621951163354,51.2593828006181],[6.823014495171108,51.25888192838192],[6.823269041945383,51.25852489280196],[6.823531583587313,51.258106792686974],[6.823760485716668,51.25768098246384],[6.823955175974113,51.2572485259826],[6.824132718689656,51.256755409783864],[6.824253211763316,51.25631243519019],[6.824338267018661,51.25586623511891],[6.8243834575841795,51.255474038376896],[6.824400399036605,51.25513715319597],[6.824397197557578,51.25480010935202],[6.824373860169206,51.25446337444886],[6.824339242538607,51.25418275647617],[6.824278504824407,51.253824074028856],[6.824028405639442,51.25265352933372],[6.823944293848568,51.25219665512588],[6.823883270900432,51.25170894297868],[6.823854394031943,51.25120152908899],[6.823867728144734,51.2505669412162],[6.823926659647578,51.249996948946574],[6.824030264521883,51.24942779615307],[6.824178588320167,51.2488612141457],[6.824324500605527,51.24842410565176],[6.824470680071829,51.248052453438845],[6.824636172470997,51.24768400532968],[6.824826905602765,51.24730605171088],[6.828039631016916,51.241546795285714]]},"properties":{"name":"Staufenplatztunnel","laenge":2053,"streckennummer":"2324","bundesland":"Nordrhein-Westfalen"}},{"type":"Feature","geometry":{"type":"LineString","coordinates":[[6.905102487524225,51.34555666066044],[6.905630761808717,51.34558569961819],[6.906168198301335,51.34560314614713],[6.906792000827708,51.345608118482986],[6.907485672387184,51.34559233317534],[6.908090861371348,51.345560009252274],[6.908607271107015,51.34551859978562],[6.909186448756617,51.34545660712743],[6.909741486621067,51.34538121397608]]},"properties":{"name":"Höseler Tunnel","laenge":326,"streckennummer":"2400","bundesland":"Nordrhein-Westfalen"}},{"type":"Feature","geometry":{"type":"LineString","coordinates":[[7.449529558934081,51.42866757096787],[7.449250140256116,51.42899170353718],[7.448838485850865,51.42935930783033],[7.448383915451021,51.42970715567316],[7.447449142338757,51.430389917566536],[7.446481277414085,51.431054961189425],[7.444577144627396,51.43240173195924],[7.443575547415766,51.433050982498344],[7.442690362473769,51.43375786683186],[7.442322180033848,51.43414110491063],[7.442045668531161,51.43455640128826],[7.441887349970009,51.4349944413219],[7.4418613571652905,51.435468515353925]]},"properties":{"name":"Ender Tunnel","laenge":944,"streckennummer":"2423","bundesland":"Nordrhein-Westfalen"}},{"type":"Feature","geometry":{"type":"LineString","coordinates":[[8.058741056565568,51.40361133422624],[8.058919599356292,51.40362296986695],[8.05961828244022,51.403724927969705],[8.060301643454608,51.40386293824387],[8.061655237381002,51.404164149151526],[8.062503459986198,51.40437437392779]]},"properties":{"name":"Schloßbergtunnel","laenge":276,"streckennummer":"2550","bundesland":"Nordrhein-Westfalen"}},{"type":"Feature","geometry":{"type":"LineString","coordinates":[[8.154098510103033,51.392292958681644],[8.155915668382555,51.391722940489565],[8.156546312640993,51.39150854751014],[8.157157118450012,51.39127062026661],[8.157736907336348,51.391005263128676],[8.158274133926787,51.39070587696321],[8.158764583582245,51.39037664327008],[8.159203795931374,51.390021067660605],[8.159589053326476,51.389641657022175],[8.159921626425525,51.3892432029111],[8.160194193848783,51.38882742409115],[8.160404121753048,51.38839779867786],[8.160529544534608,51.388019719765346]]},"properties":{"name":"Glösinger Tunnel","laenge":685,"streckennummer":"2550","bundesland":"Nordrhein-Westfalen"}},{"type":"Feature","geometry":{"type":"LineString","coordinates":[[8.16638241160715,51.377373377586274],[8.166520187949112,51.377181752654316],[8.166738095724789,51.37675369973091],[8.166870655264079,51.37631274375608],[8.166945766912077,51.37586604485243],[8.167059207118411,51.37497013844414],[8.16712498337793,51.37407186191653],[8.167369153219035,51.37159238440845]]},"properties":{"name":"Freienohler Tunnel","laenge":650,"streckennummer":"2550","bundesland":"Nordrhein-Westfalen"}},{"type":"Feature","geometry":{"type":"LineString","coordinates":[[8.461826845146222,51.361884058111826],[8.462083424011812,51.36177177559781],[8.462712439068104,51.36155566550996],[8.4633767356787,51.36138595005187],[8.46406998001964,51.361263570463095],[8.464774529520035,51.361188454780105],[8.46513493771351,51.361183308823676]]},"properties":{"name":"Schellensteintunnel  TA km 232,278 TE km 232,525","laenge":247,"streckennummer":"2550","bundesland":"Nordrhein-Westfalen"}},{"type":"Feature","geometry":{"type":"LineString","coordinates":[[8.55555793519649,51.34196604137078],[8.55578228314004,51.34199940767626],[8.556459180110581,51.34214700851999],[8.55978093969302,51.34299764543513],[8.570420065236965,51.345700960613115],[8.571088493815646,51.345864831657806],[8.571749892157504,51.346038956043024],[8.572403480777517,51.34622539390033],[8.573030729106497,51.346441317865875],[8.573609310866212,51.346706210694656],[8.573903621114464,51.34687234856313]]},"properties":{"name":"Elleringhauser Tunnel","laenge":1393,"streckennummer":"2550","bundesland":"Nordrhein-Westfalen"}},{"type":"Feature","geometry":{"type":"LineString","coordinates":[[8.656410942878855,51.38743651090233],[8.660147509978142,51.38909598108628]]},"properties":{"name":"Messinghauser Tunnel","laenge":319,"streckennummer":"2550","bundesland":"Nordrhein-Westfalen"}},{"type":"Feature","geometry":{"type":"LineString","coordinates":[[8.706722364639424,51.40132569626343],[8.707252706875085,51.40198516283287],[8.708298575844049,51.40321365426952]]},"properties":{"name":"Beringhauser Tunnel","laenge":237,"streckennummer":"2550","bundesland":"Nordrhein-Westfalen"}},{"type":"Feature","geometry":{"type":"LineString","coordinates":[[6.029285513162811,50.755740474458314],[6.02144410517,50.75342866200302]]},"properties":{"name":"Gemmenicher Tunnel","laenge":620,"streckennummer":"2552","bundesland":"Nordrhein-Westfalen"}},{"type":"Feature","geometry":{"type":"LineString","coordinates":[[6.246911402117505,50.813961557227785],[6.246216261884211,50.813906726505024],[6.245576894135815,50.813832046622686]]},"properties":{"name":"Ichenberger-Tunnel  l=95m","laenge":95,"streckennummer":"2600","bundesland":"Nordrhein-Westfalen"}},{"type":"Feature","geometry":{"type":"LineString","coordinates":[[6.173374861414934,50.788016314766026],[6.171638563542457,50.787788911489606]]},"properties":{"name":"Nirmer Tunnel","laenge":125,"streckennummer":"2600","bundesland":"Nordrhein-Westfalen"}},{"type":"Feature","geometry":{"type":"LineString","coordinates":[[6.169182864698668,50.78750054801733],[6.164225382923156,50.7868510647391]]},"properties":{"name":"Eilendorfer Tunnel","laenge":357,"streckennummer":"2600","bundesland":"Nordrhein-Westfalen"}},{"type":"Feature","geometry":{"type":"LineString","coordinates":[[6.06344080662073,50.7433919900174],[6.062555120896779,50.74294936751472],[6.061645604096362,50.74252388946776],[6.060715185455811,50.74211701838713],[6.059764808473179,50.741729169105625],[6.058917624805073,50.741405717127556],[6.058102995571529,50.74111307064256],[6.0548975149572914,50.740025252440596]]},"properties":{"name":"Buschtunnel Röhre 2","laenge":711,"streckennummer":"2600","bundesland":"Nordrhein-Westfalen"}},{"type":"Feature","geometry":{"type":"LineString","coordinates":[[6.063166324938317,50.743550621263076],[6.054931588704977,50.74027523081373]]},"properties":{"name":"Buschtunnel Röhre 1","laenge":691,"streckennummer":"2600","bundesland":"Nordrhein-Westfalen"}},{"type":"Feature","geometry":{"type":"LineString","coordinates":[[6.895804508240953,51.01827155720878],[6.897323707179964,51.02017424603629]]},"properties":{"name":"Tunnel","laenge":237,"streckennummer":"2620","bundesland":"Nordrhein-Westfalen"}},{"type":"Feature","geometry":{"type":"LineString","coordinates":[[6.898358041506824,51.0220772035105],[6.898392342833699,51.02222008405634],[6.898409878380706,51.02266807447071],[6.898327243887933,51.0231139214058],[6.898148288839696,51.02354872171938],[6.897883476386855,51.02396516992352],[6.897540661210695,51.02435928029998],[6.897130210914011,51.0247262042721],[6.89667635680704,51.02507306604122],[6.894803056401769,51.026427973681635],[6.894353178682776,51.02677645349023],[6.8937468860673015,51.02726521070401]]},"properties":{"name":"S-Bahn-Tunnel Köln-Chorweiler","laenge":685,"streckennummer":"2620","bundesland":"Nordrhein-Westfalen"}},{"type":"Feature","geometry":{"type":"LineString","coordinates":[[6.891726474312829,51.02894929730333],[6.891341568903182,51.029284261342156],[6.8909522378074834,51.02966046329818],[6.890590773350831,51.03004778896112],[6.8902670235168015,51.0304480526142],[6.889977485316726,51.03085866506556],[6.889726343836056,51.03127900091469],[6.888833695973467,51.03298655818675],[6.888577227453233,51.03340549623964],[6.888273104464471,51.03381188077183],[6.887925958788232,51.03420416791988],[6.887534314810811,51.03457951670442],[6.88710164058378,51.03493658692833],[6.886629708414721,51.03527308174012],[6.886126529818276,51.03559154148578],[6.885600952260827,51.03589509711591],[6.885052910764452,51.03618251549898],[6.8844853956310725,51.036454358403674],[6.883898802611078,51.03670961232804],[6.883294532023072,51.03694790678322],[6.882984001019415,51.03705829398599]]},"properties":{"name":"U Tunnel K.Volk.-K.Bl","laenge":1121,"streckennummer":"2620","bundesland":"Nordrhein-Westfalen"}},{"type":"Feature","geometry":{"type":"LineString","coordinates":[[6.880050829409051,51.03786690145503],[6.87936246185984,51.037983756889304],[6.878663562362459,51.038071091114645],[6.877956279748498,51.038126191953374],[6.877244535989808,51.038149076552564],[6.876532174786654,51.03813960340268],[6.875822270310174,51.0380994915522],[6.875131818405979,51.03804235558005],[6.8744178542543155,51.037948462950254],[6.871633904511807,51.037557059006744],[6.8709290862622225,51.03749181044181],[6.87021940001254,51.03744911517908],[6.868794636845481,51.0374520723979],[6.868085254063968,51.03749538788328],[6.867381371014624,51.03756609368311],[6.8666850910526405,51.037662142578995],[6.8660000313160925,51.03778578539141],[6.865329557578385,51.037938225567366],[6.864676097382014,51.038117813072375],[6.864041607782844,51.038322435312516],[6.8634289438856415,51.03855200545724],[6.862840015373176,51.03880513832806],[6.862277609847184,51.03908120652309],[6.8617434377871565,51.039378668440385],[6.861240099361756,51.0396967944058],[6.860770741308411,51.040034756889604],[6.860332648057995,51.04038928807987],[6.859927001474524,51.04075872880192],[6.859541779872723,51.04113706049713],[6.8577153270674165,51.04298551779183],[6.856985934532813,51.043757729764444],[6.856631988994616,51.04416156393987]]},"properties":{"name":"Kreuzfeld Tunnel","laenge":850,"streckennummer":"2620","bundesland":"Nordrhein-Westfalen"}},{"type":"Feature","geometry":{"type":"LineString","coordinates":[[7.719939823946345,50.14844301654247],[7.720142927012823,50.148289530174736],[7.720311320350835,50.14814747274401],[7.720468379971327,50.14800015657945],[7.72064133847015,50.14781695845907],[7.720772120655588,50.14765939534652],[7.7209125366641365,50.147465040690186],[7.721034457789477,50.14726560031261],[7.721121596828189,50.14709603476614],[7.721255565213573,50.14674953692749],[7.721300653917048,50.14657939141423],[7.721336617110341,50.14637839301846],[7.721359759695153,50.14599674436068],[7.72135673268616,50.14538406421918]]},"properties":{"name":"Banktunnel","laenge":367,"streckennummer":"2630","bundesland":"Rheinland-Pfalz"}},{"type":"Feature","geometry":{"type":"LineString","coordinates":[[7.732660411758493,50.13562359395236],[7.732994512624074,50.135505966332225],[7.733352418800091,50.1353557492127],[7.73369003350858,50.13518724761157],[7.734005401219257,50.13500141137199],[7.734296229234212,50.134799514827854],[7.734528889078921,50.134610820246934],[7.734768272046457,50.134382720710875],[7.734959469247245,50.13416571123645]]},"properties":{"name":"Bett-Tunnel","laenge":236,"streckennummer":"2630","bundesland":"Rheinland-Pfalz"}},{"type":"Feature","geometry":{"type":"LineString","coordinates":[[7.7363060198487945,50.1313479063571],[7.736364394334299,50.13118210622228],[7.736486673649629,50.13073940880999],[7.736574505586898,50.130293135825546],[7.736593159536558,50.129845561676056],[7.7365099825610235,50.12939951372756],[7.736331518858696,50.12896524029713],[7.736222352933292,50.12879734695451]]},"properties":{"name":"Kammerecktunnel","laenge":289,"streckennummer":"2630","bundesland":"Rheinland-Pfalz"}},{"type":"Feature","geometry":{"type":"LineString","coordinates":[[6.581562965323961,50.55028974449831],[6.57594509469329,50.54801281793593]]},"properties":{"name":"Kaller Tunnel","laenge":472,"streckennummer":"2631","bundesland":"Nordrhein-Westfalen"}},{"type":"Feature","geometry":{"type":"LineString","coordinates":[[6.602113741856139,50.0487839913211],[6.60228002346678,50.0485251442478],[6.602455729656503,50.04809036321779],[6.6025412306028555,50.04764499594276],[6.602538058200546,50.04723273771791]]},"properties":{"name":"TU  Dechentunnel","laenge":177,"streckennummer":"2631","bundesland":"Rheinland-Pfalz"}},{"type":"Feature","geometry":{"type":"LineString","coordinates":[[6.592839729030163,50.04176100568033],[6.591369516291621,50.041788471391854],[6.590671838294047,50.041764558071826],[6.589986596876446,50.04169096745735],[6.589832032002936,50.04165720268695]]},"properties":{"name":"TU  Kyllberger Tunnel","laenge":217,"streckennummer":"2631","bundesland":"Rheinland-Pfalz"}},{"type":"Feature","geometry":{"type":"LineString","coordinates":[[6.585018081512131,50.033187911590566],[6.584868729356972,50.03277297598553],[6.5846531308455525,50.03234537804624],[6.584198462323953,50.03149555097807],[6.583703485727426,50.03065469730429],[6.579905031051112,50.02389158374031],[6.579678411465259,50.02346610165769],[6.579427166911704,50.02304691657506],[6.579140983891863,50.0226366633865],[6.57901789664139,50.02249709052314]]},"properties":{"name":"TU  Wilsecker Tunnel","laenge":1266,"streckennummer":"2631","bundesland":"Rheinland-Pfalz"}},{"type":"Feature","geometry":{"type":"LineString","coordinates":[[6.570982720103517,49.982177643764075],[6.571061553009744,49.981949931494476],[6.571187101366084,49.981689207936675],[6.571328645649496,49.98146899031891],[6.571469363311401,49.98127845079863],[6.571594864097929,49.98113101408066],[6.57183199731993,49.98089495326639],[6.57204083946381,49.9807219484266],[6.572274236254302,49.98054783426975],[6.572542300727491,49.98037738570603],[6.57279171761783,49.98023870106723],[6.572974924574991,49.98014603068796],[6.573350269962993,49.97997990273038],[6.574087456656854,49.97970235938109],[6.574725196848033,49.979473797567756]]},"properties":{"name":"Mettericher Tunnel  TL=420","laenge":420,"streckennummer":"2631","bundesland":"Rheinland-Pfalz"}},{"type":"Feature","geometry":{"type":"LineString","coordinates":[[6.623284828628484,49.94620219216696],[6.623159605702733,49.94597305817314],[6.623034524326892,49.94563111369636],[6.622988752380467,49.94540773424901],[6.622970428186767,49.94517591653813],[6.622999454308174,49.9448060458902],[6.623047556333651,49.94454288190801],[6.623203902860458,49.943865167497975]]},"properties":{"name":"Philippsheimer Tunnel  TL=268m","laenge":264,"streckennummer":"2631","bundesland":"Rheinland-Pfalz"}},{"type":"Feature","geometry":{"type":"LineString","coordinates":[[6.62393901605264,49.939058999999745],[6.623964712288594,49.93851234538675],[6.623945820864283,49.93823718393047],[6.623915937197536,49.93807545477224],[6.623835812589943,49.93780884864175],[6.623705144962097,49.937525659668125],[6.623518106576781,49.93723477363553],[6.623407408268329,49.937095108633905],[6.62327279783215,49.93694678876121],[6.623106372104552,49.936786360900086],[6.6228205348966025,49.93655314121905],[6.622489100340156,49.93633453356351]]},"properties":{"name":"Friedrich-Wilhelm-Tunnel  TL=333m","laenge":333,"streckennummer":"2631","bundesland":"Rheinland-Pfalz"}},{"type":"Feature","geometry":{"type":"LineString","coordinates":[[6.6180593636210645,49.925841167375],[6.618022209244155,49.925581869928834],[6.617940404043306,49.92529558591912],[6.617897373017407,49.92518185324477],[6.617761884825859,49.92491573227749],[6.617498655446989,49.924527591918725],[6.616976271917673,49.92380618438919],[6.616660232423587,49.923389207983064]]},"properties":{"name":"Loskyller Tunnel  TL=293m","laenge":293,"streckennummer":"2631","bundesland":"Rheinland-Pfalz"}},{"type":"Feature","geometry":{"type":"LineString","coordinates":[[6.609995791798426,49.91718229418706],[6.6104015038301895,49.915404062642594]]},"properties":{"name":"Heinzkyller Tunnel","laenge":200,"streckennummer":"2631","bundesland":"Rheinland-Pfalz"}},{"type":"Feature","geometry":{"type":"LineString","coordinates":[[6.605770078356919,49.87827151879199],[6.606038340414648,49.87826269492173],[6.606503059280527,49.87828308283479],[6.6069332613765255,49.87833206565638],[6.6072075513921815,49.8783779047292],[6.607523511048272,49.87844722264612],[6.6076432832071745,49.878481511306916]]},"properties":{"name":"Kyller-Tunnel","laenge":138,"streckennummer":"2631","bundesland":"Rheinland-Pfalz"}},{"type":"Feature","geometry":{"type":"LineString","coordinates":[[6.662803725770111,49.818455893323936],[6.666824366299688,49.816425855509515],[6.667055436528995,49.81629640186892],[6.667254326546113,49.81617086781928],[6.667439991457391,49.816037122777],[6.667615328062304,49.815892250009725]]},"properties":{"name":"","laenge":450,"streckennummer":"2631","bundesland":"Rheinland-Pfalz"}},{"type":"Feature","geometry":{"type":"LineString","coordinates":[[7.394098326116884,50.76959408133757],[7.394593303108002,50.76970318029703],[7.395242570634773,50.76988309880296],[7.395867571847523,50.77009479560435],[7.396456653608454,50.77033789880151],[7.397032825301071,50.770607357196056]]},"properties":{"name":"Tunnel Merten","laenge":237,"streckennummer":"2651","bundesland":"Nordrhein-Westfalen"}},{"type":"Feature","geometry":{"type":"LineString","coordinates":[[7.516643007235624,50.77678581559789],[7.51655699460492,50.77696544701809],[7.516395960735291,50.777402982518076],[7.516281950615258,50.77784645300518],[7.516214016296603,50.77829371700023],[7.5161936989116676,50.77874283133035],[7.516220727359109,50.77919177389707],[7.5162944188289185,50.77963864813467],[7.516419195330819,50.78008369211258]]},"properties":{"name":"Tunnel Herchen  Länge 370m","laenge":371,"streckennummer":"2651","bundesland":"Nordrhein-Westfalen"}},{"type":"Feature","geometry":{"type":"LineString","coordinates":[[7.530318642149736,50.80303991455374],[7.53173575356906,50.8037879749782]]},"properties":{"name":"Hoppengartener Tunnel","laenge":130,"streckennummer":"2651","bundesland":"Nordrhein-Westfalen"}},{"type":"Feature","geometry":{"type":"LineString","coordinates":[[7.602755670027499,50.80471104445838],[7.603201204978263,50.804419154050095],[7.603652725274755,50.8040727711764],[7.604061344593475,50.803705535380004],[7.6044179834589585,50.80331751820098],[7.604650139784854,50.80299174547097]]},"properties":{"name":"Tunnel  Länge 238m","laenge":235,"streckennummer":"2651","bundesland":"Nordrhein-Westfalen"}},{"type":"Feature","geometry":{"type":"LineString","coordinates":[[7.757499971570748,50.785078455990096],[7.757778593481327,50.78540414831133],[7.758174500551608,50.78577679879436],[7.758622810109025,50.786124901878686],[7.759116729437416,50.786447143981015],[7.759654325740236,50.78673993508316],[7.760229724443584,50.7870023223055],[7.760873990775938,50.78724102800996]]},"properties":{"name":"Schönsteintunnel","laenge":344,"streckennummer":"2651","bundesland":"Rheinland-Pfalz"}},{"type":"Feature","geometry":{"type":"LineString","coordinates":[[7.80364794034766,50.79470937605236],[7.804416757578485,50.7949541657791],[7.805657663223019,50.79538911998288],[7.80652734122867,50.795714304626365]]},"properties":{"name":"Staade Tunnel","laenge":232,"streckennummer":"2651","bundesland":"Rheinland-Pfalz"}},{"type":"Feature","geometry":{"type":"LineString","coordinates":[[7.83188921598985,50.79209139989315],[7.832314021012666,50.79199119491231]]},"properties":{"name":"Mahlberg-Tunnel","laenge":32,"streckennummer":"2651","bundesland":"Rheinland-Pfalz"}},{"type":"Feature","geometry":{"type":"LineString","coordinates":[[7.883949816125602,50.782045644879354],[7.885805257681806,50.78209323403476]]},"properties":{"name":"Alsdorfer Tunnel","laenge":131,"streckennummer":"2651","bundesland":"Rheinland-Pfalz"}},{"type":"Feature","geometry":{"type":"LineString","coordinates":[[7.935980081788145,50.77626283469037],[7.936868573365391,50.77614348123954],[7.93788698537907,50.776031667453026]]},"properties":{"name":"Herdorfer Tunnel","laenge":137,"streckennummer":"2651","bundesland":"Rheinland-Pfalz"}},{"type":"Feature","geometry":{"type":"LineString","coordinates":[[7.226183614251828,50.91663196312111],[7.2270628886869455,50.91647038208611],[7.22841935011813,50.916200634941575],[7.2393039098121985,50.91411417549193],[7.239981300476926,50.91397729347915],[7.240664201241781,50.91385294084199],[7.240977528538973,50.91381230317974]]},"properties":{"name":"Hoffnungsthaler Tunnel","laenge":1087,"streckennummer":"2655","bundesland":"Nordrhein-Westfalen"}},{"type":"Feature","geometry":{"type":"LineString","coordinates":[[7.075769649449026,51.165779869599305],[7.075976693904232,51.16553702686852],[7.076200659326381,51.16531208997163]]},"properties":{"name":"Weyersberg-Tunnel","laenge":60,"streckennummer":"2675","bundesland":"Nordrhein-Westfalen"}},{"type":"Feature","geometry":{"type":"LineString","coordinates":[[7.171213378384685,51.1791523055189],[7.171742229228606,51.17922805410063],[7.172455556720286,51.179253315627655],[7.172711975452181,51.17923306882397]]},"properties":{"name":"Büchener Tunnel","laenge":106,"streckennummer":"2675","bundesland":"Nordrhein-Westfalen"}},{"type":"Feature","geometry":{"type":"LineString","coordinates":[[7.131573381071788,50.81993616743302],[7.13949801350474,50.81741681491429]]},"properties":{"name":"","laenge":625,"streckennummer":"2690","bundesland":"Nordrhein-Westfalen"}},{"type":"Feature","geometry":{"type":"LineString","coordinates":[[7.215793939413389,50.78394072645771],[7.216409238104666,50.783231339207596],[7.216731886118151,50.78283108801723],[7.217041191170438,50.7824266121296],[7.217337037962653,50.782018099854426],[7.2176194161564835,50.781605680278474],[7.217888158289938,50.781189645460564],[7.218143026793598,50.78077013500591],[7.218383817749075,50.780347338432385],[7.218610518003607,50.779921466084375],[7.219001273889979,50.779105125716434]]},"properties":{"name":"","laenge":2502,"streckennummer":"2690","bundesland":"Nordrhein-Westfalen"}},{"type":"Feature","geometry":{"type":"LineString","coordinates":[[7.270567459124283,50.68944660029233],[7.271015260941,50.68898825642446]]},"properties":{"name":"","laenge":60,"streckennummer":"2690","bundesland":"Nordrhein-Westfalen"}},{"type":"Feature","geometry":{"type":"LineString","coordinates":[[7.272731950840814,50.68723133927956],[7.275632839613182,50.68427151463328],[7.277178042603237,50.682765801694465],[7.277985522397736,50.68202782151275],[7.278824169162594,50.68130400338036],[7.279694666964293,50.68059552231072],[7.28059651902789,50.67990309722238],[7.281529000041086,50.67922733605937],[7.281914452206526,50.67896351263827]]},"properties":{"name":"Tunnel Ittenbach","laenge":1128,"streckennummer":"2690","bundesland":"Nordrhein-Westfalen"}},{"type":"Feature","geometry":{"type":"LineString","coordinates":[[7.28401373336156,50.67760370766099],[7.284503104383776,50.677305278927946],[7.285551454580065,50.67670174229613],[7.286703779578241,50.67607763672571]]},"properties":{"name":"","laenge":255,"streckennummer":"2690","bundesland":"Nordrhein-Westfalen"}},{"type":"Feature","geometry":{"type":"LineString","coordinates":[[7.292141584347225,50.67359076377811],[7.2935817944268155,50.67303750883289],[7.294807746079675,50.672589439556894],[7.29728278153396,50.67171916126556],[7.302243189084161,50.669990532494865],[7.304694383952712,50.669093750070004],[7.305898484166941,50.66862237135188],[7.30732520724674,50.668022913914086]]},"properties":{"name":"Tunnel Aegidienberg","laenge":1240,"streckennummer":"2690","bundesland":"Nordrhein-Westfalen"}},{"type":"Feature","geometry":{"type":"LineString","coordinates":[[7.309902660824997,50.66682279500438],[7.31049306279517,50.666528622124375],[7.311580558241049,50.66595416144954],[7.312057653967942,50.665687091904964]]},"properties":{"name":"","laenge":198,"streckennummer":"2690","bundesland":"Nordrhein-Westfalen"}},{"type":"Feature","geometry":{"type":"LineString","coordinates":[[7.325414568392761,50.65421373239705],[7.325806381589592,50.65376472111303],[7.3265104165811294,50.65298536283921],[7.327236179515085,50.65221405280186],[7.327609455360083,50.65183247605865],[7.327990458021406,50.65145392617575],[7.328778032756248,50.65070750519645],[7.329598770165077,50.64997574020608],[7.330451963733937,50.64925919573453],[7.331337066584382,50.6485583654643],[7.332253159683989,50.647873772208975],[7.33319956017215,50.64720623704612],[7.333529970174056,50.64698620056679]]},"properties":{"name":"Tunnel Rottbitze","laenge":991,"streckennummer":"2690","bundesland":"Nordrhein-Westfalen"}},{"type":"Feature","geometry":{"type":"LineString","coordinates":[[7.350335926445591,50.63863231577365],[7.352185679378174,50.637916553330705],[7.355165946475151,50.63679895811124]]},"properties":{"name":"","laenge":398,"streckennummer":"2690","bundesland":"Rheinland-Pfalz"}},{"type":"Feature","geometry":{"type":"LineString","coordinates":[[7.3694149168807614,50.63146394836085],[7.383174168687202,50.62631009574728]]},"properties":{"name":"Tunnel Günterscheid","laenge":1130,"streckennummer":"2690","bundesland":"Rheinland-Pfalz"}},{"type":"Feature","geometry":{"type":"LineString","coordinates":[[7.423098951478631,50.61224364066537],[7.424205526653971,50.61154484626471],[7.425176518585247,50.610892105240275],[7.426117775906195,50.610221887256536],[7.427028441953394,50.609534881838705],[7.427908047635521,50.60883160929635],[7.428335663239248,50.60847390625114],[7.428755649272697,50.60811263297608],[7.429722207294733,50.607241599691946]]},"properties":{"name":"Tunnel Ammerich","laenge":729,"streckennummer":"2690","bundesland":"Rheinland-Pfalz"}},{"type":"Feature","geometry":{"type":"LineString","coordinates":[[7.4304749401391765,50.60653475616913],[7.433457092397317,50.60362638075509],[7.4350426392074525,50.602138659709624],[7.435869698409248,50.60141018982027],[7.436727582197915,50.60069623839624],[7.437617089074684,50.59999807211826],[7.438537469685104,50.59931650387519],[7.439487899921355,50.59865158331549],[7.4404633090619035,50.59800154698611],[7.441457209497311,50.597363036761486],[7.443888216757949,50.595851918382344]]},"properties":{"name":"Tunnel Fernthal","laenge":1527,"streckennummer":"2690","bundesland":"Rheinland-Pfalz"}},{"type":"Feature","geometry":{"type":"LineString","coordinates":[[7.523332932742612,50.56516246080421],[7.524432334493803,50.564642518136935]]},"properties":{"name":"","laenge":97,"streckennummer":"2690","bundesland":"Rheinland-Pfalz"}},{"type":"Feature","geometry":{"type":"LineString","coordinates":[[7.698916405996109,50.514424521172536],[7.7025476707533596,50.51245741334161]]},"properties":{"name":"Tunnel Deesen","laenge":338,"streckennummer":"2690","bundesland":"Rheinland-Pfalz"}},{"type":"Feature","geometry":{"type":"LineString","coordinates":[[7.71810939897968,50.50398005547432],[7.719919170577206,50.50298111963674],[7.720966883509992,50.50237990681192],[7.7220002470312545,50.501768732423926],[7.723016765605162,50.50114609497033],[7.724016830125595,50.500512713975674],[7.724999729570606,50.499868559600245],[7.72596655199138,50.499214579151584],[7.726915738652651,50.498550275645655],[7.729723183752463,50.49653402456186],[7.730668983989907,50.49586535221947]]},"properties":{"name":"Tunnel Oberhaider Wald","laenge":1270,"streckennummer":"2690","bundesland":"Rheinland-Pfalz"}},{"type":"Feature","geometry":{"type":"LineString","coordinates":[[7.749331185219483,50.485048813454036],[7.750327847293716,50.48431834424446],[7.750704810550211,50.48402438369137]]},"properties":{"name":"TO  Oberhaider Tunnel","laenge":150,"streckennummer":"2690","bundesland":"Rheinland-Pfalz"}},{"type":"Feature","geometry":{"type":"LineString","coordinates":[[7.763992853361861,50.464420773598974],[7.764325168589377,50.4639184607219],[7.76490943865803,50.46310063689568],[7.765529651078963,50.462293638033444],[7.766185070697494,50.46149805813822],[7.7668753807796085,50.460714620788394],[7.767599919037826,50.45994387592494],[7.76835813906535,50.459186500585254],[7.769149419831201,50.45844305393203],[7.769973305899744,50.45771396201083],[7.770828819401992,50.457000139818575],[7.771715617458131,50.456302014560634],[7.772632757325045,50.455619930707726],[7.773579738855614,50.45495470038409],[7.774555408181764,50.45430682765534],[7.7755595109802735,50.45367661479582],[7.776590874724872,50.453064754480295],[7.777648661367517,50.45247159487424],[7.7787323038915055,50.45189784569755],[7.779840846844402,50.451343681148735],[7.780973233584399,50.45080969179015],[7.782128877005683,50.45029628432553],[7.783306601445407,50.44980376042283],[7.784505469074543,50.44933276076591],[7.785724788979728,50.44888336247451],[7.786963267352076,50.448455983270605],[7.788220300423901,50.44805128217188],[7.789494498042094,50.44766912281715],[7.790785043150875,50.447310129942004],[7.7920908943851215,50.44697440264527],[7.793411099795719,50.446662269340685],[7.794744401311332,50.44637399519883],[7.796089933143343,50.446109925924425],[7.7974465780906765,50.44587005404408],[7.798067892490552,50.44577211731488]]},"properties":{"name":"Tunnel Dernbach","laenge":3306,"streckennummer":"2690","bundesland":"Rheinland-Pfalz"}},{"type":"Feature","geometry":{"type":"LineString","coordinates":[[7.837220672990322,50.44463626844682],[7.839536112606977,50.44461819763839],[7.84235017525909,50.444563980782334],[7.84375540178668,50.444510879015716],[7.845158144591223,50.44443590323844],[7.846557569207244,50.44433911272587],[7.847952994083073,50.44422058627148],[7.84934336561666,50.444080250726465],[7.85072797218274,50.443918346503956],[7.852106021453683,50.443734960421715],[7.853476674063846,50.44353008421162],[7.854839005681865,50.443303999959554],[7.856192178516787,50.44305666087032],[7.857535650806234,50.44278827773598],[7.858868561574469,50.44249916612095],[7.860189770250072,50.4421892702946],[7.861498895168747,50.441858815183984],[7.862794795287773,50.4415081451747],[7.864077212897179,50.441137393262686],[7.865344763749262,50.440746699204375],[7.866597212364897,50.4403364201465],[7.867833490596586,50.439906718407094],[7.8690528948353515,50.439457885492615],[7.869420424334297,50.4393148655858]]},"properties":{"name":"Tunnel Himmelberg","laenge":2395,"streckennummer":"2690","bundesland":"Rheinland-Pfalz"}},{"type":"Feature","geometry":{"type":"LineString","coordinates":[[7.871019363710286,50.438676136338906],[7.871438651436723,50.43850391514517],[7.872603478475176,50.43799921353771],[7.873748497108324,50.43747669261215],[7.874873371127251,50.436936331685445],[7.8759772618913235,50.436378685133946],[7.877059473705196,50.435803903710635],[7.878119290315481,50.43521255652995],[7.879233511495617,50.434557562738114]]},"properties":{"name":"Tunnel Wahnscheid","laenge":743,"streckennummer":"2690","bundesland":"Rheinland-Pfalz"}},{"type":"Feature","geometry":{"type":"LineString","coordinates":[[7.879751685251924,50.434240321242704],[7.881171700480734,50.43334989103211],[7.883139814227446,50.43206455537823],[7.885425850757977,50.43055548525793]]},"properties":{"name":"Tunnel Dickheck","laenge":575,"streckennummer":"2690","bundesland":"Rheinland-Pfalz"}},{"type":"Feature","geometry":{"type":"LineString","coordinates":[[7.889359615456856,50.4279584659878],[7.891950600221807,50.426252853355365],[7.8929416818458575,50.425614803121974],[7.893946506536878,50.424985532492904],[7.894969531166625,50.42436824347487],[7.896014711519696,50.42376641781767],[7.897082474851265,50.42318107239852],[7.898172336427091,50.422612571456895],[7.899283585277249,50.422061249278165],[7.900415417989434,50.42152718307199],[7.901567360752173,50.42101110945319],[7.902738582681058,50.42051301316394],[7.903928391012296,50.4200334162016],[7.9051362107543826,50.419572302863145],[7.906361305120818,50.419130250173126],[7.907602782782852,50.41870747341548],[7.908679670011574,50.41836189354429]]},"properties":{"name":"Tunnel Eichheide","laenge":1750,"streckennummer":"2690","bundesland":"Rheinland-Pfalz"}},{"type":"Feature","geometry":{"type":"LineString","coordinates":[[7.9180473020591755,50.41604201337566],[7.919393929738875,50.415803558743825],[7.920758336743976,50.415584611062144],[7.922130831306731,50.41538695670706],[7.923519736629364,50.415209674923325]]},"properties":{"name":"Tunnel Eichen Diekenscheid","laenge":400,"streckennummer":"2690","bundesland":"Rheinland-Pfalz"}},{"type":"Feature","geometry":{"type":"LineString","coordinates":[[7.9289527622959115,50.4147296990771],[7.930485043759,50.41464730083686],[7.931888517414037,50.41458557229866],[7.9432050176738604,50.41417473241801]]},"properties":{"name":"Tunnel Lange Issel","laenge":1015,"streckennummer":"2690","bundesland":"Rheinland-Pfalz"}},{"type":"Feature","geometry":{"type":"LineString","coordinates":[[7.944497244316791,50.414128220475526],[7.94674457978953,50.41404717004284]]},"properties":{"name":"Eichheidetunnel","laenge":160,"streckennummer":"2690","bundesland":"Rheinland-Pfalz"}},{"type":"Feature","geometry":{"type":"LineString","coordinates":[[7.969802181655757,50.41297943473118],[7.971159569089205,50.41281950465481],[7.972535598049829,50.412632795848616],[7.973903180942948,50.41242232575282],[7.975261415858207,50.412188405862466],[7.976609218587454,50.41193099104479],[7.977945673839276,50.41165036133756],[7.979269740458054,50.411346767501655],[7.980580454888591,50.41102046676265],[7.981876899123412,50.4106715557883],[7.9831590354721795,50.410301724936815],[7.984575452557133,50.409862658873585]]},"properties":{"name":"Tunnel Elzer Berg","laenge":1110,"streckennummer":"2690","bundesland":"Hessen"}},{"type":"Feature","geometry":{"type":"LineString","coordinates":[[8.05635944580967,50.40299318777758],[8.057024430996522,50.4029206123472],[8.058403038345721,50.40274299408982],[8.05977277503259,50.40253902507459],[8.06113220931166,50.402309161526986],[8.062480431846963,50.402053392019056],[8.063816143712053,50.40177187279573],[8.06513794697475,50.40146515040278],[8.066444931348036,50.40113328993424],[8.067735669114926,50.400776568121856],[8.069009287333653,50.40039551480311],[8.07026460371993,50.39999034296855],[8.07150045164411,50.399561245822895],[8.072715423283688,50.399108727481455],[8.073908693341274,50.39863298072139],[8.075079607121301,50.39813459441278],[8.076226468676696,50.39761402547876],[8.077348784909955,50.39707187222529],[8.078445155620154,50.396508356261286],[8.07951466451803,50.395924276195544],[8.080556458480372,50.3953200806467],[8.081569615976965,50.39469614067503],[8.082553132424364,50.394053594930604],[8.083505980344004,50.39339259322854],[8.084427602147915,50.39271381304461],[8.084846840375416,50.39238569739857]]},"properties":{"name":"Tunnel Limburg","laenge":2395,"streckennummer":"2690","bundesland":"Hessen"}},{"type":"Feature","geometry":{"type":"LineString","coordinates":[[8.242189046912664,50.27923465829561],[8.242258310694833,50.27853921476082],[8.242394707096027,50.2776445735544],[8.242560910918368,50.27675192821635],[8.242710998022464,50.27607127152852]]},"properties":{"name":"Tunnel Hessenweiler","laenge":354,"streckennummer":"2690","bundesland":"Hessen"}},{"type":"Feature","geometry":{"type":"LineString","coordinates":[[8.245540525615075,50.24593382756079],[8.245577796424213,50.245553105284806],[8.245700631812362,50.24465765500384],[8.24585822654497,50.243764484145224],[8.24605069038242,50.24287407416304],[8.24627702569249,50.2419868993722],[8.246438059878374,50.2414249119624]]},"properties":{"name":"Wörsdorfer Tunnel","laenge":506,"streckennummer":"2690","bundesland":"Hessen"}},{"type":"Feature","geometry":{"type":"LineString","coordinates":[[8.252530397042724,50.21838635536414],[8.25253554197168,50.21765491466831],[8.252365345170967,50.21361126637532],[8.252317879714536,50.21181369089119],[8.252337367624946,50.210914938440126],[8.252394604357258,50.21001681548582],[8.25248961930652,50.209119996025386],[8.252622379045889,50.20822514049531],[8.252792639583568,50.20733293940666],[8.253000517610609,50.20644385684577],[8.253245743537187,50.20555888384594],[8.253527986112976,50.20467847639519],[8.253847437087938,50.20380323775536],[8.254203439674125,50.20293384491873],[8.254596236346616,50.2020703693577],[8.25502528740811,50.20121388158628],[8.25549003098338,50.20036525481022],[8.25567858869888,50.20004854160399]]},"properties":{"name":"Tunnel Idstein","laenge":2069,"streckennummer":"2690","bundesland":"Hessen"}},{"type":"Feature","geometry":{"type":"LineString","coordinates":[[8.270277210283073,50.18272087842826],[8.272833342324581,50.17983555878204],[8.274252856927273,50.17828593567684],[8.274990701783807,50.17752204387744],[8.275755151606306,50.176769019564695],[8.276548351194428,50.17602847609274],[8.277370329973724,50.1753007741783],[8.278220251342422,50.17458655455631],[8.279097750896849,50.17388625401088],[8.280002026203734,50.1732001538051],[8.280932844002912,50.172528845907046],[8.28188949852442,50.171872707449474],[8.28237745266553,50.17155048406352],[8.28287107708236,50.17123192094265],[8.284894234363149,50.16998937669894],[8.28696130993883,50.16877705231344],[8.29521371119862,50.16397325613857]]},"properties":{"name":"Tunnel Niedernhausen","laenge":2765,"streckennummer":"2690","bundesland":"Hessen"}},{"type":"Feature","geometry":{"type":"LineString","coordinates":[[8.313162701388409,50.14947326285516],[8.31351145908041,50.14921325564536],[8.314450576171632,50.148547019094984],[8.3163865198961,50.14724910720001],[8.318498500169628,50.145887904439256]]},"properties":{"name":"Tunnel Hellenberg","laenge":552,"streckennummer":"2690","bundesland":"Hessen"}},{"type":"Feature","geometry":{"type":"LineString","coordinates":[[8.335817658156849,50.131653214502144],[8.336276538230509,50.13111638303756],[8.336933916603174,50.130322894155256],[8.338212762613255,50.128723978328914],[8.347100137388406,50.117508360708875],[8.34835440916825,50.11590151880225],[8.348960267871366,50.1150914540379],[8.349545209784212,50.11427498720355],[8.350103959099288,50.1134510759327],[8.35063690562061,50.112619911517754],[8.3511437188031,50.111782234062005],[8.351624567230663,50.1109381638994],[8.352079069865749,50.110088072449706],[8.352506969810575,50.1092323155802],[8.35290812420239,50.10837120287071],[8.353282430514659,50.10750513346233],[8.353629720850302,50.10663441365747],[8.353949893309954,50.105759412585584],[8.354242788104665,50.10488046013226],[8.35450792763411,50.10399783251409],[8.354746242936768,50.103112038533105],[8.354956000051223,50.102223387639015],[8.35514493153856,50.101332705851554],[8.355482098292434,50.09954800803252],[8.356135291839825,50.095975186757556],[8.356499863853573,50.094192009221935],[8.35656942653301,50.093908505858124]]},"properties":{"name":"Schulwaldtunnel","laenge":4500,"streckennummer":"2690","bundesland":"Hessen"}},{"type":"Feature","geometry":{"type":"LineString","coordinates":[[8.362607200169881,50.08174746794563],[8.36287011622897,50.08140949319217],[8.363522612695148,50.08061469554806],[8.364202154956436,50.079829297482405],[8.364908507819523,50.07905358044721],[8.36564085922854,50.07828814187774],[8.366399315852176,50.07753329534308],[8.367183308486565,50.07678927185661],[8.367992581927016,50.07605644075697],[8.36882644956485,50.07533533492357],[8.370560503651427,50.07392583381139],[8.371485405300323,50.073204984611195]]},"properties":{"name":"Tunnel Breckenheim","laenge":1146,"streckennummer":"2690","bundesland":"Hessen"}},{"type":"Feature","geometry":{"type":"LineString","coordinates":[[8.540950509107343,50.04607171061349],[8.541306371218283,50.04622532954078],[8.542498379861264,50.0466931811607],[8.543716708590605,50.04713225099205],[8.544959295511337,50.04754191429391],[8.546224760235487,50.047921800791414],[8.54751090257738,50.048271101026614],[8.548816485877138,50.04858971062334],[8.551463052936363,50.04916281701298],[8.553645606317538,50.04962181473886]]},"properties":{"name":"Tunnel Kelsterbach","laenge":995,"streckennummer":"2690","bundesland":"Hessen"}},{"type":"Feature","geometry":{"type":"LineString","coordinates":[[8.581133793970789,50.05435330733561],[8.58242942863429,50.05440066471828],[8.583824894723376,50.0544170386784],[8.585220243925349,50.054397627009],[8.585917486634003,50.054373946709426],[8.586613989705697,50.0543419973843],[8.589389441642203,50.05414146481297],[8.59493319000289,50.05370707738699],[8.596322252691461,50.053614989040796],[8.597018958346167,50.05357669367696],[8.597716207552526,50.053543403682504],[8.60050582000203,50.05345691371636],[8.606087337109424,50.05332432770576],[8.607353919881641,50.05330401347657]]},"properties":{"name":"Frankfurter-Kreuz-Tunnel","laenge":1883,"streckennummer":"2690","bundesland":"Hessen"}},{"type":"Feature","geometry":{"type":"LineString","coordinates":[[8.617929657523796,50.055959174979165],[8.61817059783051,50.05611445789552],[8.618639669576556,50.05644861200071],[8.619083083214052,50.056796655711366],[8.619468973907942,50.05713269381115]]},"properties":{"name":"Rahmenbauwerk B 43  Tunnel","laenge":171,"streckennummer":"2690","bundesland":"Hessen"}},{"type":"Feature","geometry":{"type":"LineString","coordinates":[[7.079913744949856,50.90504770259829],[7.086412307379679,50.89812112688057],[7.087572111523374,50.896897645094526]]},"properties":{"name":"Schloß-Röttgen-Tunnel","laenge":1054,"streckennummer":"2691","bundesland":"Nordrhein-Westfalen"}},{"type":"Feature","geometry":{"type":"LineString","coordinates":[[7.104316407164205,50.88497654336328],[7.104496459760201,50.88497451987889],[7.1057152567286925,50.88502904672733],[7.107106299779476,50.88519973615522],[7.108246694941506,50.88540252335482],[7.1097207790351655,50.88569687565964],[7.111224159599528,50.88602889774062],[7.1141359073685,50.88665225668639],[7.115604533618838,50.88695666176185],[7.116032419415634,50.88703063781419],[7.116557450035337,50.88708139918091],[7.11720574306115,50.88708451985655],[7.117633855632683,50.8870467629671],[7.1182357047660005,50.88695224285314],[7.118755887217444,50.886809261420915],[7.119361922911848,50.88661061071946],[7.119866600463727,50.88633342338252],[7.120360364559149,50.88601393592622],[7.120696896589478,50.88565224860308],[7.1209353310093215,50.8853385979847],[7.1210669935439475,50.8850802568323],[7.121205219684941,50.88465833159517],[7.121324795157888,50.88386899755286],[7.121301551802549,50.883511443864016],[7.121175860508629,50.88279007188262],[7.120916741971608,50.88216603303887]]},"properties":{"name":"Flughafentunnel Nord - Köln/Bonn","laenge":1644,"streckennummer":"2691","bundesland":"Nordrhein-Westfalen"}},{"type":"Feature","geometry":{"type":"LineString","coordinates":[[7.118323850781851,50.877043978460186],[7.117516087574248,50.87547436939598],[7.117153289125629,50.87482602181625],[7.116841803135015,50.8744638016144],[7.116384504812868,50.87408931064992],[7.115831090885041,50.873713260926074],[7.115410775131604,50.87345842123567],[7.114927714475465,50.87320504275737],[7.114389129870958,50.8729805293513],[7.113975950121822,50.872859744864506],[7.113316801078044,50.87272257981513],[7.112747050395162,50.87264887212856],[7.111845480454326,50.87261442902122],[7.110547822345332,50.87255371951527],[7.108975831038787,50.87255800572854],[7.0980993704561595,50.87263665570635],[7.096463572982123,50.87256532162493],[7.094595294445526,50.87235125631917],[7.094326168238342,50.87230108291094]]},"properties":{"name":"Flughafentunnel Süd - Köln/Bonn","laenge":1968,"streckennummer":"2691","bundesland":"Nordrhein-Westfalen"}},{"type":"Feature","geometry":{"type":"LineString","coordinates":[[7.235743422876802,51.27485907494682],[7.236127948232223,51.27469731693028],[7.236466412263043,51.27451993328909],[7.236806391691925,51.27429858159314],[7.237076387824419,51.27407982056339],[7.237309019871482,51.27384512001408],[7.237501505850897,51.273596780045295],[7.237651917669709,51.273337261912516],[7.237767239178925,51.273040831871576]]},"properties":{"name":"Rauenthaler Tunnel","laenge":256,"streckennummer":"2700","bundesland":"Nordrhein-Westfalen"}},{"type":"Feature","geometry":{"type":"LineString","coordinates":[[7.637342913873795,51.33331392893739],[7.6383868987426915,51.33291827984123],[7.640803152890026,51.33194885740431],[7.642043229626895,51.33149180876489],[7.643201434517386,51.330963329648725],[7.643721026012219,51.330656299157205],[7.644182510100045,51.330311172715135],[7.644502343059389,51.32999424870275]]},"properties":{"name":"Nachrodter Tunnel","laenge":627,"streckennummer":"2800","bundesland":"Nordrhein-Westfalen"}},{"type":"Feature","geometry":{"type":"LineString","coordinates":[[7.6543838738121766,51.30914580411654],[7.65445939677445,51.309032596907905],[7.6548228755216705,51.308645303866776],[7.6549928208772915,51.308508093263974]]},"properties":{"name":"Pragpauler Tunnel","laenge":83,"streckennummer":"2800","bundesland":"Nordrhein-Westfalen"}},{"type":"Feature","geometry":{"type":"LineString","coordinates":[[7.6612242308772815,51.30678214817704],[7.6618011638855785,51.306658305039484],[7.662439053115813,51.30645367893466],[7.663042637605296,51.306188011014676]]},"properties":{"name":"Hünengrabentunnel","laenge":144,"streckennummer":"2800","bundesland":"Nordrhein-Westfalen"}},{"type":"Feature","geometry":{"type":"LineString","coordinates":[[7.678969320368805,51.28740650734248],[7.685905923562114,51.284289621174594],[7.687104308532535,51.283792203878356],[7.688220447944412,51.28322988266369],[7.688720740741052,51.28291064307756],[7.689160405892202,51.28255502281064],[7.6894384224329535,51.28224819086392]]},"properties":{"name":"Buchholzer Tunnel","laenge":935,"streckennummer":"2800","bundesland":"Nordrhein-Westfalen"}},{"type":"Feature","geometry":{"type":"LineString","coordinates":[[7.704702559316898,51.26906037704923],[7.7111816205518915,51.2706182542001],[7.711724123227312,51.27073397048945],[7.712132779422103,51.27079997270189],[7.712541120109968,51.270843713124265],[7.7130055782512255,51.27086741648325],[7.713419819186225,51.27086565767412],[7.7138512519382845,51.27084145177587],[7.71428080160612,51.270795097070625],[7.714702932192637,51.270726995760384],[7.715114829098012,51.27063759796119],[7.715489366467486,51.2705348989071]]},"properties":{"name":"Husberg Tunnel","laenge":793,"streckennummer":"2800","bundesland":"Nordrhein-Westfalen"}},{"type":"Feature","geometry":{"type":"LineString","coordinates":[[7.7487988173136255,51.2586814528146],[7.749085043491373,51.25860842496073],[7.749776521276752,51.258491068390164],[7.750486773418809,51.25843568524751],[7.751919913611269,51.25851320044131]]},"properties":{"name":"Ütterlingser Tunnel","laenge":222,"streckennummer":"2800","bundesland":"Nordrhein-Westfalen"}},{"type":"Feature","geometry":{"type":"LineString","coordinates":[[7.767390431437005,51.26095852984726],[7.771764612804396,51.261653874749065]]},"properties":{"name":"Werdohler Tunnel  L=315m","laenge":315,"streckennummer":"2800","bundesland":"Nordrhein-Westfalen"}},{"type":"Feature","geometry":{"type":"LineString","coordinates":[[7.802586369160431,51.25462646169439],[7.803111605897254,51.25435967608376],[7.803573483868228,51.25410044712047],[7.805767928189312,51.25274124196576]]},"properties":{"name":"Baukloher Tunnel","laenge":306,"streckennummer":"2800","bundesland":"Nordrhein-Westfalen"}},{"type":"Feature","geometry":{"type":"LineString","coordinates":[[7.899071635560624,51.22512865992983],[7.9004279521989735,51.225067439541796]]},"properties":{"name":"Sieseler Tunnel  Tl = 95,50 m","laenge":95,"streckennummer":"2800","bundesland":"Nordrhein-Westfalen"}},{"type":"Feature","geometry":{"type":"LineString","coordinates":[[7.9971157951859695,51.035969464585875],[7.99692293440974,51.034779931162156],[7.996823690810639,51.03388296782567],[7.99626666939935,51.02972057789598]]},"properties":{"name":"Rahrbacher-Tunnel","laenge":698,"streckennummer":"2800","bundesland":"Nordrhein-Westfalen"}},{"type":"Feature","geometry":{"type":"LineString","coordinates":[[8.032063953428292,50.88309446872633],[8.032367362194027,50.882747080414426],[8.032740092089876,50.882364234033176],[8.033123221088738,50.88198528794803],[8.03354438566394,50.88162430364848],[8.03402488692932,50.881293521221984],[8.034554757219562,50.880994664750745],[8.035133188424293,50.880733833781996],[8.03574213243307,50.8805036472745],[8.037005887144803,50.88009361145322],[8.038304401354758,50.87972667527563],[8.039660182588543,50.879319390371414]]},"properties":{"name":"Unterer Giersbergtunnel","laenge":700,"streckennummer":"2800","bundesland":"Nordrhein-Westfalen"}},{"type":"Feature","geometry":{"type":"LineString","coordinates":[[8.16018289656323,50.82634596769562],[8.189852559807115,50.81169174121113]]},"properties":{"name":"Rudersdorfer Tunnel  Tunnellänge = 2651m","laenge":2652,"streckennummer":"2800","bundesland":"Nordrhein-Westfalen"}},{"type":"Feature","geometry":{"type":"LineString","coordinates":[[7.526234135654595,51.29784019635593],[7.526286002884636,51.29642059691914],[7.5262844179586965,51.295972282952874],[7.526235057289759,51.295752667449364]]},"properties":{"name":"HengstenbergO Tunnel","laenge":233,"streckennummer":"2810","bundesland":"Nordrhein-Westfalen"}},{"type":"Feature","geometry":{"type":"LineString","coordinates":[[7.520138881187433,51.26342751531184],[7.520123566219797,51.26322521387706],[7.520066303046485,51.26277728563033],[7.519925402062709,51.26207120938041]]},"properties":{"name":"Twieströmer W Tunnel","laenge":152,"streckennummer":"2810","bundesland":"Nordrhein-Westfalen"}},{"type":"Feature","geometry":{"type":"LineString","coordinates":[[7.560719335742886,51.22199250022206],[7.560821803913902,51.22190751655927],[7.561169686558719,51.22151549811768],[7.561476055495125,51.221108167677606],[7.561800937190222,51.22070627316103],[7.562068012888126,51.22029124000466],[7.562142056127242,51.220065014099426]]},"properties":{"name":"Winkhauser Tunnel","laenge":238,"streckennummer":"2810","bundesland":"Nordrhein-Westfalen"}},{"type":"Feature","geometry":{"type":"LineString","coordinates":[[7.627039279834956,51.102825533542486],[7.626721396520491,51.10255360570252],[7.626259904484321,51.10221085212859],[7.625763604280718,51.10188804406314],[7.62523371665106,51.101587110144436],[7.624670324542629,51.10131102636707],[7.62408411424454,51.1010552255312],[7.622896673867079,51.10061498002966]]},"properties":{"name":"Meinerzhagener Tunnel","laenge":384,"streckennummer":"2810","bundesland":"Nordrhein-Westfalen"}},{"type":"Feature","geometry":{"type":"LineString","coordinates":[[7.614547957696628,51.22305926294734],[7.614979957525129,51.22341120483109],[7.615362824833682,51.223791626399496],[7.616785986714656,51.225351239757515],[7.6171334877369326,51.22574482005195],[7.6175651309557555,51.2261241574712]]},"properties":{"name":"Lüdenscheider Tunnel","laenge":400,"streckennummer":"2813","bundesland":"Nordrhein-Westfalen"}},{"type":"Feature","geometry":{"type":"LineString","coordinates":[[7.628823049922501,51.10356737972356],[7.628973210544718,51.10328997044069],[7.629299819348161,51.102890761677095],[7.629734541462594,51.10253455168744],[7.630251182689933,51.10222497433209],[7.6308465673561034,51.101977700223294],[7.631495617686924,51.101791526808746],[7.632186679201495,51.10168044363745],[7.632899439586577,51.10164487774147],[7.633146020478316,51.101655567356346]]},"properties":{"name":"Schwarzenbergtunnel","laenge":400,"streckennummer":"2815","bundesland":"Nordrhein-Westfalen"}},{"type":"Feature","geometry":{"type":"LineString","coordinates":[[7.452845868665077,51.34744055469044],[7.453087950182017,51.34736312094675],[7.453396669388131,51.34728043295191],[7.453688401297833,51.3472104868234],[7.454262772212465,51.34709503980091],[7.455006527053774,51.34698314045613],[7.45570114999518,51.34691849206124],[7.456123755653744,51.3468904012735],[7.456758382325683,51.3468883970243],[7.457245855176775,51.346898704211384],[7.457683120462513,51.346926475126914],[7.458183796841998,51.34697450887428],[7.458531658609081,51.34701792784643],[7.459269461880559,51.34714418059553],[7.459956707668549,51.34729953624797],[7.460583109061185,51.34748129863172],[7.461367239817818,51.347768710877816],[7.4709023045536265,51.351870341738525],[7.471542608673781,51.35213509708332],[7.471793929705564,51.35222384368562],[7.472127509674266,51.352325316746324],[7.472480247393044,51.35241020644151],[7.472868687961912,51.35247871474248],[7.473206403052168,51.35251808775581],[7.473464263332555,51.352534400641716],[7.473784414453608,51.35254246325482],[7.474102857960855,51.352540133795564],[7.4744095767289505,51.35251693537567],[7.474802529606469,51.35246909127627],[7.475097153483392,51.35241711224723],[7.475471840295451,51.35233910788914],[7.476114233599624,51.352167479080514],[7.4767834266768824,51.35194986518193],[7.477232800921343,51.351779307684176],[7.4774659926482325,51.35167571782824],[7.478825473552256,51.35102875414963]]},"properties":{"name":"Goldbergtunnel","laenge":2200,"streckennummer":"2819","bundesland":"Nordrhein-Westfalen"}},{"type":"Feature","geometry":{"type":"LineString","coordinates":[[7.582206611528076,51.47006171422921],[7.578860324153605,51.477462999696975]]},"properties":{"name":"Ostberger Tunnel","laenge":856,"streckennummer":"2840","bundesland":"Nordrhein-Westfalen"}},{"type":"Feature","geometry":{"type":"LineString","coordinates":[[7.849426963123823,51.38706643094182],[7.849528208908299,51.38692426277788],[7.849966789430121,51.38607150179237]]},"properties":{"name":"Uhu-Tunnel","laenge":117,"streckennummer":"2853","bundesland":"Nordrhein-Westfalen"}},{"type":"Feature","geometry":{"type":"LineString","coordinates":[[7.854075703444597,51.37812068429173],[7.854554329742146,51.37766421982336],[7.855364705813889,51.3769220357241],[7.856287545091716,51.37605322244001]]},"properties":{"name":"Binoler Tunnel","laenge":277,"streckennummer":"2853","bundesland":"Nordrhein-Westfalen"}},{"type":"Feature","geometry":{"type":"LineString","coordinates":[[7.849057952841775,51.10615555108161],[7.8490765631994375,51.10602740478685],[7.849204845705711,51.10558526672232],[7.849392290250979,51.10515197149533],[7.853607788588307,51.096954889578214]]},"properties":{"name":"Bausenbergtunnel","laenge":1073,"streckennummer":"2864","bundesland":"Nordrhein-Westfalen"}},{"type":"Feature","geometry":{"type":"LineString","coordinates":[[7.850516140244184,51.08369232588528],[7.850077203520328,51.08320457566896],[7.84970163967983,51.08282278398925],[7.848917417889779,51.08207197739859],[7.848108095574888,51.08133157483538],[7.8445154779791295,51.07797876463995],[7.844139468447251,51.0775971702874],[7.843811613113315,51.07719804089079],[7.843543025003059,51.07678261039517],[7.843358901272636,51.076348939543095],[7.843178541869956,51.07571493648334]]},"properties":{"name":"Erbscheidttunnel","laenge":1034,"streckennummer":"2864","bundesland":"Nordrhein-Westfalen"}},{"type":"Feature","geometry":{"type":"LineString","coordinates":[[7.841355896760947,51.06789953760131],[7.841216948975397,51.06746374567378],[7.841021061607013,51.06703211111658],[7.840743223489826,51.066618756918984],[7.840398830284326,51.06622538579908],[7.840238187911014,51.06608064663147]]},"properties":{"name":"-Hanemickertunnel-","laenge":219,"streckennummer":"2864","bundesland":"Nordrhein-Westfalen"}},{"type":"Feature","geometry":{"type":"LineString","coordinates":[[8.126171140390685,50.986161898113075],[8.125590077051788,50.985990899146316],[8.124243833213168,50.985692056730166],[8.123608763200396,50.98557251150744]]},"properties":{"name":"Vormwalder Tunnel","laenge":192,"streckennummer":"2870","bundesland":"Nordrhein-Westfalen"}},{"type":"Feature","geometry":{"type":"LineString","coordinates":[[8.146311503075756,50.97522779240868],[8.147247860363068,50.97341601244469],[8.147326159179922,50.97324433807043]]},"properties":{"name":"Schloßberg-Tunnel","laenge":282,"streckennummer":"2870","bundesland":"Nordrhein-Westfalen"}},{"type":"Feature","geometry":{"type":"LineString","coordinates":[[8.144458357600959,50.96768020241604],[8.144618580330537,50.967457206965776],[8.144843417297706,50.9672297308975],[8.144983892097626,50.96711471555514],[8.145109189557845,50.96702640264602],[8.145324089924499,50.96689093889769],[8.145651533406701,50.96673239460972],[8.145913677516594,50.96663090504369],[8.146092644058655,50.96657368229969],[8.146277096301132,50.96652481732251],[8.146633885884878,50.96645054493619]]},"properties":{"name":"Kronprinz-Eiche-Tunnel","laenge":213,"streckennummer":"2870","bundesland":"Nordrhein-Westfalen"}},{"type":"Feature","geometry":{"type":"LineString","coordinates":[[8.307949050357982,50.986332514243564],[8.308206708598517,50.98473994127573],[8.308222273938203,50.984515697806536],[8.308201379281808,50.984293233334014],[8.308173727065222,50.98415723441039],[8.308132360703762,50.98402659212405],[8.308053612636122,50.98385384129163],[8.30796879939958,50.98370217745807],[8.307817348102532,50.98349844996005]]},"properties":{"name":"Leimstruther Tunnel","laenge":321,"streckennummer":"2870","bundesland":"Nordrhein-Westfalen"}},{"type":"Feature","geometry":{"type":"LineString","coordinates":[[7.983791801909446,50.84623767747678],[7.9833090221704985,50.846156239071426],[7.982776150121424,50.84608438572729],[7.978913875112737,50.84565730784015]]},"properties":{"name":"Niederschelder Tunnel","laenge":350,"streckennummer":"2880","bundesland":"Nordrhein-Westfalen"}},{"type":"Feature","geometry":{"type":"LineString","coordinates":[[7.93365885741294,50.820162774427104],[7.933274092559401,50.82013263414034],[7.932897499246085,50.8201121484768],[7.932519993581974,50.82010026523059],[7.932066452410063,50.82009738048211],[7.931613146128688,50.82010691066094],[7.9312361715706015,50.82012432499908],[7.930786648146989,50.82015649075873],[7.930403699714741,50.82019388844807]]},"properties":{"name":"Brachbacher Tunnel","laenge":232,"streckennummer":"2880","bundesland":"Rheinland-Pfalz"}},{"type":"Feature","geometry":{"type":"LineString","coordinates":[[7.916320682094172,50.82119504142724],[7.913207179525293,50.82057599227015]]},"properties":{"name":"Büderholzer Tunnel","laenge":232,"streckennummer":"2880","bundesland":"Rheinland-Pfalz"}},{"type":"Feature","geometry":{"type":"LineString","coordinates":[[7.88745233195696,50.8173000553284],[7.886700293106738,50.81720664298547],[7.886021967367904,50.8170764364812],[7.885733704340758,50.81700078316626]]},"properties":{"name":"Freusburger Tunnel","laenge":127,"streckennummer":"2880","bundesland":"Rheinland-Pfalz"}},{"type":"Feature","geometry":{"type":"LineString","coordinates":[[8.031840663294807,50.88347014372741],[8.032545792025864,50.8833754599858],[8.033217963641851,50.88323292160407],[8.033856979071233,50.883038600205],[8.034452549690537,50.88279453925309],[8.035003501044924,50.88251418354016],[8.036016815107782,50.88188515175707],[8.037897107611165,50.880533402775626],[8.038900316941588,50.87989762027311],[8.039439822247767,50.87960666881867],[8.039802811576962,50.87943952262421]]},"properties":{"name":"Unterer Giersbergtunnel","laenge":732,"streckennummer":"2881","bundesland":"Nordrhein-Westfalen"}},{"type":"Feature","geometry":{"type":"LineString","coordinates":[[8.590733981437419,51.37818545190156],[8.590631934551237,51.377908527500956],[8.590515994825612,51.37746507598211],[8.59045022806945,51.377018060015835],[8.590451897699305,51.37656892407319],[8.590497449194086,51.376120749988964],[8.590566526323473,51.37568589929664]]},"properties":{"name":"Gudenhagener Tunnel","laenge":280,"streckennummer":"2961","bundesland":"Nordrhein-Westfalen"}},{"type":"Feature","geometry":{"type":"LineString","coordinates":[[8.963522450447867,51.64878523126137],[8.9641068170871,51.648292807939264],[8.96500399352865,51.647595560407616],[8.965941910992889,51.64691099933274],[8.966602464625936,51.646459716459255],[8.967927602540426,51.64560531568821],[8.96897134004791,51.64498164217263],[8.969872616967654,51.64447533310667],[8.971154077032924,51.64380223378884],[8.972294289638574,51.64324845230859],[8.973467037684427,51.64271718148283],[8.974650607144891,51.64221295024772],[8.975881167039589,51.64173121751777],[8.977122557065771,51.64127877894728],[8.985937239307217,51.63819552170227],[8.987191921997978,51.637750181673645],[8.987810217890212,51.6375179178992],[8.988419647906412,51.63727685988053],[8.98901703466288,51.63702442795326],[8.989602688269372,51.6367615525738],[8.990176182400699,51.63648835971522],[8.990736866863939,51.63620507870062],[8.991284293723737,51.635911947862496],[8.991818015085657,51.63560920104344],[8.992337626412834,51.63529716646509],[8.992842665459264,51.634976010565644],[8.993332828882602,51.634646003154806],[8.99380761839501,51.63430739156319],[8.994266680174787,51.63396051300881],[8.99470962434373,51.633605601346495],[8.99513621992729,51.63324298930281],[8.99564007660921,51.63278249332834]]},"properties":{"name":"Eggetunnel","laenge":2880,"streckennummer":"2970","bundesland":"Nordrhein-Westfalen"}},{"type":"Feature","geometry":{"type":"LineString","coordinates":[[8.892418501231466,51.224531383004376],[8.893022256506413,51.22277444030553]]},"properties":{"name":"Itter I Tunnel","laenge":200,"streckennummer":"2972","bundesland":"Hessen"}},{"type":"Feature","geometry":{"type":"LineString","coordinates":[[8.894782919948092,51.21913408898336],[8.894934506866017,51.218877199965256],[8.895007515209217,51.21868214974441],[8.89507194337553,51.21843603662141],[8.895083321716315,51.2183241950176]]},"properties":{"name":"Itter II Tunnel","laenge":93,"streckennummer":"2972","bundesland":"Hessen"}},{"type":"Feature","geometry":{"type":"LineString","coordinates":[[8.745370511267094,51.01846332667183],[8.745859654468518,51.018158834714875],[8.746385237758869,51.01785230081073],[8.746915523580956,51.01759173959384],[8.747342869954608,51.0173626530401]]},"properties":{"name":"Wiesenfelder Tunnel","laenge":185,"streckennummer":"2972","bundesland":"Hessen"}},{"type":"Feature","geometry":{"type":"LineString","coordinates":[[9.026997282028315,51.75270729071031],[9.027116809898493,51.75248799425497],[9.027303308225285,51.75208110952859],[9.027465374665452,51.751595030259715],[9.027549960180533,51.75115602501668],[9.027644959204912,51.750549245586726]]},"properties":{"name":"Reelsener Tunnel","laenge":245,"streckennummer":"2974","bundesland":"Nordrhein-Westfalen"}},{"type":"Feature","geometry":{"type":"LineString","coordinates":[[9.503053917313586,51.65073722175046],[9.503427511786327,51.65043659834097],[9.503890113572988,51.65010372995288],[9.504448086790637,51.649748514024566],[9.504939839894714,51.64947291671282],[9.505340158034079,51.649271821263866],[9.50569890692329,51.649103273708306],[9.506198082919616,51.648893398592776],[9.506702478601195,51.648699160073626],[9.507360787870683,51.648472929892705],[9.507959337975478,51.648301237383265],[9.50876740221445,51.648118192253406],[9.509276205360075,51.64802099225543],[9.509963908999636,51.64791823847692],[9.510597536462058,51.64783987714097]]},"properties":{"name":"Wahmbecker-Tunnel","laenge":630,"streckennummer":"2975","bundesland":"Niedersachsen"}},{"type":"Feature","geometry":{"type":"LineString","coordinates":[[9.76488345744282,51.66051378405257],[9.7698023800194,51.662250710451005],[9.770435187366395,51.66246534960229],[9.771082017032619,51.662661544018626],[9.771757608272958,51.66282473914941],[9.772450301661307,51.662957357203275],[9.7731499920755,51.663058893775776],[9.773859535778522,51.66312911416919],[9.77458050099138,51.66316556758016],[9.775302620454118,51.66317477511862],[9.777712478080316,51.66307035114185]]},"properties":{"name":"Ertinghäuser-Tunnel  Länge = 960 m","laenge":960,"streckennummer":"2975","bundesland":"Niedersachsen"}},{"type":"Feature","geometry":{"type":"LineString","coordinates":[[7.025402966111524,50.51831453382239],[7.024734219571294,50.51838253642154],[7.024029845964975,50.51838384527152],[7.023334379078712,50.518310673947056],[7.0226660856729435,50.5181700623859],[7.022398318822452,50.51808579340841]]},"properties":{"name":"","laenge":219,"streckennummer":"3000","bundesland":"Rheinland-Pfalz"}},{"type":"Feature","geometry":{"type":"LineString","coordinates":[[7.007975743157237,50.51477234825636],[7.008198496684645,50.51530233546819],[7.008331209298832,50.515744692139116],[7.008380798837827,50.51619057112136],[7.008304789291485,50.51663716520273],[7.008106594322223,50.51706794464148],[7.007802976527904,50.51747321141347],[7.007390299079383,50.51783730806041],[7.007158926401845,50.517981934845245]]},"properties":{"name":"","laenge":384,"streckennummer":"3000","bundesland":"Rheinland-Pfalz"}},{"type":"Feature","geometry":{"type":"LineString","coordinates":[[7.005943821317655,50.51854251593247],[7.005698015048281,50.51862815875459],[7.005048069511027,50.51880458297616],[7.004386085339946,50.51895888692937],[7.0038998150082294,50.5190490493729]]},"properties":{"name":"EÜ Zürcherstrasse","laenge":156,"streckennummer":"3000","bundesland":"Rheinland-Pfalz"}},{"type":"Feature","geometry":{"type":"LineString","coordinates":[[7.000295589669636,50.519117899233486],[7.000239345422341,50.519108330216625],[6.999599727340293,50.51892039157262],[6.99919108704184,50.51874642340304]]},"properties":{"name":"EÜ Zürcherstrasse","laenge":89,"streckennummer":"3000","bundesland":"Rheinland-Pfalz"}},{"type":"Feature","geometry":{"type":"LineString","coordinates":[[6.996354990470184,50.51662771697043],[6.995712148362108,50.51640882415927],[6.9955207136630655,50.51637061979019]]},"properties":{"name":"","laenge":66,"streckennummer":"3000","bundesland":"Rheinland-Pfalz"}},{"type":"Feature","geometry":{"type":"LineString","coordinates":[[7.192612330358603,50.31141167556085],[7.18692098445606,50.31088514302712],[7.186223588388647,50.310825926422744],[7.185965786885545,50.310788632452415]]},"properties":{"name":"Geisbüsch- Tunnel  3005/29,991/1310","laenge":479,"streckennummer":"3005","bundesland":"Rheinland-Pfalz"}},{"type":"Feature","geometry":{"type":"LineString","coordinates":[[7.1622521034399815,50.300368238941445],[7.161583348526287,50.300301535194635],[7.160885546333329,50.300309735163154],[7.159672804808994,50.3004538200117]]},"properties":{"name":"Monrealer- Tunnel","laenge":186,"streckennummer":"3005","bundesland":"Rheinland-Pfalz"}},{"type":"Feature","geometry":{"type":"LineString","coordinates":[[7.163589673283204,50.14688451174697],[7.14313902933452,50.11110085369897]]},"properties":{"name":"Neuer Kaiser-Wilhelm-Tunnel","laenge":4242,"streckennummer":"3010","bundesland":"Rheinland-Pfalz"}},{"type":"Feature","geometry":{"type":"LineString","coordinates":[[7.1370442252583315,50.09970657247415],[7.136871892559067,50.09928544948115],[7.136747072144014,50.09884343778786],[7.13669794566434,50.09839523978743],[7.136720076924048,50.09794615339034],[7.136811013516679,50.09750080113737],[7.136970716237676,50.09706339009393],[7.137201517463212,50.09663950943837],[7.137365700024709,50.09639529063737]]},"properties":{"name":"Petersberg Tunnel","laenge":378,"streckennummer":"3010","bundesland":"Rheinland-Pfalz"}},{"type":"Feature","geometry":{"type":"LineString","coordinates":[[7.131539219334908,50.04774365665577],[7.13117116176596,50.04756531466297],[7.130590814390784,50.04731587976341],[7.129986191567292,50.04709142847771],[7.129360723972843,50.04689205170232],[7.128717289049428,50.046718060745796],[7.128058022581924,50.046570703583825],[7.127384495526193,50.04645210475677],[7.126702907288694,50.04635721211959],[7.125641964846615,50.046269446163386]]},"properties":{"name":"Prinzenkopf Tunnel","laenge":459,"streckennummer":"3010","bundesland":"Rheinland-Pfalz"}},{"type":"Feature","geometry":{"type":"LineString","coordinates":[[7.111701678428768,50.03566741757259],[7.111531956633369,50.03539755690334],[7.111212962638547,50.03499795519265],[7.110842861044637,50.034617072091706],[7.110425509724161,50.03425693002395],[7.109962462928123,50.033920772591905],[7.1094583924201284,50.033610158914776],[7.108915443667353,50.03332804559467],[7.108336183437012,50.03307837613841],[7.107730422159083,50.03285515996061],[7.107106537683986,50.03265405116712],[7.106830139656554,50.03257385207024]]},"properties":{"name":"Reilerhals-Tunnel","laenge":504,"streckennummer":"3010","bundesland":"Rheinland-Pfalz"}},{"type":"Feature","geometry":{"type":"LineString","coordinates":[[7.024401645334808,50.00124835708874],[7.023952254760444,50.00119322581047],[7.017226901091187,50.000638393958035]]},"properties":{"name":"Kinderbeuener Tunnel","laenge":519,"streckennummer":"3010","bundesland":"Rheinland-Pfalz"}},{"type":"Feature","geometry":{"type":"LineString","coordinates":[[6.720896326132334,49.82614637514499],[6.719708068738988,49.82622778291129],[6.7183406370885566,49.82639976491568],[6.712851321023834,49.82696722748162],[6.711481892849488,49.82713519574441],[6.7101058101585656,49.82724724002698],[6.7100403162764595,49.82724758182669]]},"properties":{"name":"Meulenwalt-Tunnel","laenge":791,"streckennummer":"3010","bundesland":"Rheinland-Pfalz"}},{"type":"Feature","geometry":{"type":"LineString","coordinates":[[6.430454955419916,49.666017442771505],[6.430345670786042,49.66556978295656],[6.43031814221142,49.66512082511234],[6.430366455281309,49.66467257070542],[6.430495302433726,49.66423110841061],[6.430699103056486,49.66380161067053],[6.430979617593787,49.66339073014719],[6.431329027310042,49.66300300933686],[6.431746132719667,49.66264449992698],[6.432221441405942,49.66231774230558],[6.432751840447981,49.66202884004941],[6.4333279361579985,49.66178032230215],[6.433942656098037,49.66157365921929],[6.4344838247370095,49.661440419532724]]},"properties":{"name":"Nitteler Tunnel","laenge":642,"streckennummer":"3010","bundesland":"Rheinland-Pfalz"}},{"type":"Feature","geometry":{"type":"LineString","coordinates":[[7.544990446796418,50.2215976250442],[7.544615475116268,50.22169633408507],[7.544197628795002,50.2218630876709]]},"properties":{"name":"Hinterburden-Tunnel I","laenge":64,"streckennummer":"3020","bundesland":"Rheinland-Pfalz"}},{"type":"Feature","geometry":{"type":"LineString","coordinates":[[7.542277279424154,50.22328002754543],[7.542199090456576,50.22335328040863],[7.541959545258759,50.22365393090639],[7.541875759036574,50.2238028434695]]},"properties":{"name":"Hinterburden-Tunnel II","laenge":65,"streckennummer":"3020","bundesland":"Rheinland-Pfalz"}},{"type":"Feature","geometry":{"type":"LineString","coordinates":[[7.551896139251678,50.232521744899515],[7.552041294346354,50.23327079451604],[7.552130449522127,50.23362690525782]]},"properties":{"name":"Rauherberg-Tunnel","laenge":124,"streckennummer":"3020","bundesland":"Rheinland-Pfalz"}},{"type":"Feature","geometry":{"type":"LineString","coordinates":[[7.554771094092806,50.236625468743206],[7.554923579155176,50.23675526178476],[7.555358818355368,50.23703264808797],[7.555734470297672,50.23721611343901],[7.556182323805648,50.237384731963445],[7.556330608886468,50.23742556471824]]},"properties":{"name":"Talberg-Tunnel","laenge":144,"streckennummer":"3020","bundesland":"Rheinland-Pfalz"}},{"type":"Feature","geometry":{"type":"LineString","coordinates":[[7.567108740231767,50.238433191354055],[7.56747784526918,50.23831987138447],[7.567965164871444,50.23812163246281],[7.568474252881918,50.23783924676553],[7.5685282188926175,50.237801481127924]]},"properties":{"name":"Kalmut-Tunnel","laenge":124,"streckennummer":"3020","bundesland":"Rheinland-Pfalz"}},{"type":"Feature","geometry":{"type":"LineString","coordinates":[[7.600859078636625,50.33756117738956],[7.601555583077417,50.33662534521201],[7.601826448305343,50.33621015128195],[7.602023849328,50.335781838600255],[7.602102217131817,50.33533529698935],[7.602057869776105,50.33488745619561],[7.601900001727474,50.334449884713926],[7.601621832539184,50.33403739307155],[7.601246626303505,50.33365783894876],[7.600773005019085,50.33332615582481],[7.600226731058985,50.3330444415731],[7.6000670883557175,50.33298810072449]]},"properties":{"name":"Horchheimer Tunnel","laenge":576,"streckennummer":"3031","bundesland":"Rheinland-Pfalz"}},{"type":"Feature","geometry":{"type":"LineString","coordinates":[[7.664427928350491,50.72785877389711],[7.6644757352201145,50.72791765094312],[7.664713400540069,50.728341591012835],[7.665104437908326,50.72920369763952],[7.665407190171632,50.730081936196235],[7.667485463212067,50.73531520613398],[7.667848395310316,50.73618483828208],[7.668146657016365,50.73698978524851]]},"properties":{"name":"Marienthaler-Tunnel","laenge":1050,"streckennummer":"3032","bundesland":"Rheinland-Pfalz"}},{"type":"Feature","geometry":{"type":"LineString","coordinates":[[6.599734627853283,49.47927955736322],[6.599544952558997,49.48084699521374],[6.599468613366879,49.48219515296842],[6.598794686308098,49.49000602793975]]},"properties":{"name":"Mettlacher-Tunnel","laenge":1195,"streckennummer":"3230","bundesland":"Saarland"}},{"type":"Feature","geometry":{"type":"LineString","coordinates":[[6.956802715821207,49.22901153939733],[6.956361540121469,49.22907630303024],[6.955957606170067,49.22916610932429],[6.955569991221671,49.22928277045822],[6.955202862722361,49.22942504060679],[6.9548601385503055,49.22959138670803],[6.954545512727713,49.229780029412666],[6.95426233853486,49.229988945548996],[6.954011106772199,49.23021854640688]]},"properties":{"name":"Schanzenbergtunnel  3232/3,491/1310","laenge":251,"streckennummer":"3232","bundesland":"Saarland"}},{"type":"Feature","geometry":{"type":"LineString","coordinates":[[7.066346604797872,49.35720742651687],[7.067629737137029,49.359199593203705],[7.069518839248947,49.36216775784545],[7.069627478949925,49.362354235002776]]},"properties":{"name":"Merchweilertunnel","laenge":622,"streckennummer":"3240","bundesland":"Saarland"}},{"type":"Feature","geometry":{"type":"LineString","coordinates":[[6.974531723049772,49.24293647160049],[6.9742318120295295,49.24286034980793],[6.973966102253007,49.24280717500198],[6.972831053263342,49.242618101085384],[6.9724522241144,49.24256680378649]]},"properties":{"name":"Schleifmühler Tunnel","laenge":157,"streckennummer":"3242","bundesland":"Saarland"}},{"type":"Feature","geometry":{"type":"LineString","coordinates":[[7.852197230142991,49.43169065367739],[7.852613415006317,49.43185210358982],[7.85378098025466,49.43233030980378],[7.868023967686996,49.438057387445205]]},"properties":{"name":"Heiligenberg-Tunnel","laenge":1349,"streckennummer":"3280","bundesland":"Rheinland-Pfalz"}},{"type":"Feature","geometry":{"type":"LineString","coordinates":[[7.928703939073633,49.441017913435275],[7.929637313954428,49.440618094214884]]},"properties":{"name":"Franzosenwoog-Tunnel","laenge":81,"streckennummer":"3280","bundesland":"Rheinland-Pfalz"}},{"type":"Feature","geometry":{"type":"LineString","coordinates":[[7.973260197754837,49.43904431964521],[7.9736020506838665,49.43906344801437],[7.974974608193414,49.4389937858285],[7.975647343520488,49.43889646352659],[7.976056509089109,49.438810052425204]]},"properties":{"name":"Schloßberg-Tunnel","laenge":206,"streckennummer":"3280","bundesland":"Rheinland-Pfalz"}},{"type":"Feature","geometry":{"type":"LineString","coordinates":[[7.980696758301043,49.4356990486782],[7.980759482078949,49.435562771080924],[7.980891636131568,49.43512176788416],[7.980953601237394,49.43467423418755],[7.980947707655756,49.43422491118659],[7.9808717487358125,49.43377825271322],[7.980722748286779,49.43334025672846],[7.98058126062592,49.43303725407933]]},"properties":{"name":"Kehre-Tunnel","laenge":301,"streckennummer":"3280","bundesland":"Rheinland-Pfalz"}},{"type":"Feature","geometry":{"type":"LineString","coordinates":[[7.980311234633641,49.427796781862924],[7.980407708180586,49.42721602058587]]},"properties":{"name":"Eisenkeil- Tunnel","laenge":65,"streckennummer":"3280","bundesland":"Rheinland-Pfalz"}},{"type":"Feature","geometry":{"type":"LineString","coordinates":[[7.98438764938663,49.423150798360936],[7.985981600816028,49.422183775473165]]},"properties":{"name":"Köpfl-Tunnel","laenge":158,"streckennummer":"3280","bundesland":"Rheinland-Pfalz"}},{"type":"Feature","geometry":{"type":"LineString","coordinates":[[7.986697521264755,49.42174898430268],[7.988875376610522,49.42042615773037]]},"properties":{"name":"Gipp-Tunnel","laenge":215,"streckennummer":"3280","bundesland":"Rheinland-Pfalz"}},{"type":"Feature","geometry":{"type":"LineString","coordinates":[[8.007419311295399,49.41135904629707],[8.009493221482861,49.41000510410842]]},"properties":{"name":"Mainzerberg - Tunnel","laenge":212,"streckennummer":"3280","bundesland":"Rheinland-Pfalz"}},{"type":"Feature","geometry":{"type":"LineString","coordinates":[[8.01550132436595,49.40355728149491],[8.018759745933256,49.40104773901488]]},"properties":{"name":"Schönberg - Langeck - Tunnel","laenge":366,"streckennummer":"3280","bundesland":"Rheinland-Pfalz"}},{"type":"Feature","geometry":{"type":"LineString","coordinates":[[8.02335747791194,49.39794592981978],[8.023657502857798,49.39779646765926],[8.024782566648277,49.397276954111454],[8.02554378964123,49.39691336038467]]},"properties":{"name":"Retschbach - Tunnel","laenge":196,"streckennummer":"3280","bundesland":"Rheinland-Pfalz"}},{"type":"Feature","geometry":{"type":"LineString","coordinates":[[8.040273995198081,49.39131361310334],[8.041234544678058,49.39077465979215]]},"properties":{"name":"Tunnel Lichtensteiner Kopf","laenge":92,"streckennummer":"3280","bundesland":"Rheinland-Pfalz"}},{"type":"Feature","geometry":{"type":"LineString","coordinates":[[8.106360231926649,49.36118435604602],[8.106274999871468,49.36086748993155],[8.106203762825064,49.36042007335013],[8.10618746511571,49.35997089637833],[8.106230746297527,49.35952214387578],[8.106347019632645,49.359079907831024],[8.106545667782864,49.358649727399204],[8.106730796420734,49.358376086447215]]},"properties":{"name":"Wolfsbergtunnel","laenge":320,"streckennummer":"3280","bundesland":"Rheinland-Pfalz"}},{"type":"Feature","geometry":{"type":"LineString","coordinates":[[7.605449485117324,49.58864852399092],[7.605350485934079,49.58872501804014],[7.6050601900705646,49.589133498558766],[7.604991951532282,49.58939669936642]]},"properties":{"name":"Eisenknopf-Tunnel","laenge":91,"streckennummer":"3302","bundesland":"Rheinland-Pfalz"}},{"type":"Feature","geometry":{"type":"LineString","coordinates":[[7.892183671687712,49.48069873198061],[7.892940394636079,49.48079991824413]]},"properties":{"name":"-Schützenkanzeltunnel-","laenge":56,"streckennummer":"3303","bundesland":"Rheinland-Pfalz"}},{"type":"Feature","geometry":{"type":"LineString","coordinates":[[7.597983938625225,49.2256818229342],[7.597819667030651,49.22556341967398],[7.596673016792896,49.22486526381121],[7.5892041756663575,49.220409838193646],[7.589036036659117,49.22029713176118]]},"properties":{"name":"Neuer Fehrbacher Tunnel","laenge":886,"streckennummer":"3310","bundesland":"Rheinland-Pfalz"}},{"type":"Feature","geometry":{"type":"LineString","coordinates":[[7.9119391989168735,49.47275796401674],[7.908559638592419,49.47601065836198]]},"properties":{"name":"Altenhoftunnel","laenge":437,"streckennummer":"3320","bundesland":"Rheinland-Pfalz"}},{"type":"Feature","geometry":{"type":"LineString","coordinates":[[7.848040134454831,49.57560494648936],[7.847720747905838,49.575965298748244],[7.847411998786595,49.57622661571623]]},"properties":{"name":"Kupferschmelztunnel","laenge":83,"streckennummer":"3320","bundesland":"Rheinland-Pfalz"}},{"type":"Feature","geometry":{"type":"LineString","coordinates":[[7.807657126891704,49.599088170948605],[7.807664179457865,49.5993304350581],[7.807750130222344,49.59977630508857],[7.807912730179489,49.6002130555509],[7.8081453727265355,49.600636261781965],[7.8084507798347405,49.601039315703204],[7.808822993811577,49.60141781709987],[7.809259649208267,49.60176611687914],[7.809668353273505,49.60201927026608]]},"properties":{"name":"Imsweiler Tunnel","laenge":368,"streckennummer":"3320","bundesland":"Rheinland-Pfalz"}},{"type":"Feature","geometry":{"type":"LineString","coordinates":[[7.8162342515269145,49.722359890111136],[7.816686055080579,49.724894923708966]]},"properties":{"name":"Alsenz-Tunnel","laenge":284,"streckennummer":"3320","bundesland":"Rheinland-Pfalz"}},{"type":"Feature","geometry":{"type":"LineString","coordinates":[[8.438659740468266,49.483636403389355],[8.438949457824599,49.483769669984994],[8.439447516120754,49.48407904858606],[8.439911947145786,49.484413316451466],[8.440385714223675,49.48474030406],[8.441297069008481,49.48541656319603],[8.441693671517358,49.48578180811631],[8.441979977131016,49.486189142971],[8.442187085629625,49.48661847018717],[8.442344785985073,49.48705641532329],[8.442434316442576,49.487502141834526],[8.442457233196423,49.4879515394089],[8.442429432048863,49.48816625081072]]},"properties":{"name":"BASF-Verbindungstunnel","laenge":600,"streckennummer":"3405","bundesland":"Rheinland-Pfalz"}},{"type":"Feature","geometry":{"type":"LineString","coordinates":[[8.02898969685122,49.216725220376595],[8.028878589685217,49.21679897252852],[8.028373654670055,49.21709975512726],[8.02803372085444,49.217278471855394]]},"properties":{"name":"Kirchberg Tunnel","laenge":93,"streckennummer":"3450","bundesland":"Rheinland-Pfalz"}},{"type":"Feature","geometry":{"type":"LineString","coordinates":[[7.9192342099998845,49.22046761077239],[7.9189711209373295,49.22084836802218],[7.918577123771549,49.221213736912034],[7.91847106015671,49.221292014310954]]},"properties":{"name":"Schwerwoogkopftunnel","laenge":108,"streckennummer":"3450","bundesland":"Rheinland-Pfalz"}},{"type":"Feature","geometry":{"type":"LineString","coordinates":[[7.728034961496922,49.2137883212766],[7.727824979782354,49.21387277161106],[7.726598968345765,49.21427552519573],[7.725328894651886,49.21462015460048],[7.720320325947782,49.21609255475279],[7.719052711921841,49.216440158025264],[7.717822914018049,49.216838320194654],[7.717559933085767,49.21694466637273]]},"properties":{"name":"Münchweiler-Tunnel","laenge":841,"streckennummer":"3450","bundesland":"Rheinland-Pfalz"}},{"type":"Feature","geometry":{"type":"LineString","coordinates":[[7.667830863866974,49.23510729537172],[7.667462125072947,49.235473271989065],[7.667043512364201,49.235828906458316],[7.666564802826308,49.23615109270584],[7.666032311194806,49.236433779322596],[7.665450224858787,49.2366719055255],[7.664825924328843,49.23685814253615],[7.66475663541314,49.23687225078493]]},"properties":{"name":"Neuhof-Tunnel","laenge":304,"streckennummer":"3450","bundesland":"Rheinland-Pfalz"}},{"type":"Feature","geometry":{"type":"LineString","coordinates":[[8.329029797773195,50.14106880033644],[8.330558990200146,50.14293884003712]]},"properties":{"name":"Grauer Stein Tunnel","laenge":235,"streckennummer":"3501","bundesland":"Hessen"}},{"type":"Feature","geometry":{"type":"LineString","coordinates":[[7.726708507341742,50.11234615866236],[7.726559785217854,50.112477974399525],[7.726219122368914,50.11286988105101],[7.725957100515626,50.11328649729005],[7.725780458233381,50.1137213164163],[7.725685948970779,50.1141666206586],[7.725681161337086,50.11461603818822],[7.725760030790887,50.11506267854522],[7.7259274693349145,50.11549908824229],[7.726175227860588,50.11591929654431],[7.726431285434831,50.11622779098598]]},"properties":{"name":"Neuer Roßsteintunnel","laenge":457,"streckennummer":"3507","bundesland":"Rheinland-Pfalz"}},{"type":"Feature","geometry":{"type":"LineString","coordinates":[[7.72642420122299,50.11263395435492],[7.726219122368914,50.11286988105101],[7.725957100515626,50.11328649729005],[7.725780458233381,50.1137213164163],[7.725685948970779,50.1141666206586],[7.725681161337086,50.11461603818822],[7.725760030790887,50.11506267854522],[7.7259274693349145,50.11549908824229],[7.726164845305753,50.115901687471954]]},"properties":{"name":"Alter Roßsteintunnel","laenge":378,"streckennummer":"3507","bundesland":"Rheinland-Pfalz"}},{"type":"Feature","geometry":{"type":"LineString","coordinates":[[7.7316942993650235,50.13870164801394],[7.731386638517504,50.13879303690241],[7.731042726192349,50.13891329156837],[7.730712735601166,50.13904870719041],[7.730442205946088,50.139176343208625],[7.730184064851046,50.13931417903992],[7.729899796487373,50.139487205500544],[7.729671630608999,50.13964538110598],[7.729424659272566,50.13984063007774],[7.729230309384895,50.14001647719797],[7.729024800531275,50.14023065019772],[7.72886755600079,50.14042120682829],[7.7287069703528966,50.14065069197733],[7.728571751232026,50.140886837926146],[7.728476541240402,50.141093667325976],[7.728400793365313,50.1413037934931],[7.728339729398654,50.141540847951454]]},"properties":{"name":"Neuer Loreley Tunnel","laenge":417,"streckennummer":"3507","bundesland":"Rheinland-Pfalz"}},{"type":"Feature","geometry":{"type":"LineString","coordinates":[[8.377065000065901,50.06908421112866],[8.378301934700366,50.06813981431991],[8.379083907782158,50.067521182989346],[8.379612570770846,50.06707097715031],[8.380105223519827,50.06660425237211],[8.380343726830294,50.066352013936246],[8.380541561419886,50.06612477051787],[8.380763030672412,50.06584659798274],[8.380934054733979,50.065610528966054],[8.381092581614904,50.065370877373475],[8.381266058867784,50.06507894790534],[8.381513863532536,50.06458310765197],[8.381637345464702,50.06428082956314],[8.381741682352597,50.06397557279028],[8.381826396213963,50.063668696815306],[8.381891311941672,50.06336027266184],[8.381930289767043,50.06310211283175],[8.38195884686038,50.06279140970344],[8.381967488549373,50.062480218632764],[8.381956208527905,50.062169061000006],[8.381925014396467,50.06185846274421],[8.38187397647524,50.06154895911788],[8.381803164993578,50.061241076298984],[8.381712419431393,50.06093427841001],[8.381602027530842,50.060627969243306],[8.381472948261267,50.06032470698938],[8.381325385397782,50.060024960141995],[8.381174065276642,50.05975378063152]]},"properties":{"name":"","laenge":1146,"streckennummer":"3509","bundesland":"Hessen"}},{"type":"Feature","geometry":{"type":"LineString","coordinates":[[8.376637228696959,50.068968692506395],[8.377632028149963,50.068117331482256],[8.378623936164932,50.067249323356215],[8.379117036547173,50.06679648330149],[8.379584828597162,50.066332734575106],[8.380014921160853,50.06585418962143],[8.38033016526196,50.06544941882209],[8.380620041017444,50.065014198384716],[8.380893067689113,50.064518295319864],[8.381031587791389,50.0642154369087],[8.381132313950669,50.063960451239794],[8.381293205888912,50.06344462267481],[8.38136352527153,50.06313217301423],[8.381406998032288,50.06287056708001],[8.381440947820595,50.06255560896706],[8.38145400711793,50.06229264554509],[8.381438552967948,50.061766614375486],[8.381402697248273,50.06145174781413],[8.38135763677427,50.06119025500375],[8.38128542589326,50.06087798155203],[8.381210214517447,50.06061938018075],[8.38112142144803,50.06036256285902],[8.38100316554166,50.060071102030236]]},"properties":{"name":"Wandersmann-Tunnel Nord","laenge":1044,"streckennummer":"3509","bundesland":"Hessen"}},{"type":"Feature","geometry":{"type":"LineString","coordinates":[[8.379593775875712,50.05801347629319],[8.37935670095073,50.05778447483685],[8.378956159846105,50.057431672041545],[8.378595830735687,50.05714712791192],[8.378121778824683,50.056804307691834],[8.37746655671996,50.05639907740109],[8.37702792148485,50.05615569609397],[8.37658602109548,50.055937818113804],[8.37586364933829,50.05559758415533],[8.37548480538364,50.05545049954754],[8.37496283443041,50.0552648274072],[8.374610225149565,50.0551532116682],[8.374144407607853,50.055017318927256],[8.373615027745617,50.054881131725544],[8.373018725837154,50.05475319029939],[8.372338916279222,50.05462694698839],[8.371665395423513,50.05453298394989],[8.371161733100674,50.05447651088514],[8.37046369575548,50.054425509069894]]},"properties":{"name":"Tunnel Wandersmann Süd","laenge":794,"streckennummer":"3509","bundesland":"Hessen"}},{"type":"Feature","geometry":{"type":"LineString","coordinates":[[8.280018997009774,50.05076661151836],[8.276333155992003,50.05190475906506],[8.275434696342144,50.05215622932691],[8.274391866404809,50.05241880895744]]},"properties":{"name":"3509/9,635/1312  A66","laenge":443,"streckennummer":"3509","bundesland":"Hessen"}},{"type":"Feature","geometry":{"type":"LineString","coordinates":[[7.822774209502972,49.81556838608234],[7.8226141457758045,49.81547541045389],[7.822139504067697,49.81514737209331],[7.821713228685487,49.81479220690632],[7.8213290428346856,49.81441861793867],[7.820888947016095,49.81387244130972]]},"properties":{"name":"Gr. Norheimer Tunnel","laenge":234,"streckennummer":"3511","bundesland":"Rheinland-Pfalz"}},{"type":"Feature","geometry":{"type":"LineString","coordinates":[[7.820368852683315,49.81322696559696],[7.8200446643372885,49.81282461406551],[7.8198627343496945,49.812627897224424]]},"properties":{"name":"Kl. Norheimer Tunnel","laenge":76,"streckennummer":"3511","bundesland":"Rheinland-Pfalz"}},{"type":"Feature","geometry":{"type":"LineString","coordinates":[[7.716351172640152,49.78555152894286],[7.716042290160012,49.785382371257626],[7.715473908537563,49.785124546005484],[7.714872008695921,49.784901200518746],[7.714242433092955,49.78471192718827],[7.713589822689678,49.784559739856796],[7.7109392342356395,49.784043084361706]]},"properties":{"name":"Booser Tunnel","laenge":428,"streckennummer":"3511","bundesland":"Rheinland-Pfalz"}},{"type":"Feature","geometry":{"type":"LineString","coordinates":[[7.350038020390848,49.70452118391385],[7.349384492417578,49.70440022561888],[7.347212057329095,49.70407191293323]]},"properties":{"name":"Gefallener Fels-Tunnel","laenge":210,"streckennummer":"3511","bundesland":"Rheinland-Pfalz"}},{"type":"Feature","geometry":{"type":"LineString","coordinates":[[7.312653500380885,49.697438132056384],[7.307527948640428,49.69627214138625]]},"properties":{"name":"Homerischer-Tunnel","laenge":392,"streckennummer":"3511","bundesland":"Rheinland-Pfalz"}},{"type":"Feature","geometry":{"type":"LineString","coordinates":[[7.304297896796035,49.695538377477575],[7.298215391390482,49.69416033534541]]},"properties":{"name":"Enzweiler-Tunnel","laenge":465,"streckennummer":"3511","bundesland":"Rheinland-Pfalz"}},{"type":"Feature","geometry":{"type":"LineString","coordinates":[[7.289381984193697,49.69094759757088],[7.289265712218581,49.69080341842792],[7.289060909790499,49.690451084743174]]},"properties":{"name":"Hammersteiner-Tunnel","laenge":60,"streckennummer":"3511","bundesland":"Rheinland-Pfalz"}},{"type":"Feature","geometry":{"type":"LineString","coordinates":[[7.2762532190692815,49.666834626269385],[7.275996306781849,49.66678609991614],[7.275608074920402,49.66669984034979],[7.275241758448925,49.66660442423046],[7.274942422224402,49.66651591219157],[7.274649022737256,49.66641938189551],[7.274305506315768,49.66629320053643],[7.274026959839909,49.66617963959995],[7.2737026925818755,49.66603357516666],[7.273444960684297,49.66590579716492],[7.273164170914898,49.66575240386075],[7.27293982398361,49.66561748866852],[7.272675297204491,49.665443449363586],[7.272423515518446,49.66526161963349],[7.272180547415885,49.66506840709849],[7.271988713672997,49.66490096267122],[7.271776188039778,49.66469691364473]]},"properties":{"name":"Frauenberger-Tunnel","laenge":409,"streckennummer":"3511","bundesland":"Rheinland-Pfalz"}},{"type":"Feature","geometry":{"type":"LineString","coordinates":[[7.259622156191567,49.65179898759188],[7.2595254889139795,49.65171287501524],[7.259054369952068,49.651383735684895],[7.258528258968847,49.651091788438826],[7.257956918010687,49.650838231412465],[7.257344596348564,49.650628931993836],[7.257096637208351,49.65056744876281]]},"properties":{"name":"Kupferheck-Tunnel","laenge":231,"streckennummer":"3511","bundesland":"Rheinland-Pfalz"}},{"type":"Feature","geometry":{"type":"LineString","coordinates":[[7.244083937006572,49.64276815292224],[7.243506643332171,49.64175686620997]]},"properties":{"name":"Bockspiel-Tunnel","laenge":120,"streckennummer":"3511","bundesland":"Rheinland-Pfalz"}},{"type":"Feature","geometry":{"type":"LineString","coordinates":[[7.229471804267959,49.630837653905104],[7.229409294774377,49.630508456662476],[7.229068150215419,49.62895042019633]]},"properties":{"name":"Brämericher Tunnel","laenge":212,"streckennummer":"3511","bundesland":"Rheinland-Pfalz"}},{"type":"Feature","geometry":{"type":"LineString","coordinates":[[7.227260466698898,49.61304387808265],[7.227032603753389,49.612913476993434],[7.226463113859176,49.61265878874021],[7.2258505232457475,49.612449690452635],[7.225644457017103,49.61239697334996]]},"properties":{"name":"Jährodter Tunnel","laenge":138,"streckennummer":"3511","bundesland":"Rheinland-Pfalz"}},{"type":"Feature","geometry":{"type":"LineString","coordinates":[[7.2170160358309206,49.612947262228],[7.215866697395958,49.61318575120078],[7.215197040547485,49.61329554483418],[7.21481656539228,49.613331948480976]]},"properties":{"name":"Mausenmühlen Tunnel","laenge":165,"streckennummer":"3511","bundesland":"Rheinland-Pfalz"}},{"type":"Feature","geometry":{"type":"LineString","coordinates":[[7.1749673195891575,49.3759876385772],[7.1757883607683866,49.373885643247235],[7.175931227460307,49.37344620417324],[7.175969250095434,49.37325229474574]]},"properties":{"name":"Wiebelskircher Tunnel","laenge":313,"streckennummer":"3511","bundesland":"Saarland"}},{"type":"Feature","geometry":{"type":"LineString","coordinates":[[7.0917132766994095,49.33414101771341],[7.091596705638033,49.333900705891594],[7.091444215463485,49.333462539998465],[7.09134726399153,49.33301763910216],[7.091308101439572,49.332568971794366],[7.09132538502586,49.33211973505521],[7.091400634895982,49.33167309666077],[7.091531657281322,49.33123184349453],[7.091569410128161,49.331144659562646]]},"properties":{"name":"Bildstock Tunnel","laenge":338,"streckennummer":"3511","bundesland":"Saarland"}},{"type":"Feature","geometry":{"type":"LineString","coordinates":[[8.26143466539941,49.998013164567716],[8.263548916197804,49.995659438680924],[8.263737723807619,49.995470520788615],[8.26389968718417,49.99532563472557],[8.264108571017147,49.99515893795622],[8.264332604093834,49.99500062166379],[8.264695256971487,49.994780104893294],[8.265042310086638,49.99460244094894],[8.265410292091639,49.99444323577679],[8.265796844570996,49.99430351708015],[8.266199485827896,49.99418417254878],[8.266615645463819,49.99408596796717],[8.267042657598193,49.99400953369036],[8.267500578368454,49.99395320502381]]},"properties":{"name":"Großer Mainzer Tunnel  (664,0 m)","laenge":655,"streckennummer":"3520","bundesland":"Rheinland-Pfalz"}},{"type":"Feature","geometry":{"type":"LineString","coordinates":[[8.271594552196596,49.994250598626444],[8.272016743710582,49.99429519250276],[8.272457391792496,49.99432444038891],[8.272897086340368,49.99433092990414],[8.273281421245564,49.99431794381134],[8.273663395240195,49.99428760329819],[8.274094625838234,49.99423186530616],[8.274481657584571,49.99416187368577],[8.274962292745641,49.99405606431205]]},"properties":{"name":"Kleiner Mainzer Tunnel  (244,0 m)","laenge":246,"streckennummer":"3520","bundesland":"Rheinland-Pfalz"}},{"type":"Feature","geometry":{"type":"LineString","coordinates":[[8.22083286663632,49.944257892192304],[8.224160657738468,49.9468906356003]]},"properties":{"name":"Klein-Winternheim Tunnel","laenge":378,"streckennummer":"3523","bundesland":"Rheinland-Pfalz"}},{"type":"Feature","geometry":{"type":"LineString","coordinates":[[8.478468014546822,50.02591821731698],[8.479181804731985,50.02609063610859],[8.479804372448461,50.02621168857242],[8.480489952293208,50.02632066025213],[8.481124081994011,50.026395160166146]]},"properties":{"name":"Tunnel A3","laenge":198,"streckennummer":"3539","bundesland":"Hessen"}},{"type":"Feature","geometry":{"type":"LineString","coordinates":[[8.807247042489758,49.83028577601095],[8.808239339968742,49.82977034379756],[8.809797389738542,49.82892399857896]]},"properties":{"name":"Engelberg-Tunnel","laenge":238,"streckennummer":"3554","bundesland":"Hessen"}},{"type":"Feature","geometry":{"type":"LineString","coordinates":[[9.516843920350833,50.37219351455029],[9.54779935398229,50.401349286165605],[9.548399850665406,50.40190498058316]]},"properties":{"name":"Neuer Schlüchterner Tunnel","laenge":3995,"streckennummer":"3600","bundesland":"Hessen"}},{"type":"Feature","geometry":{"type":"LineString","coordinates":[[9.517546033620135,50.37208244771835],[9.546834435208199,50.398884302969705]]},"properties":{"name":"Alter Schlüchterner Tunnel  Schlüchterner-Tunnel","laenge":3637,"streckennummer":"3600","bundesland":"Hessen"}},{"type":"Feature","geometry":{"type":"LineString","coordinates":[[9.71989635926564,50.71024213965128],[9.719610049602739,50.71075456475021],[9.719095270360587,50.71159194137775],[9.718659307972741,50.712231464274794]]},"properties":{"name":"Burghauner Tunnel","laenge":238,"streckennummer":"3600","bundesland":"Hessen"}},{"type":"Feature","geometry":{"type":"LineString","coordinates":[[9.842746650573735,51.02537260328057],[9.850306310448767,51.02760037547641],[9.851600861748828,51.027974808665824],[9.852025852361397,51.02810565757018]]},"properties":{"name":"Cornberger Tunnel","laenge":719,"streckennummer":"3600","bundesland":"Hessen"}},{"type":"Feature","geometry":{"type":"LineString","coordinates":[[9.934978791511437,51.30827155017575],[9.93403400007739,51.30970954397047]]},"properties":{"name":"Schürzeberg-Tunnel","laenge":173,"streckennummer":"3600","bundesland":"Hessen"}},{"type":"Feature","geometry":{"type":"LineString","coordinates":[[9.914705876005035,51.33962966279356],[9.912315872024047,51.340565592407344],[9.911421984571282,51.34093757556795],[9.910902866364944,51.34117339364999],[9.910312783130301,51.34146145784282],[9.90982091774596,51.341719175287956],[9.909264013322389,51.342032085570665],[9.908650836367968,51.34240530605957],[9.908062506454629,51.34279517946091],[9.905669039263357,51.344518210000636],[9.905189890135372,51.3448808345185],[9.904788545535517,51.34520547327641],[9.90440373196547,51.34553787032587],[9.904017600625117,51.345895207288464]]},"properties":{"name":"","laenge":1030,"streckennummer":"3600","bundesland":"Hessen"}},{"type":"Feature","geometry":{"type":"LineString","coordinates":[[9.914518382901207,51.340124879528226],[9.904714520094942,51.34586130386141]]},"properties":{"name":"Alter Bebenroth-Tunnel","laenge":935,"streckennummer":"3600","bundesland":"Hessen"}},{"type":"Feature","geometry":{"type":"LineString","coordinates":[[8.662758724352242,50.107336600627725],[8.66039227540534,50.106414859085895],[8.657339048362333,50.10527412289923],[8.655559029796981,50.104559023224326],[8.654355361546392,50.10411085710556],[8.652473804043469,50.103388913314845]]},"properties":{"name":"","laenge":857,"streckennummer":"3610","bundesland":"Hessen"}},{"type":"Feature","geometry":{"type":"LineString","coordinates":[[8.385744471156423,50.140534922823356],[8.385152852464776,50.14075176744343],[8.384619919270405,50.14090570929135],[8.383982117796254,50.14104141851464],[8.38329615616508,50.14113432864898],[8.382656573019043,50.14117472894301],[8.381897301472115,50.14116667177273],[8.381194990405609,50.14110434627001]]},"properties":{"name":"Eppstein Tunnel","laenge":340,"streckennummer":"3610","bundesland":"Hessen"}},{"type":"Feature","geometry":{"type":"LineString","coordinates":[[8.662601678663815,50.10749927990282],[8.661331067690881,50.10702562655686],[8.660085604493283,50.10654109546096],[8.657091059568726,50.10535019188126],[8.655354639048179,50.104693767209405],[8.652351524007207,50.10352180722381]]},"properties":{"name":"","laenge":855,"streckennummer":"3611","bundesland":"Hessen"}},{"type":"Feature","geometry":{"type":"LineString","coordinates":[[8.66291259733098,50.107177411776306],[8.661739162550829,50.10672345791601],[8.659828417251717,50.106065415514145],[8.659374547891506,50.105889103622964],[8.658205181256697,50.105391154713324],[8.652345773513629,50.102798080172896],[8.65175809345725,50.10255483217262],[8.65121263345236,50.10235948934232]]},"properties":{"name":"","laenge":993,"streckennummer":"3612","bundesland":"Hessen"}},{"type":"Feature","geometry":{"type":"LineString","coordinates":[[8.602017370379555,50.05236390148899],[8.602489950224363,50.05217231786848],[8.60306211946833,50.051914800558585],[8.603614617727663,50.05164008206758],[8.604145919554975,50.051348557552764],[8.604654985405139,50.051040974468094],[8.60514048347626,50.0507179758901],[8.605324992892287,50.05058295436558]]},"properties":{"name":"Tunnel Kapitän-Lehmann-Straße","laenge":611,"streckennummer":"3656","bundesland":"Hessen"}},{"type":"Feature","geometry":{"type":"LineString","coordinates":[[8.608581893646045,50.042120758256495],[8.608513363924862,50.04193756794881],[8.608317465479423,50.04150511472932],[8.607816861620242,50.04066615510639],[8.607546230020562,50.04026253569217]]},"properties":{"name":"Tunnel  KRBW Zeppelinheim","laenge":220,"streckennummer":"3656","bundesland":"Hessen"}},{"type":"Feature","geometry":{"type":"LineString","coordinates":[[8.697834501793876,50.10447233818615],[8.697875879119099,50.10423450606635],[8.697981591085531,50.1038956472791],[8.698179581046455,50.10351935837543],[8.698396845125878,50.103217482642556],[8.69868148355746,50.102922726087066],[8.698940945012227,50.10270722987466],[8.699205170770993,50.10251852311049],[8.69958801710347,50.10229144575979],[8.699840406913614,50.10215525997514],[8.700148764514196,50.10200731923122],[8.700536102674123,50.10184767784003],[8.700946391701535,50.10169999287686],[8.70146027162864,50.10154662978801],[8.701911412788943,50.10143474239149],[8.70224884570404,50.101368183670075],[8.702798455724507,50.10128530494705],[8.703081433484734,50.10125231840914],[8.703403811302328,50.10122636770363],[8.703985931735724,50.10120207986194],[8.704314739619381,50.101200929349055],[8.704730576872269,50.101216855749875],[8.705143050727857,50.10124567776228],[8.705522558269568,50.10128729350678],[8.705885562762324,50.10133977605358],[8.706181142549521,50.10139209165801],[8.706613327783167,50.10148952752522],[8.70717967209458,50.10164740448867],[8.707441526935147,50.101732037635074],[8.70793352640582,50.101917117442575],[8.708492442234437,50.102172204291996],[8.708901900678475,50.102380052377995],[8.709631871283841,50.10277651212153],[8.710454660598735,50.10319953100937],[8.711005031852865,50.10345185584972],[8.711636988581049,50.10367664967189],[8.712275938508004,50.10385848355626],[8.712939835860118,50.10399835467702],[8.713622159485428,50.10409254703462],[8.714315652944148,50.10414929560971],[8.715013030651166,50.104173558502886],[8.717173647495454,50.10419962197001]]},"properties":{"name":"Los 20 vor Mühlberg","laenge":1663,"streckennummer":"3680","bundesland":"Hessen"}},{"type":"Feature","geometry":{"type":"LineString","coordinates":[[8.731717878136674,50.10491569604648],[8.735231586952835,50.105026600810675],[8.736627076995333,50.105077165276505],[8.739968896584097,50.10522394245561],[8.743705769496271,50.10549372677255],[8.745051129942384,50.105617620377025],[8.747209091068378,50.10575633862782],[8.747884272985202,50.10582644020239],[8.74919935399113,50.10591427229356],[8.75468075203542,50.10630913891036],[8.757460605851426,50.10653470320262],[8.758187028059622,50.106581926302404],[8.758850790130113,50.10659736459419],[8.759479212064956,50.1065740631745],[8.760244518223857,50.106496541132124],[8.760952631800041,50.10638022021032],[8.765563235130275,50.105407007158874],[8.7669077329233,50.10516729283863],[8.767490325215393,50.10502529188241],[8.768198737171234,50.10481561678989],[8.769413185166549,50.10436466988125],[8.770662424313747,50.10396617891557],[8.771926326629702,50.103582415894415],[8.773943487813462,50.10293862811151]]},"properties":{"name":"","laenge":2240,"streckennummer":"3680","bundesland":"Hessen"}},{"type":"Feature","geometry":{"type":"LineString","coordinates":[[8.874996887737966,50.12140805136158],[8.875370023559563,50.12144890764588],[8.876055190819997,50.12153838539776],[8.877417002386679,50.121742411703664],[8.878223997174263,50.12184842194568]]},"properties":{"name":"","laenge":236,"streckennummer":"3680","bundesland":"Hessen"}},{"type":"Feature","geometry":{"type":"LineString","coordinates":[[8.663658053328811,50.10771267974218],[8.6639603938936,50.10786562812951],[8.664245414889677,50.10803499308467],[8.664847149816474,50.1084475643928],[8.665079519943308,50.10862954180543],[8.665424769666465,50.10899432476082],[8.665614314180985,50.10922211845689],[8.665846315271091,50.109606061027215],[8.666094922747279,50.11012367404858],[8.666250887733657,50.11053283105007],[8.666604877150768,50.11134825765214],[8.666845155438194,50.11172459801571],[8.667150850428786,50.11209812233437],[8.66759148545483,50.11254415647528],[8.667985264646276,50.11287688944577],[8.66851441244248,50.113292565119266],[8.669042416057794,50.113666578429815],[8.669464284827404,50.1139418391881],[8.669937220416413,50.11421153898028],[8.670282183435047,50.11437952170262],[8.6705543654563,50.11448592482123],[8.670926284320158,50.1146054522248],[8.671271783318371,50.114694921040204],[8.671661782943229,50.11476740139387],[8.672107392251238,50.11481861779596],[8.672522184066526,50.11483548810092],[8.672954863623062,50.11483099678008],[8.673370024236407,50.11479362649341],[8.673785344487593,50.11473056533134],[8.674596282202831,50.114567257898905],[8.675705048873475,50.114324847206404],[8.676393781441694,50.11418403080139],[8.676892298566974,50.114103559969905],[8.678079525757358,50.11397380896344],[8.67866115924153,50.113921938515944],[8.67937455756068,50.11388329362662],[8.67982814703139,50.113884547687775],[8.68026522919807,50.11390830681554],[8.680737135651974,50.11396827850784],[8.681204204277767,50.11405379899427],[8.681615138758104,50.11414067881493],[8.682906142643155,50.11444657265529],[8.683307799788738,50.11452288003133],[8.683627852641761,50.114565875201194],[8.684085875493091,50.11460622807226],[8.68443179837313,50.11462523319751],[8.685020994387072,50.11463134346065],[8.686873033953049,50.11460175403115],[8.687314864322541,50.11461497172864],[8.68806503514929,50.11467566136423],[8.688791707943091,50.11475433583779],[8.689242786656733,50.11478411312572],[8.689980782854954,50.114801739180244],[8.6905333609608,50.11480411424573],[8.691047884226538,50.11478441776487],[8.691617763542448,50.11474651205143],[8.69225156460077,50.11466917033971],[8.692812595052173,50.11456941792767],[8.693516027385064,50.1144082971128],[8.694046634761785,50.114261538101715],[8.694531311723887,50.11409489533086],[8.695123971638235,50.11384704987499],[8.695632345685912,50.11357428895277],[8.69607946211549,50.11327419700769],[8.696542584806382,50.11287042827084],[8.697931049090705,50.11150950955027],[8.698300645398694,50.11106252602768],[8.698538182592811,50.1106753308786],[8.69866589188003,50.110373739794085],[8.69876705958246,50.10996487021195],[8.698813803963155,50.10956025587038],[8.698761273342212,50.108991284012575],[8.698601555861092,50.10803428160023],[8.697998191292305,50.10568148492316],[8.69785678469852,50.105228436541815],[8.697759755503274,50.104964426106285],[8.697651418186714,50.10473056672581],[8.697445831157626,50.10438736560794],[8.697158292214974,50.104047713202675],[8.696808649531468,50.10373969250212],[8.69652661109469,50.10353208936649],[8.69605410525933,50.10325484777926],[8.695429943570428,50.10298131579595],[8.694682427605905,50.102742127912734],[8.692503907311272,50.102185159623524],[8.691390123882234,50.10189270722086],[8.690762291200201,50.10169920824957],[8.690256093701135,50.10151341544602],[8.689145414205576,50.10099491012774],[8.688178787745768,50.10051949538389]]},"properties":{"name":"Lokalbahnhof-Ffm Süd","laenge":4686,"streckennummer":"3681","bundesland":"Hessen"}},{"type":"Feature","geometry":{"type":"LineString","coordinates":[[8.662758747713537,50.10733661047766],[8.663757081689287,50.107813444975],[8.664081164143498,50.1079981798569],[8.664512212312305,50.10830307704035],[8.664907806932248,50.108644123964666],[8.66520132393777,50.108975804462666],[8.665481659190222,50.10934108359946],[8.665751714404017,50.10977708189935],[8.665981770198309,50.110276607227426],[8.666183648391218,50.11080010029825],[8.666385829718216,50.11127850735052],[8.666593531654772,50.1116367246862],[8.666894325810894,50.112043293063],[8.667204914358294,50.11238377381031],[8.667576161634473,50.112733435412814],[8.667950671889159,50.11304967460186],[8.668383252908441,50.11337958612337],[8.668884473927598,50.11372750578162],[8.669430176774037,50.114063075623676],[8.669883256580734,50.11431701309774],[8.670254829906604,50.114486500890074],[8.670449573652169,50.114559852012086],[8.670768370770734,50.11466210281859],[8.671178112507437,50.11476603038764],[8.671608022718088,50.11484147368746],[8.672035949228928,50.114884072656004],[8.672439640626996,50.11490092094203],[8.672863491417692,50.114889266780736],[8.673265313653689,50.11485613874092],[8.673678401972808,50.114794492161664],[8.67619750207569,50.11433763702114],[8.67693171235084,50.11423240185701],[8.677340051260725,50.11418113535327],[8.678113063584108,50.1141162320447],[8.679628579842467,50.11400885120224],[8.67998408001285,50.113993283235516],[8.680397917350362,50.11399743294543],[8.68072041868631,50.11402239030506],[8.68108715065247,50.11407454240704],[8.681509804025696,50.11415993986439],[8.68278212701575,50.11445977389765],[8.683109021940725,50.11452835313157],[8.683655615441577,50.11461108211612],[8.68402482952031,50.11464517911889],[8.684419833956142,50.11466732037649],[8.685418255317511,50.11466551647779],[8.686383491706419,50.11464343125333],[8.686818984904674,50.1146422267652],[8.687424445637461,50.11466491080973],[8.688003982567023,50.11471611586554],[8.689071830469823,50.11482427449716],[8.68996480582772,50.114859756062785],[8.690544690935821,50.114859803444325],[8.690993707483411,50.114847457795456],[8.691482929532533,50.114822698044975],[8.691951447493315,50.11478443638222],[8.69262373488978,50.11469237851943],[8.693411577510979,50.11453395820848],[8.693969017654647,50.11439467830038],[8.69446896872062,50.11424042417994],[8.694988331415182,50.11405164654264],[8.695477255777284,50.113818347750374],[8.695858649280305,50.113597104982055],[8.6964332300101,50.113171408515974],[8.697322145472075,50.112327246031455],[8.698159005069376,50.11149041252354],[8.698515420406059,50.11104939515145],[8.698766490622736,50.11059934281071],[8.698911847844816,50.1101927811919],[8.698989103347843,50.109801362655205],[8.69899940815051,50.109330777318064],[8.698942092421941,50.10884703940295],[8.698749198184741,50.108112322528825],[8.698287861361836,50.10644503020681],[8.698089254171773,50.10567152629858],[8.69791059046555,50.1051211238649],[8.697799850636589,50.104858992787484],[8.69764379731515,50.10454415036173],[8.697429260265976,50.10422728559154],[8.697228765623414,50.10400837517407],[8.696917464072744,50.10372703002736],[8.696506749224094,50.10343224483401],[8.696101548394566,50.103195833332805],[8.69576320586682,50.10302926591194],[8.695325514882422,50.10283795211222],[8.694595557285979,50.1025988141511],[8.692011043740255,50.10193209909708],[8.691347170996185,50.101754366802616],[8.690717189106376,50.10155522493584],[8.690129011558913,50.10133220480684],[8.689580367150857,50.1010994203129],[8.68905695705314,50.10083652543092]]},"properties":{"name":"Los 14","laenge":4721,"streckennummer":"3682","bundesland":"Hessen"}},{"type":"Feature","geometry":{"type":"LineString","coordinates":[[8.609009214770468,50.057664588533775],[8.608405290817458,50.05727146829543],[8.607873889815586,50.05696981914839],[8.606645324110142,50.05652473248638],[8.605100853392145,50.05621963311133],[8.60411602600469,50.056128073298545],[8.603226038494796,50.056142655220725],[8.597143999135405,50.0564946510122]]},"properties":{"name":"S-Bahn Tunnel Gateway Gardens Ost","laenge":968,"streckennummer":"3683","bundesland":"Hessen"}},{"type":"Feature","geometry":{"type":"LineString","coordinates":[[8.582732358014646,50.05507831139608],[8.58218499976003,50.054680144119395]]},"properties":{"name":"","laenge":799,"streckennummer":"3683","bundesland":"Hessen"}},{"type":"Feature","geometry":{"type":"LineString","coordinates":[[8.58218499976003,50.054680144119395],[8.581572577577793,50.05427978572537],[8.581100630631038,50.05400396726714],[8.57998092507967,50.053445989324025],[8.57876939422559,50.053033452100586],[8.578115541312982,50.0528453963503],[8.577483256276453,50.052678421473594],[8.576177723959269,50.052363596462655],[8.573500450918127,50.05184576556937],[8.571342297797782,50.05137709200286],[8.569572995029972,50.050922064108356],[8.568419683436,50.05061274221937]]},"properties":{"name":"Tunnel Flughafen Ost","laenge":1095,"streckennummer":"3683","bundesland":"Hessen"}},{"type":"Feature","geometry":{"type":"LineString","coordinates":[[8.568419683436,50.05061274221937],[8.568281472150618,50.05057567247137],[8.566956791276592,50.0502869469069],[8.566305077430076,50.05017064805239],[8.564868013115158,50.04997956934445],[8.563523198725942,50.049815102914565],[8.562183911287194,50.049641889511676],[8.561465297217799,50.04957075806289],[8.560689177709419,50.049515371805654],[8.559525235354217,50.04950219552479],[8.55870067160071,50.04955335587486],[8.558006903715825,50.04962595567197],[8.557343834627842,50.049747432439894],[8.556687711179542,50.049883788627795],[8.556190376408225,50.05001739486969]]},"properties":{"name":"Tunnel Flughafen West","laenge":899,"streckennummer":"3683","bundesland":"Hessen"}},{"type":"Feature","geometry":{"type":"LineString","coordinates":[[8.679049436925737,50.096878391200306],[8.678270643214594,50.09670811826365],[8.677865560469062,50.09660848061056],[8.677422379111727,50.09648099614179],[8.677119363866643,50.09638162996859],[8.676572127498638,50.09616920464694],[8.674956983997342,50.09546823680973],[8.674325605520853,50.09527047612507],[8.674006437225298,50.095184839133246]]},"properties":{"name":"","laenge":409,"streckennummer":"3688","bundesland":"Hessen"}},{"type":"Feature","geometry":{"type":"LineString","coordinates":[[8.677544681294956,50.09651617752627],[8.677119363866643,50.09638162996859],[8.676572127498638,50.09616920464694],[8.67502697748514,50.09549797001224]]},"properties":{"name":"Krbw Tu Ri Stresemannallee","laenge":213,"streckennummer":"3688","bundesland":"Hessen"}},{"type":"Feature","geometry":{"type":"LineString","coordinates":[[8.654417713991235,49.97757643116834],[8.654345883127105,49.97713187719213],[8.654297459577473,49.97668348275812],[8.654286600248392,49.976234220073444],[8.654296431268236,49.97578469525527],[8.654340799442192,49.97488606964564],[8.654337525820107,49.97443650573398],[8.654316432504771,49.97398749113866],[8.654202210107574,49.97309159399553],[8.653978817964289,49.97178412986542]]},"properties":{"name":"","laenge":646,"streckennummer":"3688","bundesland":"Hessen"}},{"type":"Feature","geometry":{"type":"LineString","coordinates":[[8.99370413355216,50.34897531993211],[9.000346333696111,50.34466932520493]]},"properties":{"name":"","laenge":673,"streckennummer":"3701","bundesland":"Hessen"}},{"type":"Feature","geometry":{"type":"LineString","coordinates":[[9.122557314573173,50.262642218670074],[9.122325122106574,50.261824666495556],[9.121999124105091,50.26094985848217],[9.120994872393938,50.257939564157454]]},"properties":{"name":"Büdinger Tunnel","laenge":535,"streckennummer":"3701","bundesland":"Hessen"}},{"type":"Feature","geometry":{"type":"LineString","coordinates":[[8.266763822062284,50.4839526810349],[8.26638465309049,50.483175810408014],[8.266054105868875,50.48228460641547],[8.265953837029219,50.48184088361015],[8.265919319548775,50.48139177730256],[8.265929484702964,50.481300447319114]]},"properties":{"name":"Weilburger Tunnel","laenge":302,"streckennummer":"3710","bundesland":"Hessen"}},{"type":"Feature","geometry":{"type":"LineString","coordinates":[[8.245612009949365,50.47382941177266],[8.245339398256359,50.47366114747932],[8.245058981475003,50.473458365428385],[8.244806793332025,50.47324156261666],[8.244584555003879,50.47301232801277],[8.244393687750602,50.47277338577807],[8.244234041484605,50.47252529243022],[8.244120808288915,50.472302004910674],[8.244022406719806,50.47204126520515],[8.243970692816454,50.471842814223976],[8.243935380458243,50.471613973459235],[8.243926443797406,50.47138599157632],[8.243939544006242,50.471190685038614],[8.243989213425856,50.470916056003986],[8.244307448541552,50.46967157893669]]},"properties":{"name":"Kirschhofener Tunnel","laenge":495,"streckennummer":"3710","bundesland":"Hessen"}},{"type":"Feature","geometry":{"type":"LineString","coordinates":[[8.243797855450547,50.46694109323596],[8.24370289472486,50.46668910243219],[8.2436295864201,50.466442741496685],[8.243587293462921,50.46620730171094],[8.243572027981825,50.4659705227454],[8.243583875119938,50.46573366367013],[8.243622772012147,50.465497991564476],[8.24370007660313,50.46523170841179],[8.24379605801801,50.46500278474036],[8.243937456092214,50.46474744854907],[8.244088170806597,50.46453087170446],[8.244263246874874,50.464321895913734],[8.24446174395045,50.46412162964478],[8.244682609665276,50.46393114467332],[8.244924665910522,50.46375145352365],[8.245186615737566,50.46358351850627],[8.245486252787487,50.463417791773644]]},"properties":{"name":"Michelsberg Tunnel","laenge":433,"streckennummer":"3710","bundesland":"Hessen"}},{"type":"Feature","geometry":{"type":"LineString","coordinates":[[8.248957634713447,50.46172927540981],[8.251233746174172,50.460608243013105],[8.251431549036852,50.4604946379835]]},"properties":{"name":"Schmidskopf Tunnel","laenge":223,"streckennummer":"3710","bundesland":"Hessen"}},{"type":"Feature","geometry":{"type":"LineString","coordinates":[[8.253072744874633,50.446744109759685],[8.252676406689543,50.44611555748491],[8.252370695144343,50.445694316087796]]},"properties":{"name":"Grävenecker Tunnel","laenge":127,"streckennummer":"3710","bundesland":"Hessen"}},{"type":"Feature","geometry":{"type":"LineString","coordinates":[[8.184805738393747,50.40385886185057],[8.185019423886539,50.403680653935226],[8.185498746597062,50.403351449198105],[8.186512701459423,50.40272867882646],[8.186966717951567,50.40235087185764]]},"properties":{"name":"Villmarer Tunnel","laenge":228,"streckennummer":"3710","bundesland":"Hessen"}},{"type":"Feature","geometry":{"type":"LineString","coordinates":[[8.129957407320951,50.40021731287176],[8.127233503447195,50.39883176554091],[8.126668958960984,50.398563509503184],[8.126089284159889,50.39830929501629],[8.125488369072178,50.39807556255227],[8.124869409274249,50.39786208355037],[8.12428235999076,50.397687000948046]]},"properties":{"name":"Ennericher Tunnel","laenge":494,"streckennummer":"3710","bundesland":"Hessen"}},{"type":"Feature","geometry":{"type":"LineString","coordinates":[[8.028496769281512,50.37219361587283],[8.028157703707624,50.372046601006666],[8.02772338999563,50.371881921010235]]},"properties":{"name":"Freiendiezer Tunnel","laenge":65,"streckennummer":"3710","bundesland":"Rheinland-Pfalz"}},{"type":"Feature","geometry":{"type":"LineString","coordinates":[[8.012213678325736,50.36978537017004],[8.011142100177999,50.36978892512608],[8.010711280610167,50.369769466243845]]},"properties":{"name":"Diezer Tunnel","laenge":107,"streckennummer":"3710","bundesland":"Rheinland-Pfalz"}},{"type":"Feature","geometry":{"type":"LineString","coordinates":[[7.99860999136485,50.365243082185565],[7.997995623529716,50.365087623884065],[7.9973804749771435,50.364872918097284],[7.996793687135965,50.364625554326345],[7.996257824912946,50.36433556883691],[7.9957513579159105,50.364023246993995],[7.994711232041011,50.363417704175816],[7.993947909941582,50.362928122625696]]},"properties":{"name":"Fachinger Tunnel","laenge":424,"streckennummer":"3710","bundesland":"Rheinland-Pfalz"}},{"type":"Feature","geometry":{"type":"LineString","coordinates":[[7.973616645175753,50.35773730618774],[7.973161347531896,50.35754462238611],[7.972034243282395,50.35700611495627],[7.970620241041565,50.35636538586069]]},"properties":{"name":"Kehrberg - Tunnel","laenge":262,"streckennummer":"3710","bundesland":"Rheinland-Pfalz"}},{"type":"Feature","geometry":{"type":"LineString","coordinates":[[7.969713444657849,50.35595446941127],[7.967972999090028,50.355167144250274],[7.96752019695036,50.35493204798433]]},"properties":{"name":"Daubach Tunnel","laenge":193,"streckennummer":"3710","bundesland":"Rheinland-Pfalz"}},{"type":"Feature","geometry":{"type":"LineString","coordinates":[[7.957841955476635,50.341540138400106],[7.957490427960208,50.34144927895717],[7.956882907534349,50.34122486242558],[7.956337756220295,50.340943145852535],[7.955841384515448,50.34062589036765],[7.954891136657344,50.33996430286274],[7.953979982605785,50.33927929027756],[7.9525831956466515,50.33826851960751],[7.952158768618769,50.337912013175476],[7.951815821947003,50.337519977870706],[7.951558470097139,50.33710262827414],[7.951401900713077,50.33666452038582],[7.95139387702812,50.336618983311844]]},"properties":{"name":"Cramberger Tunnel","laenge":732,"streckennummer":"3710","bundesland":"Rheinland-Pfalz"}},{"type":"Feature","geometry":{"type":"LineString","coordinates":[[7.90059905586786,50.32689169715651],[7.900549620847529,50.32684801011844],[7.900221785710868,50.326451319416115],[7.899980202714921,50.32602946111439],[7.899836626056758,50.32558965819048],[7.899784797316145,50.32514162429178],[7.8998043640645665,50.32497043666287]]},"properties":{"name":"Laurenburger Tunnel","laenge":225,"streckennummer":"3710","bundesland":"Rheinland-Pfalz"}},{"type":"Feature","geometry":{"type":"LineString","coordinates":[[7.8762266509282455,50.31978248826037],[7.875742885556293,50.32008570939239],[7.875172848599667,50.32034797480705],[7.874553402792381,50.320558024921894],[7.87389447657391,50.320712030418335],[7.873207676821936,50.320803198034675],[7.872507888747088,50.32083485482032],[7.871808254367796,50.32080123486657],[7.871121659637051,50.320708882297964],[7.870463080635114,50.320554036485476],[7.869841997787429,50.32034499814735],[7.869274999482274,50.32008044124071],[7.8688310441301015,50.31980502868363]]},"properties":{"name":"Kalkofener-Tunnel","laenge":592,"streckennummer":"3710","bundesland":"Rheinland-Pfalz"}},{"type":"Feature","geometry":{"type":"LineString","coordinates":[[7.849140456499189,50.31532905870682],[7.843010834457799,50.314352856839605]]},"properties":{"name":"Obernhofer Tunnel","laenge":450,"streckennummer":"3710","bundesland":"Rheinland-Pfalz"}},{"type":"Feature","geometry":{"type":"LineString","coordinates":[[7.84068184460395,50.31398129928297],[7.839364943975782,50.313771145222034],[7.837990318751725,50.31358082833059],[7.837490707351315,50.31348653467545]]},"properties":{"name":"Langenauer Tunnel","laenge":234,"streckennummer":"3710","bundesland":"Rheinland-Pfalz"}},{"type":"Feature","geometry":{"type":"LineString","coordinates":[[7.831294205108804,50.307998715452655],[7.831206543056312,50.30792382248459],[7.83070916050193,50.30760723583437],[7.830149827435554,50.30733615738547],[7.829534992644604,50.307119785318775],[7.828881485425139,50.30695672401334],[7.82819811577651,50.306855993608224],[7.827499706300438,50.306814695310344],[7.827349386757785,50.30681993518621]]},"properties":{"name":"Hollricher Tunnel","laenge":321,"streckennummer":"3710","bundesland":"Rheinland-Pfalz"}},{"type":"Feature","geometry":{"type":"LineString","coordinates":[[8.843359636131401,50.21584893376851],[8.843336971348393,50.21609243491801],[8.843345846169742,50.21630953186691],[8.843382011083174,50.21652546528551],[8.843445218877868,50.216738818868805],[8.843535061110133,50.21694820304746],[8.843669600657284,50.217180882114825],[8.843814333850307,50.217377200554644],[8.843985434457213,50.21756751658889]]},"properties":{"name":"Büdesheimer Tunnel","laenge":200,"streckennummer":"3745","bundesland":"Hessen"}},{"type":"Feature","geometry":{"type":"LineString","coordinates":[[9.568674926917605,50.36231999019885],[9.568644193005609,50.36218892834345],[9.568597395142676,50.361740835525005],[9.56861461897357,50.36129155740719],[9.568695531872626,50.36084515906311],[9.568837552314099,50.36040508267613],[9.568924926396704,50.36022105021067]]},"properties":{"name":"Ebertsberg-Tunnel","laenge":233,"streckennummer":"3825","bundesland":"Hessen"}},{"type":"Feature","geometry":{"type":"LineString","coordinates":[[9.57263427197827,50.35713071632787],[9.573609286250274,50.35665493424272],[9.574331435440277,50.356315520656565]]},"properties":{"name":"Brandenstein-Tunnel","laenge":151,"streckennummer":"3825","bundesland":"Hessen"}},{"type":"Feature","geometry":{"type":"LineString","coordinates":[[9.607078277812569,50.33077955825834],[9.606513711803132,50.330628108603875],[9.60610344360075,50.33053490078808],[9.605662013788226,50.33044455994736],[9.603940626272422,50.33011568219006],[9.603102879385526,50.32993379534113],[9.60260542902694,50.32980279296368],[9.602144334605477,50.32965956240397],[9.601649695221441,50.329479972647945],[9.601313512486872,50.32934097808101],[9.60095083129462,50.329173732762875]]},"properties":{"name":"Neuer Ramholz Tunnel","laenge":474,"streckennummer":"3825","bundesland":"Hessen"}},{"type":"Feature","geometry":{"type":"LineString","coordinates":[[9.627977726830036,50.308121581512985],[9.628066588307219,50.30791874781637],[9.628304242085452,50.30749428619246],[9.628591662600265,50.30708317930234],[9.628935581430522,50.30669140021486],[9.629330809309153,50.30631989802147],[9.629769305798934,50.305970005859024],[9.630254421070932,50.30564669906357],[9.630786098172766,50.30535416674635],[9.6313568376223,50.305093172725584],[9.631957034364554,50.30486233475215],[9.632585954797321,50.304665549077356],[9.633242133908887,50.30450604617133],[9.633913356029296,50.30437923535537],[9.635290161820668,50.304203740382015],[9.636684874860476,50.304087011571106],[9.640142268845324,50.30373555250675],[9.6404120099886,50.30369841785325]]},"properties":{"name":"Sterbfritz-Tunnel","laenge":1092,"streckennummer":"3825","bundesland":"Hessen"}},{"type":"Feature","geometry":{"type":"LineString","coordinates":[[9.613280773993788,50.25259186818996],[9.610730506247528,50.251685864477764]]},"properties":{"name":"Ziegenberg-Tunnel","laenge":208,"streckennummer":"3825","bundesland":"Hessen"}},{"type":"Feature","geometry":{"type":"LineString","coordinates":[[9.611423067637375,50.22754076708252],[9.61165181218615,50.22720983954841],[9.611838249637387,50.22687081091285],[9.61198345570995,50.22652357993289],[9.612086553785776,50.226170210149164],[9.612146933969981,50.22581279512065],[9.61216425306336,50.2254534584211],[9.612138392208278,50.22509433138488],[9.612070652203922,50.224742166717824]]},"properties":{"name":"Ruppertsberg-Tunnel  länge=321m","laenge":321,"streckennummer":"3825","bundesland":"Hessen"}},{"type":"Feature","geometry":{"type":"LineString","coordinates":[[9.66154459625228,50.10038461241564],[9.660670053502377,50.09757182885669],[9.66055451960484,50.09708307250029],[9.660501478277395,50.09665023095534]]},"properties":{"name":"Rieneck Tunnel","laenge":422,"streckennummer":"3825","bundesland":"Bayern"}},{"type":"Feature","geometry":{"type":"LineString","coordinates":[[9.324187825004998,51.37230575479785],[9.324650209591931,51.3725529714961],[9.325199500287416,51.37282737554736],[9.326091386842165,51.37322779684889],[9.333735686412929,51.37645575714588],[9.334390794083843,51.37671098787746],[9.33485355654294,51.37686689418877]]},"properties":{"name":"Zierenberger Tunnel","laenge":900,"streckennummer":"3903","bundesland":"Hessen"}},{"type":"Feature","geometry":{"type":"LineString","coordinates":[[7.529078836645209,47.6638799666833],[7.529311147387943,47.663710073120875],[7.5295445474101195,47.663564851694225],[7.5297938745684245,47.663432268660536],[7.530075746509686,47.663305638189726],[7.530426719154554,47.66317446426171],[7.530992210745691,47.662996252965186],[7.53144544711139,47.66287236683399],[7.531841126058721,47.66277876466843]]},"properties":{"name":"TO  Klotztunnel","laenge":243,"streckennummer":"4000","bundesland":"Baden-Württemberg"}},{"type":"Feature","geometry":{"type":"LineString","coordinates":[[7.537499552664983,47.66203636227599],[7.539190723897929,47.66183518688929]]},"properties":{"name":"TO  Kirchberg Tunnel","laenge":129,"streckennummer":"4000","bundesland":"Baden-Württemberg"}},{"type":"Feature","geometry":{"type":"LineString","coordinates":[[7.545279991734173,47.657493376043064],[7.545580872579633,47.6572227647896],[7.545926856477819,47.65697089248647],[7.546309856002473,47.65674479395096],[7.5467256892425265,47.65654693425647],[7.547169823331491,47.656379481743],[7.547637388983634,47.65624426324809],[7.548123293954213,47.656142752068384],[7.5483714664498995,47.65610500018571],[7.548648398385388,47.65607360102816]]},"properties":{"name":"TO  Hartberg Tunnel","laenge":307,"streckennummer":"4000","bundesland":"Baden-Württemberg"}},{"type":"Feature","geometry":{"type":"LineString","coordinates":[[8.059952902353256,47.56464926206058],[8.060314659001039,47.56480299660501],[8.060696563791742,47.56493810854634],[8.064010932454462,47.56591892082732]]},"properties":{"name":"Rappensteintunnel  337m Länge","laenge":337,"streckennummer":"4000","bundesland":"Baden-Württemberg"}},{"type":"Feature","geometry":{"type":"LineString","coordinates":[[8.229026212826561,47.61302989386535],[8.229216708888018,47.61294855591047],[8.229822499635743,47.61276360903132],[8.230461317164105,47.612639560380416],[8.231118714699875,47.61257348389854],[8.23178333026135,47.6125720668957],[8.232442613848406,47.6126295903746],[8.233082412714802,47.612751221483094],[8.233511900335566,47.6128762996513]]},"properties":{"name":"Aarberg-Tunnel","laenge":352,"streckennummer":"4000","bundesland":"Baden-Württemberg"}},{"type":"Feature","geometry":{"type":"LineString","coordinates":[[8.530549418444577,49.44966161697019],[8.531169484435424,49.44944657827141],[8.532373576484593,49.44900834236679],[8.532967131457111,49.448779591614425],[8.533551583391045,49.44854092406441],[8.534123015748909,49.44828940188205],[8.534681762951777,49.44802609208621],[8.535227121804079,49.44775096056627],[8.53575846061704,49.44746443656502],[8.536275272075489,49.44716692735165],[8.537258733136037,49.44653252136901],[8.538180582551218,49.44588561490309],[8.538616732064938,49.44553746637805],[8.539035370905763,49.44518030450296],[8.539435958579523,49.44481443302415],[8.5398181466756,49.44444026434768],[8.540181442209,49.444058192318586],[8.54052559993664,49.443668665710774],[8.540850175471228,49.44327205157903],[8.541154785844748,49.44286878914821],[8.541439406464603,49.4424593370394],[8.541704238934473,49.442044298622086],[8.541948887555325,49.441624009643164],[8.542173306755041,49.44119896907306],[8.542377196950016,49.44076956247492],[8.542560527659598,49.440336153988106],[8.542722970852694,49.43989922795025],[8.542864384869132,49.43945924694707],[8.54298467703414,49.439016597319885],[8.543082328892806,49.438571529395716],[8.543161957187548,49.43812508647316],[8.543280155643117,49.43722934544918],[8.543551354443052,49.43453775938459],[8.543672039357151,49.43364198227383],[8.543843150455007,49.43274990579241],[8.543949913272009,49.43230578071908],[8.544070845872152,49.43186318592315],[8.544206069331143,49.43142240506809],[8.544355079282239,49.430983526033735],[8.544692916351158,49.43011188524818],[8.546211882052429,49.42665452065499],[8.546960282202344,49.42492384242748],[8.547303804797139,49.42405311461222],[8.547611454977176,49.423176594338415],[8.547880816914113,49.422294883870194],[8.54811122687907,49.4214084304518],[8.548302899916784,49.4205180533731],[8.548455486143183,49.419624556192964],[8.548568865684333,49.41872846459483],[8.548644183683276,49.417830628353045],[8.548687332057652,49.416932010119965],[8.548697289855854,49.416482448849635],[8.548699784268551,49.41603293037547],[8.548664635038573,49.41468432539932],[8.54857118761698,49.41333718312928],[8.54848038425991,49.412440105296],[8.548368402525197,49.4115438932113],[8.548234426148555,49.41064902467036],[8.547312207573832,49.40519073648821]]},"properties":{"name":"","laenge":5360,"streckennummer":"4080","bundesland":"Baden-Württemberg"}},{"type":"Feature","geometry":{"type":"LineString","coordinates":[[8.571608416714424,49.167105894239775],[8.57621037882567,49.16612199240836],[8.57881353017891,49.16555636277569],[8.580107588323779,49.165259145479894],[8.581395601311014,49.16495092628469],[8.582676518607087,49.164630172991124],[8.583950314365884,49.16429741625788],[8.585216671845917,49.16395272711703],[8.586475370309948,49.16359617695674],[8.587726188671937,49.16322788213092],[8.588968851478029,49.16284790485728],[8.590203179275893,49.162456307704],[8.591428841819134,49.162053152711856],[8.59264541903394,49.16163859153508],[8.593526868442058,49.1613276241174]]},"properties":{"name":"","laenge":1726,"streckennummer":"4080","bundesland":"Baden-Württemberg"}},{"type":"Feature","geometry":{"type":"LineString","coordinates":[[8.62201448039124,49.14595472704503],[8.646698283356955,49.127628324781924],[8.648519948937443,49.12628490630176],[8.649445998492771,49.12562227368605],[8.650383953422471,49.12496693503777],[8.651335879823474,49.12432024508174],[8.65213469711041,49.12379183549593]]},"properties":{"name":"Tunnel Rollenberg","laenge":3303,"streckennummer":"4080","bundesland":"Baden-Württemberg"}},{"type":"Feature","geometry":{"type":"LineString","coordinates":[[8.668937290824497,49.11487856448536],[8.67052431584531,49.11421709957203],[8.671489795187352,49.113827257612265]]},"properties":{"name":"- Tunnel Altenberg -","laenge":220,"streckennummer":"4080","bundesland":"Baden-Württemberg"}},{"type":"Feature","geometry":{"type":"LineString","coordinates":[[8.67847451168695,49.11107081883699],[8.687410177035444,49.10754842732012]]},"properties":{"name":"- Tunnel Neuenberg -","laenge":761,"streckennummer":"4080","bundesland":"Baden-Württemberg"}},{"type":"Feature","geometry":{"type":"LineString","coordinates":[[8.703481916979394,49.101210201342234],[8.708394507886462,49.099263819094844]]},"properties":{"name":"-Tunnel Simonsweingarten-","laenge":419,"streckennummer":"4080","bundesland":"Baden-Württemberg"}},{"type":"Feature","geometry":{"type":"LineString","coordinates":[[8.778964899806985,49.05764684812753],[8.779666267698742,49.05714872033869],[8.780609553609606,49.05649761545654],[8.781566952144546,49.05585497292958],[8.782538214237285,49.05522142137651],[8.783523420537925,49.05459729330341],[8.78452214714227,49.05398254710147],[8.785533544618335,49.05337747757958],[8.78655794207136,49.052781936648415],[8.787595106632601,49.052196022447866],[8.788969796215689,49.0514466521864]]},"properties":{"name":"Wilfenbergtunnel  km 60,425... 61,431","laenge":1006,"streckennummer":"4080","bundesland":"Baden-Württemberg"}},{"type":"Feature","geometry":{"type":"LineString","coordinates":[[8.7960217443201,49.04794750018961],[8.835949746178379,49.028799523593634],[8.838140662261392,49.02772305590374],[8.840298408871393,49.026618153325124],[8.842421991933213,49.02548521648898],[8.844510698726536,49.02432439467282],[8.846563534914527,49.023136335855625],[8.848579705383177,49.02192147250783],[8.850558421985292,49.02068028208981],[8.85249910812146,49.019413458158354],[8.864002289000528,49.011720285412544],[8.865904467093005,49.010428649596236],[8.867863178010914,49.00904363020943]]},"properties":{"name":"Freudensteintunnel  km 62,098 ... 68,901","laenge":6824,"streckennummer":"4080","bundesland":"Baden-Württemberg"}},{"type":"Feature","geometry":{"type":"LineString","coordinates":[[8.892627326282811,48.989499631141825],[8.897498263577262,48.98562011714903],[8.89924958340339,48.984239643187436],[8.900143033132752,48.98355935221934],[8.901049859105246,48.98288680338064],[8.901971711905672,48.982223198198504],[8.902489424020082,48.981861056590276]]},"properties":{"name":"Burgbergtunnel  km 71,739 ... 72,856","laenge":1115,"streckennummer":"4080","bundesland":"Baden-Württemberg"}},{"type":"Feature","geometry":{"type":"LineString","coordinates":[[8.906249539686904,48.979377385822715],[8.90679179987301,48.97903900142994],[8.907796502551442,48.97842973715913],[8.90881430469987,48.977829997014155],[8.910348936856685,48.97695961022057]]},"properties":{"name":"Saubuckeltunnel  km 73,245 ... 73,649","laenge":403,"streckennummer":"4080","bundesland":"Baden-Württemberg"}},{"type":"Feature","geometry":{"type":"LineString","coordinates":[[8.96480059070918,48.94377711403106],[8.971916309736514,48.93948492000853],[8.973944743201308,48.938281349828124],[8.976008199902065,48.937104003491584],[8.982282714257641,48.9336367810746],[8.984353547414488,48.932465144052024],[8.986390062148443,48.93126764471803],[8.993259525082696,48.92716811449175]]},"properties":{"name":"Marksteintunnel  km 79,093...81,879","laenge":2786,"streckennummer":"4080","bundesland":"Baden-Württemberg"}},{"type":"Feature","geometry":{"type":"LineString","coordinates":[[9.016398993549913,48.91337129005381],[9.0177751575091,48.91257933183486],[9.018816162712143,48.91199809699013],[9.019865904869075,48.911423766144985],[9.020924227251605,48.91085639304435],[9.021991089109157,48.91029603591076],[9.024149974926809,48.90919640916351],[9.026341506713887,48.90812523496242],[9.035182802737646,48.90390838766977],[9.03678837732637,48.903161813966044]]},"properties":{"name":"Pulverdinger Tunnel  km 84,163...86,045","laenge":1878,"streckennummer":"4080","bundesland":"Baden-Württemberg"}},{"type":"Feature","geometry":{"type":"LineString","coordinates":[[9.134905157736657,48.871264769899476],[9.136058134616462,48.87095136340681],[9.137325675935571,48.87062065918268],[9.138600130498261,48.87030175295089],[9.141168629403468,48.86969890333631],[9.145036341045278,48.86882289783336],[9.146315941765785,48.868513260624894],[9.146949061131663,48.86834698013436],[9.147576711027,48.86817162552567],[9.14819693671733,48.86798540545431],[9.14880991031642,48.86778901221746],[9.149415386472453,48.867582540666206],[9.150012840605417,48.86736614446821],[9.150601816352578,48.86713999069957],[9.151182027550687,48.86690417877897],[9.151752962901865,48.86665872299921],[9.15231475350046,48.86640421681012],[9.152866594070993,48.86614035118082],[9.153410925709151,48.865869843149326],[9.157690928104902,48.86364191633505],[9.158238689798011,48.86337383557173],[9.15984597254726,48.86254383783895],[9.161255713383644,48.86179840531639],[9.161962919853787,48.86141220891426],[9.162971972082888,48.86080047918482],[9.163918464858508,48.86015712297242],[9.164550892649391,48.85968225464124],[9.165053851328448,48.859272546186126],[9.165594997743579,48.85879778928408],[9.165918194937777,48.85849772562174],[9.166380823467822,48.858027735865384],[9.166733535465019,48.85764155358471],[9.167068618261572,48.85724822445575],[9.167379345774101,48.856851472196055],[9.167685149141402,48.85644866996524],[9.167933215421662,48.85609054356428],[9.168252493472375,48.85560634488545],[9.16874468131926,48.85465137188538]]},"properties":{"name":"Tunnel Langes Feld (Los Langes Feld)  km 94,108 ... 96,873","laenge":3204,"streckennummer":"4080","bundesland":"Baden-Württemberg"}},{"type":"Feature","geometry":{"type":"LineString","coordinates":[[9.16874468131926,48.85465137188538],[9.168861885662896,48.854423958740156],[9.169109798575349,48.853868009631135],[9.170032149529945,48.85162657239522],[9.170467014705988,48.850684752078976],[9.170619815989305,48.85042068442851],[9.170841539146247,48.85008802493682],[9.171213841273465,48.84962535171956],[9.171691122977366,48.849144214750325]]},"properties":{"name":"Tunnel Langes Feld (Los Lechler)  km 97,312 ... 97,964","laenge":767,"streckennummer":"4080","bundesland":"Baden-Württemberg"}},{"type":"Feature","geometry":{"type":"LineString","coordinates":[[9.170704342971046,48.850293866028274],[9.170841539146247,48.85008802493682],[9.171213841273465,48.84962535171956],[9.171606309310949,48.84922259403135],[9.172766874601855,48.84814853832499],[9.17315172230391,48.847777259554704],[9.173506664908063,48.84739426715108],[9.173808403905857,48.84699152150237],[9.174055844564494,48.84657327801171],[9.174256667718451,48.846142155641374],[9.174369045003365,48.84569941392436],[9.17443677636143,48.84525161858863],[9.174437501641158,48.84485180619954]]},"properties":{"name":"","laenge":1442,"streckennummer":"4080","bundesland":"Baden-Württemberg"}},{"type":"Feature","geometry":{"type":"LineString","coordinates":[[8.692661824951488,49.399766327485246],[8.712700551059312,49.40830678213722],[8.713281657723517,49.40854845695929],[8.714422633009324,49.409053176461086],[8.714961231024052,49.409332002868986],[8.715448688265361,49.409649481049705],[8.715882774113027,49.409998174743876],[8.716259589464237,49.41037433005261],[8.716573200686511,49.41077445780673],[8.716812541961652,49.41119481797098],[8.717005553797229,49.41162661828907],[8.717163034516222,49.41206465237503],[8.717335033610249,49.41249949375494],[8.717577750114849,49.412920220093135],[8.71788078770589,49.41332326746888],[8.718257018457262,49.41370879040974]]},"properties":{"name":"Königstuhltunnel 2487 m","laenge":2487,"streckennummer":"4100","bundesland":"Baden-Württemberg"}},{"type":"Feature","geometry":{"type":"LineString","coordinates":[[8.67761430269059,49.55484564145952],[8.677884361653717,49.55463553761868],[8.678177152264475,49.55445447702959],[8.678708927704136,49.55426880536006],[8.679089982506168,49.554195398383015]]},"properties":{"name":"4104/1,545/1310  Weinheim-Tal-Tunnel 1","laenge":132,"streckennummer":"4104","bundesland":"Baden-Württemberg"}},{"type":"Feature","geometry":{"type":"LineString","coordinates":[[8.685107638021842,49.55501538752202],[8.685532062112799,49.555078312551096],[8.68614272444713,49.55521967837686],[8.686712689950728,49.55538991410242],[8.68686832399459,49.555454282830524]]},"properties":{"name":"","laenge":137,"streckennummer":"4104","bundesland":"Baden-Württemberg"}},{"type":"Feature","geometry":{"type":"LineString","coordinates":[[8.688739201749607,49.55637476494577],[8.688891412903708,49.556468359868],[8.689294139551444,49.55682040340385],[8.689378205641798,49.557002177138955]]},"properties":{"name":"4104/2,433/1310  Weinheim-Tal-Tunnel 3","laenge":85,"streckennummer":"4104","bundesland":"Baden-Württemberg"}},{"type":"Feature","geometry":{"type":"LineString","coordinates":[[8.799002484749215,49.39218531786033],[8.799263874347147,49.39212666241575],[8.799936234391097,49.39203055311414],[8.80062304648802,49.392001325047936],[8.800993056731901,49.3920207435463]]},"properties":{"name":"Reichensteintunnel","laenge":147,"streckennummer":"4111","bundesland":"Baden-Württemberg"}},{"type":"Feature","geometry":{"type":"LineString","coordinates":[[8.827324922497322,49.408899638121845],[8.827537561445961,49.40908901597016],[8.82798522492932,49.40942926077549],[8.828493724374713,49.40973237401917],[8.82863866706265,49.409800810480974]]},"properties":{"name":"Hinterburgtunnel","laenge":139,"streckennummer":"4111","bundesland":"Baden-Württemberg"}},{"type":"Feature","geometry":{"type":"LineString","coordinates":[[8.896584727606573,49.448671296338304],[8.896735484216787,49.44881853715962],[8.897184305040033,49.44915953246338],[8.897690931376982,49.44946365412085],[8.89824735436468,49.449729042132816],[8.898851639961098,49.449943641215924],[8.899467394089443,49.45014679661152],[8.900063722602592,49.45037307116393],[8.900306784705355,49.45048315602185]]},"properties":{"name":"Schloßbergtunnel","laenge":341,"streckennummer":"4111","bundesland":"Baden-Württemberg"}},{"type":"Feature","geometry":{"type":"LineString","coordinates":[[8.913873119801442,49.45152165760768],[8.914112041033867,49.451241967613264],[8.914484374890847,49.45086373032733],[8.91489769348865,49.450503895691085],[8.915352734164058,49.45016650091437],[8.915850469062944,49.449855511390794],[8.91638683982464,49.449573144505955],[8.916956949024978,49.449320515639904],[8.917557793328692,49.449100198178215],[8.91818418055155,49.44891260158289],[8.918832591015184,49.448760128158696],[8.919498013181729,49.44864263019679],[8.920176280041588,49.448562253464196],[8.920862387763194,49.448518531267126],[8.921551688044502,49.44851291691674],[8.922239371275879,49.44854428770908],[8.922920500432213,49.448613575488295],[8.923590411053016,49.448719370151274],[8.924244485059246,49.448861381150856],[8.924876053366098,49.44904122736779],[8.92524075585388,49.449162911174234]]},"properties":{"name":"Feuerbergtunnel  Länge = 966m","laenge":965,"streckennummer":"4111","bundesland":"Baden-Württemberg"}},{"type":"Feature","geometry":{"type":"LineString","coordinates":[[8.98858573717565,49.463863307463605],[8.988971857488467,49.46360687820423],[8.98939041399686,49.463248509906094],[8.989723450470606,49.462856374885575],[8.989973477413734,49.462437766026284],[8.990128362761533,49.461999920845706],[8.990179029999707,49.46155348016988],[8.990161766868676,49.461103590164754],[8.990040338073397,49.46020798373722],[8.990010544795004,49.459758542115985],[8.990034161423864,49.459310570530334],[8.990098734123526,49.45905061601301]]},"properties":{"name":"Scheuerbergtunnel","laenge":569,"streckennummer":"4111","bundesland":"Baden-Württemberg"}},{"type":"Feature","geometry":{"type":"LineString","coordinates":[[9.078709459080331,49.38096228177264],[9.078631056227985,49.38064975663805],[9.078594071710322,49.380201047208125],[9.078635998981339,49.37975250875591],[9.078755069188446,49.37931027454925],[9.078944586563502,49.37887808037108],[9.07920092245766,49.378461318723566],[9.080669865072485,49.37642796091781],[9.081838539715465,49.374799559588716],[9.082411908814981,49.37398179928659],[9.082524608781728,49.37383513346679]]},"properties":{"name":"Binauer Tunnel","laenge":853,"streckennummer":"4111","bundesland":"Baden-Württemberg"}},{"type":"Feature","geometry":{"type":"LineString","coordinates":[[9.150087238218473,49.29339583200605],[9.149982198533214,49.29331098689729],[9.14958777278429,49.29294395938681],[9.149259605698624,49.29254903385411],[9.148999113322713,49.29213341577767],[9.148809647896478,49.291701453210045],[9.148696584337006,49.29125823329779],[9.148657374487387,49.29080959508074],[9.14869683027638,49.29036097233598],[9.148810463751248,49.289917725257986],[9.149000572829387,49.289485812079164],[9.149260041793488,49.28906972393448],[9.149590083804638,49.28867564949119],[9.14998322369747,49.28830714055116],[9.150437836530172,49.28797026791266],[9.150946289319675,49.2876683317627],[9.151551572435146,49.28738501100349]]},"properties":{"name":"Böttinger Tunnel","laenge":766,"streckennummer":"4111","bundesland":"Baden-Württemberg"}},{"type":"Feature","geometry":{"type":"LineString","coordinates":[[9.041078572237279,49.57874673933137],[9.040223030278083,49.57884974398444],[9.038877528657606,49.57905533966978],[9.037528893189489,49.579246224747195],[9.035905613334762,49.57943385812813],[9.026464602322875,49.58076816854223],[9.025398279622824,49.58096648455968],[9.024051150219119,49.58117197563304],[9.022695327725033,49.5813528845206],[9.011880797107269,49.582895942658276],[9.00917202769296,49.58326369445852],[9.001050419475533,49.58438504610583],[8.999687093531948,49.58454784713246],[8.99921049627693,49.58462928129935]]},"properties":{"name":"Krähberg-Tunnel","laenge":3100,"streckennummer":"4113","bundesland":"Hessen"}},{"type":"Feature","geometry":{"type":"LineString","coordinates":[[8.976912681970834,49.81268953416098],[8.96537783792211,49.820549067161295]]},"properties":{"name":"Frau-Nauses-Tunnel","laenge":1205,"streckennummer":"4113","bundesland":"Hessen"}},{"type":"Feature","geometry":{"type":"LineString","coordinates":[[9.198645568005125,49.39731576713783],[9.19943884897043,49.39795310718243],[9.200289837001772,49.398661014726905],[9.20119113046212,49.39934071206138],[9.201673128757887,49.399661084106754],[9.20196431731745,49.39983325830756]]},"properties":{"name":"Dallauer Tunnel","laenge":370,"streckennummer":"4120","bundesland":"Baden-Württemberg"}},{"type":"Feature","geometry":{"type":"LineString","coordinates":[[9.260737830954819,49.4138022959248],[9.261358922077882,49.41383281255638],[9.262036866970178,49.41390802233448],[9.263375582966335,49.41411984882432],[9.264694814431824,49.414383679176495],[9.267982198893687,49.41497911869195]]},"properties":{"name":"Schefflenzer Tunnel","laenge":543,"streckennummer":"4120","bundesland":"Baden-Württemberg"}},{"type":"Feature","geometry":{"type":"LineString","coordinates":[[9.299910849858797,49.43500176300392],[9.300996391571188,49.434885992319884],[9.304857640885395,49.43451794669494]]},"properties":{"name":"Eicholzheimer Tunnel","laenge":363,"streckennummer":"4120","bundesland":"Baden-Württemberg"}},{"type":"Feature","geometry":{"type":"LineString","coordinates":[[9.35496166983669,49.43584455422647],[9.355324137439151,49.435791808834196],[9.355990094732183,49.435676823766876],[9.356643863418485,49.435534610636445],[9.357285048040014,49.43536969802395],[9.35791011361103,49.4351804876265],[9.358166403422455,49.43509550256107]]},"properties":{"name":"Seckacher Tunnel","laenge":248,"streckennummer":"4120","bundesland":"Baden-Württemberg"}},{"type":"Feature","geometry":{"type":"LineString","coordinates":[[9.368219667699925,49.4317024134822],[9.370347427442171,49.430983895210474]]},"properties":{"name":"Zimmerner Tunnel","laenge":174,"streckennummer":"4120","bundesland":"Baden-Württemberg"}},{"type":"Feature","geometry":{"type":"LineString","coordinates":[[9.401180954833963,49.42170984258746],[9.404704536937652,49.42141710808719]]},"properties":{"name":"Adelsheimer Tunnel","laenge":258,"streckennummer":"4120","bundesland":"Baden-Württemberg"}},{"type":"Feature","geometry":{"type":"LineString","coordinates":[[9.566014045469117,49.519011839690236],[9.566425072002094,49.51939918755324],[9.567238929246146,49.52012544687957],[9.567659548168118,49.52048183793048],[9.56811285275956,49.520820556458325],[9.568309359220706,49.520942355854]]},"properties":{"name":"Eubigheimer Tunnel  TL=268m","laenge":272,"streckennummer":"4120","bundesland":"Baden-Württemberg"}},{"type":"Feature","geometry":{"type":"LineString","coordinates":[[9.84325193149006,49.61393645505628],[9.843318992421521,49.61517516550459]]},"properties":{"name":"Wittighauser Tunnel  TL=138","laenge":138,"streckennummer":"4120","bundesland":"Baden-Württemberg"}},{"type":"Feature","geometry":{"type":"LineString","coordinates":[[8.586698735867255,49.116021725653134],[8.587258506031196,49.11579133325089],[8.58788798121157,49.11561489867849],[8.5885551508565,49.115514486398034],[8.589237964603546,49.11548334087612],[8.589918407255185,49.11553201728406],[8.590578949754178,49.11564951490907],[8.59119743604663,49.11584186115936],[8.59176295025454,49.116094932348105],[8.592019429855188,49.116260156815954]]},"properties":{"name":"","laenge":424,"streckennummer":"4130","bundesland":"Baden-Württemberg"}},{"type":"Feature","geometry":{"type":"LineString","coordinates":[[8.602261073751682,49.12047129802791],[8.603858694893109,49.12021805914566]]},"properties":{"name":"","laenge":120,"streckennummer":"4130","bundesland":"Baden-Württemberg"}},{"type":"Feature","geometry":{"type":"LineString","coordinates":[[8.583206404780523,49.11370768350036],[8.586141622596895,49.11375892628075],[8.587499614164065,49.11379097534479],[8.588176277097784,49.11384813241328],[8.588843395231457,49.11394494619347],[8.589495589884233,49.11409515980393],[8.59011684982252,49.11429382509372],[8.590698633849483,49.114535350813355],[8.591234220362317,49.1148193450999],[8.591720015252676,49.11513983427077],[8.592147228739071,49.11549461187909],[8.592505672113202,49.115871575528715],[8.592599866781173,49.115997657536084]]},"properties":{"name":"Güterzug-Tunnel","laenge":779,"streckennummer":"4131","bundesland":"Baden-Württemberg"}},{"type":"Feature","geometry":{"type":"LineString","coordinates":[[8.634651180324148,48.931338666567704],[8.636541794057356,48.9311025189784],[8.637054964104209,48.93101027828885]]},"properties":{"name":"Ersinger Tunnel  km 19,459 ... 19,640","laenge":180,"streckennummer":"4200","bundesland":"Baden-Württemberg"}},{"type":"Feature","geometry":{"type":"LineString","coordinates":[[8.687597990411325,48.90452899801971],[8.693164568019201,48.89723439865742]]},"properties":{"name":"Pforzheimer Tunnel","laenge":909,"streckennummer":"4200","bundesland":"Baden-Württemberg"}},{"type":"Feature","geometry":{"type":"LineString","coordinates":[[8.229448322823208,48.21560472288983],[8.229865875483855,48.215217100598785]]},"properties":{"name":"Rebberg-Tunel","laenge":53,"streckennummer":"4250","bundesland":"Baden-Württemberg"}},{"type":"Feature","geometry":{"type":"LineString","coordinates":[[8.233955438742651,48.17259773506266],[8.233978175630087,48.1723922602103]]},"properties":{"name":"4250/47,174/1320","laenge":23,"streckennummer":"4250","bundesland":"Baden-Württemberg"}},{"type":"Feature","geometry":{"type":"LineString","coordinates":[[8.23397666005572,48.17193569398689],[8.233950354053212,48.17174248703858],[8.233902008147085,48.17154575090556]]},"properties":{"name":"2. Glasträgertunnel","laenge":44,"streckennummer":"4250","bundesland":"Baden-Württemberg"}},{"type":"Feature","geometry":{"type":"LineString","coordinates":[[8.23279614990016,48.17017284552584],[8.232620578792043,48.17006289154698]]},"properties":{"name":"3. Glasträgertunnel","laenge":18,"streckennummer":"4250","bundesland":"Baden-Württemberg"}},{"type":"Feature","geometry":{"type":"LineString","coordinates":[[8.23074970577877,48.16944413852715],[8.2305137309556,48.16941771835615],[8.230286535477404,48.16940132625892],[8.230058309206413,48.169393627950946],[8.229816368598854,48.16939497460633],[8.22957498745377,48.16940609136946],[8.229348324365404,48.16942552182343],[8.228901811234039,48.16949012583578],[8.228683402633568,48.1695350932528],[8.228456732122348,48.16959170074607],[8.22804429036502,48.16972312203042],[8.227847141344006,48.16980041365694],[8.227645937179313,48.16989030447008],[8.227463681296575,48.16998251670441],[8.227279605173402,48.170087559030456],[8.227105348438565,48.17019983936176],[8.226950349812642,48.170312168032055],[8.226670315182412,48.17055361924851],[8.226433185857672,48.170814824868664],[8.226331700502811,48.170951786161446],[8.22623715961749,48.17110076437425],[8.22615623160064,48.17125329214416],[8.226092571871957,48.17140010390263],[8.226003263316873,48.171699802058086],[8.225976822115449,48.17186068280234],[8.225965226941648,48.172013344606434],[8.225966663900644,48.17216620210095],[8.225982192361508,48.17232639124746]]},"properties":{"name":"Niederwassertunnel","laenge":558,"streckennummer":"4250","bundesland":"Baden-Württemberg"}},{"type":"Feature","geometry":{"type":"LineString","coordinates":[[8.226729622504916,48.173648342173394],[8.227037078028088,48.17390245578172],[8.228015211231089,48.17463102694147],[8.228203622268039,48.17478953790619],[8.2283636474806,48.17494508349989],[8.228569277628127,48.17518743823096],[8.228734214490995,48.17543835103768],[8.22886263566791,48.175703444034895],[8.22895059479737,48.175977583561625]]},"properties":{"name":"4. Bauertunnel","laenge":313,"streckennummer":"4250","bundesland":"Baden-Württemberg"}},{"type":"Feature","geometry":{"type":"LineString","coordinates":[[8.22788459499467,48.178386945078614],[8.227737877216343,48.17855525964048],[8.227621573263923,48.17870905136013]]},"properties":{"name":"Hohenackertunnel","laenge":41,"streckennummer":"4250","bundesland":"Baden-Württemberg"}},{"type":"Feature","geometry":{"type":"LineString","coordinates":[[8.227399472274046,48.18073015848492],[8.227552612377112,48.181269284287566],[8.22760811981235,48.18151947562827]]},"properties":{"name":"3. Bauerntunnel","laenge":89,"streckennummer":"4250","bundesland":"Baden-Württemberg"}},{"type":"Feature","geometry":{"type":"LineString","coordinates":[[8.227427923353467,48.18268000913567],[8.227268260169167,48.18295177156421],[8.227062246616596,48.183214455310086],[8.22681452953188,48.18346050361633],[8.226534893816982,48.18368223344641]]},"properties":{"name":"Letschenbergtunnel","laenge":130,"streckennummer":"4250","bundesland":"Baden-Württemberg"}},{"type":"Feature","geometry":{"type":"LineString","coordinates":[[8.224531384095524,48.184812803294484],[8.224289528116262,48.18489236831887],[8.224040859719587,48.184960815841094],[8.223773042941266,48.185020598759024],[8.223512755685906,48.18506576367209],[8.223235255033913,48.18510060863943],[8.22296819033824,48.185121651157885],[8.22269962477758,48.185130762141114],[8.222418235378992,48.18512746737272]]},"properties":{"name":"Röllerwaldtunnel","laenge":162,"streckennummer":"4250","bundesland":"Baden-Württemberg"}},{"type":"Feature","geometry":{"type":"LineString","coordinates":[[8.21698362264394,48.182063743623],[8.217012696826483,48.181764898360036],[8.21795842323211,48.17497014388253]]},"properties":{"name":"Eisenbergtunnel","laenge":792,"streckennummer":"4250","bundesland":"Baden-Württemberg"}},{"type":"Feature","geometry":{"type":"LineString","coordinates":[[8.217920922167401,48.173329476646344],[8.217789124855944,48.17288083814066],[8.217730932122988,48.17262025562498]]},"properties":{"name":"Spärletunnel","laenge":80,"streckennummer":"4250","bundesland":"Baden-Württemberg"}},{"type":"Feature","geometry":{"type":"LineString","coordinates":[[8.219004115748445,48.17033192918266],[8.219196968408294,48.17021984808268],[8.219430961416007,48.1700988706142],[8.220895993888567,48.169398346874985]]},"properties":{"name":"Obergießtunnel","laenge":175,"streckennummer":"4250","bundesland":"Baden-Württemberg"}},{"type":"Feature","geometry":{"type":"LineString","coordinates":[[8.22343072013787,48.16817862093065],[8.22568535521142,48.1670960177296],[8.2260309729317,48.16694938313587],[8.226371421957495,48.16683288047014]]},"properties":{"name":"Hippensbachtunnel","laenge":265,"streckennummer":"4250","bundesland":"Baden-Württemberg"}},{"type":"Feature","geometry":{"type":"LineString","coordinates":[[8.228791934836195,48.16662487443053],[8.229410872827883,48.166643130058794],[8.229661426635726,48.166637165433286],[8.229915552174118,48.16662026119792],[8.230167521458212,48.16659246889289],[8.230429291997137,48.16655157977797],[8.230673609795662,48.16650185859345],[8.230925064423333,48.166438289793696],[8.231169520800124,48.1663634902883],[8.231405851051404,48.16627780781904],[8.231632987145032,48.16618163550278],[8.231849880633714,48.16607540706404],[8.232055536061315,48.16595961054722],[8.23224902454078,48.16583477941272],[8.23242945028357,48.16570148331824],[8.232599553723587,48.16555708191301]]},"properties":{"name":"Kurzenbergtunnel","laenge":324,"streckennummer":"4250","bundesland":"Baden-Württemberg"}},{"type":"Feature","geometry":{"type":"LineString","coordinates":[[8.234798430012647,48.16236130421794],[8.234831813243758,48.161786123889826]]},"properties":{"name":"Mühlhaldetunnel","laenge":64,"streckennummer":"4250","bundesland":"Baden-Württemberg"}},{"type":"Feature","geometry":{"type":"LineString","coordinates":[[8.236270470286644,48.15956277935077],[8.236920243778343,48.159163189237276],[8.23710895745198,48.15903511647813],[8.237271294296157,48.15891269609181],[8.23743647234547,48.15877084150757],[8.237586889244014,48.15862181540636],[8.237721849339968,48.1584663057262],[8.237843300207464,48.158301202042566]]},"properties":{"name":"Losbachtunnel","laenge":185,"streckennummer":"4250","bundesland":"Baden-Württemberg"}},{"type":"Feature","geometry":{"type":"LineString","coordinates":[[8.237995373699857,48.15589503514003],[8.237894673151914,48.15532344249341]]},"properties":{"name":"Forellentunnel","laenge":64,"streckennummer":"4250","bundesland":"Baden-Württemberg"}},{"type":"Feature","geometry":{"type":"LineString","coordinates":[[8.237312763300764,48.14800253570993],[8.236795657601359,48.14449385097014]]},"properties":{"name":"Großhaldentunnel","laenge":392,"streckennummer":"4250","bundesland":"Baden-Württemberg"}},{"type":"Feature","geometry":{"type":"LineString","coordinates":[[8.240287257926095,48.137155085152116],[8.240593109065912,48.13711678137235],[8.240900219614671,48.13709429902828],[8.241208994137391,48.13708743952897],[8.241509306430979,48.137095803263726]]},"properties":{"name":"Kleiner Triberger Tunnel","laenge":91,"streckennummer":"4250","bundesland":"Baden-Württemberg"}},{"type":"Feature","geometry":{"type":"LineString","coordinates":[[8.243103102803785,48.13743476560909],[8.243364749548514,48.137526781910104],[8.243902832921332,48.13779544717332],[8.24436115425864,48.13812381916235],[8.244737509808033,48.13849588494627],[8.24500984920873,48.13890661698165],[8.245184214780721,48.13934059142204],[8.245241616244089,48.13978831277494],[8.245194097361807,48.1402364510713],[8.245030159257306,48.14067223185323],[8.244751774362133,48.14107825174166],[8.244404080232925,48.14146383619041],[8.244014020779288,48.14183105048152],[8.243648591189201,48.14220663210551],[8.243384408655288,48.14262009425929],[8.243222253408673,48.14305505217435],[8.24316857566583,48.14350297798469],[8.243233912603577,48.143950221700614],[8.24327503289118,48.144054084740354]]},"properties":{"name":"Großer Triberger Tunnel","laenge":834,"streckennummer":"4250","bundesland":"Baden-Württemberg"}},{"type":"Feature","geometry":{"type":"LineString","coordinates":[[8.245320177421357,48.148060204136115],[8.245213748667883,48.148267636138726],[8.245060575334362,48.14850739376785],[8.243412967462914,48.150829859021556]]},"properties":{"name":"Gummambs Tunnel","laenge":339,"streckennummer":"4250","bundesland":"Baden-Württemberg"}},{"type":"Feature","geometry":{"type":"LineString","coordinates":[[8.242666299962083,48.15692371137852],[8.242585275256136,48.157361413237886]]},"properties":{"name":"1. Seelenwaldtunnel","laenge":49,"streckennummer":"4250","bundesland":"Baden-Württemberg"}},{"type":"Feature","geometry":{"type":"LineString","coordinates":[[8.242616281798277,48.15869465091733],[8.242680975652085,48.15884762211967],[8.242755891548425,48.15899202888313],[8.242941498864454,48.15927031647536]]},"properties":{"name":"2.Seelenwaldtunnel","laenge":69,"streckennummer":"4250","bundesland":"Baden-Württemberg"}},{"type":"Feature","geometry":{"type":"LineString","coordinates":[[8.246409961667082,48.16079018850327],[8.246724123750944,48.16080037088282],[8.24704647482337,48.160793543960615],[8.247353649413778,48.16077064439018],[8.247670334065377,48.16072982387965],[8.247955429840475,48.16067745055255],[8.248247099241288,48.160607532853405],[8.248542046821099,48.16052019307769],[8.248908672163918,48.160396823234755]]},"properties":{"name":"3.Seelenwaldtunnel","laenge":195,"streckennummer":"4250","bundesland":"Baden-Württemberg"}},{"type":"Feature","geometry":{"type":"LineString","coordinates":[[8.257842851614928,48.1540347525391],[8.257657610556814,48.153790309730645],[8.257431972392473,48.15355609698539],[8.257171166655828,48.153338856418785],[8.256869897740039,48.15313488871683],[8.24923723648242,48.14869061497579],[8.248897440777661,48.14848530320965]]},"properties":{"name":"-Gremmelsbachtunnel-","laenge":912,"streckennummer":"4250","bundesland":"Baden-Württemberg"}},{"type":"Feature","geometry":{"type":"LineString","coordinates":[[8.24730744005814,48.14675147470876],[8.247059239489968,48.14629449392594]]},"properties":{"name":"Gaislochtunnel","laenge":54,"streckennummer":"4250","bundesland":"Baden-Württemberg"}},{"type":"Feature","geometry":{"type":"LineString","coordinates":[[8.245890890266999,48.143486528133074],[8.24594813063824,48.14317827297014],[8.246062640130178,48.14286170341167],[8.247117492251201,48.14066433386621]]},"properties":{"name":"Hohnentunnel","laenge":327,"streckennummer":"4250","bundesland":"Baden-Württemberg"}},{"type":"Feature","geometry":{"type":"LineString","coordinates":[[8.249905161938177,48.13672117312503],[8.25065075663068,48.13603681277904],[8.250919178646521,48.13581318657051],[8.251103165475358,48.13568215035439],[8.25128959603131,48.13556547885738],[8.251497276732637,48.135451405208414],[8.251704618810903,48.13535178599108],[8.251955819506263,48.13524761345884],[8.252217693213863,48.13515596580484],[8.252501357939128,48.13507406885273],[8.252780666074594,48.13500947779413],[8.25306624942882,48.13495867337996],[8.253356612972103,48.13492192464591],[8.253651271475958,48.13489935431239],[8.253984386138463,48.134888815858154]]},"properties":{"name":"Grundwaldtunnel","laenge":381,"streckennummer":"4250","bundesland":"Baden-Württemberg"}},{"type":"Feature","geometry":{"type":"LineString","coordinates":[[8.256816704124825,48.13451973860775],[8.256918229573134,48.134483761078585],[8.258093008480085,48.13394224711383],[8.258602217199307,48.13377242758694],[8.259235994575432,48.133633334782566],[8.259475480754496,48.13360727408914]]},"properties":{"name":"Krähenlochtunnel","laenge":225,"streckennummer":"4250","bundesland":"Baden-Württemberg"}},{"type":"Feature","geometry":{"type":"LineString","coordinates":[[8.261347045247293,48.133674654054936],[8.261864980293513,48.133798201442474],[8.261993448515762,48.13384746967678]]},"properties":{"name":"Sommerbergtunnel","laenge":52,"streckennummer":"4250","bundesland":"Baden-Württemberg"}},{"type":"Feature","geometry":{"type":"LineString","coordinates":[[8.265691154901797,48.13633558326494],[8.269366656845484,48.13761453039078]]},"properties":{"name":"Farrenhaldetunnel","laenge":312,"streckennummer":"4250","bundesland":"Baden-Württemberg"}},{"type":"Feature","geometry":{"type":"LineString","coordinates":[[8.27229026444566,48.13863351570141],[8.272683264102193,48.13875079318998],[8.27307426699649,48.13883718999419]]},"properties":{"name":"Steinbistunnel","laenge":63,"streckennummer":"4250","bundesland":"Baden-Württemberg"}},{"type":"Feature","geometry":{"type":"LineString","coordinates":[[8.277258503692805,48.13792303858869],[8.277406697463348,48.13779022162666],[8.27753925747651,48.13765486269167],[8.277665651445263,48.13750644230307],[8.277772109036084,48.13736112061718],[8.277938136595015,48.13707771432274],[8.278181356942895,48.136562666256985]]},"properties":{"name":"Tannenwald-Tunnel","laenge":168,"streckennummer":"4250","bundesland":"Baden-Württemberg"}},{"type":"Feature","geometry":{"type":"LineString","coordinates":[[8.279193363889588,48.13535221993132],[8.279436990628064,48.13519558565064]]},"properties":{"name":"Tannenbühl-Tunnel","laenge":25,"streckennummer":"4250","bundesland":"Baden-Württemberg"}},{"type":"Feature","geometry":{"type":"LineString","coordinates":[[8.282324340290701,48.134522329374846],[8.282614034421181,48.134539635023216],[8.282892507326574,48.13456970730022],[8.283177327807897,48.13461384381348],[8.283551829036075,48.13468550913038]]},"properties":{"name":"Schieferhalde-Tunnel","laenge":93,"streckennummer":"4250","bundesland":"Baden-Württemberg"}},{"type":"Feature","geometry":{"type":"LineString","coordinates":[[8.28681992620659,48.13465003821659],[8.287169316725786,48.13453560102363],[8.307057406738071,48.12762457348559]]},"properties":{"name":"Sommerautunnel","laenge":1697,"streckennummer":"4250","bundesland":"Baden-Württemberg"}},{"type":"Feature","geometry":{"type":"LineString","coordinates":[[8.764977711117266,47.93170183542582],[8.765241187654023,47.93179286563359],[8.765511227960486,47.931871609512626],[8.765790267660105,47.93193878720788],[8.76608606192366,47.93199587145473],[8.766386719604544,47.932040000383424],[8.766677705821362,47.932069916745625],[8.766970888120966,47.93208770429126],[8.767274270779017,47.93209325985717]]},"properties":{"name":"Möhringer Tunnel","laenge":180,"streckennummer":"4250","bundesland":"Baden-Württemberg"}},{"type":"Feature","geometry":{"type":"LineString","coordinates":[[8.774683241460634,47.91730416793798],[8.77151755293299,47.909496321967175]]},"properties":{"name":"Hattinger-Tunnel","laenge":900,"streckennummer":"4250","bundesland":"Baden-Württemberg"}},{"type":"Feature","geometry":{"type":"LineString","coordinates":[[8.22298847339786,48.29773412492334],[8.223219325162441,48.29790955645368],[8.223736889925386,48.29819755746142],[8.224308295171017,48.29843606083764],[8.224929292377345,48.29860916857872],[8.225583244938202,48.298716587974965],[8.226254840350743,48.2987466366342],[8.226374487939143,48.29873792325534]]},"properties":{"name":"Wolfacher Tunnel","laenge":285,"streckennummer":"4251","bundesland":"Baden-Württemberg"}},{"type":"Feature","geometry":{"type":"LineString","coordinates":[[8.293104625460105,48.290256589902285],[8.293644342249065,48.29040760197149],[8.294144370799074,48.29061266885029]]},"properties":{"name":"Tunnel an der Schmelze","laenge":87,"streckennummer":"4251","bundesland":"Baden-Württemberg"}},{"type":"Feature","geometry":{"type":"LineString","coordinates":[[7.560125300465868,47.742235094198186],[7.560048382667242,47.74142850929349],[7.5599887268527235,47.74046547932474],[7.5599635748101965,47.739461562455325],[7.5599751970356,47.738489789386385],[7.5600172684354,47.73759426971966],[7.560119809154158,47.736413265295184],[7.560215758252426,47.73565608816638],[7.5603545896878295,47.73478159216017],[7.560673600342612,47.733090159907846],[7.57460338789444,47.66208219947335],[7.5748250995519575,47.660968114951935],[7.575187441050273,47.65931602916711],[7.575395111085825,47.658455214332065]]},"properties":{"name":"Katzenbergtunnel Weströhre","laenge":9385,"streckennummer":"4280","bundesland":"Baden-Württemberg"}},{"type":"Feature","geometry":{"type":"LineString","coordinates":[[7.835483364372387,47.97966637331527],[7.839335006189994,47.97842255523075],[7.839909411194449,47.97824981059142],[7.840002303467387,47.97822511974491],[7.841649379947914,47.97795171171834],[7.84183773120441,47.97793840470139]]},"properties":{"name":"Loretto Tunnel","laenge":514,"streckennummer":"4300","bundesland":"Baden-Württemberg"}},{"type":"Feature","geometry":{"type":"LineString","coordinates":[[7.847490095456404,47.97942254461775],[7.848930584854554,47.980273720563325],[7.849365847090697,47.980512883485524],[7.849652246121293,47.98065054277301],[7.849939777836579,47.980773764217076],[7.850265370343558,47.98089868816141],[7.850697849632847,47.98105139278129]]},"properties":{"name":"Sternwald Tunnel","laenge":302,"streckennummer":"4300","bundesland":"Baden-Württemberg"}},{"type":"Feature","geometry":{"type":"LineString","coordinates":[[8.015876705039082,47.940432379381484],[8.016058602691364,47.94034627962918],[8.016253283217937,47.94026721896063],[8.016457814312462,47.940196638058005],[8.016716676075458,47.940118813283625]]},"properties":{"name":"Falkensteintunnel","laenge":72,"streckennummer":"4300","bundesland":"Baden-Württemberg"}},{"type":"Feature","geometry":{"type":"LineString","coordinates":[[8.019517408730257,47.93864411737362],[8.019675516679268,47.93854146116811],[8.019837192449248,47.9384496202382],[8.020492415914429,47.93812865408568],[8.020761626632357,47.93797845661776]]},"properties":{"name":"Unterer Hirschsprungtunnel","laenge":119,"streckennummer":"4300","bundesland":"Baden-Württemberg"}},{"type":"Feature","geometry":{"type":"LineString","coordinates":[[8.021693937613552,47.93713677550085],[8.021896851766288,47.93696830214831],[8.022296651200254,47.936666938655094]]},"properties":{"name":"Oberer Hirschsprungtunnel","laenge":69,"streckennummer":"4300","bundesland":"Baden-Württemberg"}},{"type":"Feature","geometry":{"type":"LineString","coordinates":[[8.03159178280316,47.92694474990481],[8.031650587902128,47.926715477178796],[8.031741931117525,47.92649930251017],[8.031871863619848,47.92628252223185],[8.032028990339336,47.9260841565687],[8.032215945467833,47.92589784648147],[8.032439852330086,47.925719038004104],[8.032681068820171,47.92556341711172],[8.032946340359118,47.925424893306705]]},"properties":{"name":"Kehre-Tunnel","laenge":203,"streckennummer":"4300","bundesland":"Baden-Württemberg"}},{"type":"Feature","geometry":{"type":"LineString","coordinates":[[8.076592012799637,47.91680154083368],[8.077107362810183,47.91654403803666]]},"properties":{"name":"Ravennatunnel","laenge":48,"streckennummer":"4300","bundesland":"Baden-Württemberg"}},{"type":"Feature","geometry":{"type":"LineString","coordinates":[[8.07907014012729,47.91439118738407],[8.079359105335607,47.91419318538682],[8.079684996412583,47.91402108752737],[8.080041142936794,47.913878645514025],[8.080234866261895,47.91381752362227],[8.080421610224965,47.91376822639309],[8.08080699394543,47.91369359592546],[8.081216538331216,47.91365103618051],[8.08161745422287,47.913643945176574],[8.082058635005861,47.9136715307397]]},"properties":{"name":"Finsterranktunnel","laenge":248,"streckennummer":"4300","bundesland":"Baden-Württemberg"}},{"type":"Feature","geometry":{"type":"LineString","coordinates":[[8.087737759991882,47.91251285269492],[8.087985457704557,47.91247302915079],[8.08823653907882,47.912446836196985],[8.088506560511709,47.91243374867467],[8.088823738425111,47.91243184337884]]},"properties":{"name":"Löffeltaltunnel","laenge":82,"streckennummer":"4300","bundesland":"Baden-Württemberg"}},{"type":"Feature","geometry":{"type":"LineString","coordinates":[[8.265309545345554,47.868733395889315],[8.265568287864953,47.868675292267085],[8.265826961001567,47.86863005314712],[8.26610276964556,47.86859522099538],[8.266368216697424,47.868574275941484],[8.266621795908929,47.86856551758526],[8.266877126377523,47.868567634450656],[8.267508833919642,47.86860717945711]]},"properties":{"name":"Finsterbühltunnel","laenge":167,"streckennummer":"4300","bundesland":"Baden-Württemberg"}},{"type":"Feature","geometry":{"type":"LineString","coordinates":[[8.275768448080003,47.867165670731794],[8.276121762872702,47.867135753271356],[8.27649216216576,47.867125879580335],[8.276865893363,47.867137345658755],[8.277236842891504,47.86717008149658],[8.277602334583255,47.867223849926404],[8.277947138382892,47.8672952634308],[8.278282126446454,47.8673853933778],[8.278612124005162,47.867496277100436]]},"properties":{"name":"Hörnle-Tunnel","laenge":220,"streckennummer":"4300","bundesland":"Baden-Württemberg"}},{"type":"Feature","geometry":{"type":"LineString","coordinates":[[8.280839857329639,47.86964221604148],[8.280879274250406,47.869876007302835],[8.28089097271201,47.87010964231324],[8.280875216989136,47.87034317275669],[8.280830284759306,47.870582505275195]]},"properties":{"name":"Setze-Tunnel","laenge":105,"streckennummer":"4300","bundesland":"Baden-Württemberg"}},{"type":"Feature","geometry":{"type":"LineString","coordinates":[[8.282650465630207,47.87647416138153],[8.282778738537063,47.876646244000206],[8.282898445636551,47.876836739831255],[8.283015223680776,47.87705694642179],[8.283119996315056,47.87728887334202],[8.28320628901489,47.877515360388244],[8.283280383354263,47.87775299551922],[8.283338508395023,47.877992626450556],[8.283380088184673,47.87823051122315]]},"properties":{"name":"Kapf-Tunnel","laenge":204,"streckennummer":"4300","bundesland":"Baden-Württemberg"}},{"type":"Feature","geometry":{"type":"LineString","coordinates":[[8.43010338026494,47.89506382796284],[8.430497314903977,47.895128974977084],[8.431792123081795,47.89537212689521],[8.432289044271066,47.89544295659613],[8.432621177682813,47.895468104089595],[8.4329552673484,47.89547456663529],[8.433288999735748,47.895462305812856],[8.433633203668224,47.895429778652414],[8.433971933805582,47.89537734263367],[8.434290106604399,47.89530850300952],[8.43459864718672,47.895222090604044],[8.4349018753094,47.89511622007055],[8.435129406284174,47.89502172218407],[8.435370891727601,47.89490874273475],[8.436670500393285,47.89425178233491]]},"properties":{"name":"Dögginger Tunnel","laenge":535,"streckennummer":"4300","bundesland":"Baden-Württemberg"}},{"type":"Feature","geometry":{"type":"LineString","coordinates":[[8.957060723933491,47.77013476918412],[8.95705420611619,47.77053157088553],[8.957129169098286,47.77097817554097],[8.957291708809269,47.77141406082873],[8.957532880204857,47.771833044194786],[8.957854673030907,47.77222667607691],[8.958021165893555,47.77237784599517]]},"properties":{"name":"Brandbühl Tunnel  km 4,759... 5,018","laenge":265,"streckennummer":"4330","bundesland":"Baden-Württemberg"}},{"type":"Feature","geometry":{"type":"LineString","coordinates":[[9.15021530043469,47.76961176791449],[9.151816541222047,47.77014372926011],[9.153029175310396,47.77051771738293],[9.153653216090945,47.77067519631522],[9.154291743013387,47.770805675090806],[9.154943747635127,47.77090005746078],[9.155604670733457,47.7709599592835],[9.156270443762576,47.7709860020216],[9.156937199713761,47.770977057634376],[9.15760109772442,47.770934053248915],[9.158258012078225,47.77085634703069],[9.158904263475424,47.770745315759804],[9.15953569399062,47.77060065059735],[9.160148999135108,47.770424060740595],[9.160739895684873,47.770215624418135],[9.161304377457814,47.76997652130347],[9.161841372783902,47.76970984720665],[9.16198619573205,47.76962560263572]]},"properties":{"name":"Überlinger West-Tunnel  km 17,866...18,814","laenge":948,"streckennummer":"4331","bundesland":"Baden-Württemberg"}},{"type":"Feature","geometry":{"type":"LineString","coordinates":[[9.163532177399153,47.76866024368342],[9.165253501356469,47.76756152043787],[9.165715623599207,47.767237635313975],[9.1661415495981,47.76689156314004],[9.166530917575997,47.76652659658458],[9.166879447587544,47.766143326835994],[9.167187068514579,47.765744376101516],[9.167445999509036,47.76533047106026],[9.167680084138212,47.76490922211578],[9.167924251572552,47.76443246977045],[9.168083661717342,47.76416285159009]]},"properties":{"name":"Überlinger Ost-Tunnel  km 18,972...19,587","laenge":616,"streckennummer":"4331","bundesland":"Baden-Württemberg"}},{"type":"Feature","geometry":{"type":"LineString","coordinates":[[7.6392693740691815,47.59302764848676],[7.643628961133403,47.59590774300409],[7.644096739020124,47.59622759336792],[7.6445793899208425,47.596536594898154],[7.64508300616626,47.59683028619132],[7.6456192231011775,47.59709372072557],[7.646201307599223,47.597310545384275],[7.646816254721712,47.597480979306376],[7.6474544674470035,47.597606114045504],[7.64810959581446,47.59768100389077],[7.648187652524466,47.597683353423555]]},"properties":{"name":"Tüllinger Tunnel","laenge":864,"streckennummer":"4410","bundesland":"Baden-Württemberg"}},{"type":"Feature","geometry":{"type":"LineString","coordinates":[[9.294701681151079,48.06877103724195],[9.294401491763187,48.06896305920731],[9.293869474523994,48.06923664903143],[9.293707803462263,48.06930188560913]]},"properties":{"name":"Schloßbergtunnel  km 86,269...86,364","laenge":95,"streckennummer":"4540","bundesland":"Baden-Württemberg"}},{"type":"Feature","geometry":{"type":"LineString","coordinates":[[8.830008232658681,48.44166463638958],[8.825655510450996,48.442657956500646],[8.82438824677158,48.44297309531008],[8.823711982634276,48.44311526750199]]},"properties":{"name":"Sulzauer Tunnel  km 68,759 ... 69,241","laenge":493,"streckennummer":"4600","bundesland":"Baden-Württemberg"}},{"type":"Feature","geometry":{"type":"LineString","coordinates":[[8.633321782415123,48.36471113495544],[8.632715970646174,48.364513627433276],[8.629648562355891,48.363668341702294]]},"properties":{"name":"Sulzer Tunnel  km 94,700 ... 94,996","laenge":296,"streckennummer":"4600","bundesland":"Baden-Württemberg"}},{"type":"Feature","geometry":{"type":"LineString","coordinates":[[8.61100740735034,48.20947427588004],[8.611532016297046,48.20861741615068]]},"properties":{"name":"Hohensteintunnel  km 117,391 ... 117,494","laenge":103,"streckennummer":"4600","bundesland":"Baden-Württemberg"}},{"type":"Feature","geometry":{"type":"LineString","coordinates":[[8.620777270066759,48.187589624941815],[8.620700302170034,48.182437356860866],[8.620684012111322,48.18198772604094],[8.62068775056636,48.18171127087932]]},"properties":{"name":"Tiersteintunnel  km 120,026 ... 120,682","laenge":654,"streckennummer":"4600","bundesland":"Baden-Württemberg"}},{"type":"Feature","geometry":{"type":"LineString","coordinates":[[8.6207965934309,48.18061806413353],[8.62092602203503,48.18020205585946],[8.621121613633234,48.179772000740556],[8.621372735946306,48.17935501570965],[8.621678977168752,48.17895482679168],[8.622035880607996,48.178573919040964],[8.622212153706425,48.178418618476485]]},"properties":{"name":"Bernburgtunnel  km 120,805 ... 121,074","laenge":269,"streckennummer":"4600","bundesland":"Baden-Württemberg"}},{"type":"Feature","geometry":{"type":"LineString","coordinates":[[8.629202690111919,48.16905536823002],[8.629984907245888,48.168401702365564],[8.6301201208949,48.168237534123925]]},"properties":{"name":"Autunnel  km 122,308 ... 122,422","laenge":114,"streckennummer":"4600","bundesland":"Baden-Württemberg"}},{"type":"Feature","geometry":{"type":"LineString","coordinates":[[9.368803521165104,48.66560746264766],[9.368838197100944,48.66551838576487],[9.3689635525223,48.665286408377774],[9.369142075189714,48.66503574037485],[9.369451266192712,48.66471145834583],[9.370000472810098,48.664288629199866]]},"properties":{"name":"TU Unterführung BAB","laenge":172,"streckennummer":"4615","bundesland":"Baden-Württemberg"}},{"type":"Feature","geometry":{"type":"LineString","coordinates":[[9.373055496674745,48.66222869566597],[9.373313813638502,48.66205313974052],[9.374779257381958,48.660860024448915]]},"properties":{"name":"Abzweig Albvorlandtunnel","laenge":197,"streckennummer":"4615","bundesland":"Baden-Württemberg"}},{"type":"Feature","geometry":{"type":"LineString","coordinates":[[9.144675220534857,48.09952967096498],[9.1448860826217,48.099257950183],[9.145128546262951,48.09884150424498],[9.145228000886503,48.098477111511585]]},"properties":{"name":"Wendenbühltunnel  km 78,716 ... 78,840","laenge":125,"streckennummer":"4630","bundesland":"Baden-Württemberg"}},{"type":"Feature","geometry":{"type":"LineString","coordinates":[[9.152321580044406,48.086617352909066],[9.15219887116592,48.08603844561416],[9.151752147908395,48.083711826599355]]},"properties":{"name":"Hönbergtunnel  80,435 ... 80,761","laenge":326,"streckennummer":"4630","bundesland":"Baden-Württemberg"}},{"type":"Feature","geometry":{"type":"LineString","coordinates":[[8.944810834919089,48.0330538279519],[8.950242593786644,48.033700934254874],[8.950905429029483,48.03377104191124],[8.951562120182691,48.03386033987725],[8.95221185119422,48.03397479064108],[8.95283254287555,48.03413863633203],[8.953403869098228,48.03437345816015],[8.953624718274162,48.034504167379765]]},"properties":{"name":"Schanztunnel  km 14,382 ... 15,066","laenge":684,"streckennummer":"4660","bundesland":"Baden-Württemberg"}},{"type":"Feature","geometry":{"type":"LineString","coordinates":[[8.988223175054694,48.056884947431044],[8.988674095149218,48.057044675471445],[8.989203289557969,48.05732055817485],[8.98965266437679,48.05765376928789],[8.98996342225015,48.057978056822066]]},"properties":{"name":"Käpfletunnel  km 19,260 ... 19,441","laenge":181,"streckennummer":"4660","bundesland":"Baden-Württemberg"}},{"type":"Feature","geometry":{"type":"LineString","coordinates":[[9.101165183056795,48.08675464224991],[9.101376097057361,48.08673096957561],[9.102009228293046,48.08658422581593],[9.102600117843284,48.08637161661612],[9.10312579005638,48.086092596624255],[9.103578125118785,48.08576142418184],[9.10394075799601,48.08538320972787],[9.103989204507272,48.085307143030214]]},"properties":{"name":"Thiergartener Tunnel  km 31,036 ... 31,311","laenge":275,"streckennummer":"4660","bundesland":"Baden-Württemberg"}},{"type":"Feature","geometry":{"type":"LineString","coordinates":[[9.131815420284456,48.0802269185588],[9.132244314301891,48.08043425756134],[9.132659791326128,48.080572448730834]]},"properties":{"name":"Dietfurter Tunnel  km 34,211 ... 34,285","laenge":74,"streckennummer":"4660","bundesland":"Baden-Württemberg"}},{"type":"Feature","geometry":{"type":"LineString","coordinates":[[9.203924445623127,48.79864938194111],[9.207615483810425,48.80035586694769]]},"properties":{"name":"Rosensteintunnel (Ferngleise)  km 2,318 ... 2,649","laenge":331,"streckennummer":"4700","bundesland":"Baden-Württemberg"}},{"type":"Feature","geometry":{"type":"LineString","coordinates":[[9.203827215544173,48.79873320455305],[9.207523585700203,48.800435196636755]]},"properties":{"name":"Rosensteintunnel (S-Bahn)  km 2,356 ... 2,687","laenge":331,"streckennummer":"4701","bundesland":"Baden-Württemberg"}},{"type":"Feature","geometry":{"type":"LineString","coordinates":[[10.281219633770052,48.87022348644743],[10.282799216779399,48.869920166734424],[10.284113859754449,48.869694312470195],[10.288757450164413,48.86885005599173]]},"properties":{"name":"Bildwasentunnel  km 92,179...92,753","laenge":574,"streckennummer":"4710","bundesland":"Baden-Württemberg"}},{"type":"Feature","geometry":{"type":"LineString","coordinates":[[9.203097322608192,48.82750765456142],[9.20332689558017,48.82810020182676],[9.20362576638407,48.828977572505835],[9.203768142437909,48.829417614341786],[9.203879122113962,48.82989653402598]]},"properties":{"name":"Schnarrenbergtunnel  6,632 ... 6,904","laenge":272,"streckennummer":"4720","bundesland":"Baden-Württemberg"}},{"type":"Feature","geometry":{"type":"LineString","coordinates":[[10.146076092003469,48.72707529652659],[10.146661512886915,48.726372387211164],[10.147714646976691,48.72500428429729]]},"properties":{"name":"Brunnenkopftunnel  km 16,511 ... 16,769","laenge":260,"streckennummer":"4760","bundesland":"Baden-Württemberg"}},{"type":"Feature","geometry":{"type":"LineString","coordinates":[[9.180329865634418,48.80764927993268],[9.173126370977128,48.811500972506465]]},"properties":{"name":"Pragtunnel  km 3,613...4,294","laenge":680,"streckennummer":"4800","bundesland":"Baden-Württemberg"}},{"type":"Feature","geometry":{"type":"LineString","coordinates":[[9.180153459509057,48.80750178462198],[9.177150180045848,48.80912273963114],[9.172961341411497,48.81135637023707]]},"properties":{"name":"Pragtunnel  km 3,613...4,294","laenge":680,"streckennummer":"4801","bundesland":"Baden-Württemberg"}},{"type":"Feature","geometry":{"type":"LineString","coordinates":[[9.1721830235155,48.84940808862141],[9.171744900565587,48.849967637866364],[9.171400756913005,48.85047775214633]]},"properties":{"name":"","laenge":132,"streckennummer":"4812","bundesland":"Baden-Württemberg"}},{"type":"Feature","geometry":{"type":"LineString","coordinates":[[9.37260605456102,48.66197215004936],[9.381360617715469,48.6562001759331],[9.382454145577235,48.65549256835588],[9.383378679087384,48.654914556045405],[9.384199565852663,48.65441905597629],[9.384936565975881,48.653987084014474],[9.38599567128808,48.653380804763906],[9.386975637569327,48.65283212263951],[9.388761164970935,48.65186171686515],[9.390776967235961,48.65080981198734],[9.392002203221345,48.650192153791636],[9.393239017895205,48.64958472145572],[9.394278410039712,48.64908641550906],[9.395535947439965,48.6484979921398],[9.396804517024648,48.64792006524492],[9.398083909600903,48.64735272960829],[9.399373922687195,48.64679606650783],[9.400456906856295,48.646340402958224],[9.401547008369942,48.64589226712205],[9.40286435798607,48.64536450197262],[9.404191579337732,48.644847729935705],[9.405526623224038,48.644342713264],[9.406645607128128,48.64393063589318],[9.407996836707271,48.64344638712883],[9.409357101119141,48.642973385028824],[9.41072617766898,48.64251169751471],[9.413026966980857,48.64176757193773],[9.414418495008231,48.64133642010525],[9.415584239781547,48.64098596532091],[9.4169903036223,48.64057608727789],[9.41816785695026,48.64024344978142],[9.419587721433393,48.63985505407385],[9.420776462846767,48.63954041070322],[9.422750562387426,48.6390373628482],[9.44941570937059,48.632349838975244],[9.45123245252945,48.63190674775571],[9.452730367655896,48.631567572499975],[9.453710956384567,48.6313625810009],[9.45469721720759,48.63116993258592],[9.45568879866923,48.63098969594623],[9.45668535611528,48.63082193975749],[9.45768651761454,48.63066671482955],[9.458691985945734,48.63052408067971],[9.45970161954273,48.63039405574723],[9.460714789132112,48.630276732367264],[9.46156152474251,48.630188690593755],[9.46258022449296,48.63009474990625],[9.463431067056275,48.630026250320824],[9.4644213218414,48.629957811926225],[9.466482183477263,48.629846725751875],[9.469833722946667,48.629703747535686]]},"properties":{"name":"Albvorlandtunnel S-U","laenge":8174,"streckennummer":"4813","bundesland":"Baden-Württemberg"}},{"type":"Feature","geometry":{"type":"LineString","coordinates":[[9.372800300715378,48.66210371612983],[9.373635070909009,48.66158229150382],[9.374479043386696,48.66103948580913],[9.380472148217752,48.657104361366656],[9.381772629484,48.65627935334366],[9.383091285297038,48.65546711592182],[9.38500603134239,48.65432928885093],[9.386956430323469,48.653218386514645],[9.387944722866472,48.65267318874016],[9.389142004139037,48.6520280841632],[9.391164435106392,48.650975318329785],[9.392393752422432,48.65035726893648],[9.39342709439837,48.64985011120435],[9.394468418158596,48.649350178309724],[9.395728381257248,48.64875987860562],[9.396999465368525,48.648180160426634],[9.398281474837788,48.64761111401032],[9.39935800600717,48.64714512374457],[9.400659512293098,48.64659587919653],[9.401752002958498,48.64614651464006],[9.40307229755555,48.645617361004945],[9.40418016075689,48.64518486153451],[9.405513353571042,48.64467803504811],[9.406627241176777,48.64426577798974],[9.407972378047523,48.64378126778901],[9.409326549507702,48.64330795493877],[9.41068953971059,48.64284591633022],[9.411831956950435,48.642469540306465],[9.413210561675774,48.64202834617759],[9.414597391666446,48.64159862539356],[9.415759195346112,48.64124933409494],[9.417160506720283,48.64084081554351],[9.418334084944847,48.64050928785935],[9.419749156117032,48.64012218454101],[9.420933888325429,48.63980858832263],[9.422903264509506,48.639306742165246],[9.449312900770016,48.63268304766712],[9.450998066456947,48.63226831447261],[9.452396084906637,48.63194398580728],[9.453198671005833,48.63176984538076],[9.454167060887473,48.6315719212342],[9.45514089055733,48.631386098474195],[9.455956319444395,48.63124054751399],[9.456939231140119,48.63107709666144],[9.457761745054258,48.630950272384645],[9.458721384304988,48.630813620345094],[9.459644301791123,48.63069351386934],[9.460730344191383,48.63056441148544],[9.462084787335936,48.63041616528438],[9.464568615689108,48.63017256875009],[9.467059747518046,48.629964405345376],[9.46830770476609,48.62987363875016],[9.469632692559399,48.629787137675656]]},"properties":{"name":"Albvorlandtunnel U-S","laenge":8154,"streckennummer":"4813","bundesland":"Baden-Württemberg"}},{"type":"Feature","geometry":{"type":"LineString","coordinates":[[9.536761230014246,48.631095594366265],[9.537997147440635,48.63125977920068],[9.54012567625243,48.631493451508405]]},"properties":{"name":"Tunnel Aichelberg","laenge":253,"streckennummer":"4813","bundesland":"Baden-Württemberg"}},{"type":"Feature","geometry":{"type":"LineString","coordinates":[[9.564121727236763,48.63059515661638],[9.565063303099306,48.630348314873174],[9.566013631410435,48.6300749562823],[9.566949771158914,48.629780868673926],[9.567756438781165,48.62950679551457],[9.568663208439279,48.6291747413589],[9.569552874795633,48.62882294931507],[9.570424458059465,48.62845181131221],[9.571239917687825,48.62808042802249],[9.572155629090215,48.62763881179577],[9.573058739415275,48.62717715235623],[9.57384891236806,48.626750584942585],[9.57473189536352,48.62624718771732],[9.575592758175954,48.62572724431748],[9.576375589899769,48.62522746436956],[9.577237844845333,48.62464642790771],[9.578080376009394,48.62405280426834],[9.579549795647264,48.62298007521273],[9.634828552983775,48.58215317117617],[9.635840198727307,48.58140091324791],[9.636657395776664,48.58077928901947],[9.637255899944385,48.58030950685531],[9.637789915853896,48.57987640944341],[9.63882690172494,48.57899381474332],[9.639329623913953,48.578544534934046],[9.639918774160144,48.57799858174982],[9.640865936246653,48.57707261903505],[9.641768871317307,48.57612740316329],[9.642561478378935,48.57523958951683],[9.643367956642418,48.57427876163467],[9.644578974007045,48.572778010626564]]},"properties":{"name":"Verbindungsbauwerk","laenge":8808,"streckennummer":"4813","bundesland":"Baden-Württemberg"}},{"type":"Feature","geometry":{"type":"LineString","coordinates":[[9.647618011860922,48.56899236261621],[9.65839371434811,48.55556449615162],[9.659079917270239,48.55471940347137],[9.659740603640222,48.553928458888024],[9.660436555582011,48.55311976313987],[9.661169032166582,48.5522939693132],[9.661792022826479,48.55161080513415],[9.662554609780331,48.550797122217354],[9.663333434224608,48.54999025597276],[9.664128348477043,48.549190341816725],[9.66480297839818,48.54852916050526],[9.665627030890276,48.5477423632564],[9.666892477636948,48.546575989792906],[9.668339310631765,48.545299988062474],[9.669677593113052,48.54417005774712],[9.671049545874608,48.54305808968513],[9.672296884783076,48.54208511509681],[9.673570009258443,48.54112698932201],[9.67780183943165,48.538058061084094],[9.678919340831087,48.53725664579657],[9.679866442092617,48.536598717162256],[9.680739946491055,48.53602034363535],[9.681588976423667,48.535491433869666],[9.68236370945292,48.53504057519596],[9.683261501138354,48.53455396725781],[9.684185854150451,48.53408982475125],[9.685103112985693,48.53366330166562]]},"properties":{"name":"Steinbühltunnel Weströhre","laenge":4846,"streckennummer":"4813","bundesland":"Baden-Württemberg"}},{"type":"Feature","geometry":{"type":"LineString","coordinates":[[9.690680428633335,48.53172887906089],[9.691320196756568,48.53154769799432],[9.693287530131407,48.53109298557799],[9.695386223416927,48.53068954569285],[9.695536739715902,48.530666375732466]]},"properties":{"name":"Tunnel unter BAB","laenge":378,"streckennummer":"4813","bundesland":"Baden-Württemberg"}},{"type":"Feature","geometry":{"type":"LineString","coordinates":[[9.707209150423946,48.5288689018129],[9.716291346965166,48.52746987071345],[9.718482050917734,48.52712622770945],[9.719884175097107,48.526881219732275]]},"properties":{"name":"Tunnel Widderstall","laenge":962,"streckennummer":"4813","bundesland":"Baden-Württemberg"}},{"type":"Feature","geometry":{"type":"LineString","coordinates":[[9.755550860189715,48.517909768048646],[9.757287472724512,48.5177852459851],[9.760186990940742,48.517705355460706],[9.760871306326932,48.51769942798402]]},"properties":{"name":"Tunnel AS Merklingen","laenge":394,"streckennummer":"4813","bundesland":"Baden-Württemberg"}},{"type":"Feature","geometry":{"type":"LineString","coordinates":[[9.843416955166918,48.49724045255002],[9.843779586936078,48.496698523816605],[9.844262206525304,48.496038599131985],[9.844914666160788,48.4952263666846],[9.845614529724482,48.49443982560007],[9.846446663567662,48.49360021120415],[9.846722118321745,48.49333729947916]]},"properties":{"name":"Tunnel Imberg","laenge":499,"streckennummer":"4813","bundesland":"Baden-Württemberg"}},{"type":"Feature","geometry":{"type":"LineString","coordinates":[[9.94709717241832,48.452913079033564],[9.947800277830096,48.45231338805613],[9.948321792014923,48.451842165120375],[9.948759218249824,48.451427987848085],[9.949210261726579,48.4509810429305],[9.949787880681471,48.45037586713601],[9.950379486712306,48.44971251846361],[9.950898117762206,48.44908887138547],[9.951485814222723,48.44832565029049],[9.952543901797226,48.446781424007625],[9.953386545552444,48.44544489501597],[9.95877657498662,48.43676810773265],[9.959675410517832,48.4353468331756],[9.960666028131577,48.4338185546955],[9.961889380371911,48.43198276983547],[9.963181063825846,48.430101996187226],[9.964811346628325,48.42780612734589],[9.966354670049292,48.42570656362181],[9.967456893487421,48.42424789090759],[9.96897725170256,48.42228804689468],[9.970015697138857,48.42098225068463],[9.971060409995939,48.41969403176092],[9.972321225923743,48.41817176263327],[9.973411854839032,48.41688228826449],[9.9746561663869,48.4154405843174],[9.975498635251425,48.41448156881609],[9.976381135342898,48.41349128009148],[9.979728722648664,48.40977847346613],[9.980554018995063,48.40884931521134],[9.980959408972932,48.40836734237178],[9.981474500146016,48.40771917098566],[9.98195708985005,48.40707009202482],[9.98218788329914,48.40674001848241],[9.982356459045699,48.40647821159221],[9.982538601541806,48.40615685781081],[9.982677178086854,48.40587207748342],[9.982779246466658,48.405621724686604]]},"properties":{"name":"Albabstiegstunnel Weströhre","laenge":5897,"streckennummer":"4813","bundesland":"Baden-Württemberg"}},{"type":"Feature","geometry":{"type":"LineString","coordinates":[[9.947139844601532,48.45287821844298],[9.947800277830096,48.45231338805613],[9.948321792014923,48.451842165120375],[9.948759218249824,48.451427987848085],[9.949210261726579,48.4509810429305],[9.949787880681471,48.45037586713601],[9.950379486712306,48.44971251846361],[9.950898117762206,48.44908887138547],[9.951485814222723,48.44832565029049],[9.952543901797226,48.446781424007625],[9.953386545552444,48.44544489501597],[9.95877657498662,48.43676810773265],[9.959675410517832,48.4353468331756],[9.960666028131577,48.4338185546955],[9.961889380371911,48.43198276983547],[9.963181063825846,48.430101996187226],[9.964811346628325,48.42780612734589],[9.966354670049292,48.42570656362181],[9.967456893487421,48.42424789090759],[9.96897725170256,48.42228804689468],[9.970015697138857,48.42098225068463],[9.971060409995939,48.41969403176092],[9.972321225923743,48.41817176263327],[9.973411854839032,48.41688228826449],[9.9746561663869,48.4154405843174],[9.975498635251425,48.41448156881609],[9.976381135342898,48.41349128009148],[9.979728722648664,48.40977847346613],[9.980554018995063,48.40884931521134],[9.980959408972932,48.40836734237178],[9.981474500146016,48.40771917098566],[9.98195708985005,48.40707009202482],[9.98218788329914,48.40674001848241],[9.982356459045699,48.40647821159221],[9.982538601541806,48.40615685781081],[9.982677178086854,48.40587207748342],[9.982831296528513,48.40549146764201]]},"properties":{"name":"Albabstiegstunnel Oströhre","laenge":5907,"streckennummer":"4813","bundesland":"Baden-Württemberg"}},{"type":"Feature","geometry":{"type":"LineString","coordinates":[[8.981359715656923,48.94412090086738],[8.980507658354309,48.94390912586758],[8.979640282865388,48.94370990504972],[8.978705631428012,48.94351930677931],[8.975510850365808,48.9428141799015],[8.975023179426572,48.94271955072282],[8.974496233430074,48.94263186623658],[8.97410821005862,48.942577054164005],[8.973486124972156,48.94250825416117],[8.973104423010641,48.942480740204985],[8.972388421651871,48.9424522690225],[8.971848993904722,48.94245619303093]]},"properties":{"name":"Nebenwegtunnel Röhre III  km 136,833 ... 137,558","laenge":725,"streckennummer":"4842","bundesland":"Baden-Württemberg"}},{"type":"Feature","geometry":{"type":"LineString","coordinates":[[8.971848993904722,48.94245619303093],[8.971283008686413,48.942478882045314],[8.970755574588843,48.94251835576489],[8.969935293537684,48.94261908657041],[8.969264291353571,48.94273646869792],[8.968626256582194,48.94288070180653],[8.968015342330382,48.943046650330956],[8.967371503787799,48.943239025010506]]},"properties":{"name":"Nebenwegtunnel Röhre I  km 137,558 ... 137,900","laenge":342,"streckennummer":"4842","bundesland":"Baden-Württemberg"}},{"type":"Feature","geometry":{"type":"LineString","coordinates":[[8.971835367348458,48.942456739320335],[8.971283008686413,48.942478882045314],[8.970755574588843,48.94251835576489],[8.969935293537684,48.94261908657041],[8.969264291353571,48.94273646869792],[8.968626256582194,48.94288070180653],[8.968015342330382,48.943046650330956],[8.967410790348579,48.943225977666785],[8.96694484256796,48.943380720907264]]},"properties":{"name":"Nebenwegtunnel Röhre II  km 137,559 ... 137,935","laenge":376,"streckennummer":"4842","bundesland":"Baden-Württemberg"}},{"type":"Feature","geometry":{"type":"LineString","coordinates":[[8.66915087360549,48.88255245289809],[8.672410321496978,48.87960535506935]]},"properties":{"name":"Brötzinger Tunnel  km 3,614 ... 4,020","laenge":406,"streckennummer":"4850","bundesland":"Baden-Württemberg"}},{"type":"Feature","geometry":{"type":"LineString","coordinates":[[8.6773131942801,48.86998808327852],[8.67773788886566,48.86917889563086],[8.677922996340513,48.86874660657946],[8.678042351698359,48.86830394546555],[8.678091970262331,48.86785613486039],[8.678065716601976,48.86740692548127],[8.677959541856888,48.86696311310669],[8.677866081703437,48.866741122614165]]},"properties":{"name":"Weißensteiner Tunnel  km 5,157 ... 5,528","laenge":371,"streckennummer":"4850","bundesland":"Baden-Württemberg"}},{"type":"Feature","geometry":{"type":"LineString","coordinates":[[8.678537758877756,48.853263681311354],[8.67912137868116,48.85304971403957],[8.67969290895259,48.852804837926115],[8.680228688394289,48.852527321301814],[8.68072715239717,48.852221000032046],[8.681186142443801,48.85188887205049],[8.681601098229114,48.851532399968136],[8.68197044659055,48.85115476318427],[8.682290237710049,48.85075793854575],[8.682560233522915,48.85034522597176],[8.682775890241402,48.84991887936472],[8.682940075997935,48.84948233296968],[8.682961205521146,48.84938778482007]]},"properties":{"name":"Zelgenbergtunnel  km 7,402 ... 7,962","laenge":560,"streckennummer":"4850","bundesland":"Baden-Württemberg"}},{"type":"Feature","geometry":{"type":"LineString","coordinates":[[8.733521105273919,48.700441285060556],[8.731793875445046,48.69630490043136]]},"properties":{"name":"Rudersbergtunnel  km 27,645 ... 28,123","laenge":478,"streckennummer":"4850","bundesland":"Baden-Württemberg"}},{"type":"Feature","geometry":{"type":"LineString","coordinates":[[8.729206625090672,48.671993844936885],[8.729850925858358,48.66998678643351],[8.730009327278077,48.66953346155784]]},"properties":{"name":"Schloßbergtunnel (Teinach)  km 31,072...31,352","laenge":280,"streckennummer":"4850","bundesland":"Baden-Württemberg"}},{"type":"Feature","geometry":{"type":"LineString","coordinates":[[8.741342912106933,48.642841906716676],[8.741473078306734,48.642805647430365],[8.742064287764942,48.642586784552584],[8.742610917622084,48.64232090916442],[8.7431063162494,48.64201370836698],[8.743549640220897,48.6416735755256],[8.743669438386755,48.64155702509567]]},"properties":{"name":"Kengeltunnel  km 34,940...35,166","laenge":226,"streckennummer":"4850","bundesland":"Baden-Württemberg"}},{"type":"Feature","geometry":{"type":"LineString","coordinates":[[8.742968747269709,48.62412255769637],[8.743093258845402,48.62243276829108],[8.743113813028385,48.62184735193255]]},"properties":{"name":"Wildberger Tunnel  km 37,216...37,469","laenge":253,"streckennummer":"4850","bundesland":"Baden-Württemberg"}},{"type":"Feature","geometry":{"type":"LineString","coordinates":[[8.737939411744529,48.59994395687054],[8.737487864489466,48.59885296913394],[8.737354271522594,48.59850082948318]]},"properties":{"name":"Bettenberg Tunnel  km 40,175...40,341","laenge":166,"streckennummer":"4850","bundesland":"Baden-Württemberg"}},{"type":"Feature","geometry":{"type":"LineString","coordinates":[[8.698332320227202,48.49453287055788],[8.698949080322873,48.49407692644121],[8.699913057662554,48.493444560266425],[8.71300072711194,48.484488200848986]]},"properties":{"name":"Hochdorfer Tunnel  km 53,832... 55,389","laenge":1557,"streckennummer":"4850","bundesland":"Baden-Württemberg"}},{"type":"Feature","geometry":{"type":"LineString","coordinates":[[9.173271196895051,48.79129676011705],[9.171769199023847,48.7910002230218],[9.170451546638716,48.79077383822218],[9.16782872441522,48.7902928546273],[9.166508565472643,48.790071225796325],[9.165684197568305,48.78990276068775]]},"properties":{"name":"Kriegsbergtunnel  km 4,485...5,064","laenge":579,"streckennummer":"4860","bundesland":"Baden-Württemberg"}},{"type":"Feature","geometry":{"type":"LineString","coordinates":[[9.14796172971321,48.765990980169526],[9.148045753332385,48.7657485310552],[9.148109594593576,48.76530105028072],[9.148091929866624,48.76485182181681],[9.147986599583094,48.7644078406334],[9.147801405130535,48.76397543612353],[9.14763874598379,48.76372500651417]]},"properties":{"name":"Hasenbergtunnel  km 8,923...9,181","laenge":258,"streckennummer":"4860","bundesland":"Baden-Württemberg"}},{"type":"Feature","geometry":{"type":"LineString","coordinates":[[9.107603796000305,48.711408668006264],[9.105280571582389,48.71047434308776]]},"properties":{"name":"Berghautunnel  km 17,617...17,817","laenge":200,"streckennummer":"4860","bundesland":"Baden-Württemberg"}},{"type":"Feature","geometry":{"type":"LineString","coordinates":[[8.732027525482525,48.45402205097178],[8.731797952110448,48.45370771740605],[8.731517952195492,48.4534042829564],[8.731193953223805,48.453120889059],[8.730867386688578,48.452885294387784],[8.73046899468033,48.452647529598075],[8.730081603577336,48.45245703333981],[8.72962305596337,48.452273405480085],[8.729148473288175,48.452123589391555]]},"properties":{"name":"Mühlener Tunnel  km 63,280...63,589","laenge":309,"streckennummer":"4860","bundesland":"Baden-Württemberg"}},{"type":"Feature","geometry":{"type":"LineString","coordinates":[[9.18099207073371,48.78428528198526],[9.180213939753159,48.78346173668892],[9.177417492388297,48.78037619695462],[9.176346986646292,48.77922770313343],[9.175973720975955,48.77885191625895],[9.175577909819864,48.778486238491325],[9.175160935883117,48.77813108114618],[9.174259254085014,48.77745786353907],[9.173390057978295,48.77676635333662],[9.171720753342715,48.775346206346725],[9.171330595266546,48.774977362501126],[9.17092310116661,48.774617962569245],[9.170464068157141,48.77428613170332],[9.169960621565842,48.773984727345166],[9.169408622580711,48.77372302615614],[9.168820783594407,48.773496728429755],[9.16820478759322,48.773306977919475],[9.163800173591987,48.77211028954459],[9.162552455901313,48.771752235508025],[9.160042723827102,48.77110324839323],[9.159504078671752,48.770957680310524],[9.158310316911738,48.77068529746202],[9.155241865153055,48.76989154275352],[9.154682056351492,48.769753184377436]]},"properties":{"name":"S-Bahn-Tunnel (Los 4) Hst Stg Hbf  km -0,008...0,068","laenge":2628,"streckennummer":"4861","bundesland":"Baden-Württemberg"}},{"type":"Feature","geometry":{"type":"LineString","coordinates":[[9.154682056351492,48.769753184377436],[9.153429184514456,48.76946543896411],[9.152328845081465,48.7692420040632],[9.150831361989551,48.76888663490547],[9.149836683885344,48.76860554943482],[9.147956831202608,48.767998268130626],[9.147241866834234,48.767734299814734],[9.13894998298694,48.76450857463938],[9.131056247711943,48.76142174327843],[9.128938289097213,48.76058451303404],[9.127671011286928,48.76003683056212],[9.126714142321985,48.759644806757066],[9.126366676349914,48.75948767273045]]},"properties":{"name":"","laenge":2380,"streckennummer":"4861","bundesland":"Baden-Württemberg"}},{"type":"Feature","geometry":{"type":"LineString","coordinates":[[9.15466926086819,48.76975002189574],[9.153429184514456,48.76946543896411],[9.152328845081465,48.7692420040632],[9.150831361989551,48.76888663490547],[9.149836683885344,48.76860554943482],[9.147956831202608,48.767998268130626],[9.147241866834234,48.767734299814734],[9.13894998298694,48.76450857463938],[9.131056247711943,48.76142174327843],[9.128938289097213,48.76058451303404],[9.127671011286928,48.76003683056212],[9.126714142321985,48.759644806757066],[9.126366676349914,48.75948767273045]]},"properties":{"name":"","laenge":2379,"streckennummer":"4861","bundesland":"Baden-Württemberg"}},{"type":"Feature","geometry":{"type":"LineString","coordinates":[[9.126366676349914,48.75948767273045],[9.108215001505833,48.7523999381185],[9.107648961236942,48.75215126180731],[9.107112941297986,48.75187456589557],[9.106616247663778,48.751568470840084],[9.106169894919459,48.75122943746734],[9.105778121909063,48.750862116039144],[9.105442603919771,48.750471276050256],[9.105169186804828,48.75005984417713],[9.104957729942232,48.74963269038],[9.104813304993376,48.74919349727242],[9.104736845081701,48.74874712016161],[9.104724746486635,48.74829757307758],[9.104776840926117,48.747849766054756],[9.104974848863794,48.746959488781584],[9.105110818391768,48.746519086712],[9.105292454547245,48.74607670540207]]},"properties":{"name":"","laenge":2351,"streckennummer":"4861","bundesland":"Baden-Württemberg"}},{"type":"Feature","geometry":{"type":"LineString","coordinates":[[9.105292454547245,48.74607670540207],[9.105507170320973,48.74565970043324],[9.105673184387367,48.74538917296032],[9.105857290682525,48.745123259705],[9.106074644570766,48.74484332780341],[9.106421689617472,48.744456144420646],[9.106800897188387,48.74408380811307],[9.10760635644309,48.74335943309834],[9.108879364683622,48.74230470596129],[9.109328451938888,48.74196750945656],[9.109823342395853,48.74165990656308],[9.110353969340347,48.74137936598043],[9.110922934541156,48.74113417573567],[9.111876206140625,48.74074726689962],[9.112637302210864,48.740407856458695],[9.112759360287416,48.740345511644826]]},"properties":{"name":"","laenge":860,"streckennummer":"4861","bundesland":"Baden-Württemberg"}},{"type":"Feature","geometry":{"type":"LineString","coordinates":[[9.16067195270345,48.69239268144454],[9.161895976840167,48.692399036261484],[9.164611616276352,48.69243988341678],[9.165969609712791,48.69244245278886],[9.16736201953254,48.69237696327816]]},"properties":{"name":"","laenge":493,"streckennummer":"4861","bundesland":"Baden-Württemberg"}},{"type":"Feature","geometry":{"type":"LineString","coordinates":[[9.164310525542291,48.692436353239486],[9.165969609712791,48.69244245278886],[9.167348697666425,48.69237870602456]]},"properties":{"name":"","laenge":224,"streckennummer":"4861","bundesland":"Baden-Württemberg"}},{"type":"Feature","geometry":{"type":"LineString","coordinates":[[9.184723421089194,48.68999083037119],[9.185246373954923,48.68993515538648],[9.185921554962077,48.68988765234423],[9.18659983142667,48.68986585438572],[9.187278841899854,48.68986999010989],[9.187955755151238,48.68990361166695],[9.189978659994656,48.6900667519555],[9.19131745394196,48.690218253061275],[9.192019428032017,48.69032166283777],[9.19271605711177,48.690442028143565],[9.193326155488155,48.69056601914465],[9.19393161698713,48.69070024368983],[9.19521027216809,48.6910036706341],[9.196630791802049,48.691310011050334],[9.199121002484052,48.691787755785896]]},"properties":{"name":"","laenge":1090,"streckennummer":"4861","bundesland":"Baden-Württemberg"}},{"type":"Feature","geometry":{"type":"LineString","coordinates":[[9.199121002484052,48.691787755785896],[9.199633498901765,48.691888326987645],[9.20042496140184,48.692008283344],[9.200949556887139,48.692053275725684],[9.201480907519489,48.69206341246582],[9.201775749175784,48.69205920925249],[9.202240163135427,48.69202523466396],[9.202587707392485,48.69198408553851],[9.203107466060484,48.69189163077],[9.203733811535127,48.69172780049995],[9.204263416802196,48.691537338372605]]},"properties":{"name":"","laenge":404,"streckennummer":"4861","bundesland":"Baden-Württemberg"}},{"type":"Feature","geometry":{"type":"LineString","coordinates":[[9.204263416802196,48.691537338372605],[9.204335063919329,48.69151157159743],[9.204896512840783,48.69125831182993],[9.205407452543401,48.690962523974626],[9.205862087803533,48.690628746781705],[9.206244477183136,48.690258025618284],[9.20654692274543,48.689855950355835],[9.206764166136056,48.68942998584353],[9.206900596471561,48.688990133326676],[9.206955580054132,48.68854201004618],[9.206929476393912,48.68809327708364],[9.20668253528179,48.686754161104325],[9.20648243340602,48.68586455870353],[9.205655942748065,48.68185474418675],[9.205605019249148,48.68140672916586],[9.205616436198877,48.680957231426014],[9.205691106912981,48.680510844492524],[9.205834110888125,48.68007147540431],[9.206044101803974,48.67964406320959],[9.206316136454785,48.67923224488277],[9.206650254217935,48.67884097479461],[9.207040362156889,48.678473176940685],[9.207485148678476,48.678133682102946],[9.207977805315712,48.67782457922251],[9.208515526332798,48.677550396008456],[9.209091106119363,48.67731220603652],[9.209700373496363,48.67711415739568],[9.210338578572246,48.67695990919549],[9.210992529121834,48.676842538409176],[9.211786093838615,48.6767558819498],[9.212912403653648,48.676665831060795],[9.214362084348638,48.676507728208946],[9.214590732116193,48.67648822299471]]},"properties":{"name":"S-Bahn-TU Los 601","laenge":2174,"streckennummer":"4861","bundesland":"Baden-Württemberg"}},{"type":"Feature","geometry":{"type":"LineString","coordinates":[[9.214590732116193,48.67648822299471],[9.215102066041261,48.676452037950035],[9.215627453023442,48.67643571857251],[9.216080391592243,48.67643560842404]]},"properties":{"name":"S-Bahn-Tunnel (Los602,Einf.Bauwerk) Bf Filderstadt  km 27,568 ... 27,678","laenge":110,"streckennummer":"4861","bundesland":"Baden-Württemberg"}},{"type":"Feature","geometry":{"type":"LineString","coordinates":[[9.216080391592243,48.67643560842404],[9.219091908389673,48.67652870822814],[9.219334979099921,48.67652534153267]]},"properties":{"name":"S-Bahn-Tunnel (Los 602, Stat.Ber.) Bf Filderstadt  km 27,678 ... 27,938","laenge":240,"streckennummer":"4861","bundesland":"Baden-Württemberg"}},{"type":"Feature","geometry":{"type":"LineString","coordinates":[[9.219172115378218,48.67652759736328],[9.219800201969225,48.67651889644649],[9.22044935514903,48.676529799908906],[9.220721045656452,48.676543730434474],[9.221122079781399,48.676579737659104]]},"properties":{"name":"","laenge":154,"streckennummer":"4861","bundesland":"Baden-Württemberg"}},{"type":"Feature","geometry":{"type":"LineString","coordinates":[[9.153316149835033,48.76949053007379],[9.15288425059106,48.769458861656695],[9.152544871797376,48.7694438221807],[9.152317572780039,48.769455075685755],[9.152109315390765,48.76947414496497],[9.151796920791934,48.76952935217673],[9.151442063908242,48.769628447779276],[9.151229188327159,48.769702321164736],[9.1504104107034,48.77008883846418],[9.150077598628023,48.77019229384898],[9.149780821585907,48.77025436790429],[9.149500200599068,48.770301079212125],[9.149120498051108,48.77032387698851],[9.148749674361069,48.77031300803246],[9.148422800104603,48.770268022590564],[9.148174072146215,48.770224495907854],[9.147811111762087,48.770120695458175],[9.147257419932934,48.7698545329572],[9.146854036906436,48.76948609015259],[9.146720060589432,48.76931830100604],[9.146574550702832,48.76907859174455],[9.146517399423635,48.76883476382722],[9.146491169868877,48.76863544486033],[9.146506767334326,48.768432403794904],[9.146558943925758,48.76818479934836],[9.14669473411382,48.76794683167507],[9.146832563803988,48.76776960484671],[9.146980233375722,48.76760829981369],[9.147231634420368,48.76740538913067],[9.147530810407012,48.76724281504345],[9.147779388242881,48.767138427436706],[9.148086539683774,48.7670338650899],[9.148401859493248,48.76696424933212],[9.148763305048785,48.76691713956497],[9.149077643224604,48.76690707086024],[9.149869027976711,48.76694702679782],[9.150412269799151,48.7670566913909],[9.150719598731149,48.76715884794411],[9.15098814444239,48.767287649523],[9.1512744766181,48.76744776111357],[9.15147969034264,48.76759983158014],[9.152611114025454,48.76869380497377],[9.153119271774203,48.76903452229224],[9.153487156527365,48.7692083529666]]},"properties":{"name":"","laenge":1367,"streckennummer":"4864","bundesland":"Baden-Württemberg"}},{"type":"Feature","geometry":{"type":"LineString","coordinates":[[8.451299782668064,48.41398838238584],[8.448969976783992,48.41094536938823]]},"properties":{"name":"Loßburger Tunnel","laenge":380,"streckennummer":"4880","bundesland":"Baden-Württemberg"}},{"type":"Feature","geometry":{"type":"LineString","coordinates":[[8.438402550020543,48.390913329285745],[8.43846612108424,48.39045249991749],[8.43863382246023,48.39001865359067],[8.438856908370933,48.38959333732661],[8.439571606891032,48.388330121034265],[8.439769022040018,48.38790127844387],[8.439809677711963,48.38773777115604]]},"properties":{"name":"Schwenkenhardt Tunnel","laenge":370,"streckennummer":"4880","bundesland":"Baden-Württemberg"}},{"type":"Feature","geometry":{"type":"LineString","coordinates":[[8.41302630195869,48.349192867332825],[8.412858920020373,48.34888925016396],[8.412537715686764,48.34849392716564],[8.41250572406219,48.34846505469242]]},"properties":{"name":"Farbmühltunnel","laenge":90,"streckennummer":"4880","bundesland":"Baden-Württemberg"}},{"type":"Feature","geometry":{"type":"LineString","coordinates":[[8.38806867352217,48.3185511502498],[8.387606843583523,48.31813059715387]]},"properties":{"name":"Daistunnel","laenge":58,"streckennummer":"4880","bundesland":"Baden-Württemberg"}},{"type":"Feature","geometry":{"type":"LineString","coordinates":[[8.384782841045064,48.31570152610254],[8.384342595289148,48.315341509807595],[8.384103367440536,48.315166957542274]]},"properties":{"name":"Stocktunnel","laenge":78,"streckennummer":"4880","bundesland":"Baden-Württemberg"}},{"type":"Feature","geometry":{"type":"LineString","coordinates":[[8.366181070108341,48.303026710952075],[8.365876441756752,48.30285853544589],[8.365301849178842,48.30262440548552],[8.365044745478407,48.30255323159124]]},"properties":{"name":"Schenkenberg Tunnel","laenge":100,"streckennummer":"4880","bundesland":"Baden-Württemberg"}},{"type":"Feature","geometry":{"type":"LineString","coordinates":[[8.340017764164287,48.29133956425588],[8.338874105716238,48.291095849791375],[8.338504005968437,48.29105506107321]]},"properties":{"name":"Schiltacher Tunnel","laenge":117,"streckennummer":"4880","bundesland":"Baden-Württemberg"}},{"type":"Feature","geometry":{"type":"LineString","coordinates":[[9.148102497017987,49.04918685087184],[9.146958023605233,49.053959053856],[9.146869842955965,49.05437383052061]]},"properties":{"name":"Kirchheimer Tunnel (Nr. 20)  km 36,463 ... 37,048","laenge":584,"streckennummer":"4900","bundesland":"Baden-Württemberg"}},{"type":"Feature","geometry":{"type":"LineString","coordinates":[[9.592313993110315,49.69707486517176],[9.591793886295473,49.696909859869756],[9.591282926401346,49.69678700597234],[9.590764983594367,49.69669562250986],[9.590044876235488,49.69662444970839],[9.589639394452186,49.69662984669756]]},"properties":{"name":"Gamburger Tunnel","laenge":202,"streckennummer":"4920","bundesland":"Baden-Württemberg"}},{"type":"Feature","geometry":{"type":"LineString","coordinates":[[9.565606449892712,49.701667937189875],[9.56500290361836,49.701652467383425],[9.564533581486405,49.70166340647142],[9.56405475851351,49.70171818944458],[9.56362917211436,49.7017980387877],[9.563232289608683,49.7018997253215],[9.56261266747508,49.70210252227146],[9.561847011693676,49.7024452139149],[9.561220882975316,49.7027414200889]]},"properties":{"name":"Bronnebach Tunnel","laenge":349,"streckennummer":"4920","bundesland":"Baden-Württemberg"}},{"type":"Feature","geometry":{"type":"LineString","coordinates":[[9.518790847008615,49.73790969941356],[9.518876796820257,49.7384368955909],[9.518854558906709,49.73883793566855],[9.518757443403825,49.739259369983536],[9.51852830458585,49.739727213259435],[9.518158087353086,49.740221451022734],[9.517672437235813,49.7406618043561],[9.517150417736802,49.741007801248145],[9.516759404387058,49.74121001296876],[9.515296867645528,49.741803296460276]]},"properties":{"name":"Reicholzheimer Tunnel","laenge":542,"streckennummer":"4920","bundesland":"Baden-Württemberg"}},{"type":"Feature","geometry":{"type":"LineString","coordinates":[[9.34539225532485,48.86348719881583],[9.34580714846945,48.863733575945886],[9.34628314650945,48.86405543652341],[9.347209950428159,48.8647145459071],[9.348277731997387,48.86550820963974]]},"properties":{"name":"Schwaikheimer Tunnel (neu)  km 5,909...6,218","laenge":309,"streckennummer":"4930","bundesland":"Baden-Württemberg"}},{"type":"Feature","geometry":{"type":"LineString","coordinates":[[9.675741263191648,48.984273758094076],[9.683933612965598,48.98636522829562],[9.685202301056398,48.986699521408894],[9.686699919086989,48.98705956342008]]},"properties":{"name":"Schanztunnel (bei Fichtenberg)  km 42,256...43,116","laenge":860,"streckennummer":"4930","bundesland":"Baden-Württemberg"}},{"type":"Feature","geometry":{"type":"LineString","coordinates":[[9.750766465153507,48.99601157483849],[9.752030242966047,48.998026746501324],[9.752565669364742,48.99885433823149],[9.752921725272953,48.99946182869854]]},"properties":{"name":"Kappelesbergtunnel  km 48,260...48,675","laenge":415,"streckennummer":"4930","bundesland":"Baden-Württemberg"}},{"type":"Feature","geometry":{"type":"LineString","coordinates":[[9.762083512579151,49.089292368871426],[9.762932092242362,49.08812461012681]]},"properties":{"name":"Hessentaler Tunnel  km 58,700...58,844","laenge":144,"streckennummer":"4950","bundesland":"Baden-Württemberg"}},{"type":"Feature","geometry":{"type":"LineString","coordinates":[[9.73909715595093,49.088228793193124],[9.739175258889784,49.08905264692084],[9.73919590452043,49.08938609482965]]},"properties":{"name":"Tullauer Tunnel  km 62,210 ... 62,339","laenge":129,"streckennummer":"4950","bundesland":"Baden-Württemberg"}},{"type":"Feature","geometry":{"type":"LineString","coordinates":[[9.73035569692467,49.12206043404524],[9.73026264627781,49.12237796702421],[9.73012955803731,49.12269289729253]]},"properties":{"name":"Haller Tunnel  km 66,399 ... 66,470","laenge":72,"streckennummer":"4950","bundesland":"Baden-Württemberg"}},{"type":"Feature","geometry":{"type":"LineString","coordinates":[[9.730005550672288,49.122907378262006],[9.729480255383224,49.12378365807469],[9.728897646611875,49.12459862121947],[9.728622650310854,49.12501082959961],[9.728419382668509,49.12526568605604]]},"properties":{"name":"Gottwollshauser Tunnel  km 66,496 ... 66,782","laenge":287,"streckennummer":"4950","bundesland":"Baden-Württemberg"}},{"type":"Feature","geometry":{"type":"LineString","coordinates":[[9.267204360051837,49.14856702566202],[9.258097672696737,49.143228210503956]]},"properties":{"name":"Weinsberger Tunnel  km 113,032 ... 113,923","laenge":891,"streckennummer":"4950","bundesland":"Baden-Württemberg"}},{"type":"Feature","geometry":{"type":"LineString","coordinates":[[9.91578786798089,49.39640364269181],[9.915515730899648,49.396759010635606],[9.915228727921388,49.397163017969405],[9.914976623453214,49.397575915227115],[9.914782096417548,49.39800408700963],[9.91464531047934,49.39844144052195],[9.914599786577892,49.39870671254241]]},"properties":{"name":"Niederstettener Tunnel","laenge":272,"streckennummer":"4953","bundesland":"Baden-Württemberg"}},{"type":"Feature","geometry":{"type":"LineString","coordinates":[[11.004504680436336,50.21092450004208],[11.005462323412056,50.21382537670136],[11.005652228498462,50.21627188084796],[11.005728342878896,50.21739935874846],[11.005758608356048,50.22033624227609],[11.005484698948448,50.22089986311133]]},"properties":{"name":"Tunnel Füllbach Nord","laenge":1113,"streckennummer":"5125","bundesland":"Bayern"}},{"type":"Feature","geometry":{"type":"LineString","coordinates":[[9.379731677026543,50.02295626546287],[9.379016440364534,50.02317722583358],[9.37833781023233,50.02335325586787],[9.377643624764374,50.023501997121365],[9.376936524908603,50.0236228743292],[9.376219194568622,50.023715438012545],[9.375413492070715,50.023784647649904],[9.374683577076784,50.02381639967016],[9.373952011948857,50.023819099755755],[9.373383661664052,50.02380109938285],[9.372817303998787,50.023765558422056],[9.372254244930026,50.02371255362179],[9.371637779828786,50.02363392823935],[9.371193781502052,50.02356507282992],[9.370605823741627,50.02346306086862],[9.36692546241498,50.02277713069341],[9.36553838027951,50.022497860832694],[9.364159610143705,50.02220200132975],[9.36278963550438,50.021889658851315],[9.361428925862256,50.021560940128374],[9.36007796466208,50.021215956363484],[9.358737214506599,50.020854836824796],[9.35740713781667,50.02047769281861],[9.356088204174968,50.020084667113984],[9.354780855138793,50.01967589359354],[9.353485560119779,50.019251506071214],[9.352207594034443,50.01881335893113],[9.35094438477016,50.01836071881996],[9.349694408514479,50.01789308285427],[9.348458092844867,50.01741062099167],[9.347235872158139,50.016913489696904],[9.345937260319644,50.016363225900236]]},"properties":{"name":"Tunnel Falkenberg Südröhre","laenge":2619,"streckennummer":"5200","bundesland":"Bayern"}},{"type":"Feature","geometry":{"type":"LineString","coordinates":[[9.379258762018903,50.023341793672124],[9.378715090813666,50.023506978641414],[9.378196562508169,50.023644567267056],[9.377592179641264,50.02378191638166],[9.377054412274061,50.02388437391819],[9.37650961056487,50.02397003965463],[9.375959043428015,50.02403872057693],[9.375324400049847,50.0240962038793],[9.374765776532566,50.02412799040571],[9.374125316535876,50.02414306448006],[9.373564588515915,50.02413762252958],[9.373004912087723,50.02411480492004],[9.37244759301927,50.02407466141321],[9.371893916448993,50.02401728231888],[9.371345167914667,50.02394281191239],[9.370758380606658,50.02384393015063],[9.370175399548057,50.02373068898774],[9.364676728409433,50.022571101234256],[9.363497210871655,50.022310671890594],[9.362519288897378,50.02208444259844],[9.361158204939008,50.02175374847373],[9.359806884060093,50.021406847714076],[9.358275067817132,50.020990700953824],[9.356946223610212,50.02060948417386],[9.355441296402423,50.02015445927771],[9.353951693891656,50.01967898666434],[9.35248380335793,50.01918526363968],[9.351049421678281,50.018677849411866],[9.349631800345888,50.01815126662193],[9.348231549109098,50.01760574330417],[9.3468492707426,50.01704152102092],[9.345466085549015,50.016452409908034]]},"properties":{"name":"Tunnel Falkenberg Nordröhre","laenge":2623,"streckennummer":"5200","bundesland":"Bayern"}},{"type":"Feature","geometry":{"type":"LineString","coordinates":[[9.343848551861301,50.01546470864875],[9.339400437433826,50.01355041489257],[9.338002542742808,50.012930799069466]]},"properties":{"name":"Tunnel Hirschberg linke Röhre","laenge":505,"streckennummer":"5200","bundesland":"Bayern"}},{"type":"Feature","geometry":{"type":"LineString","coordinates":[[9.343342578139493,50.01553890109531],[9.338992269265065,50.013665808239054]]},"properties":{"name":"Tunnel Hirschberg rechte Röhre","laenge":375,"streckennummer":"5200","bundesland":"Bayern"}},{"type":"Feature","geometry":{"type":"LineString","coordinates":[[9.334032251198435,50.01102337457447],[9.33340852013447,50.010718983487536],[9.332930104604685,50.01049585810736],[9.33256365058318,50.01033554952735],[9.332164994684371,50.01017336311368],[9.331725646119505,50.01000891795092],[9.331276833796322,50.009855444073494],[9.330819235635929,50.00971316419911],[9.330275145471543,50.00956160360469],[9.329721087867961,50.00942586957133],[9.329239084901166,50.00932232990491],[9.328751278693654,50.00923076652239],[9.328258395306698,50.00915132114208],[9.32766314057057,50.00907224852833],[9.327117400427522,50.00901407083584],[9.326568755467376,50.00896860230152],[9.326032049301713,50.00893660418976]]},"properties":{"name":"Tunnel Metzberg linke Röhre","laenge":629,"streckennummer":"5200","bundesland":"Bayern"}},{"type":"Feature","geometry":{"type":"LineString","coordinates":[[9.333471487590204,50.01105302277154],[9.33255977736287,50.01062300404297],[9.332133287671203,50.01043967087292],[9.331758784304599,50.010289991164356],[9.331377269106568,50.01014785082317],[9.330910719346667,50.009987436150055],[9.330435244966651,50.00983830111568],[9.329951495855397,50.00970065503698],[9.329542540570658,50.00959485883519],[9.329045383748793,50.009478752310876],[9.328541879910665,50.00937462796819],[9.328032713264173,50.009282627636],[9.32751860281166,50.0092028840653],[9.327010132285183,50.00913681479665],[9.326500158227988,50.009083338694275],[9.326031421364357,50.009045330275995]]},"properties":{"name":"Tunnel Metzberg rechte Röhre","laenge":587,"streckennummer":"5200","bundesland":"Bayern"}},{"type":"Feature","geometry":{"type":"LineString","coordinates":[[9.32172344350104,50.00918138456452],[9.320974761368577,50.00928539185112],[9.317829073125367,50.009746326437636],[9.316940684756219,50.009863410193766],[9.31604858323842,50.0099680589502],[9.315003637258439,50.01007436603073],[9.31380475132032,50.01017495808513],[9.312601850729113,50.01025318028436],[9.311476129257567,50.010305915596284]]},"properties":{"name":"Tunnel Hain","laenge":746,"streckennummer":"5200","bundesland":"Bayern"}},{"type":"Feature","geometry":{"type":"LineString","coordinates":[[9.654801344050261,50.030873463071366],[9.655591377972717,50.030948757189876],[9.656444686357847,50.031017460527295],[9.657300243749964,50.03107334686347],[9.65815759553823,50.03111639175846],[9.65901626604862,50.031146561914724],[9.65987580084336,50.031163846404034],[9.66073572460963,50.031168238925815],[9.661595575989292,50.03115973311376],[9.66245487979193,50.0311383316847],[9.663313181948698,50.0311040507344],[9.664170014438874,50.03105690645186],[9.665024909371216,50.03099692402949],[9.665877399843218,50.0309241381558],[9.666727032479058,50.03083858765829],[9.66757333844852,50.03074031504997],[9.66841586435373,50.030629381454894],[9.669254142730452,50.030505839100826],[9.670087734353682,50.03036976254128],[9.670916178957047,50.03022121747328],[9.67173903049871,50.03006028750478],[9.672555836104886,50.02988706528565],[9.673231570300297,50.02973338384056],[9.674036147967824,50.029537862814834],[9.674833439981773,50.02933033133607],[9.675623014680562,50.02911089545926],[9.676404440681331,50.0288796792291],[9.677177293606993,50.02863680665916],[9.677941156213421,50.02838241072132],[9.678695618264074,50.028116624355405],[9.679440262829177,50.027839598529845],[9.680174686902928,50.02755147964432],[9.680898501593921,50.02725242301379],[9.68161130421669,50.026942593031656],[9.682312713116014,50.02662215846959],[9.68300234667161,50.02629128810508],[9.68367983750814,50.02595016861806],[9.684344804204509,50.02559897778586],[9.684996907558313,50.025237915617346],[9.68563577326272,50.02486716435145],[9.686261069358096,50.02448693744701],[9.686872449776091,50.024097434963174],[9.687371068944655,50.02376591687364],[9.687956086905823,50.0233599594466],[9.688526277035345,50.022945343825924],[9.689081321571916,50.022522287889466],[9.689620930890744,50.02209102283384],[9.69014480145031,50.02165177993786],[9.690652664757085,50.02120479926127],[9.691144231488133,50.0207503254815],[9.691541233361669,50.02036604977044],[9.691926590994726,50.019976883899545],[9.692373441947893,50.01950363425234],[9.692732671230484,50.01910422864115],[9.693147773183973,50.01861913182854],[9.693539025465295,50.018135821431684],[9.693910034849285,50.01765084621971],[9.694490079862941,50.01683088946791],[9.694761923843933,50.01641575045412],[9.695050386080847,50.01594971466923],[9.695468456769227,50.015228145110505],[9.696668568900067,50.01307462973035]]},"properties":{"name":"Schönrain Tunnel","laenge":3942,"streckennummer":"5216","bundesland":"Bayern"}},{"type":"Feature","geometry":{"type":"LineString","coordinates":[[9.69786509840312,50.010925241853215],[9.698542660855951,50.00969980140892],[9.69906486901853,50.00870772605698],[9.699630163306608,50.00756724205529],[9.700154918695077,50.0064350239151]]},"properties":{"name":"Harrbach Tunnel","laenge":526,"streckennummer":"5216","bundesland":"Bayern"}},{"type":"Feature","geometry":{"type":"LineString","coordinates":[[9.701168540892008,50.00398646409661],[9.701653308957788,50.002650174465856],[9.702084955015104,50.00133231588403],[9.702472705533168,50.00000880110855],[9.702849771056364,49.998540971825754]]},"properties":{"name":"Ständelberg Tunnel","laenge":618,"streckennummer":"5216","bundesland":"Bayern"}},{"type":"Feature","geometry":{"type":"LineString","coordinates":[[9.703373901949744,49.99599312284409],[9.703516292837275,49.995117357157405],[9.70364186518137,49.99422306305044],[9.703747621041506,49.9933277112068],[9.703820600885916,49.99258089804022],[9.70444922142428,49.983780791728854]]},"properties":{"name":"Rammersberg Tunnel","laenge":1361,"streckennummer":"5216","bundesland":"Bayern"}},{"type":"Feature","geometry":{"type":"LineString","coordinates":[[10.176911730160736,50.178075046707704],[10.181868739920176,50.17974747339269]]},"properties":{"name":"Rottershausen Tunnel","laenge":400,"streckennummer":"5240","bundesland":"Bayern"}},{"type":"Feature","geometry":{"type":"LineString","coordinates":[[11.162399329394267,48.871589916876914],[11.162409138077596,48.871791956694],[11.162452666017398,48.87201112836526],[11.162518449861258,48.87219963417249],[11.16262459368157,48.87240929412935],[11.162762678891534,48.87261069691323],[11.16293126515096,48.8728017335918],[11.16312857535641,48.872980391468076],[11.163327929900076,48.87312828750452]]},"properties":{"name":"Schneckenbergtunnel","laenge":189,"streckennummer":"5323","bundesland":"Bayern"}},{"type":"Feature","geometry":{"type":"LineString","coordinates":[[10.028359472167542,47.54953140393489],[10.02825426225712,47.54965244460426],[10.027664681373047,47.550457698849605],[10.027446799983856,47.55082831265952]]},"properties":{"name":"Oberstaufener Tunnel","laenge":160,"streckennummer":"5362","bundesland":"Bayern"}},{"type":"Feature","geometry":{"type":"LineString","coordinates":[[11.04189643125027,48.886657649248626],[11.03327918708096,48.88636147291104]]},"properties":{"name":"Esslinger-Berg-Tunnel","laenge":633,"streckennummer":"5501","bundesland":"Bayern"}},{"type":"Feature","geometry":{"type":"LineString","coordinates":[[10.981403541553268,48.921695797428306],[10.981184400440286,48.921803194640894],[10.980604269427047,48.92203954491458],[10.980141092732804,48.92219263283353]]},"properties":{"name":"Kirchbergtunnel","laenge":108,"streckennummer":"5501","bundesland":"Bayern"}},{"type":"Feature","geometry":{"type":"LineString","coordinates":[[11.533061145585327,48.1427569728105],[11.532616744496945,48.142720754509],[11.532223831256427,48.142664412831394],[11.531839479360114,48.14258595307889],[11.531466471941862,48.142485939090975],[11.531225249101562,48.142407578112795],[11.530849874496305,48.14226472071894],[11.529477247021527,48.141660476628196]]},"properties":{"name":"Südstreckentunnel","laenge":265,"streckennummer":"5505","bundesland":"Bayern"}},{"type":"Feature","geometry":{"type":"LineString","coordinates":[[11.55837447712167,48.14172350382843],[11.557939755664394,48.14181900173687],[11.555698164660866,48.142221444157045],[11.555352993199362,48.14227338605303],[11.554842545727944,48.14232573449208],[11.554526068537387,48.1423393315303],[11.554229720554998,48.14233854786031],[11.553986808890336,48.142329186245675],[11.553619152071128,48.142298012206105],[11.553385051171125,48.14226877842732],[11.552950647312784,48.14220054134335],[11.552285375655774,48.142083486913684]]},"properties":{"name":"","laenge":465,"streckennummer":"5540","bundesland":"Bayern"}},{"type":"Feature","geometry":{"type":"LineString","coordinates":[[11.561648243998622,48.140864490122944],[11.562330047922401,48.140693958698236],[11.562701898947239,48.14058715580513],[11.563463906450023,48.14036506538312],[11.564050816362942,48.140171973534265],[11.564344817437021,48.14005972599402],[11.564672137147975,48.13991810028217],[11.56566299767355,48.13943116487492],[11.565925679291693,48.13930797434262],[11.566219143538623,48.139185008240865],[11.566578996240484,48.13905248526525],[11.566923667834452,48.138937308690146],[11.567291273127719,48.138826111016925],[11.567618723659288,48.13874087256432],[11.567880701015136,48.138683967682084],[11.56843112113736,48.13859105155783],[11.569023022355431,48.13852587412238],[11.570166631091395,48.13842059080398],[11.570501510319804,48.13837727561055],[11.570917954666658,48.138307052831244],[11.5712355404523,48.1382390420512],[11.571565810633164,48.1381573223568],[11.57192186427002,48.138056203688464],[11.57315341640302,48.137676667962445],[11.573806017184134,48.1374883003427],[11.574501288289582,48.13732406196364],[11.57571476938749,48.13706581402167],[11.576168958710948,48.13694816196287],[11.576435138835947,48.136868751831166],[11.576679713247882,48.13678536019552],[11.577508387085137,48.1364542069175],[11.577977531692976,48.136288731028905],[11.578216012537391,48.136217111508564],[11.578829334341847,48.13607258971184],[11.579581510994563,48.13592405061904],[11.579921376624053,48.13584746973675],[11.58037638712335,48.135719933672554],[11.580664321596796,48.135621217717315],[11.581003879378619,48.13548552993115],[11.581245629114052,48.13537262316623],[11.58144388457862,48.13527234125898],[11.581673961743649,48.13514000293263],[11.581877712667108,48.13501631944284],[11.583253968535077,48.1341122004223],[11.583927904832446,48.1336841899044],[11.585089227140461,48.13300251090272],[11.585413378931184,48.13282684864534],[11.58569668392944,48.13268971944108],[11.585937531256258,48.13258578577171],[11.5861998852002,48.13248405203528],[11.586524565047045,48.132371964516516],[11.58685143976414,48.132276839376814],[11.587166994027477,48.132196291798614],[11.58802887040978,48.13199687175384],[11.588378794451794,48.13190839122567],[11.588650315420121,48.13182973149414],[11.588937146133599,48.13173638900474],[11.589202288977024,48.131637279255266],[11.589562109109028,48.13147960799631],[11.589772254524261,48.13137725347023],[11.59010377469476,48.13118886901556],[11.59043402515275,48.13097544055298],[11.593275272131896,48.12900286327627],[11.59381800794026,48.128627913300434],[11.594085982025712,48.1284525956274],[11.594349134487619,48.12828813897015],[11.597284429724533,48.12656858535529],[11.597585851969463,48.12639429714083],[11.598041810084082,48.12615561563618],[11.598421456924436,48.12599478270888],[11.598749099754402,48.12588975256019],[11.599113159296513,48.12579105668057],[11.599688454470293,48.12568082724448],[11.60025005354219,48.125622640489546],[11.600665867800869,48.12561216240567],[11.600890394661576,48.12562022614991]]},"properties":{"name":"","laenge":3451,"streckennummer":"5550","bundesland":"Bayern"}},{"type":"Feature","geometry":{"type":"LineString","coordinates":[[11.676246186168829,48.21552474650798],[11.67664938790089,48.21617373893084],[11.676886308998705,48.21659464559392],[11.67710760692451,48.21701925277841],[11.67731299109172,48.21744741444271],[11.677502519612508,48.21787883250387],[11.67767532408283,48.21831337887669],[11.677830609291359,48.218750910276114],[11.6779684614958,48.21919102451405],[11.678086676765988,48.21963366510503],[11.678191579138305,48.22007777623064],[11.679219215422869,48.22500148926585]]},"properties":{"name":"","laenge":1081,"streckennummer":"5556","bundesland":"Bayern"}},{"type":"Feature","geometry":{"type":"LineString","coordinates":[[11.679688439475731,48.22716385750833],[11.679832650917453,48.227641746890505],[11.67997841029402,48.22808072952516],[11.680777812883285,48.23017901927122]]},"properties":{"name":"","laenge":345,"streckennummer":"5556","bundesland":"Bayern"}},{"type":"Feature","geometry":{"type":"LineString","coordinates":[[11.775905257525471,48.35301280497766],[11.783864944523794,48.353625600579115]]},"properties":{"name":"","laenge":594,"streckennummer":"5556","bundesland":"Bayern"}},{"type":"Feature","geometry":{"type":"LineString","coordinates":[[11.788313860416734,48.35396789661084],[11.792534656322857,48.35429240108458],[11.79323275790108,48.3543404576174]]},"properties":{"name":"","laenge":367,"streckennummer":"5556","bundesland":"Bayern"}},{"type":"Feature","geometry":{"type":"LineString","coordinates":[[12.982489558267428,48.85996242844424],[12.98247912000997,48.86010194049677],[12.982367119704202,48.8605452188909],[12.982182695037425,48.860977806920005],[12.981923556721984,48.86139339237369],[12.981594639711208,48.86178641594378],[12.981203178672947,48.86215426107281],[12.980754906681522,48.86249239319297],[12.97919496086324,48.86350489209302]]},"properties":{"name":"Kuhberg-Tunnel  Länge 476m","laenge":476,"streckennummer":"5634","bundesland":"Bayern"}},{"type":"Feature","geometry":{"type":"LineString","coordinates":[[12.979187931848516,48.9441869775166],[12.979176669829936,48.94478296418723],[12.97916421182171,48.94930220979456]]},"properties":{"name":"Hochbuhl Tunnel","laenge":569,"streckennummer":"5634","bundesland":"Bayern"}},{"type":"Feature","geometry":{"type":"LineString","coordinates":[[12.875148569272351,49.31679704823508],[12.874783246824821,49.3167119592625],[12.874109145712913,49.31662618386067],[12.873808968240402,49.31661901230346]]},"properties":{"name":"Klöpfelsberg Tunnel  Tunnellänge 100m","laenge":100,"streckennummer":"5801","bundesland":"Bayern"}},{"type":"Feature","geometry":{"type":"LineString","coordinates":[[11.000420060876912,49.60876377347134],[11.000568078429803,49.609250738301945],[11.000811501416898,49.61015053087897],[11.000993279389876,49.6109543843111],[11.001095573190113,49.61149742829545]]},"properties":{"name":"Burgberg Tunnel  länge=306,65","laenge":308,"streckennummer":"5900","bundesland":"Bayern"}},{"type":"Feature","geometry":{"type":"LineString","coordinates":[[11.481835497054778,49.58143298151388],[11.479714934974941,49.58327939450968]]},"properties":{"name":"Vogelherd-Tunnel  TL=256m","laenge":256,"streckennummer":"5903","bundesland":"Bayern"}},{"type":"Feature","geometry":{"type":"LineString","coordinates":[[3698371.374325813,5525363.047428911],[3698671.7501407433,5525726.089930369]]},"properties":{"name":"\"Katzenbühl-Tunnel  w=8,20m","laenge":471,"streckennummer":"5903","bundesland":"h=6,40m, TL=471m\""}},{"type":"Feature","geometry":{"type":"LineString","coordinates":[[11.933302672596731,49.907568437240236],[11.94449315805579,49.90975944721434]]},"properties":{"name":"ArmannsbergTunnel","laenge":840,"streckennummer":"5903","bundesland":"Bayern"}},{"type":"Feature","geometry":{"type":"LineString","coordinates":[[12.013327691777988,49.95175695498818],[12.020236005883536,49.956947012343356]]},"properties":{"name":"Langentheilentunnel","laenge":761,"streckennummer":"5903","bundesland":"Bayern"}},{"type":"Feature","geometry":{"type":"LineString","coordinates":[[11.000467406089843,49.608754860120825],[11.000879302881962,49.610197761760844],[11.001142119083534,49.61148840443639]]},"properties":{"name":"Burgbergtunnel Ost","laenge":308,"streckennummer":"5919","bundesland":"Bayern"}},{"type":"Feature","geometry":{"type":"LineString","coordinates":[[10.957490071547962,50.10905601990971],[10.956879649408583,50.10992664203892],[10.956076547046083,50.11099110367595],[10.950375406850776,50.11807156222939],[10.949764818514371,50.118871076236765],[10.94917311194859,50.11969337244417],[10.948690746090223,50.12040437548343],[10.948239567875829,50.121107691304346],[10.947801482528776,50.12183138868779],[10.947381448665553,50.12256980555347],[10.946831777477204,50.12361537550308],[10.946404861663238,50.12450480236779],[10.946011578620595,50.1254010946475],[10.945810963713601,50.12589373433561],[10.945450198668185,50.12685593270441],[10.945144726411565,50.12777150996957],[10.944972003925859,50.12834454224181],[10.944689886002458,50.12940313527055],[10.944561047367223,50.129957278234706],[10.944374496893408,50.130883443214735],[10.944213756792983,50.13187922077492],[10.944132242817787,50.13251657433082],[10.944043790550438,50.133439890117685],[10.944007282368085,50.1339979474535],[10.943980248644028,50.134665875004075],[10.943971650520481,50.13544749672082],[10.943993075932735,50.13635999832246],[10.944040241156234,50.13716514163889],[10.944129183977815,50.13810874519489],[10.944226935096056,50.138864933824024],[10.944332564633154,50.13953138475311],[10.944468579955759,50.140257085962325],[10.944649993041523,50.14105299726021]]},"properties":{"name":"Tunnel Eierberge","laenge":3756,"streckennummer":"5919","bundesland":"Bayern"}},{"type":"Feature","geometry":{"type":"LineString","coordinates":[[10.951849302613784,50.154318181973004],[10.952223586788874,50.15474285427478],[10.953008255212382,50.15557264283036],[10.953785776960071,50.15635157580421],[10.954376169587011,50.156914990722576],[10.955219038277054,50.157686398715384],[10.956916681540354,50.159124779806206],[10.957502295279195,50.15958742871412],[10.958282500447332,50.1601844008882],[10.95947368257102,50.161053092383284],[10.960845845290581,50.161990153523185],[10.963385434207806,50.163658074032114]]},"properties":{"name":"Tunnel Kulch  Notausgang 1","laenge":1331,"streckennummer":"5919","bundesland":"Bayern"}},{"type":"Feature","geometry":{"type":"LineString","coordinates":[[10.974525133349552,50.17277682413124],[10.97539304966154,50.17374046544151],[10.97606167882479,50.17450650201229],[10.980861416604524,50.18008927162499]]},"properties":{"name":"Tunnel Lichtholz","laenge":931,"streckennummer":"5919","bundesland":"Bayern"}},{"type":"Feature","geometry":{"type":"LineString","coordinates":[[11.004780288202866,50.212590144202345],[11.005101185870167,50.2137006941558],[11.00530118667871,50.214502537743115],[11.005533988251559,50.215602494420764],[11.005652228498462,50.21627188084796],[11.00574646181341,50.21689383564166],[11.005947832051138,50.21890147341003],[11.005980927902222,50.21994542871191]]},"properties":{"name":"Tunnel Höhnberg Süd","laenge":824,"streckennummer":"5919","bundesland":"Bayern"}},{"type":"Feature","geometry":{"type":"LineString","coordinates":[[11.007331084137613,50.23348731192976],[11.007549488875883,50.23420285953236],[11.00832055702378,50.23621326653121],[11.008793359891257,50.237271305019334],[11.009266717646696,50.23823752401367],[11.010009572078427,50.239610976011384],[11.010752604198714,50.24085004847054],[11.011203169507928,50.24155029344243],[11.011944389268214,50.24263398269196]]},"properties":{"name":"Rennbergtunnel","laenge":1072,"streckennummer":"5919","bundesland":"Bayern"}},{"type":"Feature","geometry":{"type":"LineString","coordinates":[[11.01794867917551,50.25407601258792],[11.018196124117207,50.255190378756005],[11.018348761716359,50.25607007768462],[11.018465352155737,50.25695980296294],[11.01876871752396,50.26342765511314]]},"properties":{"name":"Feuerfelsentunnel","laenge":1043,"streckennummer":"5919","bundesland":"Bayern"}},{"type":"Feature","geometry":{"type":"LineString","coordinates":[[11.005986433804459,50.31283478996494],[11.00589449305027,50.31416645676379],[11.005864304329675,50.31625886680237],[11.005979434383613,50.318672387468446],[11.006196901305659,50.32067157724833],[11.006545447743164,50.32277156568571],[11.007121091652724,50.32526483161456],[11.007973555799344,50.32804258502599],[11.00895354717593,50.33066525392026],[11.012280639715549,50.33913721886114]]},"properties":{"name":"Tunnel Reitersberg  Notausgang","laenge":2975,"streckennummer":"5919","bundesland":"Bayern"}},{"type":"Feature","geometry":{"type":"LineString","coordinates":[[11.035479645602367,50.37436046575031],[11.036014562115428,50.376589395900154],[11.03615538662802,50.37777643399424],[11.036205228573921,50.37835986135213],[11.03625714706124,50.37958188914499],[11.036258387951465,50.380033565524144],[11.036207239112619,50.38102517141761]]},"properties":{"name":"Tunnel Müss","laenge":745,"streckennummer":"5919","bundesland":"Thüringen"}},{"type":"Feature","geometry":{"type":"LineString","coordinates":[[11.031807608044467,50.39581153683614],[11.027446843885944,50.407315968165655]]},"properties":{"name":"Tunnel Baumleite","laenge":1317,"streckennummer":"5919","bundesland":"Thüringen"}},{"type":"Feature","geometry":{"type":"LineString","coordinates":[[11.02060531753615,50.425354117817555],[11.019585806908044,50.42799402919655],[11.01834558320491,50.4307317093905],[11.016813638638924,50.43355125680679],[11.016091153621204,50.434733308216806],[11.014939410950108,50.43651661975898],[11.01001895156009,50.44376655753594],[11.00905275239528,50.445209007400415],[11.006843884301775,50.44884731632777],[11.005050015927978,50.45233631655063],[11.003445694835548,50.456118860314014],[11.002255008566074,50.4596490747643],[11.001533594123783,50.462367104727676],[11.001360928573877,50.46313110012168],[11.000931841708695,50.46535826842023],[10.995803955759655,50.49792954048825]]},"properties":{"name":"Tunnel Blessberg","laenge":8326,"streckennummer":"5919","bundesland":"Thüringen"}},{"type":"Feature","geometry":{"type":"LineString","coordinates":[[10.995650528354503,50.49890432905975],[10.994013199498136,50.50930504181986]]},"properties":{"name":"Tunnel Goldberg","laenge":1163,"streckennummer":"5919","bundesland":"Thüringen"}},{"type":"Feature","geometry":{"type":"LineString","coordinates":[[10.992933020562004,50.516164307736666],[10.992085014195716,50.521547972114874]]},"properties":{"name":"Tunnel Rehberg","laenge":602,"streckennummer":"5919","bundesland":"Thüringen"}},{"type":"Feature","geometry":{"type":"LineString","coordinates":[[10.991721887346943,50.52387334177014],[10.991555072005514,50.52506861442236],[10.991292666915804,50.52797264078393],[10.991262738075095,50.531651247664726],[10.991398531846025,50.533307817522676]]},"properties":{"name":"Tunnel Masserberg","laenge":1051,"streckennummer":"5919","bundesland":"Thüringen"}},{"type":"Feature","geometry":{"type":"LineString","coordinates":[[10.992413231433405,50.54227193739594],[10.994042121452498,50.555623636098844]]},"properties":{"name":"Tunnel Fleckberg","laenge":1490,"streckennummer":"5919","bundesland":"Thüringen"}},{"type":"Feature","geometry":{"type":"LineString","coordinates":[[10.99469928306325,50.561009109788024],[10.994833302288127,50.562107234718844],[10.995151458221237,50.566981352453894],[10.995165234855268,50.568602086166194],[10.995127134640693,50.570391514324314],[10.995074912685176,50.571510366687065],[10.994884759074276,50.57395115449449],[10.9948392179491,50.574392340567],[10.99459079860547,50.57638537670235],[10.994271398442857,50.57838248683392],[10.993916172760706,50.58021337480898],[10.993770498453749,50.5808863090331],[10.993310978904098,50.58282172086315],[10.983178651648373,50.623788480994556],[10.982617275604206,50.62615315606355],[10.982458909363974,50.6269736200988]]},"properties":{"name":"Tunnel Silberberg","laenge":7407,"streckennummer":"5919","bundesland":"Thüringen"}},{"type":"Feature","geometry":{"type":"LineString","coordinates":[[10.982098702792603,50.62904599612394],[10.981952844989673,50.6301418315287],[10.981799569857618,50.63173790241517],[10.981735008459122,50.632759105999085],[10.981692480181406,50.63558950485793],[10.981791939786572,50.6377108901989],[10.98192237399023,50.639191920051715],[10.982259162119876,50.64244658977323]]},"properties":{"name":"Tunnel Brandkopf","laenge":1493,"streckennummer":"5919","bundesland":"Thüringen"}},{"type":"Feature","geometry":{"type":"LineString","coordinates":[[10.982530186733502,50.64506535725119],[10.983168900744658,50.651235595642994]]},"properties":{"name":"Tunnel Lohmeberg","laenge":688,"streckennummer":"5919","bundesland":"Thüringen"}},{"type":"Feature","geometry":{"type":"LineString","coordinates":[[10.983835950576568,50.655861851609345],[10.984111160117399,50.65737776147481],[10.984888467960603,50.660304249568405]]},"properties":{"name":"Tunnel Tragberg","laenge":500,"streckennummer":"5919","bundesland":"Thüringen"}},{"type":"Feature","geometry":{"type":"LineString","coordinates":[[11.005916847569734,50.74828506394061],[11.004287237204071,50.754631475603304],[11.003636001427997,50.757300751590634],[11.003156309426846,50.76001624036323]]},"properties":{"name":"Sandbergtunnel","laenge":1320,"streckennummer":"5919","bundesland":"Thüringen"}},{"type":"Feature","geometry":{"type":"LineString","coordinates":[[11.003633492762917,50.77513737175904],[11.003817328226503,50.77699486561066],[11.004003791658816,50.77929190957916]]},"properties":{"name":"Behringer Tunnel","laenge":463,"streckennummer":"5919","bundesland":"Thüringen"}},{"type":"Feature","geometry":{"type":"LineString","coordinates":[[10.959892538576973,50.929264025530685],[10.97605848362845,50.93667107736747]]},"properties":{"name":"Augustaburgtunnel","laenge":1404,"streckennummer":"5919","bundesland":"Thüringen"}},{"type":"Feature","geometry":{"type":"LineString","coordinates":[[11.475790493352797,51.15575095691799],[11.477079506685886,51.156843506644286],[11.47838386924202,51.15800782154943],[11.479641345670641,51.15919237001329],[11.480875641037278,51.16042008871909],[11.482106855504698,51.16169262393481],[11.500886916247717,51.18128338860271],[11.50185443683398,51.18228120160074],[11.502650739701345,51.18308136076271],[11.503386092541946,51.1837963533801],[11.50413848234359,51.184504314579044],[11.504907743335663,51.185205081262815],[11.505693709710572,51.185898490332164],[11.506496195164724,51.186584397105385],[11.507315019282673,51.18726263429594],[11.508150002585667,51.18793305257623],[11.50900095102344,51.18859549843419],[11.510454169150652,51.18968146175285],[11.511950293670521,51.19074418002108],[11.513488380559208,51.19178298862058],[11.515067479077082,51.192797236565156],[11.516686595796736,51.19378628278326],[11.518344702235813,51.19474950495076],[11.520040763195686,51.1956862943903],[11.521773722962823,51.196596065363714],[11.523364023085264,51.197391284731914],[11.524982510970608,51.198163743857336],[11.526812895101408,51.19899486614002],[11.528488181795135,51.19971799858422],[11.529998829867994,51.20034069952773],[11.531512056215332,51.200939473625134],[11.53802094936193,51.20343324224844]]},"properties":{"name":"Finnetunnel Südröhre  (6966m)","laenge":6965,"streckennummer":"5919","bundesland":"Sachsen-Anhalt"}},{"type":"Feature","geometry":{"type":"LineString","coordinates":[[11.554461673947449,51.20971819025539],[11.556543229517652,51.210533322459895],[11.558355668520958,51.21127956809008],[11.560143818809575,51.212058422735446],[11.561200917509291,51.2125397618361],[11.562072548863611,51.212948808026134],[11.56310715093918,51.213449075980556],[11.563959672969125,51.21387372555286],[11.565637825504787,51.21474387884886],[11.56727914143969,51.21564133905564],[11.568245782103915,51.216192668186586],[11.569040700538405,51.21665935415362],[11.570601033297702,51.21761213533159],[11.571517984770857,51.21819601029671],[11.57227087201566,51.2186894375759],[11.573745495346346,51.21969466121906],[11.574609974981351,51.22030931781278],[11.57531855754848,51.22082800250965],[11.576702990935491,51.221882627462264],[11.577512380687388,51.22252620348781],[11.578174500185398,51.2230685692822],[11.578954047405876,51.22372653090211],[11.579591023301264,51.22428064996356],[11.580830051124961,51.225404375038],[11.581550827781077,51.226088255103974],[11.582369981782326,51.22689499386654],[11.583165444286884,51.22771102503744],[11.583936956080061,51.228536080609466],[11.5845789827279,51.22925024513041],[11.585305315146883,51.23009131793848],[11.58600696951313,51.2309406188903],[11.586683706304484,51.23179785253704],[11.587513254303675,51.23290612363238],[11.588443886415808,51.234220223335456],[11.597967821068185,51.24808786203305],[11.59874763695561,51.24920497216735],[11.599429020402379,51.25014751171082],[11.600082298676977,51.251018784136384],[11.600754126771259,51.251884484462906],[11.601444403583539,51.25274445729306],[11.602152985308258,51.25359855266834],[11.602879763370709,51.25444661085026],[11.603621749857824,51.25528531309532],[11.604378618837908,51.256114589957726],[11.605201325269768,51.25698791945313]]},"properties":{"name":"Bibratunnel RiGL","laenge":6467,"streckennummer":"5919","bundesland":"Sachsen-Anhalt"}},{"type":"Feature","geometry":{"type":"LineString","coordinates":[[11.655559420404536,51.290605635573634],[11.656741311045208,51.29109920325631],[11.658079622586545,51.29163247862618],[11.659327836453727,51.29210633663271],[11.660693156737363,51.29260103746305],[11.662951607850548,51.29338361915891],[11.672153930294286,51.29650270571968],[11.673658342682288,51.297025960705724],[11.674871190229817,51.29746240705632],[11.676410516578716,51.29803915855985],[11.678120077570934,51.29871074060084],[11.679805339661486,51.29940606732021],[11.681290941279398,51.30004762270974]]},"properties":{"name":"Osterbergtunnel - Südröhre","laenge":2081,"streckennummer":"5919","bundesland":"Sachsen-Anhalt"}},{"type":"Feature","geometry":{"type":"LineString","coordinates":[[11.221236980059679,49.23026971184199],[11.22450569141561,49.220982333257126],[11.226235076082334,49.21711455429535],[11.229531842815254,49.21206155208723],[11.230680369237776,49.21075321047342]]},"properties":{"name":"Tunnel Göggelsbuch","laenge":2287,"streckennummer":"5934","bundesland":"Bayern"}},{"type":"Feature","geometry":{"type":"LineString","coordinates":[[11.27002533358865,49.13294860375913],[11.270589450011556,49.131384149124266],[11.273465691180796,49.12504447761501],[11.27492095158476,49.1214031008146]]},"properties":{"name":"","laenge":1333,"streckennummer":"5934","bundesland":"Bayern"}},{"type":"Feature","geometry":{"type":"LineString","coordinates":[[11.306260631086687,49.059882313397004],[11.307201495235649,49.05740834878174],[11.307913753467458,49.05478425691163],[11.30906646373685,49.046306614310204],[11.309577319445529,49.043080353834924],[11.310077188109833,49.04083477572087],[11.31074420135254,49.03855761627556],[11.311888173317968,49.035760189219026],[11.3130409997133,49.03356817258923],[11.31529470438096,49.02998663693946],[11.316875256942053,49.02788660404634],[11.318588923261055,49.02599303241078],[11.320475662146574,49.02402622792753],[11.322614808607605,49.022010542411266],[11.324707431257636,49.020212792586555],[11.327978572480628,49.01793373270939],[11.328732590640605,49.0174248266677],[11.329922367194193,49.016667085515195],[11.331941072684545,49.01545780347961],[11.334030931818722,49.0143013672808],[11.336173837723194,49.01317780321733],[11.34076093369076,49.01074047181261],[11.356084088734052,49.00287122367686]]},"properties":{"name":"Tunnel Euerwang","laenge":7700,"streckennummer":"5934","bundesland":"Bayern"}},{"type":"Feature","geometry":{"type":"LineString","coordinates":[[11.366748090911253,48.997392076211824],[11.373748424307367,48.99379415759813]]},"properties":{"name":"Tunnel Schellenberg","laenge":650,"streckennummer":"5934","bundesland":"Bayern"}},{"type":"Feature","geometry":{"type":"LineString","coordinates":[[11.385261400065904,48.98786271541644],[11.399716515370997,48.98039819442074],[11.405479453793067,48.97729970198101],[11.410520136558738,48.97419143049163],[11.413704116117962,48.97186101320896],[11.417353681790182,48.96901254186496],[11.427285019162788,48.961227039978375],[11.453295748587239,48.94071687769026]]},"properties":{"name":"Tunnel Irlahüll  --","laenge":7260,"streckennummer":"5934","bundesland":"Bayern"}},{"type":"Feature","geometry":{"type":"LineString","coordinates":[[11.459763401118947,48.935432447803755],[11.46295616511993,48.932334309503645],[11.464931360842042,48.92975104773037],[11.466949061478662,48.926612419547794],[11.468925531485153,48.92264302022119],[11.469749492702643,48.91960328658619]]},"properties":{"name":"","laenge":1925,"streckennummer":"5934","bundesland":"Bayern"}},{"type":"Feature","geometry":{"type":"LineString","coordinates":[[11.46686170295201,48.86145201776922],[11.46522553543158,48.85364872470641],[11.464638947046074,48.85185346760844],[11.464345467802529,48.851063055949275],[11.463883021655262,48.8499425991571],[11.46380141045439,48.84976913626678]]},"properties":{"name":"Tunnel Stammham","laenge":1320,"streckennummer":"5934","bundesland":"Bayern"}},{"type":"Feature","geometry":{"type":"LineString","coordinates":[[11.459968337318438,48.843303765120005],[11.458948903145846,48.842005726061245],[11.458086697274688,48.840997307895044],[11.456984038698069,48.839796526144674],[11.456605931933504,48.83940247782843],[11.455381506573595,48.83821145821559],[11.454851618675336,48.837714719485845],[11.452479942488939,48.83567682698488],[11.449205246282025,48.833155870066115],[11.44355322000199,48.829117707224356],[11.441734785676099,48.82767778949201],[11.439628059203272,48.826059152983596],[11.43691331116587,48.823436898815494],[11.434390543197308,48.820440920517974],[11.433716042240272,48.8195026714617]]},"properties":{"name":"Tunnel Geisberg","laenge":3289,"streckennummer":"5934","bundesland":"Bayern"}},{"type":"Feature","geometry":{"type":"LineString","coordinates":[[11.427569288746149,48.78802915713513],[11.427879648179331,48.7869896677223],[11.427968239155389,48.78609722106415],[11.427943331176808,48.78489765004885],[11.42770572816629,48.78341192232536],[11.427499497717285,48.78200787622519],[11.427465399310393,48.781665937485734],[11.427448443066174,48.78108095967799],[11.42745625518768,48.780742733285415],[11.427488216083889,48.78037110910282],[11.427544002437207,48.779960104313446],[11.42780714022923,48.779011254331934],[11.427944363949594,48.77865434576828],[11.428135874553352,48.77825544461973],[11.428405263897076,48.77777011146619],[11.42857865776268,48.777496253482475],[11.429008697910797,48.77692378541873]]},"properties":{"name":"","laenge":1258,"streckennummer":"5934","bundesland":"Bayern"}},{"type":"Feature","geometry":{"type":"LineString","coordinates":[[13.38331070348541,52.535107419417294],[13.381935162009396,52.535984066752754]]},"properties":{"name":"","laenge":401,"streckennummer":"6002","bundesland":"Berlin"}},{"type":"Feature","geometry":{"type":"LineString","coordinates":[[13.381935162009396,52.535984066752754],[13.381660387445429,52.53616602768319],[13.381432587561447,52.536364074613566],[13.381296758212695,52.53649513610604],[13.381213532318442,52.53659343728586]]},"properties":{"name":"","laenge":84,"streckennummer":"6002","bundesland":"Berlin"}},{"type":"Feature","geometry":{"type":"LineString","coordinates":[[13.38192500070964,52.53599057698111],[13.381660387445429,52.53616602768319],[13.381432587561447,52.536364074613566],[13.381296758212695,52.53649513610604],[13.38104950009697,52.536815381378595],[13.380873606883695,52.53707156870852]]},"properties":{"name":"","laenge":141,"streckennummer":"6002","bundesland":"Berlin"}},{"type":"Feature","geometry":{"type":"LineString","coordinates":[[13.398308233090658,52.55227654337219],[13.398398825472798,52.55180114146367],[13.398484146568292,52.55152143214978],[13.398599349869588,52.551266969786894],[13.398764941360705,52.55100630538606],[13.39899972509398,52.55073069397688],[13.399254257461429,52.55049818489464],[13.39958164881545,52.55026024596705],[13.399912961975714,52.5500669920199],[13.400317331630553,52.549878089318405],[13.400709591463,52.54973332612445],[13.40117161768989,52.54960247889416],[13.401606103394057,52.549513117153246],[13.402053431713894,52.5494516538875],[13.402480631121565,52.549419938195065],[13.402947125807376,52.54941198741496],[13.403679883580319,52.54943557512662]]},"properties":{"name":"","laenge":550,"streckennummer":"6018","bundesland":"Berlin"}},{"type":"Feature","geometry":{"type":"LineString","coordinates":[[13.398675329696879,52.55202106645684],[13.398793377759981,52.55160157946318],[13.398911060139415,52.5513263037286],[13.399075075016533,52.55106008120841],[13.399262612621296,52.550833037339]]},"properties":{"name":"","laenge":139,"streckennummer":"6018","bundesland":"Berlin"}},{"type":"Feature","geometry":{"type":"LineString","coordinates":[[13.39402256426764,52.549360215048424],[13.394638336316381,52.54938908471794],[13.395379107313111,52.54940870162566],[13.396120334589057,52.54942299531675],[13.397940608752702,52.54943702842097]]},"properties":{"name":"Bw43 Tunnel GSR-SAL","laenge":266,"streckennummer":"6020","bundesland":"Berlin"}},{"type":"Feature","geometry":{"type":"LineString","coordinates":[[13.386022796964678,52.533382941275164],[13.38849102118887,52.53181460957201]]},"properties":{"name":"","laenge":242,"streckennummer":"6032","bundesland":"Berlin"}},{"type":"Feature","geometry":{"type":"LineString","coordinates":[[13.38849102118887,52.53181460957201],[13.3891460824121,52.53139753928244],[13.389432675202839,52.531188536705834],[13.390047297394977,52.53068994215205],[13.390911412577113,52.52992628965011],[13.391241775056374,52.529605724882096],[13.391441399307809,52.529427231591036],[13.391937030663522,52.52891829209482],[13.392112358368315,52.52869705614102],[13.39242220169669,52.528247381959446],[13.39322545337636,52.526955599031595],[13.39333977828707,52.526704703446676],[13.393373339228333,52.52659675772737],[13.393398641909773,52.52644426919715],[13.393398970485316,52.52624478388255],[13.393374219351994,52.52611116359907],[13.393316834102706,52.525957048701684]]},"properties":{"name":"","laenge":748,"streckennummer":"6032","bundesland":"Berlin"}},{"type":"Feature","geometry":{"type":"LineString","coordinates":[[13.393316834102706,52.525957048701684],[13.393257898317685,52.52582244997718],[13.393047602961179,52.52548080702713],[13.392762898056432,52.52497799985028],[13.392339990993792,52.52411156104385]]},"properties":{"name":"","laenge":216,"streckennummer":"6032","bundesland":"Berlin"}},{"type":"Feature","geometry":{"type":"LineString","coordinates":[[13.392339990993792,52.52411156104385],[13.391962530695414,52.52324570507259],[13.39188733439235,52.52309721463991],[13.391771451962443,52.522905791746126],[13.391660471712154,52.52274629731837],[13.391536715817784,52.52262869678921],[13.39128090606771,52.52244662195467],[13.390947292620655,52.522284004848736],[13.3907342307331,52.522207005558656],[13.390536885512708,52.52215117213139],[13.390287622744259,52.52210244837762],[13.38999900994747,52.52206760652034],[13.38965026144871,52.52204225208259],[13.389198556305997,52.52202279564033],[13.38887147413418,52.52199352205322],[13.388506801632323,52.521938470805274],[13.388278774630168,52.52187056239476],[13.388049676207759,52.52178586227818],[13.387856208866312,52.52170088576517],[13.387770779121908,52.52164931139345]]},"properties":{"name":"","laenge":462,"streckennummer":"6032","bundesland":"Berlin"}},{"type":"Feature","geometry":{"type":"LineString","coordinates":[[13.387770779121908,52.52164931139345],[13.387378514954916,52.52141249710629],[13.386896507055525,52.5210605173913],[13.38644394192146,52.52071451563346],[13.385890864780892,52.52020733795696],[13.385637937223688,52.519963485902295],[13.385604461379142,52.519911211307104]]},"properties":{"name":"","laenge":244,"streckennummer":"6032","bundesland":"Berlin"}},{"type":"Feature","geometry":{"type":"LineString","coordinates":[[13.385604461379142,52.519911211307104],[13.38542573567718,52.51963211771773],[13.385369339735588,52.519521115729745],[13.38531608487284,52.519296937106745],[13.385313309392874,52.51910385385789],[13.385543631986314,52.51821301303279],[13.385575183626017,52.51795151971473],[13.385557919285944,52.51779903085586],[13.38552217053762,52.517688453906175],[13.385437823812351,52.517503111988674],[13.385312213371924,52.517338152220994],[13.385213343179416,52.517234631384035],[13.385025094726663,52.517081417549555],[13.384853831943403,52.51697469351523],[13.384656950020995,52.51687951451646],[13.38425317900695,52.516733126831404],[13.38378966675294,52.51662781102761],[13.383612135183935,52.51660259986324],[13.383115899756712,52.51656708170581]]},"properties":{"name":"","laenge":474,"streckennummer":"6032","bundesland":"Berlin"}},{"type":"Feature","geometry":{"type":"LineString","coordinates":[[13.383115899756712,52.51656708170581],[13.382822660870639,52.51655296892427],[13.382266641397273,52.516511164587264],[13.380480665265013,52.51639831431526]]},"properties":{"name":"","laenge":180,"streckennummer":"6032","bundesland":"Berlin"}},{"type":"Feature","geometry":{"type":"LineString","coordinates":[[13.380480665265013,52.51639831431526],[13.379895963580582,52.51635996542663],[13.379240382787374,52.51629004303394],[13.37893054829124,52.51623909459534],[13.378477320849376,52.516133390320604],[13.378197461744044,52.51603185637484],[13.377911243729114,52.515886962290196],[13.377676014282505,52.51571663307626],[13.377515268191807,52.515570648690115],[13.377386151287453,52.51539656424403]]},"properties":{"name":"","laenge":253,"streckennummer":"6032","bundesland":"Berlin"}},{"type":"Feature","geometry":{"type":"LineString","coordinates":[[13.377386151287453,52.51539656424403],[13.377276437658287,52.5151778176774],[13.37721801807932,52.51496324344246],[13.377160866089316,52.51461668097996],[13.377131400248793,52.51417604736027],[13.377074458783408,52.51372816713112],[13.376985432933852,52.51283388660354],[13.376795261246585,52.51150280686844],[13.37666313043564,52.510963128114696]]},"properties":{"name":"","laenge":497,"streckennummer":"6032","bundesland":"Berlin"}},{"type":"Feature","geometry":{"type":"LineString","coordinates":[[13.37666313043564,52.510963128114696],[13.376395296504276,52.50998906735166],[13.376362635238955,52.50961762978054],[13.376387424000129,52.50926687040558],[13.37640515112976,52.50915546954694],[13.376473989659557,52.50895739444477],[13.376549556664171,52.50882736534967],[13.37660918682093,52.50875377575803]]},"properties":{"name":"","laenge":250,"streckennummer":"6032","bundesland":"Berlin"}},{"type":"Feature","geometry":{"type":"LineString","coordinates":[[13.37660918682093,52.50875377575803],[13.376670579119883,52.508678011227964],[13.376914783957272,52.50844277844582],[13.377332360452193,52.508211740342595],[13.377563344941667,52.50811247631695],[13.37784357387491,52.507970156390826],[13.378010807160718,52.50785088372279],[13.378877505354623,52.50712730233389],[13.379814579741128,52.50642818758069],[13.380963427830697,52.50560345900934],[13.381332784394171,52.50532233910049],[13.381438170459251,52.50522301872986],[13.381533593430381,52.50510639596497],[13.381667619702048,52.50483991448934],[13.38170821364084,52.504658406481006]]},"properties":{"name":"","laenge":580,"streckennummer":"6032","bundesland":"Berlin"}},{"type":"Feature","geometry":{"type":"LineString","coordinates":[[13.38170821364084,52.504658406481006],[13.381722223086435,52.50454098188815],[13.381700399907581,52.504301480152144],[13.381595250387708,52.50394846222648],[13.381461469214415,52.503680144714345],[13.381228474865642,52.50328355739836],[13.381031547339912,52.50300110183395],[13.380417686399584,52.50218954792387]]},"properties":{"name":"","laenge":291,"streckennummer":"6032","bundesland":"Berlin"}},{"type":"Feature","geometry":{"type":"LineString","coordinates":[[13.380417686399584,52.50218954792387],[13.37999218543126,52.50161788328945],[13.379265054170528,52.50048595919881]]},"properties":{"name":"","laenge":205,"streckennummer":"6032","bundesland":"Berlin"}},{"type":"Feature","geometry":{"type":"LineString","coordinates":[[13.379265054170528,52.50048595919881],[13.378992314479369,52.50011687200862],[13.378856294408743,52.49998081914593],[13.378598407008912,52.499751599115015],[13.37837661891536,52.499587366058506],[13.377912113783907,52.499306705370756],[13.377597301884816,52.49916038984421],[13.37654729315415,52.498732595278796],[13.376000644321904,52.49849957794182],[13.375295443278688,52.49814219820971],[13.374909289868121,52.49791409677702],[13.374411059256616,52.49757195912476],[13.374000654109992,52.49727518024505],[13.372824800000924,52.49636688779286]]},"properties":{"name":"","laenge":642,"streckennummer":"6032","bundesland":"Berlin"}},{"type":"Feature","geometry":{"type":"LineString","coordinates":[[13.372824800000924,52.49636688779286],[13.371802619749609,52.49558966027816]]},"properties":{"name":"","laenge":111,"streckennummer":"6032","bundesland":"Berlin"}},{"type":"Feature","geometry":{"type":"LineString","coordinates":[[13.373029588987,52.49625939237153],[13.37291118830251,52.49608514681748],[13.372616809852623,52.49548487867257],[13.372535103924427,52.495287624669004]]},"properties":{"name":"","laenge":111,"streckennummer":"6034","bundesland":"Berlin"}},{"type":"Feature","geometry":{"type":"LineString","coordinates":[[11.993411941555289,51.471127634188285],[11.993818359922745,51.4707570033049],[11.993948151828262,51.47062011714073],[11.994254339953368,51.47034437080543],[11.994535541379873,51.470112342298954],[11.994907026257758,51.46983140037656],[11.995209717852463,51.469626357772775]]},"properties":{"name":"","laenge":209,"streckennummer":"6053","bundesland":"Sachsen-Anhalt"}},{"type":"Feature","geometry":{"type":"LineString","coordinates":[[10.606896788064315,52.43203542950406],[10.605987700422446,52.43239562254773],[10.605093102485712,52.432765306688566],[10.604210355618877,52.43314549135263],[10.603339792655529,52.433536037471065],[10.602320206997042,52.43401194478258],[10.595499540051224,52.437241588520024]]},"properties":{"name":"Elbeseitenkanal - Tunnel","laenge":968,"streckennummer":"6107","bundesland":"Niedersachsen"}},{"type":"Feature","geometry":{"type":"LineString","coordinates":[[13.36336374909978,52.53166383522378],[13.365469944981413,52.529694438337344],[13.366057506516949,52.529115930412914]]},"properties":{"name":"","laenge":338,"streckennummer":"6134","bundesland":"Berlin"}},{"type":"Feature","geometry":{"type":"LineString","coordinates":[[13.366048625089396,52.52910623056348],[13.366357586476003,52.52873085587038],[13.366612388205269,52.5283688772006],[13.366780799688486,52.52809185873286],[13.367152499709272,52.52741589539986],[13.36747262607033,52.52693264147259]]},"properties":{"name":"","laenge":261,"streckennummer":"6134","bundesland":"Berlin"}},{"type":"Feature","geometry":{"type":"LineString","coordinates":[[13.37031441449179,52.52306194689083],[13.37122980289877,52.52202862792041],[13.371540887959739,52.52164279945681],[13.371725885144977,52.52137928759792],[13.371888922371962,52.52112150759422],[13.372325603756632,52.52033623924044],[13.372639700328369,52.519710151939414],[13.372823379470338,52.519227191447776],[13.372939832698046,52.518786654440774],[13.373092359043724,52.517937616157084]]},"properties":{"name":"","laenge":607,"streckennummer":"6134","bundesland":"Berlin"}},{"type":"Feature","geometry":{"type":"LineString","coordinates":[[13.373092359043724,52.517937616157084],[13.373166655697567,52.51761135034665],[13.37325908386175,52.51728576023693],[13.373374096494505,52.51694928821837],[13.373508203328965,52.51661545901442],[13.373713174483433,52.51617690421017],[13.374759093505373,52.51406423403098],[13.374939180642455,52.51367507244269],[13.375074460571218,52.513349903148935],[13.375217801531505,52.51295704351434],[13.375340473192205,52.51256158588236],[13.375442339992777,52.51216394004734],[13.3755156302857,52.51180708088787]]},"properties":{"name":"","laenge":703,"streckennummer":"6134","bundesland":"Berlin"}},{"type":"Feature","geometry":{"type":"LineString","coordinates":[[13.373084497606298,52.51795349668872],[13.373167208499702,52.51754526493667],[13.373489451234258,52.51662686444684],[13.374225422495421,52.51512435770312],[13.374983824747318,52.513613909823746],[13.37549998792897,52.51184343536342]]},"properties":{"name":"","laenge":702,"streckennummer":"6134","bundesland":"Berlin"}},{"type":"Feature","geometry":{"type":"LineString","coordinates":[[13.3755156302857,52.51180708088787],[13.375583306419774,52.51136370237746],[13.375622252916479,52.51096193020387],[13.375641622773784,52.51051341649558],[13.375643431647946,52.51003272982719]]},"properties":{"name":"","laenge":198,"streckennummer":"6134","bundesland":"Berlin"}},{"type":"Feature","geometry":{"type":"LineString","coordinates":[[13.375643431647946,52.51003272982719],[13.375613712378652,52.50920660847045],[13.375549149199411,52.50856762289962],[13.375436155168218,52.50801031491412],[13.375266330335743,52.50745840386883],[13.375089991025627,52.50702220836927],[13.374878149630886,52.50659193240181],[13.37467336490887,52.50623343130052],[13.373949048597597,52.50504420419151],[13.373635005612032,52.50445180249933],[13.373477634288951,52.50410103605255],[13.373318648792186,52.5036879964226],[13.373199507344554,52.50331999013837],[13.373056414544717,52.50281239062219]]},"properties":{"name":"","laenge":828,"streckennummer":"6134","bundesland":"Berlin"}},{"type":"Feature","geometry":{"type":"LineString","coordinates":[[13.375372476795015,52.507780412515416],[13.375266330335743,52.50745840386883],[13.375160302345341,52.50718514836784],[13.374906553101676,52.506645357318725],[13.37467336490887,52.50623343130052],[13.373949048597597,52.50504420419151],[13.37378089652175,52.50474149755069],[13.373607431107812,52.50439356665439],[13.373453293701592,52.50404226671906],[13.373318648792186,52.5036879964226],[13.373199507344554,52.50331999013837],[13.373056414544717,52.50281239062219]]},"properties":{"name":"","laenge":576,"streckennummer":"6134","bundesland":"Berlin"}},{"type":"Feature","geometry":{"type":"LineString","coordinates":[[13.373056414544717,52.50281239062219],[13.372579573372192,52.50101746839742],[13.372461117760075,52.50043957223259],[13.372389154267522,52.499955978360255]]},"properties":{"name":"","laenge":321,"streckennummer":"6134","bundesland":"Berlin"}},{"type":"Feature","geometry":{"type":"LineString","coordinates":[[13.372389154267522,52.499955978360255],[13.372359431176415,52.49957627677327],[13.372362252518036,52.49915164661866],[13.372400685234785,52.49873681815197],[13.372477164111135,52.49824918082105]]},"properties":{"name":"","laenge":190,"streckennummer":"6134","bundesland":"Berlin"}},{"type":"Feature","geometry":{"type":"LineString","coordinates":[[13.372456833318603,52.49831251021687],[13.372592811726934,52.49755461608167]]},"properties":{"name":"","laenge":85,"streckennummer":"6134","bundesland":"Berlin"}},{"type":"Feature","geometry":{"type":"LineString","coordinates":[[13.373320647147898,52.517947039296075],[13.373485875271559,52.5173915237541],[13.373703987597263,52.51683469237603],[13.374914187382226,52.51436909166325],[13.375217020048785,52.51367256835535],[13.375392102120644,52.513188298059376],[13.375520301284194,52.51277048487912],[13.375644213297779,52.51228037106789],[13.37572944603962,52.51185175831983]]},"properties":{"name":"","laenge":699,"streckennummer":"6171","bundesland":"Berlin"}},{"type":"Feature","geometry":{"type":"LineString","coordinates":[[13.373323032686756,52.51793816384355],[13.373485875271559,52.5173915237541],[13.373679802400357,52.51689002007641],[13.373884756262777,52.5164515195762],[13.374954871194465,52.51428271907653],[13.375189771457256,52.513741441453945],[13.375392102120644,52.513188298059376],[13.375500346195258,52.51284027947454],[13.375611640975695,52.512420664229296],[13.37575180210753,52.51171743578388],[13.375808578747938,52.511293778654455],[13.375840198301926,52.51094007292139],[13.375862454485905,52.51020602625042],[13.375841750949952,52.50938370088164],[13.375779817856273,52.50861782090968],[13.37573360618853,52.50831483443064],[13.37567574655645,52.50803453351456],[13.375603471606652,52.50775547714487],[13.375497820863023,52.50742264957332],[13.375325097054837,52.50698311431531],[13.375122161769786,52.50656045440687],[13.374224489830032,52.504987102015775],[13.373916013068838,52.50439038939335],[13.373605818926784,52.50368955640936],[13.373296003842478,52.50285300035336]]},"properties":{"name":"","laenge":1026,"streckennummer":"6171","bundesland":"Berlin"}},{"type":"Feature","geometry":{"type":"LineString","coordinates":[[14.091632800973308,51.27183584209656],[14.091560888907008,51.271444299821916],[14.091547468299328,51.2709948811114],[14.09157327865734,51.270781591189646]]},"properties":{"name":"Kamenz Tunnel","laenge":118,"streckennummer":"6200","bundesland":"Sachsen"}},{"type":"Feature","geometry":{"type":"LineString","coordinates":[[14.267614270114834,50.97019868237124],[14.267472474786803,50.96997851610424],[14.267080810872677,50.96960362548053],[14.266595314413413,50.9692754193799],[14.266359073905504,50.96916833389593]]},"properties":{"name":"Sebnitzer Tunnel","laenge":147,"streckennummer":"6216","bundesland":"Sachsen"}},{"type":"Feature","geometry":{"type":"LineString","coordinates":[[14.22935932843233,50.96527332051643],[14.228880695165065,50.96515762699462],[14.228189568827517,50.96496841851479]]},"properties":{"name":"Amtshainersdorfer Tunnel 1","laenge":89,"streckennummer":"6216","bundesland":"Sachsen"}},{"type":"Feature","geometry":{"type":"LineString","coordinates":[[14.226036029375525,50.96364940631432],[14.225839944704752,50.96339039848111],[14.22563601510877,50.96296028380697],[14.225616456250197,50.9628617691155]]},"properties":{"name":"Amtshainersdorfer Tunnel  2","laenge":93,"streckennummer":"6216","bundesland":"Sachsen"}},{"type":"Feature","geometry":{"type":"LineString","coordinates":[[14.226760222483575,50.95849577704672],[14.226609974836638,50.95818949363561],[14.226295673625305,50.95778665894802],[14.226107028104478,50.95762558165526]]},"properties":{"name":"Ulbersdorfer Tunnel 1","laenge":108,"streckennummer":"6216","bundesland":"Sachsen"}},{"type":"Feature","geometry":{"type":"LineString","coordinates":[[14.21322203693871,50.95392147763769],[14.213041059194657,50.95364009449789],[14.212795463731304,50.953150373899696]]},"properties":{"name":"Ulbersdorfer Tunnel 2","laenge":91,"streckennummer":"6216","bundesland":"Sachsen"}},{"type":"Feature","geometry":{"type":"LineString","coordinates":[[14.210484276465916,50.95013050340601],[14.210333958411827,50.95002095183301],[14.209817407746224,50.94971154876051],[14.209698437980109,50.94965018493512]]},"properties":{"name":"Ulbersdorfer Tunnel 3","laenge":77,"streckennummer":"6216","bundesland":"Sachsen"}},{"type":"Feature","geometry":{"type":"LineString","coordinates":[[14.133412249509751,50.938817264382585],[14.133199987513084,50.938392821988764],[14.132722388429421,50.937545688062265],[14.1316868577644,50.935610174525166]]},"properties":{"name":"Rathmannsdorfer Tunnel","laenge":377,"streckennummer":"6216","bundesland":"Sachsen"}},{"type":"Feature","geometry":{"type":"LineString","coordinates":[[13.582853275855008,50.94835921589094],[13.582792834781078,50.94829530928628],[13.582327755988786,50.94795832017679],[13.581788698099427,50.947665322376096],[13.581703579953011,50.94763367455225]]},"properties":{"name":"","laenge":115,"streckennummer":"6258","bundesland":"Sachsen"}},{"type":"Feature","geometry":{"type":"LineString","coordinates":[[12.689925569674573,50.614213727935635],[12.68958883841561,50.61439551249843],[12.689039696996318,50.614672285282275],[12.686053925573404,50.61613037732127]]},"properties":{"name":"Niederschlemaer Tunnel","laenge":347,"streckennummer":"6264","bundesland":"Sachsen"}},{"type":"Feature","geometry":{"type":"LineString","coordinates":[[12.165350173415236,50.86306353976269],[12.163225688524859,50.86426997104077]]},"properties":{"name":"","laenge":201,"streckennummer":"6268","bundesland":"Thüringen"}},{"type":"Feature","geometry":{"type":"LineString","coordinates":[[12.104814998596314,50.77528230796414],[12.104571080620579,50.77487900038785],[12.104493556490608,50.77478426885962]]},"properties":{"name":"Lochgut Tunnel","laenge":60,"streckennummer":"6269","bundesland":"Thüringen"}},{"type":"Feature","geometry":{"type":"LineString","coordinates":[[12.156697215647537,50.71685790415471],[12.15887378971632,50.71491875618732]]},"properties":{"name":"Tunnel Rüßdorf","laenge":265,"streckennummer":"6269","bundesland":"Thüringen"}},{"type":"Feature","geometry":{"type":"LineString","coordinates":[[12.182448989832224,50.688882594386634],[12.182695672830318,50.68872226724789],[12.183099275464723,50.68835471769444],[12.183368196776083,50.68802656027088]]},"properties":{"name":"","laenge":116,"streckennummer":"6269","bundesland":"Thüringen"}},{"type":"Feature","geometry":{"type":"LineString","coordinates":[[12.19625337441395,50.6595219770033],[12.196426873744436,50.65909176722761],[12.196539236115768,50.6586492401775],[12.196573886394702,50.65820058274375],[12.196492969750523,50.65775490912429],[12.196268580531369,50.65713534945538]]},"properties":{"name":"Schloßbergtunnel","laenge":270,"streckennummer":"6269","bundesland":"Thüringen"}},{"type":"Feature","geometry":{"type":"LineString","coordinates":[[12.19108689680341,50.63613568010913],[12.190684555367719,50.635702629325515],[12.189999842295324,50.635096928870794]]},"properties":{"name":"Rothenthaltunnel (139m lang)","laenge":139,"streckennummer":"6269","bundesland":"Thüringen"}},{"type":"Feature","geometry":{"type":"LineString","coordinates":[[12.165690385584893,50.610068773582675],[12.165197352035822,50.60906177722631],[12.164744771107227,50.608205897266245],[12.164599148946285,50.60799803116361],[12.164284284140345,50.607652278416296],[12.164033645682286,50.6074331448608],[12.163780970757056,50.60725129775698],[12.163673672661172,50.60718555125691]]},"properties":{"name":"Elsterbergtunnel","laenge":355,"streckennummer":"6269","bundesland":"Sachsen"}},{"type":"Feature","geometry":{"type":"LineString","coordinates":[[12.160042794174688,50.583366167770556],[12.16001971194652,50.583326135803254],[12.159870891202832,50.582887489769284],[12.159848852917206,50.58258758097543]]},"properties":{"name":"Tunnel","laenge":88,"streckennummer":"6269","bundesland":"Sachsen"}},{"type":"Feature","geometry":{"type":"LineString","coordinates":[[12.16980206052712,50.54041452290193],[12.169799071746802,50.5403430253179],[12.16990728180114,50.53992259518533],[12.170049092682612,50.53947944781281],[12.170329968577347,50.53906568191834],[12.170690074294392,50.538677955190536]]},"properties":{"name":"Tunnel","laenge":206,"streckennummer":"6269","bundesland":"Sachsen"}},{"type":"Feature","geometry":{"type":"LineString","coordinates":[[10.789398105574252,50.71688436433522],[10.789226360855071,50.71670213905273],[10.78893365090478,50.71629347501103],[10.788810092096137,50.71603209104033]]},"properties":{"name":"Tunnel am Zwang","laenge":104,"streckennummer":"6298","bundesland":"Thüringen"}},{"type":"Feature","geometry":{"type":"LineString","coordinates":[[10.754300284328604,50.687388444984165],[10.72135719391325,50.68548375044966],[10.715720705654055,50.68516111214596],[10.714309347253783,50.68509353150002],[10.712902707098072,50.684997837497846],[10.712201961901592,50.68493582720871],[10.711540327841544,50.684850960852806]]},"properties":{"name":"","laenge":3039,"streckennummer":"6298","bundesland":"Thüringen"}},{"type":"Feature","geometry":{"type":"LineString","coordinates":[[10.676227839681063,50.64253261790424],[10.676290447584888,50.64249225459922],[10.676574016899403,50.64234724629941],[10.67686491638222,50.64221199849805],[10.677157345920591,50.642094150947685],[10.677472159325307,50.64198258352294],[10.677749942024304,50.641898353074026],[10.67812053945684,50.64180417634374],[10.67845377279573,50.641733124885135],[10.678861381910897,50.6416675226092],[10.679044527502773,50.641646443059535]]},"properties":{"name":"Zellaer Tunnel","laenge":233,"streckennummer":"6298","bundesland":"Thüringen"}},{"type":"Feature","geometry":{"type":"LineString","coordinates":[[10.270316614844848,50.95265070039885],[10.270623006924788,50.950736398096325],[10.27078788002431,50.94984325205558],[10.27090534084101,50.94894760597113],[10.270940891480167,50.94849898798304],[10.270928872431906,50.94804995307423],[10.27087166734847,50.94773811170701]]},"properties":{"name":"Förthaer Tunnel","laenge":549,"streckennummer":"6311","bundesland":"Thüringen"}},{"type":"Feature","geometry":{"type":"LineString","coordinates":[[9.936263521367424,50.93526861993994],[9.935502003514737,50.93539572935564],[9.93414109158662,50.93565865915802],[9.922835121247873,50.93774109171308]]},"properties":{"name":"Hönebach Tunnel","laenge":983,"streckennummer":"6340","bundesland":"Hessen"}},{"type":"Feature","geometry":{"type":"LineString","coordinates":[[9.561342282435808,51.07741200629362],[9.56096810513565,51.07745218876414],[9.560277122712213,51.077564374744725],[9.559597081618477,51.077698419135956],[9.55893750332922,51.077868896996364],[9.558145047871825,51.078116844781086]]},"properties":{"name":"Beiseförther Tunnel","laenge":239,"streckennummer":"6340","bundesland":"Hessen"}},{"type":"Feature","geometry":{"type":"LineString","coordinates":[[9.492855356086666,51.19875414568547],[9.48803174183303,51.201210731117946]]},"properties":{"name":"Guxhagener Tunnel","laenge":434,"streckennummer":"6340","bundesland":"Hessen"}},{"type":"Feature","geometry":{"type":"LineString","coordinates":[[11.439447596907948,51.50948446888675],[11.430188642776345,51.50414770624444]]},"properties":{"name":"Blankenheimer Tunnel  km 47,189-48,064","laenge":875,"streckennummer":"6343","bundesland":"Sachsen-Anhalt"}},{"type":"Feature","geometry":{"type":"LineString","coordinates":[[11.920288193459198,51.481732778060056],[11.92022088999633,51.48218248572176],[11.920154973724157,51.48248232827562]]},"properties":{"name":"","laenge":84,"streckennummer":"6356","bundesland":"Sachsen-Anhalt"}},{"type":"Feature","geometry":{"type":"LineString","coordinates":[[12.381872471705757,51.32864099164483],[12.382439608462837,51.32754719252423],[12.38328823572455,51.325858959401835]]},"properties":{"name":"City-Tunnel Leipzig","laenge":325,"streckennummer":"6377","bundesland":"Sachsen"}},{"type":"Feature","geometry":{"type":"LineString","coordinates":[[12.384761381603624,51.349790779494064],[12.384508485528436,51.34952760071641],[12.38418151010286,51.349221227964726],[12.381916686114584,51.3472233135527]]},"properties":{"name":"City-Tunnel Leipzig","laenge":348,"streckennummer":"6382","bundesland":"Sachsen"}},{"type":"Feature","geometry":{"type":"LineString","coordinates":[[11.69918353733168,50.716670954978845],[11.698538199165673,50.71659101968054],[11.697835002118149,50.71654267465621],[11.697544372452873,50.71653110432008]]},"properties":{"name":"Harrasmühlentunnel","laenge":117,"streckennummer":"6383","bundesland":"Thüringen"}},{"type":"Feature","geometry":{"type":"LineString","coordinates":[[12.381069440620209,51.33033885226445],[12.380812753381699,51.33064599852876],[12.380526205225639,51.330941365484705],[12.380209350998545,51.331224317598],[12.379863551110473,51.33149364637966],[12.379409168345271,51.33179969994881],[12.377279397232956,51.333101383555814],[12.377034570249785,51.33326664424985],[12.376797861712133,51.333444433876444],[12.376507113166713,51.33369361301712],[12.376246192907104,51.3339554271249],[12.376016491277653,51.334228478517396],[12.375819236546771,51.334511311235055],[12.3756932272665,51.334728947383255],[12.375586444466538,51.33495058289567],[12.375499212331762,51.33517554757735],[12.375430213503423,51.335409445394816],[12.37519134063065,51.336689001745754],[12.37505105746962,51.33737501656056],[12.37462719228208,51.33917192659213],[12.374584073050789,51.339469840323815],[12.374574073321721,51.339784067314234],[12.374600624842056,51.3400979142771],[12.374663577315403,51.340409717558735],[12.374748274782002,51.34067956734522],[12.374860241650437,51.340945492247904],[12.374977588948685,51.341169481584444],[12.375138937844039,51.34142525953058],[12.375325970295814,51.341674078413064],[12.375508290123163,51.34188339279166],[12.375718821917513,51.3420980656553],[12.375985744251874,51.342339799049256],[12.376274748659585,51.342571363275546],[12.376630803117257,51.34282254026987],[12.376904024463391,51.34299474081954],[12.378048963602227,51.34367655324109],[12.378413115154515,51.343921035065286],[12.378757187299932,51.34417666554798],[12.379035473723105,51.34440416721916],[12.379298649339713,51.34463923971946],[12.381526194450114,51.34672170384304],[12.381954093518859,51.34709664632403],[12.382444104959218,51.34750642396824],[12.383221826419073,51.34811840407881],[12.386402015642402,51.35048446312608]]},"properties":{"name":"","laenge":2669,"streckennummer":"6396","bundesland":"Sachsen"}},{"type":"Feature","geometry":{"type":"LineString","coordinates":[[13.863502437705101,50.94082230796402],[13.863411654687033,50.9404858373879],[13.863333376190536,50.94003981288516],[13.863325058262049,50.93959088539942],[13.863368459763361,50.93914231281664],[13.863389342485092,50.9390538797467]]},"properties":{"name":"Köttewitzer Tunnel","laenge":198,"streckennummer":"6605","bundesland":"Sachsen"}},{"type":"Feature","geometry":{"type":"LineString","coordinates":[[13.861266987923067,50.93548908739127],[13.860933974531482,50.935320058582874],[13.85921280026521,50.934521733786006],[13.8585489800625,50.93418777553563]]},"properties":{"name":"Weesensteiner Tunnel","laenge":240,"streckennummer":"6605","bundesland":"Sachsen"}},{"type":"Feature","geometry":{"type":"LineString","coordinates":[[13.79388225848293,50.85552864919286],[13.793488445010718,50.855239962136416],[13.79295735220929,50.85494615903755],[13.792343805001853,50.85472068178379],[13.791673140606367,50.854574391707004],[13.790974621830536,50.854511417838],[13.790263599359466,50.85451418275254]]},"properties":{"name":"Pilztunnel","laenge":292,"streckennummer":"6605","bundesland":"Sachsen"}},{"type":"Feature","geometry":{"type":"LineString","coordinates":[[13.773038866144727,50.84216288331596],[13.77108874810616,50.83748471866127]]},"properties":{"name":"Gleisbergtunnel","laenge":539,"streckennummer":"6605","bundesland":"Sachsen"}},{"type":"Feature","geometry":{"type":"LineString","coordinates":[[13.788799703823804,50.763028861645275],[13.789079112849958,50.76284087720353],[13.7896052788559,50.762531670643824],[13.79002902578794,50.762185708348596],[13.790249487032035,50.76175498855351],[13.79015203690774,50.761309436131626],[13.790117935568956,50.761256781272365]]},"properties":{"name":"Geising-Tunnel","laenge":235,"streckennummer":"6605","bundesland":"Sachsen"}},{"type":"Feature","geometry":{"type":"LineString","coordinates":[[13.772559833173215,51.1278383022523],[13.771903469692996,51.12770401772758],[13.77066188027394,51.12743149712026],[13.770257018899054,51.12732911677348],[13.769907452358739,51.12721911751266],[13.769558518416739,51.12708580703582],[13.769144523429283,51.126894900303974],[13.768767632300825,51.126682231531284],[13.768280522409098,51.12635459565075],[13.76780850906229,51.12600085997078]]},"properties":{"name":"","laenge":400,"streckennummer":"6607","bundesland":"Sachsen"}},{"type":"Feature","geometry":{"type":"LineString","coordinates":[[13.036917054725192,50.51236860016647],[13.037299015968207,50.51269186366577],[13.03754405948918,50.51310217543961]]},"properties":{"name":"Tunnel","laenge":94,"streckennummer":"6623","bundesland":"Sachsen"}},{"type":"Feature","geometry":{"type":"LineString","coordinates":[[12.996830202425572,50.57241786160352],[12.996792925936054,50.57267534519982]]},"properties":{"name":"Tunnel","laenge":29,"streckennummer":"6623","bundesland":"Sachsen"}},{"type":"Feature","geometry":{"type":"LineString","coordinates":[[12.791845843496425,50.53857470309568],[12.792386501859744,50.539992046276126],[12.792573106232162,50.54050436364479],[12.792600790293806,50.54061203532325]]},"properties":{"name":"Schwarzenberger Tunnel","laenge":233,"streckennummer":"6626","bundesland":"Sachsen"}},{"type":"Feature","geometry":{"type":"LineString","coordinates":[[12.055015978492643,50.77225065827317],[12.054950939644712,50.77208890469768],[12.054791494136166,50.77155541771369]]},"properties":{"name":"Osterburg-Tunnel","laenge":79,"streckennummer":"6653","bundesland":"Thüringen"}},{"type":"Feature","geometry":{"type":"LineString","coordinates":[[12.062590049453712,50.76053036026032],[12.062770112471807,50.760271222418034],[12.063085399323148,50.759978058980934]]},"properties":{"name":"Vipsburg-Tunnel","laenge":71,"streckennummer":"6653","bundesland":"Thüringen"}},{"type":"Feature","geometry":{"type":"LineString","coordinates":[[11.681398645359113,50.42571419943933],[11.681554129602901,50.42560547039774],[11.6817246747514,50.425466312765714],[11.6820540374306,50.42513844944339],[11.682204448080526,50.42493722813088],[11.682332236361228,50.42471119025307],[11.682444851370779,50.42447122366151],[11.682514047043371,50.42419085250411],[11.682542803380448,50.42399894727211],[11.682544275400858,50.423922076117684]]},"properties":{"name":"Tunnel","laenge":221,"streckennummer":"6683","bundesland":"Thüringen"}},{"type":"Feature","geometry":{"type":"LineString","coordinates":[[10.643664422228518,50.659507891269286],[10.642972478207216,50.65954029958633],[10.642266496787785,50.65950787297129],[10.642009720693952,50.65946296150466]]},"properties":{"name":"Mehliser Tunnel","laenge":118,"streckennummer":"6698","bundesland":"Thüringen"}},{"type":"Feature","geometry":{"type":"LineString","coordinates":[[10.606316565852788,50.65528154423923],[10.6058753951461,50.65530079030172],[10.60550215640898,50.655344274787076],[10.605156148284333,50.6554024996513],[10.60476419129322,50.65549140614913],[10.604493457815215,50.65557051592159]]},"properties":{"name":"Rote Wand-Tunnel","laenge":136,"streckennummer":"6698","bundesland":"Thüringen"}},{"type":"Feature","geometry":{"type":"LineString","coordinates":[[10.600261449578701,50.658268763775936],[10.598314575500288,50.65962588772046],[10.598112087473352,50.65975192992302],[10.597892107860572,50.65986999479266],[10.597564324280421,50.66001346283957]]},"properties":{"name":"Rote Bügel-Tunnel","laenge":273,"streckennummer":"6698","bundesland":"Thüringen"}},{"type":"Feature","geometry":{"type":"LineString","coordinates":[[10.524597237079316,50.69382623922943],[10.524307180317118,50.693903972588096],[10.524094731681734,50.693971291533806],[10.523876940096455,50.69405085244464],[10.52353906887268,50.69420257777967]]},"properties":{"name":"Hirschergtunnel","laenge":86,"streckennummer":"6698","bundesland":"Thüringen"}},{"type":"Feature","geometry":{"type":"LineString","coordinates":[[10.565155994404606,50.86258839848364],[10.568784590999861,50.86156063561067]]},"properties":{"name":"Friedrichrodaer Tunnel","laenge":280,"streckennummer":"6702","bundesland":"Thüringen"}}]}