Streckennummer;Richtung;km_von_l;km_bis_l;km_von_i;km_bis_i;km_von_km;km_von_m;km_bis_km;km_bis_m;Länge;Streckenkurzname;Bezeichnung;Bundesland;Kreis;WKT GK (EPSG 31467);WKT WGS84 (EPSG 4326);WKT UTM 32N (EPSG 25832)
1239;Streckenachse;11,8 + 12;12,0 + 3;101180012;101200003;11,8;12;12;3;191;;;Hamburg;Kreisfreie Stadt Hamburg;LINESTRING (3568446.6156753204 5944312.4617706025,3568472.4684979194 5944422.7694586655,3568474.8699986115 5944451.4414501265,3568473.579000272 5944477.722942472,3568470.7062303685 5944500.125034293);LINESTRING (10.033476635279385 53.625693742082916,10.033891565277292 53.626681310195664,10.03393416009159 53.62693857027627,10.033920427627645 53.62717483790231,10.03388193784548 53.627376461752476);LINESTRING (568348.6568173828 5942374.837994823,568374.500361754 5942485.101529822,568376.9011699365 5942513.762084388,568375.6109271098 5942540.033125474,568372.7395067699 5942562.426325039)
1239;Gegenrichtungsgleis;12,0 + 3;13,7 + 50;101200003;101370050;12;3;13,7;50;1747;HH-Ohlsdorf - Hamburg Airport;TU Ohlsdorf-Hamburg Airport;Hamburg;Kreisfreie Stadt Hamburg;LINESTRING (3568467.6117007947 5944496.293188402,3568462.0870057703 5944521.296930235,3568454.966508982 5944544.27842383,3568446.0275126956 5944566.615917705,3568435.3270168887 5944588.164911899,3568422.934021533 5944608.787406445,3568406.8015273553 5944631.050900693,3568391.063532864 5944649.249396116,3568373.9180387217 5944666.128391993,3568355.47504489 5944681.578888355,3568332.96155227 5944697.360884818,3568312.1475589704 5944709.428882289,3568290.4335658513 5944719.790380303,3568267.959072869 5944728.378378875,3568244.868579978 5944735.137878018,3568223.4730864814 5944739.67737773,3568193.764095406 5944743.803377962,3568153.889107265 5944746.908378996,3567893.9891842697 5944761.208387456,3567849.015197544 5944762.646389226,3567806.719209921 5944761.81039153,3567769.799220629 5944759.122394119,3567723.8672338366 5944753.421398031,3567109.7994095595 5944660.029455341,3567050.2914266577 5944652.416460473,3567020.363435345 5944650.401462516,3567000.3674412 5944650.099463579,3566975.396448583 5944651.1814644765,3566954.2484549065 5944653.571464804,3566933.302461238 5944657.3384647155,3566909.2404685994 5944663.453964091,3566889.037474856 5944670.14546311,3566867.020974136 5944679.1795513015);LINESTRING (10.033834329759308 53.627342442857724,10.033756334127416 53.627567785017376,10.033653776585211 53.62777516881039,10.033523594224537 53.627977004717614,10.033366616372255 53.628171987095925,10.033183855195125 53.62835886711341,10.032944938415703 53.62856097695751,10.032711088778871 53.62872651704957,10.032455676157587 53.628880386683704,10.032180339031562 53.629021592174134,10.031843555117625 53.62916630595,10.031531638985848 53.62927743260573,10.031205745197175 53.62937334547281,10.030867967605051 53.629453424367306,10.03052047832239 53.62951715627495,10.03019811855856 53.62956072316197,10.029750023823954 53.629601656644745,10.029148063606161 53.62963473883031,10.025223247599573 53.62979694632602,10.02454385474123 53.62981569064668,10.02390443962479 53.62981365607863,10.023345870754639 53.62979428531509,10.02265044597652 53.629749009652336,10.013349702712746 53.62898903579856,10.012448714564727 53.6289282629274,10.01199597726193 53.62891399018777,10.011693711588443 53.62891383454889,10.011316556050295 53.62892674731891,10.010997458719576 53.628950920839024,10.010681709781169 53.62898743802651,10.010319372380906 53.629045450137255,10.010015479260796 53.629108143028205,10.009684680343383 53.629192111331996);LINESTRING (568369.6461739144 5942558.596033114,568364.1239081034 5942583.5898713,568357.0064572322 5942606.562281016,568348.0712248923 5942628.890964111,568337.3751870388 5942650.431477634,568324.9873149063 5942671.045875923,568308.8614477335 5942693.300654976,568293.1298858307 5942711.492049924,568275.9913724734 5942728.364483579,568257.5558628314 5942743.808998355,568235.0514779148 5942759.584918667,568214.2458816062 5942771.6483029695,568192.5406280815 5942782.005875473,568170.0751611459 5942790.590661584,568146.9939227237 5942797.347681878,568125.6069885087 5942801.885570979,568095.9098625203 5942806.010201626,568056.0507771678 5942809.114332975,567796.2544517717 5942823.411036795,567751.2983823917 5942824.848879346,567709.0192251026 5942824.013603129,567672.1139089402 5942821.327015097,567626.2001552595 5942815.62871071,567012.3759326723 5942722.279590192,566952.8915698681 5942714.670172776,566922.975474328 5942712.656251922,566902.987437779 5942712.354556884,566878.0263960074 5942713.436356387,566856.8868432618 5942715.82559947,566835.9492227549 5942719.59129208,566811.8968653204 5942725.704577804,566791.7019758102 5942732.39359841,566769.6943227925 5942741.424292231)
1239;Richtungsgleis;12,0 + 3;13,7 + 50;101200003;101370050;12;3;13,7;50;1747;HH-Ohlsdorf - Hamburg Airport;TU Ohlsdorf-Hamburg Airport;Hamburg;Kreisfreie Stadt Hamburg;LINESTRING (3568475.873008038 5944498.711299204,3568470.7910033967 5944525.032928711,3568464.1720064823 5944548.453922156,3568455.6910100845 5944571.26741587,3568445.4035141813 5944593.324909893,3568433.376518744 5944614.484404264,3568417.6005244935 5944637.390898307,3568402.120529955 5944656.171893545,3568385.181035781 5944673.648389237,3568366.8910419345 5944689.705885411,3568347.3695483753 5944704.241382094,3568326.7425550614 5944717.160379306,3568305.1435619504 5944728.378877066,3568282.7125689974 5944737.8248753855,3568259.5950761563 5944745.437374276,3568237.8570827995 5944750.778373769,3568208.2580917263 5944755.618373788,3568158.4481065576 5944759.861374969,3567906.6471811617 5944773.686383178,3567860.380694807 5944774.959385057,3567823.37320563 5944774.096387112,3567781.191217857 5944770.874390113,3567736.56223068 5944765.132393973,3567111.6374095087 5944670.061452307,3567059.7104244255 5944663.364456798,3567028.3724335195 5944661.19845896,3567009.070939173 5944660.950459972,3566986.1024459633 5944661.9329608,3566963.237952791 5944664.321461211,3566936.807460771 5944668.871961161,3566914.4604675937 5944674.267960663,3566892.4859743724 5944681.022959749,3566870.876433943 5944689.149527931);LINESTRING (10.033959709500786 53.62736308632129,10.033888694360348 53.62760020990941,10.033793812946714 53.62781147651608,10.033670657350477 53.628017528863055,10.033520033323182 53.62821702557124,10.03334292189925 53.62840868213664,10.03310953458484 53.62861652211027,10.03287971235384 53.628787261706904,10.032627544452053 53.62894647243169,10.032354653015132 53.62909311131491,10.032062813919472 53.62922623739509,10.031753910783138 53.62934498516473,10.031429942957779 53.629448582475995,10.031093010738555 53.62953636415054,10.030745300023543 53.62960776313019,10.030417939140786 53.62965857548444,10.029971662425938 53.629705909672936,10.029219799623345 53.62975050871559,10.025417272633836 53.62990740180854,10.024718308131394 53.62992483237325,10.024158812494086 53.62992187161354,10.023520599391151 53.629898385638775,10.022844856491313 53.62985257422163,10.013379642238018 53.62907892307227,10.012593421703391 53.6290254091124,10.012119341362439 53.629009960796736,10.011827582666442 53.62901020176242,10.011480668894201 53.629021965083446,10.011135628972267 53.62904634494992,10.010737159911452 53.62909060180325,10.010400586173267 53.62914193140967,10.010069933142562 53.629205421135936,10.009745089198871 53.62928118491405);LINESTRING (568377.9042145398 5942561.013105295,568372.82447499 5942587.324302414,568366.2083283857 5942610.736032395,568357.7309179798 5942633.540521618,568347.4477202892 5942655.589328731,568335.4257073072 5942676.7405096935,568319.6562040497 5942699.6380292745,568304.1825447443 5942718.411689768,568287.2499548399 5942735.88138347,568268.9673898534 5942751.9326549955,568249.4538014234 5942766.462544283,568228.8351384787 5942779.376587816,568207.2448470582 5942790.590817823,568184.8228707213 5942800.033261698,568161.7146509378 5942807.642942399,568139.9853605788 5942812.98201534,568110.3981973638 5942817.82036051,568060.6080805685 5942822.06213026,567808.9075241875 5942835.883948522,567762.659468205 5942837.156868752,567725.6667037635 5942836.294554442,567683.501479011 5942833.074227772,567638.8902058445 5942827.334927686,567014.2132930723 5942732.307576398,566962.306918517 5942725.61372404,566930.9813833139 5942723.44887637,566911.6875705798 5942723.201153404,566888.72823011 5942724.183474059,566865.8728611892 5942726.57123359,566839.4529328952 5942731.120164693,566817.1148855747 5942736.514221236,566795.1492024001 5942743.266732902,566773.5483393264 5942751.390264273)
1270;Streckenachse;0,2 + 57;5,7 + 69;100020057;100570069;0,2;57;5,7;69;5512;;;Hamburg;Kreisfreie Stadt Hamburg;LINESTRING (3566671.6554267607 5936484.24428163,3566640.624153237 5936512.816372249,3566600.0801666966 5936544.762864802,3566556.6736807935 5936572.460858742,3566496.371699764 5936598.192854071,3566471.963707304 5936605.735853026,3566448.450714477 5936611.104852579,3566423.1477220776 5936614.428352817,3566394.906730419 5936615.195353947,3566372.0327370893 5936614.04485539,3566351.3307430604 5936611.615857096,3566326.6677500918 5936607.013359637,3566310.3107546982 5936602.794361662,3566288.458760755 5936595.123364971,3566267.757766406 5936586.045868636,3566232.7442757804 5936566.869875956,3566214.72628047 5936554.213380545,3566191.213286438 5936534.525387468,3566177.0287899207 5936520.206392357,3566162.0777935176 5936503.587397964,3566150.3207962075 5936487.605903232,3566137.1592991436 5936468.173909577,3566126.808301265 5936448.997915712,3566117.351303045 5936428.159922296,3566100.8678057296 5936383.159936325,3566075.310809491 5936305.047460524,3566058.569812388 5936262.859473736,3566035.9523169203 5936218.7534877965,3566007.706823259 5936177.803001195,3565976.4203306166 5936139.437013983,3565940.798339438 5936104.995525824,3565900.879849724 5936074.748036634,3565688.794405668 5935940.96958616,3565563.9139383547 5935856.863616888,3565520.1704500536 5935832.599126118,3565473.103463091 5935815.8746332945,3565424.4754768093 5935803.7651391905,3565369.1644926164 5935794.222644647,3565313.62550854 5935785.724149808,3565271.049020658 5935777.357654312,3565228.7720326246 5935767.671659186,3565180.792046161 5935755.75416499,3565134.744558899 5935739.036672113,3565093.147569885 5935713.064181745,3565055.068079577 5935681.6621928075,3565020.2925881315 5935646.813704722,3564986.5835963152 5935610.765216938,3564951.6881049075 5935575.940228851,3564914.8011141974 5935543.458740169,3564874.3906247383 5935515.476750333,3564831.380136245 5935491.6742593935,3564785.9721486913 5935472.77076713,3564692.2996747564 5935441.930780684,3564644.7746881037 5935428.857786803,3564596.818701654 5935417.364292475,3564548.279715545 5935409.424797135,3564499.414729765 5935406.35030038,3564450.142744399 5935409.403801839,3564436.5207485063 5935411.552801856,3564387.268763518 5935422.65730095,3564352.163774341 5935433.13479955,3564303.6577893454 5935448.674297305,3564256.1638041786 5935466.837294233,3564209.975318781 5935488.2117901575,3564165.779332975 5935513.300284893,3564084.3348598154 5935573.841270991,3564043.934373195 5935605.24226369,3563958.7809008984 5935661.044251356,3563914.9279150185 5935686.732745902,3563868.994929566 5935708.57224168,3563821.599444382 5935727.045238513,3563773.038459368 5935741.913736466,3563723.652474461 5935753.966235279,3563673.86848958 5935764.109734684,3563623.67650471 5935771.987234766,3563473.3855494587 5935783.984738427,3563424.356563921 5935785.060240456,3563326.107592593 5935780.756746422,3563273.0636079344 5935775.558250481,3563226.041621386 5935767.849754998,3563177.969135009 5935757.2732604025,3563129.418148649 5935744.096766595,3563032.0276758755 5935714.876779836,3562937.4997023633 5935687.809292313,3562844.533228477 5935662.519304185,3562793.182242726 5935644.875811822,3562751.67725411 5935627.837818813,3562701.7397675617 5935602.20732873,3562653.1857804656 5935573.621839452,3562571.5918017593 5935517.391859876,3562512.199817494 5935481.3663733,3562500.1528207655 5935475.742375529,3562484.257325137 5935469.461378134,3562436.4033385096 5935454.994884668,3562405.342347396 5935449.928887639,3562386.921352746 5935448.587388914,3562354.114362391 5935448.673390456,3562317.031373502 5935453.152890905,3562302.217377993 5935456.021890768,3562284.248383496 5935460.682390256,3562242.865396405 5935476.367387621,3562220.0219036955 5935488.466885153,3562195.363911664 5935503.613881881,3562175.0059183696 5935518.761378399,3562158.662923878 5935533.550374832,3562150.5044269976 5935548.679370775,3562132.2254334507 5935571.355364984,3562122.5069369804 5935585.469861297,3562109.4434418753 5935607.603355415,3562100.7889452544 5935625.121850679,3562091.7709489563 5935647.16384463,3562085.894951496 5935664.195339907,3562068.7444601273 5935739.462818606,3562049.915489624 5935828.6028149035);LINESTRING (10.004981688344209 53.55559740418768,10.004519607786115 53.5558580207448,10.003914720378335 53.55615015575431,10.003265733432448 53.556404483695566,10.002361412773558 53.556643285321584,10.001994764215407 53.556714137379394,10.001641155808986 53.55676534482292,10.00126010575429 53.55679840165423,10.000834185684699 53.55680886209557,10.00048883257857 53.55680141695815,10.00017597819803 53.55678221099295,9.9998029021242 53.55674397851774,9.999555223611349 53.5567081417189,9.999223909006849 53.55664198649386,9.99890966296619 53.55656304974991,9.998377341276884 53.556395198545125,9.998102818806615 53.55628377079795,9.997743905513033 53.55610986722118,9.997526871577241 53.55598301956057,9.997297788201722 53.555835605855464,9.997117029353653 53.55569351628261,9.996914352496743 53.555520605505784,9.996754133308546 53.55534964016876,9.996607051847166 53.55516363129369,9.996348858870569 53.5547614455043,9.995946789085457 53.55406293201123,9.995685318181554 53.55368603893097,9.995334792855475 53.5532926538721,9.994900035231728 53.55292832306594,9.99441995361713 53.55258759087939,9.993875302021 53.552282657373134,9.993266725542219 53.552015937855536,9.990039161740336 53.55084070113499,9.988137668569854 53.55010073359495,9.987472711703333 53.54988821080544,9.986759204028209 53.5497438352112,9.986023118360654 53.54964110925923,9.985186759729443 53.549562271753615,9.98434718266188 53.54949283565257,9.98370317395299 53.5494229683363,9.983063410220462 53.549341206434924,9.98233715519501 53.549240102081264,9.981639055968959 53.54909563213665,9.981006171167952 53.548867462841045,9.980425224770585 53.54859007771405,9.979893409233334 53.548281318499285,9.979377439796814 53.54796164451402,9.97884383453106 53.547653106503404,9.978280682907656 53.54736586543129,9.977665322689509 53.547119478897606,9.977011616824544 53.546910957324044,9.97632276754606 53.54674673884618,9.97490343772101 53.54648123094976,9.974183875118868 53.54636964008639,9.973458141091815 53.546272287585246,9.972724349389113 53.5462069302635,9.971986645069832 53.54618531399971,9.971244064124473 53.5462187950433,9.971039034629266 53.54623977258517,9.970298409723938 53.546345572818566,9.969771044318144 53.54644400228018,9.969042576354806 53.54658954591941,9.968329906957278 53.54675852997469,9.967637582950255 53.546956201243766,9.966976069076699 53.54718699043346,9.96575994030281 53.54774081691724,9.965156948748426 53.548027842356845,9.963883854372419 53.54853952856504,9.963227591827414 53.548775645564206,9.962539159925942 53.54897743378295,9.96182797319678 53.54914915223902,9.961098464601887 53.54928862633487,9.960355932617388 53.549402898047845,9.959607004312254 53.54950006356021,9.958851457115182 53.5495769167822,9.95658673812697 53.549702888074,9.955847347090128 53.5497184746327,9.954364375846046 53.54969167175519,9.953563148645626 53.54965136463758,9.952852258356508 53.54958777793857,9.952124944273924 53.549498548122074,9.951389890524194 53.549386013746044,9.94991486512316 53.54913520970394,9.948483470299454 53.548903381750705,9.947076002788139 53.54868731827918,9.946297842531305 53.54853495728692,9.945668333261924 53.5483868542889,9.944909905515809 53.548162562247875,9.944171763692932 53.54791155335419,9.942929713265986 53.54741612705408,9.942026626572748 53.54709955711425,9.9418437833615 53.54705046655774,9.941602757733309 53.54699593135428,9.940878030952009 53.54687166007644,9.94040849075397 53.54682984065728,9.940130357680127 53.54681997780094,9.939635508156156 53.54682464702576,9.939077033251944 53.5468692917557,9.938854146984859 53.54689682393329,9.93858402620119 53.54694082430624,9.937962914686404 53.54708664124336,9.937620742130985 53.54719804732387,9.937251802768765 53.54733704532809,9.93694772410326 53.54747553756898,9.93670413641461 53.54761033310887,9.936584073958866 53.547747213983676,9.936312845537076 53.547953092721364,9.93616904744147 53.5480810437491,9.935976381559572 53.548281430983316,9.935849306962062 53.54843983646596,9.935717645534872 53.54863892280227,9.935632385695378 53.54879262439667,9.935388599911084 53.54947083660512,9.935122236610633 53.55027387392081);LINESTRING (566574.3313591261 5934549.753462168,566543.3127020067 5934578.314461338,566502.7851500949 5934610.248606131,566459.3961995158 5934637.93597007,566399.1184623846 5934663.658273005,566374.7202566178 5934671.1984924525,566351.2166742291 5934676.565569861,566325.9237861709 5934679.887978765,566297.6940451255 5934680.654933344,566274.8291480709 5934679.5051024845,566254.1353738604 5934677.077261015,566229.4821577815 5934672.476822043,566213.1316359277 5934668.259653744,566191.2882716093 5934660.591911483,566170.5954357482 5934651.518219017,566135.5957092928 5934632.350182035,566117.5847714918 5934619.698890862,566094.0809582545 5934600.018951933,566079.9019777849 5934585.705787843,566064.9567815206 5934569.093547227,566053.2043185665 5934553.118523185,566040.0478834141 5934533.694386893,566029.7008308521 5934514.526122709,566020.2474067917 5934493.6965125,566003.7700596891 5934448.714594107,565978.2225226884 5934370.633452628,565961.4878041096 5934328.462416203,565938.8789092158 5934284.374198118,565910.6442857322 5934243.440274589,565879.3698976748 5934205.089849299,565843.7617731454 5934170.662400255,565803.858899086 5934140.427319717,565591.8566672173 5934006.704075564,565467.0251482447 5933922.632736699,565423.2988533236 5933898.378307427,565376.2504519989 5933881.660904504,565327.6417151105 5933869.556677143,565272.3526645309 5933860.018488499,565216.8357144012 5933851.523885968,565174.2761009036 5933843.161111494,565132.0158559285 5933833.479359994,565084.0548626247 5933821.567050105,565038.0255551763 5933804.856634927,564996.4448893411 5933778.8948663315,564958.3802720725 5933747.505728677,564923.6183066908 5933712.671433826,564889.9224053528 5933676.63760728,564855.0404880195 5933641.826804159,564818.16788573 5933609.358585617,564777.7732287158 5933581.388106717,564734.7796460829 5933557.595486457,564689.3895637701 5933538.699936296,564595.7541013747 5933507.873086291,564548.2479161947 5933494.805732471,564500.3109172727 5933483.317253268,564451.7911833382 5933475.381363367,564402.9456240595 5933472.308538043,564353.6932833283 5933475.361274813,564340.0767304406 5933477.509543914,564290.8444558183 5933488.610072655,564255.7535389124 5933499.083721033,564207.2670078593 5933514.617475817,564159.792097732 5933532.773675978,564113.6221970022 5933554.140084537,564069.4440365758 5933579.218994959,563988.0325430062 5933639.736622466,563947.6484284132 5933671.125482829,563862.529368916 5933726.906032673,563818.6940772779 5933752.5847008815,563772.7795789315 5933774.415921812,563725.4031322906 5933792.88199753,563676.8616168351 5933807.745020136,563627.4954041585 5933819.793172322,563577.7313324807 5933829.93308878,563527.5594025018 5933837.807911839,563377.3283919278 5933849.802014148,563328.3189359804 5933850.877536635,563230.1090407935 5933846.57665504,563177.0861267755 5933841.380714208,563130.08279038 5933833.675718053,563082.0293461436 5933823.103874257,563033.4975686359 5933809.933070785,562936.1456021968 5933780.725608771,562841.6550150814 5933753.669762752,562748.7253221824 5933728.390694109,562697.3946191742 5933710.75469611,562655.9059988966 5933693.723866307,562605.9881592809 5933668.104037587,562557.4532412859 5933639.530373506,562475.8912328907 5933583.323527738,562416.5225645832 5933547.312927626,562404.4803126339 5933541.691279188,562388.5910879623 5933535.4129279,562340.7560209236 5933520.952631824,562309.7073496555 5933515.888935859,562291.293676607 5933514.5481397165,562258.4997483437 5933514.634407062,562221.4315641115 5933519.112463187,562206.6234926714 5933521.9804562675,562188.661694713 5933526.639264556,562147.2953266903 5933542.3183955485,562124.46103921 5933554.41328469,562099.8130026737 5933569.554476286,562079.463252938 5933584.696128152,562063.1269002528 5933599.47938595,562054.9717898348 5933614.602433042,562036.7002809905 5933637.269566192,562026.9857827767 5933651.378531837,562013.9276909903 5933673.503333197,562005.2768001506 5933691.014932796,561996.2625957212 5933713.048233428,561990.3890933989 5933730.073001528,561973.246118416 5933805.310670127,561954.4254594148 5933894.415348517)
1271;Streckenachse;10,9 + 7;15,3 + 16;101090007;101530016;10,9;7;15,3;16;4409;Hamburg Hbf SB - Hmb-Neugraben;S-Bahn-Tunnel Hamburg - Harburg;Hamburg;Kreisfreie Stadt Hamburg;LINESTRING (3566293.4435533294 5926569.846358239,3566389.874737001 5926249.527406574,3566406.1362291975 5926186.016924532,3566416.330723922 5926138.125938167,3566422.2667205324 5926103.52994809,3566430.1402152134 5926040.277966363,3566434.010711938 5925995.226479464,3566436.2052090764 5925948.496493136,3566436.076707059 5925905.123505932,3566432.721206049 5925862.911518537,3566429.4952059356 5925840.450525314,3566420.977706489 5925799.1420379,3566414.1377073503 5925774.745045415,3566400.8462095135 5925737.69605697,3566391.9412111295 5925716.39706367,3566373.2287148917 5925679.349075479,3566353.4842191655 5925646.689586048,3566337.4822228197 5925624.228593428,3566317.2212275886 5925598.7986018825,3566299.0247320365 5925579.434608455,3566275.279738028 5925558.13511586,3566252.858243852 5925541.528121819,3566226.889250702 5925524.495628071,3566202.069257414 5925511.723633012,3566174.765264921 5925500.255137684,3566153.490770857 5925493.161140784,3566133.515776466 5925487.248143468,3566119.095780572 5925484.17364506,3566097.702786716 5925480.744647083,3566077.37379262 5925478.852648605,3566055.3897990556 5925477.90614992,3566030.343806474 5925478.622150894,3565978.389822056 5925484.2536516925,3565936.845834621 5925490.977151677,3565902.4148450973 5925497.855151277,3565866.606856131 5925507.954649996,3565839.049364745 5925518.322148243,3565827.534368386 5925523.534147247,3565800.092377152 5925537.825144332,3565786.4573815675 5925546.204642505,3565760.561390058 5925564.308638396,3565730.8839000007 5925589.557132353,3565716.27590498 5925603.793128848,3565676.0554188797 5925646.982618018,3565653.3684266577 5925670.028612295,3565610.685941203 5925711.555102072,3565585.5929496875 5925734.548096478,3565556.891459258 5925758.022590918,3565533.0584670915 5925775.106587006,3565519.423471522 5925783.809085086,3565491.1784805944 5925799.603081766,3565441.4489964438 5925824.796576693,3565390.17401269 5925848.756072054,3565365.3660205044 5925859.393070091,3565343.253027421 5925867.82556865,3565311.744037201 5925878.249567068,3565277.769547623 5925886.899066125,3565097.6446023355 5925921.281564505,3565055.878615063 5925930.145063867,3565012.567628445 5925943.199562063,3564986.0986367995 5925954.9105598675,3564975.7876400915 5925960.282558771,3564952.6421475857 5925974.519055669,3564915.6901597353 5926001.16454956,3564760.4982111976 5926122.337521181,3564724.8057229547 5926148.553015143,3564705.727729166 5926161.016012371,3564680.633737241 5926175.411509311,3564640.0707501206 5926195.018005454,3564621.22075604 5926202.752004065,3564596.24126382 5926211.61600263,3564580.4862686982 5926216.611501901,3564552.0122774285 5926223.809501128,3564227.3358763075 5926291.847496419,3564210.3178815395 5926296.467495862,3564184.3068896197 5926305.276994493,3564162.2468965813 5926315.048992656,3564141.621903178 5926326.061490385,3564113.9489122117 5926344.702486198,3564096.729417933 5926358.434982968,3564034.8684387435 5926413.140469766,3563958.1069639307 5926467.589957351,3563853.657998472 5926547.418938762,3563758.912529968 5926623.313920876,3563641.6495690187 5926718.748898297,3563604.95558136 5926751.194390471,3563584.1935884045 5926770.862385659,3563557.9060974047 5926797.472879058,3563480.014624245 5926879.969358434,3563432.643140362 5926925.79684717,3563416.8487211918 5926938.718477387);LINESTRING (9.99718014905342 53.46657821954267,9.998564347474357 53.46368845913241,9.998795746458802 53.463115857171985,9.998939104150885 53.46268433949335,9.999021159461297 53.462372795140105,9.99912632878971 53.461803572714764,9.999175079867836 53.461398360573796,9.999198246060558 53.46097828066866,9.999187152046007 53.46058865144213,9.999127726962316 53.46020985884097,9.999074422795236 53.46000848485943,9.998937487064861 53.45963845928488,9.998829374785032 53.45942014828205,9.998621479851316 53.459088990099715,9.998482940159226 53.45889877067857,9.998193450355123 53.45856830398392,9.99788935638224 53.458277391041925,9.997643750439327 53.45807762536389,9.997333412975035 53.4578517229234,9.997055432414639 53.45768005441899,9.99669352903493 53.4574916954254,9.99635253845251 53.45734532446859,9.99595806318767 53.457195575896826,9.995581781918132 53.45708395630729,9.995168387419277 53.45698435762949,9.994846670759118 53.45692329934712,9.99454476333572 53.45687268673731,9.994327067003772 53.456846876308454,9.994004338764892 53.45681875555799,9.993697949035822 53.45680430831964,9.993366846916166 53.45679856178309,9.992990004486533 53.45680813331975,9.992209172751231 53.456865232700125,9.991585259648847 53.45693083450319,9.991068442460922 53.456996931420214,9.990531571223546 53.457092138992884,9.990118941498222 53.45718872089721,9.98994670621144 53.45723698229181,9.989536632743036 53.45736879502661,9.989333147546235 53.45744577592936,9.98894713791546 53.45761164820015,9.988505697221187 53.45784217454513,9.988288785060837 53.45797188769805,9.98769238315495 53.458364901270386,9.987355693959483 53.45857476554537,9.986721868186507 53.45895314133953,9.986348941278186 53.45916282629657,9.985921792437987 53.4593772847457,9.985566593850084 53.459533726206445,9.985363158347479 53.45961360213608,9.98494127291218 53.459759001528404,9.984197930386552 53.459991510288816,9.983431058380537 53.46021312047756,9.983059827090017 53.46031175803767,9.982728704920454 53.46039025575556,9.982256553609663 53.46048780840863,9.98174691774205 53.46056972322779,9.979042537580632 53.460900891761874,9.978415644873586 53.46098567765021,9.977766357952737 53.46110830143222,9.97737032329088 53.461216774843315,9.977216214722125 53.461266306890714,9.976870729607384 53.461397056962205,9.976319963357334 53.46164098577272,9.97400867918285 53.46274866436171,9.973476751354752 53.46298856238876,9.973192109378259 53.463102869607575,9.972817296144457 53.46323527581847,9.972210674498285 53.46341639321709,9.971928487091564 53.463488185701806,9.971554254233473 53.463570880765054,9.971318096180829 53.46361769048755,9.970890910926295 53.463685845100564,9.966016940714121 53.46433676502288,9.965761681297145 53.464380344441196,9.965371888187462 53.464462656368944,9.965041771730286 53.464553132573286,9.964733510646418 53.4646545773978,9.964320695837197 53.46482541144652,9.964064255239208 53.4649508756678,9.963144074380393 53.46544985723552,9.961999487046821 53.46594834155512,9.960443174889404 53.466678174218785,9.959032106695163 53.46737147033238,9.957285920116432 53.468243013072104,9.956740010037437 53.46853892679862,9.956431387664397 53.46871812543367,9.956040971543572 53.46896035955034,9.954884854654475 53.469710878883184,9.954180839215143 53.47012828804537,9.953945630396877 53.47024627453867);LINESTRING (566196.1793121289 5924639.306579731,566292.5691712287 5924319.114293329,566308.8236079339 5924255.628951728,566319.0136056729 5924207.756941792,566324.946922458 5924173.174673165,566332.8167038882 5924109.947805677,566336.685247636 5924064.9142223885,566338.8784437957 5924018.202823364,566338.749596449 5923974.847107985,566335.3950456328 5923932.651959622,566332.1701247046 5923910.199939613,566323.6556390938 5923868.907978663,566316.8181404491 5923844.520763331,566303.5315962783 5923807.486648902,566294.6299489434 5923786.196218043,566275.9245648939 5923749.163153026,566256.1876323939 5923716.516848744,566240.1918023311 5923694.064946128,566219.9386420744 5923668.645265742,566201.7492149139 5923649.289149177,566178.0134808817 5923627.998354853,566155.6007625904 5923611.398178478,566129.6419539634 5923594.372704242,566104.8317266381 5923581.606021706,566077.5385010878 5923570.142342555,566056.2724131548 5923563.051364845,566036.3053182604 5923557.140904577,566021.8910359448 5923554.067762185,566000.5065288991 5923550.640325106,565980.1856120012 5923548.749265783,565958.2103632548 5923547.8033448905,565933.1743498928 5923548.519289641,565881.2411036886 5923554.149022805,565839.713719446 5923560.870225197,565805.2965023078 5923567.745800679,565769.5028634473 5923577.8416050915,565741.9564394777 5923588.205226926,565730.4460757179 5923593.415255788,565703.0151417588 5923607.700813107,565689.3856518441 5923616.077099246,565663.5001368695 5923634.174122949,565633.8346943206 5923659.412834412,565619.2326459016 5923673.643295771,565579.0285691785 5923716.815954888,565556.3508208931 5923739.852979816,565513.6857098996 5923781.363324233,565488.6029198269 5923804.347392385,565459.9130720393 5923827.812801815,565436.0897256145 5923844.890213031,565422.4602386402 5923853.589370467,565394.2266383955 5923869.377336248,565344.5171853291 5923894.561253815,565293.2628367436 5923918.511677301,565268.4648195857 5923929.144666485,565246.360708312 5923937.57400937,565214.8643593114 5923947.99414497,565180.9034764264 5923956.640510314,565000.8505657817 5923991.010963668,564959.1012894729 5923999.871315263,564915.8076672724 5924012.921011008,564889.3493217813 5924024.627587459,564879.0424796821 5924029.997541503,564855.9063330803 5924044.228581072,564818.9693018239 5924070.863802677,564663.840252938 5924191.989942705,564628.1622158177 5924218.195324104,564609.0919321412 5924230.653533031,564584.0080633615 5924245.043527137,564543.4614062507 5924264.642586803,564524.6189882918 5924272.373678044,564499.6495230856 5924281.23437528,564483.9008467358 5924286.228029335,564455.4382586549 5924293.423422519,564130.891754637 5924361.437291663,564113.8805780717 5924366.055606928,564087.8800233314 5924374.861835324,564065.828903103 5924384.630143917,564045.2122224679 5924395.638445025,564017.5504202165 5924414.272271053,564000.3379075855 5924427.9994570445,563938.5020589816 5924482.683726053,563861.771645256 5924537.112233866,563757.3649968217 5924616.910382731,563662.6579457475 5924692.7760101445,563545.4425462594 5924788.174058075,563508.7634651155 5924820.60696619,563488.0099184405 5924840.267319574,563461.7331371671 5924866.86745727,563383.8734308718 5924949.331799542,563336.5212270377 5924995.141473317,563320.7332146113 5925008.058102642)
1552;Streckenachse;8,5 + 22;8,5 + 46;100850022;100850046;8,5;22;8,5;46;2278;Weißer Floh - WHV Nord;Galeriebauw. Sengw. 8;Niedersachsen;Kreisfreie Stadt Wilhelmshaven;LINESTRING (3437549.0694889026 5939911.309022187,3437569.629386086 5939923.682914639);LINESTRING (8.055884754653905 53.58690749171871,8.056192702385973 53.58702110222631);LINESTRING (437503.1650993946 5937976.604138162,437523.7169237716 5937988.972929699)
1713;Streckenachse;15,0 + 67;15,4 + 85;101500067;101540085;15;67;15,4;85;418;Langenhagen - Flughafen;Flughafenbahnhof;Niedersachsen;Landkreis Region Hannover;LINESTRING (3547802.9979329812 5814395.799943738,3547772.384466909 5814383.274551616,3547729.638478786 5814357.483561041,3547690.5629893434 5814326.159071993,3547655.1594986436 5814290.961083966,3547623.3005067585 5814252.702596727,3547570.8595195743 5814175.732121947,3547524.046402417 5814096.499578741);LINESTRING (9.702229964031062 52.460673831066856,9.701777812884066 52.46056395482971,9.70114528511793 52.46033593188345,9.700565969926298 52.460057861178285,9.700040127306895 52.45974466012315,9.699565997743866 52.459403646158975,9.698783586173974 52.458716555784335,9.69808366449909 52.45800864375593);LINESTRING (547712.0923694391 5812510.115092557,547681.4909944434 5812497.594962891,547638.7618160305 5812471.814629248,547599.7016245542 5812440.502970322,547564.3119341236 5812405.319323949,547532.4653027987 5812367.076366967,547480.0445381099 5812290.137034,547433.2493804432 5812210.936484601)
1733;Streckenachse;29,4 + 96;33,1 + 83;102940096;103310083;29,4;96;33,1;83;3687;Hannover --Kassel-- - Würzburg;Escherberg-Tunnel;Niedersachsen;Landkreis Hildesheim;LINESTRING (3559537.414774821 5778451.369956608,3560209.1117271483 5775523.863855969,3560257.1587053365 5775330.119413238,3560282.868693899 5775232.736941966,3560309.6036821525 5775135.452970631,3560336.9851702624 5775039.586498839,3560389.6000061277 5774865.017994482);LINESTRING (9.868501275377845 52.13652898858301,9.877792737804123 52.11014928558119,9.878459718682572 52.10840303868196,9.878817712406677 52.10752514485921,9.879190668251853 52.10664802334634,9.879573295232866 52.10578356800322,9.880310198644779 52.1042091301693);LINESTRING (559441.5149096884 5776579.911632451,560112.9183251243 5773653.566981186,560160.9444440588 5773459.899373819,560186.6433260419 5773362.555508954,560213.3667998726 5773265.310095794,560240.736528218 5773169.481611301,560293.3288517938 5772994.9822560325)
1733;Streckenachse;34,9 + 23;36,0 + 80;103490023;103600080;34,9;23;36;80;1157;Hannover --Kassel-- - Würzburg;Eichenberg-Tunnel;Niedersachsen;Landkreis Hildesheim;LINESTRING (3560981.3448089813 5773229.032819052,3561113.4958535535 5772874.240130365,3561185.697824705 5772689.10318417,3561262.023294613 5772504.33923771,3561303.085278576 5772409.06576526,3561343.251262983 5772318.40779143,3561417.1719936715 5772157.797729486);LINESTRING (9.888652930089476 52.089443053961446,9.890517212513743 52.08624026532308,9.891537230167293 52.084568624865895,9.892617384220905 52.08289987135657,9.893199199376308 52.08203918658979,9.89376875329203 52.0812200737496,9.894818017390453 52.07976861687469);LINESTRING (560884.8233377587 5771359.6442588195,561016.9185729276 5771004.991890492,561089.0901284668 5770819.928137656,561165.3835417464 5770635.237199794,561206.4283159167 5770540.001359308,561246.5774883104 5770449.379184821,561320.4673331765 5770288.832521)
1733;Streckenachse;36,7 + 55;37,0 + 87;103670055;103700087;36,7;55;37;87;332;Hannover --Kassel-- - Würzburg;Eggeberg-Tunnel;Niedersachsen;Landkreis Hildesheim;LINESTRING (3561724.898990055 5771557.208520403,3561796.3645920376 5771430.507045627,3561890.857460109 5771269.701288399);LINESTRING (9.899197600991167 52.07433743442863,9.900216863354782 52.07319091081834,9.901565685131262 52.0717353410737);LINESTRING (561628.0663504882 5769688.480110823,561699.5023430241 5769561.828534386,561793.9561199705 5769401.0860735)
1733;Streckenachse;48,4 + 58;49,7 + 80;104840058;104970080;48,4;58;49,7;80;1322;Hannover --Kassel-- - Würzburg;Riesberg-Tunnel;Niedersachsen;Landkreis Hildesheim;LINESTRING (3567669.3043991826 5761439.604025043,3567786.1178868716 5761227.893444552,3567833.700869086 5761139.937969749,3567880.1893516146 5761051.408995157,3567924.9433346405 5760961.978520913,3567968.024818149 5760871.7350469725,3568009.277802186 5760780.642573364,3568048.734286744 5760688.760100064,3568086.3892718265 5760596.123127062,3568122.2187574417 5760502.764654345,3568156.207743595 5760408.72118191,3568188.3462302913 5760314.02820974,3568212.632978537 5760237.600525928);LINESTRING (9.98388423011467 51.98272664370991,9.985542416685188 51.980809968284085,9.98621748538023 51.98001379136979,9.986876489938663 51.97921259069645,9.987510053131404 51.978403497270556,9.98811909570619 51.977587299183504,9.98870134163308 51.97676369238613,9.989257269422726 51.97593320352921,9.989786814574563 51.97509615259383,9.990289635681206 51.97425283940645,9.990765523040228 51.97340359412957,9.99121433954997 51.97254873731153,9.99155252792775 51.971858974861085);LINESTRING (567570.0124449432 5759574.858361827,567686.7774887086 5759363.231192168,567734.340722605 5759275.310378895,567780.8098882625 5759186.816304208,567825.5452382269 5759097.421104664,567868.608748535 5759007.213244393,567909.8444811341 5758916.156739139,567949.284423775 5758824.310565075,567986.9235787687 5758731.710208072,568022.7379559871 5758638.38865517,568056.7125617408 5758544.38239194,568088.8374003371 5758449.726904293,568113.1137921185 5758373.329489158)
1733;Streckenachse;58,0 + 32;59,6 + 73;105800032;105960073;58;32;59,6;73;1641;Hannover --Kassel-- - Würzburg;Helleberg-Tunnel;Niedersachsen;Landkreis Northeim;LINESTRING (3568656.5489717913 5752053.923729169,3568437.1653129803 5750906.844585411,3568400.816817067 5750710.177147089,3568368.2058199863 5750512.850208836,3568357.3601916516 5750440.561631989);LINESTRING (9.996379261639872 51.89826492298861,9.99296510277723 51.887984016290396,9.992398272243593 51.88622118075244,9.991885629325155 51.8844519573909,9.991713826884617 51.88380368603443);LINESTRING (568556.781004529 5750192.9128354555,568337.47480292 5749046.293140902,568301.139083033 5748849.704464707,568268.5393656462 5748652.4565190235,568257.6974303827 5748580.196870634)
1733;Streckenachse;60,5 + 59;60,9 + 79;106050059;106090079;60,5;59;60,9;79;420;Hannover --Kassel-- - Würzburg;Wadenberg Tunnel;Niedersachsen;Landkreis Northeim;LINESTRING (3568267.1695134216 5749559.4818510795,3568264.560316126 5749518.665017794,3568247.4789984734 5749139.958619511);LINESTRING (9.990230014905068 51.875897152849646,9.990184067817328 51.875530682748476,9.989861268354138 51.87212962951267);LINESTRING (568167.5350143403 5747699.469314149,568164.9265005861 5747658.6687843185,568147.8486824264 5747280.113590492)
1733;Streckenachse;63,4 + 29;64,1 + 90;106340029;106410090;63,4;29;64,1;90;761;Hannover --Kassel-- - Würzburg;Hopfenberg Tunnel;Niedersachsen;Landkreis Northeim;LINESTRING (3568141.41034355 5746692.301869685,3568125.3507446293 5746321.692504752,3568115.5362405297 5746121.946566479,3568108.871239024 5746022.168597375,3568101.6844491987 5745932.414578399);LINESTRING (9.987839056470937 51.85014732553943,9.987533059595304 51.84681888707145,9.987351343457508 51.84502511115765,9.987235008023344 51.84412929080705,9.98711307970822 51.843323611818995);LINESTRING (568041.8009268051 5744833.43407977,568025.7444934121 5744462.972684228,568015.9321578249 5744263.306506784,568009.2689425487 5744163.568395616,568002.084234722 5744073.850240782)
1733;Streckenachse;66,6 + 47;68,3 + 76;106660047;106830076;66,6;47;68,3;76;1729;Hannover --Kassel-- - Würzburg;Sohlberg-Tunnel;Niedersachsen;Landkreis Northeim;LINESTRING (3567511.741333063 5743555.258737484,3567272.448883213 5742841.301604715,3567242.0868891785 5742746.02413508,3567212.8653947827 5742650.395165514,3567185.121399917 5742554.318696033,3567158.7514046165 5742457.857726622,3567133.759908881 5742361.032757273,3567110.154912707 5742263.861287983,3567087.9409160963 5742166.365318743,3567067.117419047 5742068.563349551,3567047.7954215263 5741970.444380402,3567033.999370035 5741895.713883269);LINESTRING (9.978090782624388 51.82203330679074,9.974482185195372 51.815646271455044,9.974023482054898 51.81479372436322,9.973581263921337 51.81393787953184,9.973160397289822 51.813077833986185,9.972759392719414 51.81221416652536,9.97237831838155 51.811347061037004,9.972017292587271 51.81047667402087,9.97167638375479 51.8096032028264,9.971355587120799 51.8087268139409,9.971056508582796 51.807847395382275,9.970842068388443 51.80717749163296);LINESTRING (567412.3556581779 5741697.64776938,567173.1524210662 5740983.97751718,567142.8017057789 5740888.738318055,567113.5910321849 5740793.14774927,567085.8572649164 5740697.109846193,567059.4969458409 5740600.687584586,567034.5145733409 5740503.901456226,567010.9181443754 5740406.768954056,566988.7121573406 5740309.312069259,566967.8961125957 5740211.549294456,566948.5809657357 5740113.469633067,566934.7897649038 5740038.769065945)
1733;Streckenachse;69,4 + 65;72,4 + 26;106940065;107240026;69,4;65;72,4;26;2994;Hannover --Kassel-- - Würzburg;Krieberg-Tunnel;Niedersachsen;Landkreis Northeim;LINESTRING (3566853.485033341 5740821.812085654,3566834.589441918 5740688.115282254,3566823.0274419803 5740588.787313213,3566813.377441449 5740489.258344163,3566805.692940308 5740389.554375099,3566799.96693856 5740289.721406007,3566796.2069362053 5740189.780436879,3566794.401433249 5740089.82446769,3566797.166425378 5739889.874029099,3566806.454915509 5739690.089090232,3566813.1479099495 5739590.321120687,3566909.469833724 5738260.870026361,3566915.8338282728 5738161.073556851,3566920.9698231975 5738061.213587401,3566924.1418187236 5737961.246618057,3566925.4833148136 5737861.275648776,3566925.046949283 5737835.009966974);LINESTRING (9.968018312456557 51.79754858058715,9.967718703624428 51.79634938293905,9.967532011065478 51.79545816133233,9.967372996883896 51.79456490478918,9.967242439795832 51.79366984069151,9.967140245538717 51.792773383352085,9.967066525164189 51.79187572067262,9.967021128227827 51.7909776898235,9.967022725648578 51.78918052103042,9.967118881927757 51.787384060663186,9.967196667523265 51.78648670462031,9.968336278008465 51.77452818100023,9.96840924945356 51.7736306056316,9.968464417933877 51.772732606147436,9.968491115085378 51.771833879576135,9.96849129616258 51.77093533558495,9.96847991789447 51.77069935254817);LINESTRING (566754.3380600391 5738965.297219285,566735.4488392177 5738831.653912197,566723.8905845551 5738732.365665838,566714.2435649144 5738632.876483005,566706.5612591659 5738533.212352847,566700.8366705037 5738433.419257068,566697.0772961177 5738333.51818722,566695.2716414093 5738233.602106276,566698.033786492 5738033.731404031,566707.3168289897 5737834.026078737,566714.006283515 5737734.297848508,566810.2781920697 5736405.376239065,566816.6387779426 5736305.619523655,566821.7718534924 5736205.799344381,566824.94171215 5736105.872225055,566826.2818015256 5736005.941123386,566825.8453810618 5735979.685923009)
1733;Streckenachse;108,3 + 90;110,1 + 30;110830090;111010030;108,3;90;110,1;30;1740;Hannover --Kassel-- - Würzburg;Leinebusch-Tunnel;Niedersachsen;Landkreis Göttingen;LINESTRING (3558384.526175588 5705344.715161655,3558320.6593732983 5705255.261999363,3558261.214889093 5705174.849526156,3558200.790905214 5705095.167052761,3557317.927858709 5703970.133352884);LINESTRING (9.839357190387851 51.47966516338108,9.838423208054296 51.4788678234526,9.837554395380652 51.478151270054234,9.83667163275202 51.477441371141985,9.82378298390828 51.46742070175494);LINESTRING (558288.4501710837 5703502.427353017,558224.6080801012 5703413.010433049,558165.1866206862 5703332.630556789,558104.7860587317 5703252.98039749,557222.2655752169 5702128.403193765)
1733;Streckenachse;110,7 + 26;111,3 + 99;111070026;111130099;110,7;26;111,3;99;673;Hannover --Kassel-- - Würzburg;Endelskamp-Tunnel;Niedersachsen;Landkreis Göttingen;LINESTRING (3556946.4107114347 5703504.102022348,3556523.6541783717 5702980.454276163);LINESTRING (9.818362205059703 51.46326993469142,9.812196055137392 51.458606217191594);LINESTRING (556850.8926477022 5701662.561010237,556428.3002840389 5701139.125840756)
1733;Streckenachse;112,6 + 93;113,5 + 42;111260093;111350042;112,6;93;113,5;42;849;Hannover --Kassel-- - Würzburg;Mackenrodt-Tunnel;Niedersachsen;Landkreis Göttingen;LINESTRING (3555723.0889787995 5701963.889529818,3555204.8965829983 5701291.372384577);LINESTRING (9.800518865050218 51.44954952824318,9.792960618797892 51.44355621555368);LINESTRING (555628.0457589295 5700122.973597527,555110.0543362229 5699450.729247783)
1733;Streckenachse;114,3 + 99;119,6 + 10;111430099;111960010;114,3;99;119,6;10;5210;Hannover --Kassel-- - Würzburg;Rauheberg Tunnel;Niedersachsen;Landkreis Göttingen;LINESTRING (3554681.178955137 5700613.015330559,3554617.813367832 5700534.097078541,3554554.204885068 5700456.943604429,3554489.4429026903 5700380.749130055,3554423.5974206785 5700305.488655436,3554356.680939029 5700231.175180548,3554288.7089577382 5700157.826705393,3554219.6984767998 5700085.463229972,3554149.66299621 5700014.092254273,3554078.6180159654 5699943.720778293,3554006.5755360625 5699874.369302035,3553933.5450564986 5699806.052825482,3553859.544577268 5699738.787348635,3553784.5945983655 5699672.586871487,3553708.704119789 5699607.463894034,3553631.897641531 5699543.435416272,3553554.1851635887 5699480.512938197,3553475.5766859585 5699418.697459803,3553396.0932086357 5699358.010481088,3553315.7537316135 5699298.468002046,3553234.5712548904 5699240.079522674,3553152.526278472 5699182.914042946,3553069.7498023137 5699126.807062915,3552902.37185065 5699017.348102052,3550543.9453073572 5697489.936551364);LINESTRING (9.785323998374144 51.437510441087625,9.784400652371424 51.436807292962484,9.783474113560366 51.4361200211776,9.782531163505245 51.435441471479706,9.78157280508069 51.434771412069004,9.780599220148966 51.4341099582046,9.779610634436215 51.43345726979535,9.778607295498103 51.43281352458335,9.777589398611243 51.43217878830703,9.776557167698243 51.431553122021946,9.775510778380383 51.430936708448776,9.774450369455236 51.43032968111718,9.773376202043712 51.42973218173688,9.772288572862651 51.42914433381068,9.771187613021269 51.42856624845678,9.770073677117189 51.427998075770425,9.768946910405854 51.42743991779601,9.767807456525983 51.42689178221234,9.766655620318376 51.426353859904374,9.765491676994733 51.425826292523105,9.764315814491466 51.42530916387267,9.76312776240778 51.424803095555944,9.761929378902186 51.42430659652582,9.759506864975608 51.42333849141322,9.725385567942164 51.409826069113784);LINESTRING (554586.539838626 5698772.647365993,554523.1988557557 5698693.761147655,554459.6150895391 5698616.639005131,554394.8782922243 5698540.475489584,554329.0584356444 5698465.245610401,554262.1680149201 5698390.962362269,554194.222524016 5698317.643737871,554125.2389563157 5698245.309729073,554055.2308064913 5698173.96783276,553984.2135684144 5698103.625046002,553912.1992374683 5698034.301860512,553839.1973099886 5697966.013270211,553765.2257789233 5697898.775268556,553690.3051362071 5697832.601849779,553614.4443783531 5697767.5055088075,553537.6679957234 5697703.503238642,553459.9859844224 5697640.606534604,553381.4083404645 5697578.816396204,553301.9560556485 5697518.154314675,553221.6481225238 5697458.636283466,553140.497535981 5697400.2717986675,553058.4848043981 5697343.129832893,552975.7408740483 5697287.045950702,552808.4287658788 5697177.632101798,550450.9301227735 5695650.8502332475)
1733;Streckenachse;120,9 + 74;131,4 + 99;112090074;113140099;120,9;74;131,4;99;10525;Hannover --Kassel-- - Würzburg;Münderner Tunnel;Niedersachsen;Landkreis Göttingen;LINESTRING (3549398.5325323003 5696749.316072653,3549291.3243946396 5696682.809437253,3549205.4239196167 5696631.60895576,3549118.8074448532 5696581.630473911,3549031.485970347 5696532.9034916945,3548943.4774960927 5696485.430009112,3548854.798022085 5696439.210026161,3548765.4665483185 5696394.261542835,3548675.5030747866 5696350.594559133,3548584.9241014863 5696308.222075046,3548493.7536284085 5696267.149090577,3548402.00615555 5696227.383605722,3548309.698682905 5696188.928620474,3548216.8522104686 5696151.796134832,3548123.4832382337 5696115.988148799,3548029.6117661963 5696081.518662364,3547935.2542943507 5696048.393675531,3547840.4333226904 5696016.621188292,3547745.1738512064 5695986.206200643,3547649.4888798967 5695957.153712586,3547553.397408755 5695929.473724116,3547456.9209377742 5695903.167735235,3547360.0789669496 5695878.237245933,3547262.892496273 5695854.692256215,3547165.375525742 5695832.535766075,3547067.5520553477 5695811.777775516,3546969.438085088 5695792.465784515,3546871.073614946 5695774.471293115,3546673.711674968 5695742.0883092135,3545982.2143853987 5695633.351864129,3545883.5814153817 5695616.859872265,3545785.1329452763 5695599.32938071,3545686.9649750357 5695580.273389621,3545589.0755046667 5695559.833398951,3545491.4955341583 5695537.985908703,3545394.2380635072 5695514.747918876,3545297.31509271 5695490.124929465,3545200.7546217577 5695464.12144047,3545104.573650646 5695436.745451886,3545008.7951793675 5695407.994963714,3544913.4417079156 5695377.876975951,3544818.5277362857 5695346.399488596,3544724.0712644733 5695313.572501642,3544630.091792472 5695279.401515085,3544536.6088202754 5695243.895028927,3544443.6433478794 5695207.054043165,3544351.2138752756 5695168.883557797,3544259.339402461 5695129.395572819,3544168.038429429 5695088.605088223,3544077.327956174 5695046.516104008,3543987.2294826917 5695003.138620175,3543897.759008976 5694958.479136718,3543808.932535022 5694912.546153632,3543720.7710608244 5694865.349670917,3543633.2955863765 5694816.891688571,3543546.522111673 5694767.188206585,3543460.464636712 5694716.256224956,3543375.142661486 5694664.098743687,3543290.57718599 5694610.730262763,3543206.7832102184 5694556.158282189,3543123.7807341665 5694500.396801955,3543041.582257831 5694443.458322063,3542960.195781209 5694385.344342507,3542879.6473042937 5694326.076863281,3542799.9898270667 5694265.6283843955,3542721.1443495573 5694204.123905809,3542565.6923937625 5694078.281449437,3540323.587030835 5692238.999585871,3540244.9795532594 5692177.192607344,3540204.853064759 5692147.379617768,3540164.979191872 5692119.032812342);LINESTRING (9.708821329651219 51.40327059948359,9.70727158487008 51.40268218906861,9.706030170317895 51.40222947581066,9.70477866098223 51.401787793925585,9.703517218374579 51.401357407279995,9.702246100748516 51.40093833198373,9.70096553732003 51.40053056635252,9.699675802859469 51.40013427022849,9.69837718536822 51.39974953147762,9.697069922936377 51.39937646523909,9.695754360288682 51.39901511411967,9.694430706247765 51.398665548793346,9.693099206465854 51.39832779691888,9.691760161328286 51.39800196153408,9.690413807285191 51.39768805896457,9.689060432675111 51.39738621309964,9.687700274438232 51.39709647623613,9.686333655965663 51.39681891815017,9.68496093613758 51.39655358145916,9.683582301403806 51.39630050980362,9.682198025067487 51.39605979126715,9.680808415189452 51.395831437342395,9.679413751080356 51.39561545970267,9.678014334716632 51.39541194630344,9.676610366553579 51.39522092278257,9.675202191628504 51.395042476871076,9.673790044975439 51.3948770340116,9.672374483165129 51.39472343586448,9.669534766779478 51.39444864930688,9.659586155965252 51.393527826198195,9.658167026172201 51.393387589938996,9.65675042174978 51.39323798790447,9.655337660124701 51.39307463547943,9.653928731939166 51.392898804702064,9.652524080644923 51.392710282006796,9.651123896286895 51.392509219288016,9.649728353049909 51.3922956651709,9.648337854830782 51.39206965802587,9.646952647924993 51.39183126857332,9.645573063535242 51.39158047719218,9.644199426804574 51.39131734520461,9.64283194805267 51.39104194356696,9.64147088810717 51.39075436094381,9.64011652875215 51.39045464544855,9.638769152124041 51.39014287216958,9.637429060942743 51.38981904868209,9.636096522493373 51.38948321872005,9.634771812090381 51.389135488902916,9.63345519820568 51.38877599286311,9.632146926364593 51.38840476549582,9.630847307451504 51.38802189528278,9.629556572879965 51.38762743968638,9.628274954282235 51.38722147415274,9.62700275526678 51.38680408723249,9.625740278425974 51.38637529558575,9.62448775621822 51.38593524209496,9.623245392457155 51.38548407879119,9.62201346821121 51.385021831463426,9.620792287464996 51.38454862915399,9.619582067130093 51.3840645384583,9.61838309669145 51.38356968401785,9.617195557687017 51.38306417757047,9.616019565657172 51.38254803233385,9.614855497123173 51.3820214444154,9.613704110392781 51.38148416300541,9.612564286195552 51.380937317885866,9.610316537256775 51.3798179590198,9.57790636604423 51.36345054158397,9.57677079721551 51.362900605378044,9.576191333885642 51.36263549254436,9.575615669339674 51.362383536767496);LINESTRING (549305.9680158665 5694910.535084603,549198.8020840695 5694844.055904349,549112.9354443807 5694792.876588128,549026.353101115 5694742.91879005,548939.0660501317 5694694.211998241,548851.0922842593 5694646.758211747,548762.4477971067 5694600.5574304275,548673.1515812414 5694555.627646935,548583.2236287601 5694511.978857102,548492.6804331852 5694469.624055591,548401.5459849742 5694428.568240205,548309.8347784047 5694388.819407621,548217.5638067119 5694350.380556495,548124.7540616124 5694313.263681853,548031.4220365327 5694277.470782756,547937.5877236057 5694243.015853442,547843.2676162925 5694209.9048913745,547748.4842056753 5694178.145893162,547653.2624818129 5694147.743856595,547557.6154395556 5694118.703779563,547461.5620714008 5694091.0356579125,547365.1238687745 5694064.7409908585,547268.320323902 5694039.821277632,547171.1724284806 5694016.286514066,547073.6941769457 5693994.139698836,546975.9095597969 5693973.390827749,546877.834571052 5693954.087381697,546779.5091936341 5693936.100911648,546582.2257224806 5693903.732536917,545891.0034043038 5693795.045391885,545792.4096468901 5693778.560823758,545694.000306885 5693761.0381687,545595.8713417781 5693741.990620357,545498.0207535843 5693721.55962224,545400.4795297259 5693699.721683466,545303.2606651591 5693676.493797136,545206.3761551413 5693651.881460949,545109.8539885326 5693625.88917287,545013.7111586154 5693598.524929557,544917.9706561902 5693569.786731612,544822.6549723351 5693539.681576046,544727.7786013302 5693508.217459543,544633.3595360765 5693475.404377951,544539.4172688356 5693441.247828909,544445.9712918962 5693405.756308857,544353.0425968841 5693368.930817215,544260.6496764559 5693330.776351826,544168.8115231303 5693291.30490774,544077.5466296506 5693250.5314788055,543986.8719892642 5693208.460063279,543896.8090934744 5693165.100656989,543807.3739359496 5693120.459757197,543718.5825103751 5693074.545860375,543630.4558084538 5693027.368962353,543543.0148218188 5692978.93106215,543456.27554422 5692929.248153241,543370.2519702151 5692878.337228718,543284.9635920448 5692826.201287218,543200.4314014496 5692772.854822771,543116.6703925056 5692718.305332255,543033.7005573488 5692662.5668099085,542951.5343910966 5692605.651750638,542870.1798905685 5692547.56165377,542789.6630455729 5692488.3185103,542710.0368347126 5692427.8948307615,542631.2222906051 5692366.415565913,542475.8312841777 5692240.624648405,540234.6048087553 5690402.09579569,540156.0281679534 5690340.314148643,540115.917435413 5690310.513396688,540076.0592301966 5690282.178241702)
1733;Streckenachse;131,7 + 60;133,1 + 6;113170060;113310006;131,7;60;133,1;6;1346;Hannover --Kassel-- - Würzburg;Mühlenkopf-Tunnel;Niedersachsen;Landkreis Göttingen;LINESTRING (3539941.650565073 5691984.282726031,3539905.9916516356 5691965.991182839,3539860.97516489 5691944.239690914,3539815.452178333 5691923.567198674,3539769.4481919566 5691903.975206114,3539722.990705754 5691885.482713229,3539676.1107197152 5691868.09922001,3539628.8307338348 5691851.838726459,3539581.1812481014 5691836.714732569,3539533.1852625096 5691822.7262383355,3539484.8642770527 5691809.87674376,3539436.25379172 5691798.173248837,3539338.273821391 5691778.211757951,3538943.4609414386 5691714.052289641,3538894.3839563136 5691704.513794062,3538845.555971075 5691693.739298856,3538797.13398566 5691681.302304155,3538749.135500069 5691667.325809916,3538701.603514286 5691651.801316137,3538649.10535572 5691632.420828067);LINESTRING (9.572394252946147 51.361188170543436,9.571880265592517 51.36102627498154,9.571231553347465 51.36083393631716,9.57057569561916 51.360651327420996,9.569913058327517 51.36047845987252,9.569244038041592 51.36031550240609,9.568569080495323 51.36016253813487,9.56788850987723 51.360019691219975,9.567202765150443 51.359887080777845,9.566512175979193 51.35976469613233,9.565817050982991 51.359652567164225,9.565117900142296 51.359550754246705,9.563709091948839 51.359378136114415,9.55803414721164 51.35882868028998,9.557328565189213 51.35874631144411,9.556626425482728 51.358652812271224,9.555929935987447 51.35854433877127,9.555239361948521 51.35842199535766,9.554555320315597 51.35828570280413,9.553799571906262 51.3581150868033);LINESTRING (539852.8185608514 5690147.483824987,539817.173719079 5690129.199884127,539772.175008091 5690107.45745482,539726.6700085773 5690086.7935989695,539680.6842103674 5690067.20981576,539634.2451026436 5690048.725097368,539587.3836731075 5690031.348939734,539540.1224128942 5690015.095337076,539492.4918099387 5689999.977783744,539444.5148550489 5689985.995279941,539396.2130396687 5689973.151324079,539347.6218496828 5689961.452913067,539249.680802229 5689941.500221652,538855.0249015873 5689877.369716433,538805.9674163585 5689867.835444776,538757.1588211393 5689857.0656645335,538708.7560495938 5689844.634044677,538660.7765957885 5689830.663535936,538613.2634424807 5689815.145641338,538560.7860649938 5689795.773333298)
1733;Streckenachse;134,1 + 66;134,7 + 20;113410066;113470020;134,1;66;134,7;20;554;Hannover --Kassel-- - Würzburg;Lohberg Tunnel;Hessen;Landkreis Kassel;LINESTRING (3537807.6679685 5691001.678737926,3537709.802798445 5690910.153575022,3537637.3653187584 5690841.168098504,3537562.730839825 5690774.631621292,3537524.10035081 5690742.9231322445,3537484.143362255 5690712.854142729,3537442.584874262 5690685.066652553,3537399.641886763 5690659.470161745,3537381.964681212 5690650.131201019);LINESTRING (9.541653280671724 51.35250264061578,9.540238850660382 51.35168652065925,9.539191824401628 51.35107128521883,9.538113550151355 51.350478196870846,9.53755573835689 51.35019575454507,9.536979066452178 51.34992813273567,9.536379654563511 51.34968111954737,9.535760607340142 51.34945388694756,9.535505907892317 51.34937111174854);LINESTRING (537719.6790310034 5689165.290077659,537621.8521289619 5689073.802266947,537549.4429638301 5689004.844932665,537474.8376969034 5688938.335639193,537436.2223511499 5688906.64013083,537396.2810490732 5688876.583479106,537354.7389059617 5688848.807430011,537311.8128343933 5688823.221517828,537294.1426023704 5688813.886433841)
1733;Streckenachse;148,3 + 33;149,4 + 86;114830033;114940086;148,3;33;149,4;86;1153;;;Hessen;Kreisfreie Stadt Kassel;LINESTRING (3531780.9053939898 5682630.516204103,3531764.1863899855 5682565.572329118,3531741.7118941112 5682468.13935989,3531732.013395689 5682419.10037533,3531723.7478968166 5682369.78039082,3531717.3393973615 5682320.193406335,3531712.679897362 5682270.412421863,3531709.7868968113 5682220.498437378,3531708.6643957123 5682170.512452867,3531709.2968940707 5682120.522468305,3531711.700391883 5682070.585483675,3531715.8698891536 5682020.76249896,3531721.7973858854 5681971.116514139,3531729.530382067 5681921.730029187,3531738.846877767 5681872.609044107,3531749.550373046 5681823.773058899,3531761.5708679277 5681775.24107356,3531774.7743624514 5681727.01058809,3531789.145356625 5681679.112602487,3531821.1983439783 5681584.395130851,3531850.493451032 5681503.566678705);LINESTRING (9.454400070577819 51.27763031635817,9.454154713445345 51.27704751946381,9.453824004185291 51.276173023920585,9.453680676252514 51.27573279145527,9.453557861110486 51.27528995340781,9.4534616352997 51.27484461210749,9.453390456918171 51.2743974297635,9.453344581415225 51.27394895373102,9.453324070775295 51.27349973209995,9.453328708174007 51.273050376944965,9.453358727189714 51.27260139970379,9.45341406083775 51.27215334891776,9.45349459933125 51.271706791255184,9.453601029869693 51.271262465552226,9.453730171294671 51.270820438018696,9.453879209150701 51.27038089478539,9.454047141591525 51.269944010450835,9.454232047904513 51.269509769927,9.454433708306485 51.26907845263341,9.454884553069032 51.268225326114695,9.455297102298703 51.26749718909476);LINESTRING (531695.2500170555 5680797.518944333,531678.5371337229 5680732.601125087,531656.0707797306 5680635.207224273,531646.3757355632 5680586.187889576,531638.1131167997 5680536.887654917,531631.7067542495 5680487.3205111,531627.0486916598 5680437.559429895,531624.1564225581 5680387.665386789,531623.0339458667 5680337.699357396,531623.6657683508 5680287.729314689,531626.0678841058 5680237.812235772,531630.2352956464 5680188.009096327,531636.1600067002 5680138.382871269,531643.8894990009 5680089.016027247,531653.201861246 5680039.914563751,531663.9006720658 5679991.097974666,531675.9159595734 5679942.585253,531689.1137772538 5679894.3739008885,531703.4786315607 5679846.494906085,531735.5180272054 5679751.814957685,531764.8007606129 5679671.0185100855)
1733;Streckenachse;150,0 + 44;151,6 + 13;115000044;115160013;150;44;151,6;13;1569;Hannover --Kassel-- - Würzburg;Rengershausen-Tunnel;Hessen;Landkreis Kassel;LINESTRING (3532040.8723133663 5680979.052805159,3532434.940105355 5679892.2766365465,3532466.720592791 5679797.449164972,3532496.0025809784 5679701.841193708,3532522.7520699278 5679605.493722748,3532549.7620671084 5679495.795240662);LINESTRING (9.4579778706918 51.26277209350286,9.463524995810905 51.25298166591291,9.46397160388791 51.25212753002306,9.464382339929925 51.251266519242016,9.46475672252826 51.2503990043908,9.46513361039444 51.24941147159634);LINESTRING (531955.0992172357 5679146.712319574,532349.0005667427 5678060.3664709395,532380.7675701961 5677965.5765695665,532410.0370647254 5677870.006501152,532436.7750642587 5677773.697249614,532463.7733550114 5677664.042312303)
1733;Streckenachse;153,9 + 79;154,7 + 18;115390079;115470018;153,9;79;154,7;18;739;Hannover --Kassel-- - Würzburg;Dörnhagen-Tunnel;Hessen;Landkreis Kassel;LINESTRING (3533426.409689946 5677310.476413345,3533501.1991951573 5677102.529969376,3533601.3816560246 5676819.748054068,3533636.068142595 5676725.968582116,3533679.4993710406 5676616.246093741);LINESTRING (9.477485336227486 51.22971871722629,9.478536607429803 51.227845267760884,9.479944283219668 51.225297677832145,9.480432017916433 51.22445272611365,9.481043411419535 51.22346395763363);LINESTRING (533340.0526726444 5675479.588090851,533414.8105742937 5675271.72399362,533514.950665512 5674989.054073079,533549.6225172551 5674895.311729845,533593.0354864954 5674785.632658213)
1733;Streckenachse;157,1 + 37;159,5 + 37;115710037;115950037;157,1;37;159,5;37;2400;Hannover --Kassel-- - Würzburg;Kehrenberg-Tunnel;Hessen;Landkreis Schwalm-Eder-Kreis;LINESTRING (3534906.0528730005 5674536.105505768,3534943.6636733874 5674485.579738729,3535004.5121522616 5674406.220261582,3535066.488130811 5674327.737784136,3535129.6106090317 5674250.183306365,3535193.774086953 5674173.485828302,3535324.9290419878 5674022.504371349,3536473.8025951944 5672719.712299253);LINESTRING (9.498398056971766 51.204693617287894,9.498931282879237 51.204237183843496,9.499794170093473 51.20352016262075,9.500673247731864 51.20281094864573,9.501568792309486 51.202109998790895,9.50247928721499 51.20141668100632,9.504340891208582 51.20005154282396,9.520645193579186 51.18826964432616);LINESTRING (534819.0819429305 5672706.311771087,534856.6773074481 5672655.805848321,534917.5008336215 5672576.47752505,534979.4514169524 5672498.025841989,535042.5480502846 5672420.501778603,535106.6852751449 5672343.834364147,535237.7866159172 5672192.912047419,536386.1906882157 5670890.630144913)
1733;Streckenachse;162,7 + 54;162,9 + 83;116270054;116290083;162,7;54;162,9;83;229;Hannover --Kassel-- - Würzburg;Erbelberg-Tunnel;Hessen;Landkreis Schwalm-Eder-Kreis;LINESTRING (3538641.063605641 5670344.749616986,3538809.8185121138 5670189.953211562);LINESTRING (9.551388242888262 51.16678072769635,9.553784114057992 51.1653779711485);LINESTRING (538552.5667341778 5668516.5968942465,538721.2529862595 5668361.860835783)
1733;Streckenachse;163,6 + 13;165,1 + 33;116360013;116510033;163,6;13;165,1;33;1520;Hannover --Kassel-- - Würzburg;Hainbuch-Tunnel;Hessen;Landkreis Schwalm-Eder-Kreis;LINESTRING (3539263.491522716 5669753.0650954405,3539322.951677919 5669689.540601298,3539390.060154964 5669615.405122404,3539455.9186323644 5669540.153643889,3539520.513110126 5669463.8131657485,3539583.829088253 5669386.414187976,3539645.8455667538 5669307.971710567,3539706.5470456327 5669228.505233509,3539765.914524897 5669148.038756806,3539823.931504552 5669066.590280444,3539880.5819846033 5668984.184804424,3539935.8584650545 5668900.84832873,3539989.739445913 5668816.602853359,3540042.2019271855 5668731.472378302,3540093.237408877 5668645.477903557,3540158.7178424355 5668529.730840099);LINESTRING (9.560222084006439 51.16142020076092,9.561065104133556 51.16084514924106,9.562016269507726 51.16017419177018,9.56294941773181 51.15949328176514,9.563864351856216 51.1588026633012,9.564760868223086 51.15810261194459,9.565638668619625 51.157393264390954,9.566497533991582 51.15667479740185,9.567337195805601 51.15594742842609,9.568157420651612 51.15521132080742,9.568957983088664 51.15446670076944,9.569738779321249 51.153713802927875,9.57049950506799 51.152952826915055,9.571239834886368 51.15218399044219,9.571959650281492 51.151407483239076,9.572882562141166 51.15036253612665);LINESTRING (539174.7412529337 5667925.143231361,539234.1771417179 5667861.643585159,539301.2582102757 5667787.537124113,539367.0897685352 5667712.315119438,539431.6578223191 5667636.004560472,539494.9478776789 5667558.63593516,539556.9389431302 5667480.2242376935,539617.6155250308 5667400.788960408,539676.9586311739 5667320.3540938925,539734.9517683043 5667238.937631091,539791.578943026 5667156.564562161,539846.8326585571 5667073.2608767785,539900.6914236726 5666989.048566345,539953.1322477639 5666903.951621466,540004.1466344063 5666817.9910338335,540069.5999563518 5666702.289609103)
1733;Streckenachse;165,1 + 70;167,0 + 31;116510070;116700031;165,1;70;167;31;1861;Hannover --Kassel-- - Würzburg;Kaiserau-Tunnel;Hessen;Landkreis Schwalm-Eder-Kreis;LINESTRING (3540176.530585388 5668497.301163842,3540237.6548565063 5668382.560481111,3540282.8493399196 5668293.361007532,3540326.5548237734 5668203.417034229,3540368.754808074 5668112.756561194,3540409.432292828 5668021.405088412,3540448.5822780374 5667929.390615885,3540486.197763705 5667836.740143602,3540522.263749837 5667743.476171555,3540556.75823644 5667649.610699736,3540589.702223509 5667555.191228141,3540620.950711088 5667460.206256765,3540650.9876990328 5667364.8257855475,3540832.4553049165 5666760.485774577);LINESTRING (9.573133511015438 51.150069801947865,9.573994229833836 51.14903419690475,9.574630122037343 51.14822927581215,9.575244630929696 51.147417764224215,9.57583752473096 51.1465999153052,9.576408564283323 51.14577595977675,9.576957682227443 51.144946149977045,9.57748478254692 51.14411072938616,9.577989654443034 51.14326990159181,9.578471985956048 51.142423776291324,9.578932083561506 51.14157277921301,9.579367875282578 51.14071681752116,9.579786296777934 51.13985738517079,9.582310670405546 51.13441253119621);LINESTRING (540087.4053160992 5666669.8727243,540148.5042225034 5666555.177315638,540193.6799146191 5666466.01305787,540237.3671950721 5666376.104610148,540279.549570692 5666285.479961433,540320.2100484879 5666194.164601679,540359.3436306958 5666102.186519752,540396.9433203428 5666009.572704926,540432.9941236137 5665916.345648341,540467.4740493981 5665822.517345389,540500.4040897153 5665728.135276928,540531.6393023793 5665633.187948776,540561.663495536 5665537.845288924,540743.0535640728 5664933.744930338)
1733;Streckenachse;167,4 + 55;169,0 + 96;116740055;116900096;167,4;55;169;96;1641;Hannover --Kassel-- - Würzburg;Weltkugel-Tunnel;Hessen;Landkreis Schwalm-Eder-Kreis;LINESTRING (3540949.826241607 5666353.088064821,3540984.989062376 5666212.420634228,3541007.0980527257 5666114.894663918,3541027.575543572 5666017.014193764,3541046.4225349175 5665918.80622376,3541063.630026764 5665820.296753899,3541079.194019113 5665721.521784167,3541093.110011969 5665622.500814555,3541105.375505332 5665523.253345067,3541115.984499204 5665423.814375682,3541124.9364935877 5665324.218406397,3541132.225988485 5665224.487437203,3541137.8479838977 5665124.6499680905,3541141.8039798276 5665024.730999048,3541144.098476272 5664924.7460300755,3541144.7254732354 5664824.764061149,3541142.843814377 5664728.77295436);LINESTRING (9.583941215297685 51.13074236766953,9.584427541777236 51.12947550087873,9.584732279619905 51.12859733192252,9.585013661353342 51.127716092430155,9.585271705611852 51.12683202517609,9.585506288093663 51.12594536464834,9.585717357072944 51.12505643484645,9.58590485182125 51.124165411485784,9.586068740189233 51.12327247012474,9.586208941814913 51.12237792587645,9.586325454845856 51.121482088952014,9.586418204603925 51.12058515755328,9.586487124302842 51.11968738825595,9.58653223959513 51.11878900569633,9.58655361789477 51.117890148892805,9.586551182758862 51.116991438474614,9.58651337770366 51.116128778751865);LINESTRING (540860.3742107204 5664526.508817963,540895.5218076048 5664385.89722975,540917.6211488975 5664288.409994723,540938.0896387895 5664190.568415187,540956.9282771132 5664092.399480352,540974.128067686 5663993.929179907,540989.6850124125 5663895.193499509,541003.5946132591 5663796.211931402,541015.8543713908 5663697.003967824,541026.4582895029 5663597.604594842,541035.4058680906 5663498.048298682,541042.6916095396 5663398.3570706025,541048.3105160904 5663298.559399262,541052.2640873586 5663198.680274659,541054.5568216796 5663098.735190567,541055.1827220379 5662998.793119472,541053.3010015441 5662902.840339015)
1733;Streckenachse;170,7 + 60;173,4 + 68;117070060;117340068;170,7;60;173,4;68;2708;Hannover --Kassel-- - Würzburg;Wildsberg-Tunnel;Hessen;Landkreis Schwalm-Eder-Kreis;LINESTRING (3541052.1817293293 5663068.081821841,3541053.5624478115 5662928.1471536625,3541066.2959353765 5662628.436746545,3541142.5768778413 5661430.867117039,3541153.1103689345 5661231.139678902,3541156.375365102 5661131.17970992,3541158.2678616974 5661031.223740977,3541155.2913541775 5660731.259834424,3541139.4498506784 5660431.7009281125,3541133.9160579676 5660363.817808189);LINESTRING (9.585030027634636 51.101208496009875,9.58503384886785 51.09995062199018,9.585181586021903 51.097255822361966,9.586134254658063 51.08648622828412,9.586261866415768 51.084690258603764,9.586297091902564 51.0837915517884,9.586312730754411 51.082892979103725,9.586236146365748 51.080197017238156,9.585976053222087 51.07750561546899,9.585889380877482 51.076895855110806);LINESTRING (540962.6610441052 5661242.812766413,540964.04002759 5661102.933935799,540976.765897674 5660803.343038436,541053.0062668498 5659606.250729075,541063.5338648866 5659406.602916117,541066.7967126305 5659306.682815122,541068.6876086154 5659206.76672421,541065.7097523687 5658906.922563449,541049.8720381742 5658607.483350357,541044.3398800172 5658539.627370622)
1733;Streckenachse;175,3 + 48;178,1 + 55;117530048;117810055;175,3;48;178,1;55;2807;Hannover --Kassel-- - Würzburg;Sengeberg-Tunnel;Hessen;Landkreis Schwalm-Eder-Kreis;LINESTRING (3540734.190359613 5658531.916369331,3540535.023468172 5657911.204229775,3540505.98847454 5657815.504260389,3540478.2439804957 5657719.427291082,3540452.2249859027 5657622.877821871,3540427.8089907994 5657525.910852753,3540405.0144951814 5657428.544883709,3540383.847499047 5657330.813414737,3540364.3145023957 5657232.736445828,3540346.4190052263 5657134.346476966,3540330.165007539 5657035.681508149,3540315.557009333 5656936.759539363,3540302.5915106097 5656837.607570606,3540291.2835113658 5656738.252601868,3540281.641511599 5656638.7226331355,3540273.6590113123 5656539.044664409,3540267.3310105074 5656439.242695667,3540262.666009183 5656339.347726913,3540259.666507338 5656239.372758138,3540258.3375049746 5656139.401789317,3540262.3274967894 5655889.450867067,3540268.3689729962 5655784.49562203);LINESTRING (9.579979918769403 51.06045853553724,9.577069711242828 51.05489341173737,9.576644931082607 51.05403526888248,9.57623852860326 51.05317364486552,9.575856695685507 51.052307650894946,9.575497690278807 51.05143779018522,9.575161777070486 51.050564227934444,9.57484904413199 51.04968726503399,9.574559585136443 51.04880708098417,9.574293452347582 51.04792396783787,9.574050705750386 51.047038267036115,9.573831410215899 51.046150140203295,9.573635517530116 51.045259830406636,9.573463243252075 51.044367579403456,9.573314710347487 51.043473638381805,9.573189827784814 51.04257825057778,9.573088525585375 51.04168163214246,9.57301092702037 51.04078406118697,9.572957067806515 51.03988565443686,9.572927027174446 51.03898716660594,9.572956176187837 51.03674022360363,9.573030657055897 51.03579641884119);LINESTRING (540644.7582284621 5656708.460460766,540445.6655811754 5656087.997745282,540416.6413671329 5655992.336217455,540388.9071344847 5655896.297829292,540362.8977086749 5655799.787115256,540338.4906390967 5655702.859054423,540315.7044185174 5655605.53213924,540294.5450448229 5655507.839856284,540275.0190155858 5655409.802197511,540257.1298296821 5655311.451649906,540240.8814858351 5655212.826198268,540226.2784823981 5655113.943835361,540213.3173209977 5655014.831550437,540202.0129958688 5654915.516332586,540192.374003853 5654816.02617055,540184.3938477737 5654716.388053604,540178.0675298292 5654616.625972198,540173.4035468866 5654516.770913888,540170.404398055 5654416.835873456,540169.0750820476 5654316.904817309,540173.0613711539 5654067.053624538,540179.0995500715 5653962.140219455)
1733;Streckenachse;180,6 + 74;183,5 + 9;118060074;118350009;180,6;74;183,5;9;2835;Hannover --Kassel-- - Würzburg;Schalkenberg-Tunnel;Hessen;Landkreis Schwalm-Eder-Kreis;LINESTRING (3540547.896362571 5653281.349539204,3540559.996828379 5653156.071710622,3540567.839823183 5653056.379241486,3540574.2678184253 5652956.584272416,3540579.2633141135 5652856.712303414,3540582.8313102447 5652756.777334469,3540584.97330682 5652656.789365587,3540585.685803841 5652556.810896733,3540581.224798343 5652306.863974787,3540567.8332956415 5652057.238052986,3540559.9857953433 5651957.563084279,3540550.711795494 5651857.982115584,3540540.01979609 5651758.552146886,3540527.9072971353 5651659.284178171,3540514.3782986277 5651560.204209439,3540499.4363005674 5651461.327740683,3540482.986802984 5651362.695771891,3540465.331805784 5651264.270803069,3540427.2193122725 5651067.933865344,3540309.4938941207 5650470.257480057);LINESTRING (9.576736021133685 51.01327742826688,9.576894455123803 51.01215052245086,9.576995076678536 51.01125388893978,9.57707552217453 51.010356433572724,9.577135546289048 51.009458386825735,9.577175223003735 51.008559874212395,9.57719457598449 51.00766098552847,9.577193563524036 51.00676228280521,9.577102104872303 51.00451595836557,9.576883472395652 51.0022731471038,9.576760561706838 51.001377774145986,9.57661734595823 51.00048334621211,9.576453953745473 50.999590374969095,9.576270351813607 50.99869895939455,9.57606660091113 50.997809333099035,9.575842754028821 50.99692163474141,9.575597470831724 50.9960362393688,9.57533504981439 50.99515278857158,9.574770379698503 50.99339069237476,9.573027420856095 50.988026729831596);LINESTRING (540458.4942493989 5651459.990873907,540470.588828631 5651334.762946745,540478.4278519987 5651235.110202824,540484.8524397148 5651135.355011858,540489.845098987 5651035.522863814,540493.4108279377 5650935.62775305,540495.5511260538 5650835.679675565,540496.2624952641 5650735.741106414,540491.8011617603 5650485.89398682,540478.412898291 5650236.367814774,540470.5676893916 5650136.732697022,540461.2965511124 5650037.191553823,540450.6079805421 5649937.801362334,540438.4994787733 5649838.573118178,540424.9750444299 5649739.532810938,540410.0381762461 5649640.695934388,540393.5944123162 5649542.103472948,540375.9456316945 5649443.717939045,540337.8466943188 5649247.459690095,540220.163224537 5648650.022859089)
1733;Streckenachse;183,7 + 39;189,1 + 9;118370039;118910009;183,7;39;189,1;9;5370;Hannover --Kassel-- - Würzburg;Hainrode-Tunnel;Hessen;Landkreis Hersfeld-Rotenburg;LINESTRING (3540265.0546652125 5650244.593363208,3540195.3243523003 5649890.550738912,3540157.5253587137 5649694.154801208,3540140.2348614126 5649595.662832403,3540124.21186371 5649496.957863628,3540109.6728655403 5649398.017394894,3540096.549366924 5649298.880426174,3540084.8463678607 5649199.571457477,3540074.562368352 5649100.104488788,3540065.692868399 5649000.503520099,3540058.248867998 5648900.787551413,3540052.2318671513 5648800.971582722,3540047.643365857 5648701.078614011,3540044.4823641162 5648601.103645286,3540042.753361929 5648501.132676524,3540046.1168527054 5648201.178270023,3540062.339839487 5647901.642363049,3540070.5938342 5647802.005893915,3540080.272828471 5647702.455924717,3540091.4623222766 5647603.0869554235,3540103.8723157053 5647503.859486051,3540131.554801682 5647305.792547113,3540471.8027964802 5644920.751348378);LINESTRING (9.572369585166458 50.98600145437692,9.571337486888593 50.98282400737968,9.570777578703952 50.98106133499081,9.570520518432714 50.98017724291766,9.570281491849565 50.97929114737005,9.57006357805014 50.97840283116174,9.569865804855594 50.977512649728226,9.569688245021661 50.97662082304596,9.569530877591875 50.97572747715351,9.569393639994354 50.97483282817265,9.569276689776796 50.97393704619548,9.569180048782526 50.97304026600995,9.569103739728828 50.972142694301674,9.569047746658933 50.971244286240854,9.569012141916085 50.970345814561064,9.569027047903543 50.967649432111656,9.569225042811482 50.96495591735607,9.569331573476262 50.964059758211214,9.5694583925035 50.96316427737142,9.569606726069916 50.96227031825093,9.569772441032564 50.96137754588014,9.570144635446328 50.95959528858274,9.574722512243074 50.93813346180118);LINESTRING (540175.7398302652 5648424.4491906585,540106.034364516 5648070.548470477,540068.248802365 5647874.2312430795,540050.9643761493 5647775.7787332535,540034.9469418696 5647677.11329782,540020.4129128562 5647578.212443942,540007.2938167985 5647479.115156613,539995.5946519064 5647379.845926015,539985.3139188951 5647280.418746562,539976.4471197645 5647180.857608706,539969.0052502797 5647081.181504772,539962.9898099675 5646981.405428751,539958.4022984214 5646881.552371445,539955.2417159977 5646781.6173348585,539953.5125616239 5646681.686284605,539956.8721828139 5646381.851578356,539973.0861710198 5646082.435096565,539981.3360319248 5645982.838328563,539991.0103243613 5645883.328014002,540002.1945149731 5645783.998614413,540014.5987192661 5645684.810648019,540042.268487742 5645486.822536169,540382.3605906432 5643102.730494793)
1733;Streckenachse;189,8 + 30;191,5 + 27;118980030;119150027;189,8;30;191,5;27;1697;Hannover --Kassel-- - Würzburg;Mühlbach-Tunnel;Hessen;Landkreis Hersfeld-Rotenburg;LINESTRING (3540573.872218813 5644207.018854975,3540583.867574655 5644137.9185239095,3540599.4385671257 5644039.138554344,3540616.1685592392 5643940.551584687,3540634.424050885 5643842.234114905,3540654.071042103 5643744.184145,3540675.236532856 5643646.451674957,3540697.4985232735 5643548.958704812,3540838.027463657 5642965.650383254,3540883.6409441624 5642770.924942864,3540930.8388137203 5642548.705470369);LINESTRING (9.57609519607166 50.93171086501895,9.576229687188299 50.93108904930036,9.576440179486127 50.93020006382165,9.576667170054916 50.92931273116644,9.576915879193228 50.92842771309039,9.577184399640814 50.92754500091197,9.577474542124072 50.92666503498706,9.577780295039688 50.925787143775764,9.579713690131745 50.920534112820526,9.58034054359959 50.91878058095235,9.580986799376193 50.9167798005518);LINESTRING (540484.3832637541 5642389.282042459,540494.374048296 5642320.209210109,540509.9379941298 5642221.468539606,540526.6604786254 5642122.920782257,540544.9078560247 5642024.6424044045,540564.5461798372 5641926.631407979,540585.7023997505 5641828.937771937,540607.9546836794 5641731.483531,540748.4226222114 5641148.406868541,540794.0162571337 5640953.758774007,540841.1934173483 5640731.627609179)
1733;Streckenachse;191,6 + 10;191,9 + 31;119160010;119190031;191,6;10;191,9;31;321;Hannover --Kassel-- - Würzburg;Schmitteberg-Tunnel;Hessen;Landkreis Hersfeld-Rotenburg;LINESTRING (3540946.910400871 5642467.277478217,3540963.5269086543 5642379.012063173,3540997.5683927154 5642181.926623843,3541002.2607740997 5642151.103986246);LINESTRING (9.581206201322832 50.91604673922857,9.581432578097136 50.91525217999801,9.581894497882953 50.91347824559153,9.581957757399287 50.91320086056598);LINESTRING (540857.2579042036 5640650.231985996,540873.867036653 5640562.001664705,540907.8932744071 5640364.994611131,540912.5835234364 5640334.184237786)
1733;Streckenachse;192,9 + 21;193,9 + 64;119290021;119390064;192,9;21;193,9;64;1043;Hannover --Kassel-- - Würzburg;Kalter-Sand-Tunnel;Hessen;Landkreis Hersfeld-Rotenburg;LINESTRING (3541114.464232837 5641167.745675729,3541207.9669520445 5640128.953816105);LINESTRING (9.583442485599598 50.90435387702353,9.58465463112304 50.895009924006835);LINESTRING (541024.7339216594 5639351.217520556,541118.1905802237 5638312.839543397)
1733;Streckenachse;194,2 + 93;195,8 + 10;119420093;119580010;194,2;93;195,8;10;1517;Hannover --Kassel-- - Würzburg;Schickeberg-Tunnel;Hessen;Landkreis Hersfeld-Rotenburg;LINESTRING (3541237.459657594 5639801.28108643,3541373.4562268965 5638290.401720404);LINESTRING (9.585036868926393 50.892062495781765,9.586798846495244 50.8784720466295);LINESTRING (541147.6687575144 5637985.297368136,541283.598337158 5636475.019985725)
1733;Streckenachse;197,1 + 55;197,9 + 93;119710055;119790093;197,1;55;197,9;93;838;Hannover --Kassel-- - Würzburg;Krämerskuppe-Tunnel;Hessen;Landkreis Hersfeld-Rotenburg;LINESTRING (3541494.0304293083 5636950.828130385,3541569.1696766093 5636116.210459731);LINESTRING (9.588360177741304 50.86642245751606,9.58933279158572 50.85891497103084);LINESTRING (541404.1131495459 5635135.9801325165,541479.215389215 5634301.695008308)
1733;Streckenachse;199,0 + 36;202,8 + 56;119900036;120280056;199;36;202,8;56;3820;Hannover --Kassel-- - Würzburg;Kirchheim-Tunnel;Hessen;Landkreis Hersfeld-Rotenburg;LINESTRING (3541734.5776882158 5635087.219186017,3541786.4254497807 5634828.513902686,3541805.114441331 5634730.281932942,3541822.2844333504 5634631.767463327,3541837.7949258825 5634532.984493842,3541851.2459190506 5634433.893524507,3541862.755912821 5634334.558055298,3541872.3204071955 5634235.015086215,3541879.930402177 5634135.301117233,3541885.584397768 5634035.46914834,3541889.2768939715 5633935.544679527,3541891.006890788 5633835.54971079,3541890.77138822 5633735.557742106,3541886.7548855185 5633585.6187891625,3541878.3278842033 5633435.862836279,3541870.2668840964 5633336.200867698,3541860.2498846077 5633236.694899123,3541848.281385736 5633137.414930527,3541834.368387481 5633038.387961906,3541818.5243898383 5632939.649993245,3541800.74989281 5632841.24152453,3541780.9388964307 5632743.233555745,3541759.4459005874 5632645.575586894,3541736.3634052523 5632548.275617974,3541518.4599505253 5631675.0503972,3541494.930955342 5631577.853428263,3541472.5514597925 5631480.39445938,3541452.041463648 5631382.523990575,3541441.531839376 5631327.342291538);LINESTRING (9.591564751431024 50.84965380993257,9.592271460659545 50.84732465359253,9.59252561585906 50.846440329464684,9.592758163110945 50.84555357502406,9.592967110472227 50.84466452638104,9.5931467759023 50.84377285749431,9.593298850621446 50.84287913071289,9.59342327653113 50.841983679045015,9.593519931606389 50.841086831310314,9.593588802192986 50.840189064080604,9.593629814721726 50.83929060700832,9.59364295911249 50.83839165794052,9.593628202775498 50.83749287776658,9.593554076045677 50.83614541243137,9.593417370364719 50.83479991032888,9.593291581521248 50.83390466114087,9.593138052225866 50.833010955154286,9.592956855901697 50.8321194211391,9.592748096532688 50.831230301151926,9.592511971361848 50.830343917660194,9.592248493607153 50.829460634500336,9.59195616843303 50.828581097320615,9.591640022805313 50.827704826437476,9.591301371661377 50.826831886905644,9.588110184535022 50.81899834919893,9.587765339583372 50.818126355469666,9.587436788408136 50.817251923306564,9.587134729246559 50.81637365757776,9.58697938670738 50.815878394709955);LINESTRING (541644.5487276526 5633273.113119781,541696.3736191271 5633014.510677051,541715.0543251338 5632916.317764963,541732.2166356065 5632817.842478579,541747.7201067946 5632719.098813486,541761.1648981659 5632620.047288838,541772.6694629173 5632520.751378263,541782.2293031616 5632421.248067022,541789.8354228026 5632321.573840601,541795.4863228889 5632221.781677838,541799.1765058346 5632121.897068594,541800.9049722268 5632021.942004082,541800.6687238851 5631921.989954965,541796.6525653021 5631772.110892638,541788.2276703195 5631622.414794421,541780.169051158 5631522.792679509,541770.1552147658 5631423.326518779,541758.190659936 5631324.086284219,541744.2823841017 5631225.098964986,541728.443882173 5631126.40054658,541710.6756542937 5631028.031512815,541690.8717434108 5630930.062836214,541669.3865074753 5630832.4440339655,541646.3124096018 5630735.183102093,541428.488610558 5629862.3083130345,541404.9681922884 5629765.150343962,541382.5968126146 5629667.730469909,541362.0941826323 5629569.899244543,541351.5882906816 5629514.7396630505)
1733;Streckenachse;203,8 + 53;204,2 + 97;120380053;120420097;203,8;53;204,2;97;444;Hannover --Kassel-- - Würzburg;Hattenbergtunnel;Hessen;Landkreis Hersfeld-Rotenburg;LINESTRING (3541353.4095686814 5630335.879477813,3541353.8054657783 5630289.062335705,3541358.75196031 5630139.154382544,3541368.109953467 5629989.456929204,3541376.5442595147 5629892.625195451);LINESTRING (9.585617501759268 50.806972674927124,9.58561785211099 50.806551818887776,9.58567116008864 50.80520398025861,9.585787066332841 50.803857718959456,9.585895812144829 50.80298672042685);LINESTRING (541263.4928793871 5628523.673396993,541263.8882256933 5628476.874941816,541268.8314880445 5628327.026793177,541278.1844897658 5628177.3890234,541286.6146165972 5628080.595876004)
1733;Streckenachse;204,9 + 30;205,7 + 65;120490030;120570065;204,9;30;205,7;65;835;Hannover --Kassel-- - Würzburg;Warteküppeltunnel;Hessen;Landkreis Hersfeld-Rotenburg;LINESTRING (3541476.3983891364 5629267.972462056,3541491.920394069 5629199.910673388,3541516.0593839753 5629102.871703168,3541542.0958733005 5629006.325232748,3541570.0188620486 5628910.309262114,3541599.817350224 5628814.858791256,3541631.553337808 5628720.030320151,3541664.9958248734 5628625.784348819,3541723.7725965856 5628471.39356005);LINESTRING (9.587241780217674 50.797364736843484,9.587454253271748 50.79675183583375,9.587785662929493 50.79587784894166,9.588144026990193 50.79500815219079,9.588529192337859 50.79414308770026,9.588941005555094 50.79328297060648,9.589380350950771 50.79242830405292,9.589843946809797 50.79157874925819,9.59065997387999 50.790186744255486);LINESTRING (541386.4236450562 5627456.191679373,541401.9388827416 5627388.156932285,541426.0674224573 5627291.156499735,541452.0927082399 5627194.648354495,541480.0037448016 5627098.6704814695,541509.7895368288 5627003.257866771,541541.5120600247 5626908.466987302,541574.9404063427 5626814.258360785,541633.6924193602 5626659.9287157245)
1733;Streckenachse;208,1 + 35;211,6 + 45;120810035;121160045;208,1;35;211,6;45;3510;Hannover --Kassel-- - Würzburg;Richthoftunnel;Hessen;Landkreis Hersfeld-Rotenburg;LINESTRING (3542594.2364932382 5626267.0572825605,3542691.358435398 5626020.702139007,3542727.180421742 5625927.333667366,3542761.8069084487 5625833.527195896,3542794.561895725 5625739.045224689,3542825.541383544 5625643.970753711,3542854.611371945 5625548.290282975,3542881.7958609234 5625452.055312461,3542907.083850484 5625355.306842163,3542930.4698406286 5625258.078872061,3542951.9513313593 5625160.417402144,3542971.514322682 5625062.353432409,3542989.1508146003 5624963.923462836,3543004.8548071156 5624865.166993418,3543018.6228002324 5624766.119024142,3543030.441293954 5624666.819554993,3543040.307288283 5624567.309585969,3543048.217783222 5624467.623617044,3543054.1807787684 5624367.8026482165,3543058.183774928 5624267.8856794685,3543060.197271711 5624167.900210793,3543060.305269092 5624067.910242173,3543056.545766397 5623917.974289328,3543049.7827646467 5623768.123336532,3543004.861258134 5622969.386588404,3542998.8891978217 5622824.301952301);LINESTRING (9.602748915095475 50.77030926424766,9.604097058949346 50.76808770240088,9.604593979390167 50.76724580003327,9.605073886658104 50.7664000463879,9.605527172755732 50.76554835662209,9.60595520923411 50.764691470032915,9.606356096603589 50.76382927542559,9.606730182365261 50.76296223422435,9.607077316771116 50.76209071603262,9.607397427241851 50.76121502710912,9.607690485140042 50.76033558133854,9.607956297132336 50.759452658605724,9.608194755587437 50.758566587772634,9.60840578159176 50.75767772450162,9.608589331155782 50.756786383801725,9.60874521918555 50.755892926347265,9.608873409517436 50.75499772100551,9.608973865241937 50.754101078196925,9.609046706085307 50.753203365935235,9.609091761064551 50.752304935755035,9.609108616995798 50.75140603705965,9.609098473155054 50.75050723891699,9.609027702558741 50.74915977232447,9.608914392572599 50.747813291809315,9.608184843990804 50.740636919335266,9.608083340255062 50.7393332209814);LINESTRING (542503.7903353026 5624456.465175681,542600.8714395841 5624210.207571386,542636.6783424795 5624116.876075421,542671.2902193231 5624023.106764552,542704.0313382018 5623928.66223936,542734.9976614616 5623833.625465868,542764.0552425268 5623737.982950602,542791.2280722448 5623641.786172781,542816.5051553582 5623545.076116117,542839.8809943517 5623447.88676707,542861.3530906135 5623350.264107281,542880.9074500009 5623252.239124486,542898.5360760185 5623153.848304164,542914.2329713978 5623055.131130582,542927.9946378346 5622956.122589785,542939.8075810604 5622856.862665905,542949.6688026207 5622757.392342585,542957.5753040067 5622657.746106058,542963.5350823686 5622557.964939885,542967.5356430311 5622458.087828578,542969.5474980137 5622358.142261401,542969.6546142946 5622258.192212074,542965.895355952 5622108.316151532,542959.1337983868 5621958.525082341,542914.2235330796 5621160.1076017665,542908.252641481 5621015.080940138)
1733;Streckenachse;212,7 + 66;213,3 + 23;121270066;121330023;212,7;66;213,3;23;557;Hannover --Kassel-- - Würzburg;Dornbuschtunnel;Hessen;Landkreis Fulda;LINESTRING (3543082.7258748226 5621708.521475109,3543172.8256782666 5621158.8618629165);LINESTRING (9.609140713019016 50.729297457062785,9.610352493915151 50.724349976731695);LINESTRING (542992.0465022406 5619899.745233848,543082.1057317439 5619350.3043192)
1733;Streckenachse;215,3 + 97;216,1 + 93;121530097;121610093;215,3;97;216,1;93;796;Hannover --Kassel-- - Würzburg;Witzelshöhetunnel;Hessen;Landkreis Vogelsbergkreis;LINESTRING (3543508.8232452143 5619112.276517175,3543637.779603222 5618326.798358088);LINESTRING (9.614869596656954 50.70592850518175,9.616602344133282 50.698858297506554);LINESTRING (543417.9520212264 5617304.533270969,543546.8503200082 5616519.36764306)
1733;Streckenachse;216,6 + 97;217,6 + 73;121660097;121760073;216,6;97;217,6;73;976;Hannover --Kassel-- - Würzburg;Eichbergtunnel;Hessen;Landkreis Vogelsbergkreis;LINESTRING (3543719.4312415635 5617829.460572567,3543817.0868561994 5617234.626369075,3543850.658340633 5617037.4709302,3543869.2813322814 5616939.216460613,3543883.978445024 5616867.509239379);LINESTRING (9.617699209410755 50.69438166804858,9.619010792417118 50.68902743841935,9.619462481851768 50.68725270552505,9.619714348477016 50.68636810559851,9.61991380460996 50.685722430894835);LINESTRING (543628.4651972415 5616022.227742772,543726.0768457034 5615427.630218546,543759.6332771513 5615230.553216305,543778.2480115119 5615132.337820657,543792.9386564934 5615060.659106796)
1733;Streckenachse;220,1 + 76;220,5 + 63;122010076;122050063;220,1;76;220,5;63;387;Hannover --Kassel-- - Würzburg;Ganzbergtunnel;Hessen;Landkreis Fulda;LINESTRING (3544886.9343398986 5614594.087077806,3544960.1774272495 5614494.294701838,3545020.934906128 5614414.870225286,3545083.009384618 5614336.472748383,3545123.0708916816 5614287.576386529);LINESTRING (9.633829398834878 50.665210518250085,9.634853177469576 50.66430785247081,9.635702812492275 50.66358922665351,9.636571172061592 50.66287972442217,9.637131785313455 50.66243710178602);LINESTRING (544795.4750997181 5612788.136268772,544868.6881094904 5612688.3831249485,544929.4206661079 5612608.989852583,544991.4697050805 5612530.623158818,545031.5148082416 5612481.745985111)
1733;Streckenachse;223,6 + 75;231,0 + 50;122360075;123100050;223,6;75;231;50;7375;Hannover --Kassel-- - Würzburg;Dietershantunnel;Hessen;Landkreis Fulda;LINESTRING (3547343.1108027627 5612111.508776039,3547423.2055894076 5612015.81291961,3547486.066067646 5611938.039442511,3547547.8115462125 5611859.384965721,3547608.4280251116 5611779.855489235,3547667.9030043487 5611699.461013048,3547726.221483927 5611618.22353716,3547783.3719638526 5611536.166561558,3547839.345444128 5611453.301086244,3547894.1284247576 5611369.646611211,3547947.710905745 5611285.2181364475,3548000.0843870942 5611200.03016196,3548051.235368809 5611114.103687733,3548101.1518508946 5611027.454213767,3548149.8268333524 5610940.098740061,3548197.250316187 5610852.056266596,3548243.4107994023 5610763.34579338,3548288.2957830024 5610673.989320397,3548331.898266991 5610584.000847648,3548374.218251368 5610493.396875128,3548415.2387361387 5610402.196402829,3548454.9497213075 5610310.423930742,3548493.3422068777 5610218.09245887,3548530.410692851 5610125.2144872015,3548566.14967923 5610031.81601573,3548600.558166016 5609937.92454445,3548633.6211532135 5609843.551073357,3548665.3271408267 5609748.715102446,3548695.6736288574 5609653.434631707,3548724.663617305 5609557.723661143,3548752.282106174 5609461.610190738,3548778.5230954685 5609365.119220491,3548803.3805851894 5609268.263750395,3548826.8505753395 5609171.058780441,3548848.9280659207 5609073.528310625,3548869.6140569323 5608975.6873409515,3548888.9010483776 5608877.560871395,3548906.7835402605 5608779.175901961,3548923.264532578 5608680.545432639,3548938.2240253696 5608581.673463432,3548952.0190185253 5608482.62849431,3549198.8598907874 5606497.931613974,3549222.3038784107 5606299.304676041,3549230.39537336 5606199.638207276,3549234.512369556 5606099.729238684,3549234.6373670106 5605999.740270229,3549233.2003662107 5605949.76228603,3549230.760865728 5605899.82230184,3549222.8768657176 5605800.143333487,3549211.0243669683 5605700.855365107,3549203.6178680654 5605651.407380889,3549195.222369479 5605602.116396651,3549185.8368712096 5605553.002412381,3549164.1278756126 5605455.394943719,3549151.8138782843 5605406.938959315,3549124.290884559 5605310.811990329,3549092.9568920666 5605215.853021073,3549075.739186686 5605168.657675247);LINESTRING (9.668250226389517 50.642700747788666,9.669370235673435 50.64183404891406,9.670248877848033 50.64112984335275,9.671111619787206 50.64041780279692,9.671958264663825 50.63969798267074,9.672788637399103 50.63897047423041,9.673602529153186 50.63823547680108,9.67439978079315 50.637493202903386,9.67518026695093 50.63674375248972,9.675943799781113 50.63598730228297,9.67669024036456 50.63522398826617,9.677419470950596 50.6344539418008,9.678131303992854 50.63367735308254,9.678825572470599 50.63289436274168,9.67950218025639 50.63210512447557,9.680160989113302 50.63130981020092,9.680801839638262 50.630508591953536,9.681424558719623 50.629701668813624,9.682029049966348 50.62888916749059,9.682615316261677 50.62807123657964,9.683183120598004 50.627248048548765,9.683732325641579 50.62641982471987,9.684262806720074 50.62558668295371,9.684774488579416 50.62474873631887,9.68526729775223 50.623906219225965,9.685741224579692 50.62305937918657,9.686196059443319 50.6222083165527,9.686631643321451 50.62135320778404,9.687047944189445 50.62049421509956,9.687445007226518 50.61963146429498,9.687822625136796 50.618765208502204,9.688180717421186 50.61789567312815,9.688519202025443 50.61702297570455,9.688838025431764 50.616147251564705,9.689137121192479 50.61526871701622,9.689416506459983 50.61438750695567,9.6896760796275 50.61350384686935,9.689915767624385 50.612617980044995,9.690135615631789 50.611730023204764,9.690333930075674 50.610840022462284,9.690515764279677 50.60994856375321,9.693740193183675 50.5920876182118,9.694044973497455 50.59030020730509,9.694146045190994 50.58940363397326,9.694190961492986 50.58850521528078,9.694179500006088 50.587606413450786,9.69415259944954 50.587157287048065,9.69411154978675 50.5867085865793,9.693987051551284 50.58581324519798,9.693806579221585 50.584921752147494,9.693695472340996 50.58447789182478,9.6935704250504 50.58403552580786,9.693431426252593 50.583594833913054,9.693112039232224 50.58271927409898,9.692931790807494 50.58228474235036,9.692530536525235 50.581422977340225,9.692075649012313 50.58057202970847,9.691826356860677 50.58014923937063);LINESTRING (547250.650131617 5610306.528671614,547330.7121380682 5610210.870355483,547393.5468671934 5610133.127406676,547455.267034436 5610054.503819314,547515.8586454412 5609975.00559111,547575.3092052899 5609894.642718177,547633.6037201614 5609813.437191852,547690.7306948494 5609731.412502842,547746.6811330444 5609648.579646825,547801.4415403055 5609564.958116125,547855.0019207564 5609480.562904833,547907.3537779165 5609395.408507225,547958.483617358 5609309.515915024,548008.3794440076 5609222.900622139,548057.0342608069 5609135.579621836,548104.4380719127 5609047.571906602,548150.5793820815 5608958.89646895,548195.4456964938 5608869.575300186,548239.030018067 5608779.622394779,548281.3323469404 5608689.054246137,548322.3356900678 5608597.889846807,548362.030051654 5608506.153687083,548400.4064354044 5608413.85876185,548437.4593436243 5608321.017566155,548473.1832787311 5608227.656089654,548507.577241357 5608133.80182137,548540.6262375894 5608039.465757031,548572.3187721896 5607944.667388941,548602.6523463092 5607849.424709927,548631.6299588687 5607753.751714374,548659.2366160984 5607657.676391211,548685.466320608 5607561.223730506,548710.3130749048 5607464.406727109,548733.7728807161 5607367.240375059,548755.8407402422 5607269.748664806,548776.5176532106 5607171.946590354,548795.7961228306 5607073.859141765,548813.6706515282 5606975.5133083025,548830.1442382142 5606876.922084746,548845.0969308768 5606778.089470496,548858.8855874354 5606679.083935189,549105.6113017726 5604695.177498258,549129.044267762 5604496.6296786275,549137.1316985971 5604397.002940376,549141.2462156609 5604297.133832394,549141.370327313 5604197.184789893,549139.9334824997 5604147.22677463,549137.4945386193 5604097.306752593,549129.612853391 5603997.667653416,549117.7642573197 5603898.41943128,549110.3603024611 5603848.991254304,549101.9677441412 5603799.720022881,549092.5855829276 5603750.625729031,549070.8844397827 5603653.057418006,549058.5749543704 5603604.620885763,549031.0621470262 5603508.532531845,548999.7398724275 5603413.611743117,548982.5286475741 5603366.43538706)
1733;Streckenachse;231,3 + 54;231,7 + 6;123130054;123170006;231,3;54;231,7;6;352;Hannover --Kassel-- - Würzburg;KRBW Nord  Str. 3600;Hessen;Landkreis Fulda;LINESTRING (3548962.300787656 5604886.62785644,3548829.183340749 5604560.78562277);LINESTRING (9.690187815908113 50.57762360099439,9.688265919599768 50.5747057537682);LINESTRING (548869.1331871927 5603084.519135451,548736.0661710129 5602758.808128543)
1733;Streckenachse;241,2 + 44;241,9 + 58;124120044;124190058;241,2;44;241,9;58;714;Hannover --Kassel-- - Würzburg;Sulzhof-Tunnel;Hessen;Landkreis Fulda;LINESTRING (3547100.169499131 5595772.799504249,3547080.527293461 5595720.483068764,3547046.9453017865 5595626.294599343,3547014.9388096016 5595531.556630056,3546984.516816905 5595436.298160894,3546955.6813236955 5595340.543191852,3546928.4473299696 5595244.320222919,3546902.8213357264 5595147.664754083,3546888.870643778 5595091.264698825);LINESTRING (9.662750634719353 50.49585194992293,9.662467245351307 50.49538324940736,9.661982155261079 50.49453927454933,9.661519215093696 50.493690231701144,9.661078554275825 50.492836381092154,9.660660202934968 50.49197793855607,9.660264374922512 50.49111515932548,9.659891165159062 50.49024836222638,9.659687523269971 50.48974249111186);LINESTRING (547007.6694265642 5593974.345739536,546988.0346286582 5593922.05035981,546954.465262444 5593827.899783523,546922.470762049 5593733.199913698,546892.0601241181 5593637.979738672,546863.2353480519 5593542.263248839,546836.0114280934 5593446.078932686,546810.3948619401 5593349.462275972,546796.4492711334 5593293.084859881)
1733;Streckenachse;246,5 + 10;247,2 + 63;124650010;124720063;246,5;10;247,2;63;753;Hannover --Kassel-- - Würzburg;Hartbergtunnel;Hessen;Landkreis Fulda;LINESTRING (3546779.549046345 5590558.620909832,3546829.1997346515 5589970.712892794,3546842.0781954187 5589808.249649323);LINESTRING (9.657581204975857 50.44900663051032,9.658206826938377 50.44371786518627,9.658367835058861 50.44225642688008);LINESTRING (546687.1336065626 5588762.252094808,546736.7595781102 5588174.578451009,546749.6315449944 5588012.179981751)
1733;Streckenachse;247,9 + 35;249,2 + 22;124790035;124920022;247,9;35;249,2;22;1287;Hannover --Kassel-- - Würzburg;Kalbachtunnel;Hessen;Landkreis Fulda;LINESTRING (3546855.962212445 5589136.767761074,3546855.709706046 5589121.746160773,3546841.085704737 5588872.191240089,3546832.32920514 5588772.597271811,3546821.910206072 5588673.123303537,3546809.8422075314 5588573.857335239,3546796.11970952 5588474.806866909,3546780.7447120384 5588375.998898543,3546763.7317150827 5588277.459930132,3546744.9632186894 5588179.234961664,3546724.843222732 5588081.272993144,3546676.826609651 5587864.5730908755);LINESTRING (9.658479442859855 50.43621924228699,9.658474013900276 50.436084230330785,9.658237048427102 50.43384209756522,9.658101386370973 50.43294752515965,9.657942347455068 50.43205416354205,9.657760133944373 50.431162802586584,9.657554670653296 50.43027351003669,9.657325990368593 50.42938652831429,9.657074301705647 50.42850209433908,9.656797958032957 50.4276206218127,9.656502639360939 50.42674162000497,9.655800025946707 50.42479747124167);LINESTRING (546763.5044342703 5587340.966141894,546763.2519038162 5587325.9505427545,546748.6316677282 5587076.495406577,546739.8778370091 5586976.941285265,546729.4621717517 5586877.507129877,546717.3981672958 5586778.280905129,546703.6803259033 5586679.2701080665,546688.3106470017 5586580.501727881,546671.3036250175 5586482.0022538565,546652.5418072867 5586383.816668988,546632.4290319236 5586285.89399029,546584.4297930211 5586069.281029561)
1733;Streckenachse;249,8 + 30;250,6 + 20;124980030;125060020;249,8;30;250,6;20;790;Hannover --Kassel-- - Würzburg;Bornhecketunnel;Hessen;Landkreis Fulda;LINESTRING (3546543.646934743 5587271.3603475075,3546506.6462686663 5587105.378807188,3546486.0312728765 5587007.522838651,3546466.5367767285 5586909.441870158,3546448.565780092 5586811.069901723,3546431.9957830077 5586712.454933329,3546416.838285472 5586613.614464976,3546400.640374038 5586494.795071121);LINESTRING (9.653852520563703 50.41947550412218,9.653311387948586 50.417986384377585,9.653009244333902 50.41710836373609,9.652722848275356 50.41622823105023,9.652457860388063 50.415345361330836,9.652212562096192 50.414460195879066,9.651987116279138 50.41357289122727,9.651744576534886 50.41250607260354);LINESTRING (546451.2983733476 5585476.306302246,546414.3111042723 5585310.391357004,546393.7035280013 5585212.57464028,546374.2160020671 5585114.533004168,546356.2513648538 5585016.200471696,546339.6871657197 5584917.625024695,546324.5349002123 5584818.824156084,546308.3424703652 5584700.052349607)
1733;Streckenachse;251,3 + 25;262,1 + 4;125130025;126210004;251,3;25;262,1;4;10779;Hannover --Kassel-- - Würzburg;Landrückentunnel;Hessen;Landkreis Main-Kinzig-Kreis;LINESTRING (3546346.124559284 5585792.237541247,3546344.301787304 5585717.169750492,3546345.700777455 5585317.193377105,3546355.7232648875 5584917.292503499,3546386.7317199316 5583417.614477757,3546391.6562136984 5583217.676540979,3546400.080706362 5583017.87060408,3546406.594701969 5582918.088135539,3546414.4591971505 5582818.385166943,3546423.8951918385 5582718.836198263,3546434.3801861973 5582619.3882295275,3546457.1376743545 5582420.690791955,3547305.049638159 5575065.855758412);LINESTRING (9.650891058289801 50.40619490441009,9.650856167765529 50.405520244428594,9.650826554560021 50.40192464322995,9.650918231480667 50.398329039603425,9.651169397645956 50.384845580350536,9.651213987800142 50.383047893206566,9.6513077959163 50.381251116396946,9.651387070734115 50.38035362964615,9.651485337677062 50.379456750957445,9.651605711590603 50.378561132573715,9.65174083973218 50.37766633918403,9.65203623225496 50.375878395014304,9.663032813552704 50.30969590999093);LINESTRING (546253.8425911135 5583997.775853347,546252.0199236264 5583922.738057686,546253.4150335242 5583522.921412253,546263.4301978645 5583123.180165356,546294.4138200148 5581624.100818827,546299.3346877425 5581424.2426922945,546307.7541577889 5581224.516484006,546314.2647238907 5581124.773812596,546322.1252509091 5581025.110598206,546331.5566511344 5580925.60130922,546342.036632956 5580826.192971174,546364.7833838734 5580627.574700972,547212.2957364521 5573275.670121486)
1733;Streckenachse;262,8 + 0;264,9 + 0;126280000;126490000;262,8;0;264,9;0;2100;Hannover --Kassel-- - Würzburg;Schwarzenfelstunnel;Hessen;Landkreis Main-Kinzig-Kreis;LINESTRING (3547344.0063882233 5574371.480424171,3547342.5807044003 5574221.047372032,3547328.7217031 5573971.453451583,3547319.9752036035 5573871.866483396,3547309.397204692 5573772.405515215,3547297.0072063617 5573673.169547004,3547282.7987086144 5573574.17857876,3547266.7317114654 5573475.485610454,3547248.9582148646 5573377.082642104,3547229.3852188443 5573279.024673684,3547208.7172231767 5573181.185205216,3547016.856601025 5572302.3583765635);LINESTRING (9.663492685822652 50.30345078291097,9.663453838220121 50.302098596022155,9.663228084886676 50.29985600898087,9.66309287145857 50.29896148304782,9.662931977449071 50.298068232524436,9.662745689242731 50.29717714863287,9.662533919276981 50.29628841221977,9.662296114245619 50.29540250278264,9.662034407534959 50.294519336089294,9.66174750226969 50.293639413827904,9.661445269711965 50.2927615423642,9.658643842749521 50.28487665886369);LINESTRING (547251.2311761266 5572581.571803939,547249.8048157936 5572431.198848039,547235.9492825699 5572181.704732765,547227.2054516305 5572082.1576131275,547216.6308538294 5571982.736458362,547204.2449821974 5571883.540228727,547190.0413394982 5571784.588916285,547173.9799421628 5571685.935500173,547156.2127293698 5571587.571982332,547136.6467387499 5571489.553341544,547115.9861876589 5571391.753122524,546924.1949184118 5570513.278897818)
1733;Richtungsgleis;268,0 + 92;270,4 + 45;126800092;127040045;268;92;270,4;45;2353;Hannover --Kassel-- - Würzburg;Tunnel Altengronau;Hessen;Landkreis Main-Kinzig-Kreis;LINESTRING (3546315.4961626534 5569187.586809533,3546282.516424558 5569078.573029185,3546247.420933249 5568969.060564767,3546210.8589424416 5568861.084099894,3546172.542952206 5568753.717634866,3546132.48296254 5568646.989169675,3546090.6899734405 5568540.927704307,3546046.7854850087 5568434.640239063,3546002.3529968224 5568331.8322727205,3545939.007513831 5568192.5648183925,3545871.031532267 5568051.2898648,3545366.284205308 5567039.270969833);LINESTRING (9.648422957728748 50.25693177455595,9.647947216041311 50.25595437289284,9.647441767850937 50.25497265150045,9.646915966208098 50.254004850135246,9.646365668202037 50.253042666651446,9.645791018722695 50.25208635162726,9.64519217675983 50.25113616454032,9.644563728615903 50.2501841068077,9.643928325429572 50.24926336560561,9.643023385421403 50.248016334759505,9.642053336267843 50.24675160884454,9.634856392911214 50.237692897963036);LINESTRING (546223.08883651 5567399.757231957,546190.1213693474 5567290.787266906,546155.038989933 5567181.318834477,546118.4907094897 5567073.385800215,546080.189135261 5566966.062536664,546040.1442634823 5566859.377032543,545998.3670899979 5566753.358276165,545954.4792587026 5566647.113627637,545910.0636673451 5566544.3470925875,545846.7423338545 5566405.135788691,545778.7923347345 5566263.917825653,545274.2382457713 5565252.307327972)
1733;Richtungsgleis;270,5 + 56;270,8 + 11;127050056;127080011;270,5;56;270,8;11;255;Hannover --Kassel-- - Würzburg;Tunnel Roßbach;Hessen;Landkreis Main-Kinzig-Kreis;LINESTRING (3545316.722088238 5566939.950416591,3545202.8623963343 5566711.780347629);LINESTRING (9.634149865147178 50.23680384371093,9.632526849899731 50.23476139369969);LINESTRING (545224.6951038028 5565153.026855466,545110.8790038244 5564924.948864374)
1733;Richtungsgleis;272,3 + 1;273,1 + 25;127230001;127310025;272,3;1;273,1;25;824;Hannover --Kassel-- - Würzburg;Tunnel Dittenbrunn;Bayern;Landkreis Main-Spessart;LINESTRING (3544646.4365529954 5565331.937067576,3544619.2623673915 5565232.689788357,3544593.770373291 5565132.895320644,3544569.9943786357 5565032.6783530265,3544547.7358834697 5564931.089885808,3544527.2408877364 5564829.130418669,3544508.8588913684 5564728.801950967,3544492.1843944513 5564628.1754833255,3544477.087401779 5564526.314580851);LINESTRING (9.624566148941291 50.22239936169552,9.624173736025147 50.221509214032544,9.623804843077574 50.220614019211,9.623459957204267 50.219714895816,9.623136184763963 50.21880332783771,9.622837088598983 50.2178882910797,9.622567798381263 50.2169877567105,9.62232240533873 50.21608441440866,9.622098977389545 50.215169855880546);LINESTRING (544554.664009755 5563545.66132867,544527.4998586649 5563446.453916217,544502.0172227136 5563346.699519965,544478.2498973693 5563246.522778425,544455.9994541253 5563144.975072603,544435.5118029264 5563043.056500518,544417.1363206299 5562942.768258981,544400.4676533637 5562842.182122468,544385.3758501135 5562740.362031203)
1733;Richtungsgleis;281,7 + 47;282,4 + 91;128170047;128240091;281,7;47;282,4;91;744;Hannover --Kassel-- - Würzburg;Burgsinntunnel;Bayern;Landkreis Main-Spessart;LINESTRING (3547106.786698749 5556519.866693668,3547166.1610827376 5555778.255651251);LINESTRING (9.657949934480902 50.142991505622945,9.658688916683237 50.13631992770367);LINESTRING (547013.9587495043 5554737.090625518,547073.3033055192 5553995.775341651)
1733;Richtungsgleis;285,5 + 45;287,7 + 4;128550045;128770004;285,5;45;287,7;4;2159;Hannover --Kassel-- - Würzburg;Sinnbergtunnel;Bayern;Landkreis Main-Spessart;LINESTRING (3547774.0724228416 5552799.127031164,3547895.9960456598 5552411.703299383,3547926.061533925 5552311.411330727,3547954.194522834 5552212.328861728,3547986.3730099867 5552091.543399563,3548015.6939981026 5551973.12093671,3548043.3754866887 5551852.25197467,3548068.7134760334 5551731.891512525,3548093.0104655754 5551605.202052417,3548115.450455638 5551475.125593431,3548135.2909465423 5551345.638634322,3548152.5804382754 5551216.795675052,3548167.3679308216 5551088.647715621,3548180.0514239706 5550957.260757272,3548189.873418147 5550831.223797273,3548198.502227378 5550690.33166763);LINESTRING (9.666819188847207 50.10948980547044,9.668475021699155 50.105997154161976,9.668882705939344 50.10509313188829,9.669263515851014 50.104200137099035,9.66969813411207 50.10311171008831,9.670093091658734 50.10204475489524,9.670464810994998 50.10095593732715,9.670803825273337 50.09987187920437,9.671127481019312 50.098731009016376,9.671424744392072 50.097559848690565,9.671685740248435 50.096394197303475,9.671911155920105 50.095234541098414,9.672101685201703 50.09408133477696,9.672262397352057 50.09289918087209,9.672383790042495 50.091765353199584,9.67248663558259 50.090498078664915);LINESTRING (547680.9472753318 5551017.83179163,547802.8190047323 5550630.561823004,547832.8716572949 5550530.309671278,547860.9925924134 5550431.266551993,547893.1572310737 5550310.529076173,547922.4655316116 5550192.15367928,547950.1349673985 5550071.332774083,547975.4618442745 5549951.020184994,547999.7480850904 5549824.381134885,548022.1780403563 5549694.356454293,548042.0095397348 5549564.9210595405,548059.2910642894 5549436.129428427,548074.0715948544 5549308.032540167,548086.7489398521 5549176.697964288,548096.5659730063 5549050.711273139,548105.1901755979 5548909.875356626)
1733;Richtungsgleis;289,4 + 23;290,5 + 78;128940023;129050078;289,4;23;290,5;78;1155;Hannover --Kassel-- - Würzburg;Einmalbergtunnel;Bayern;Landkreis Main-Spessart;LINESTRING (3548287.3771377057 5548973.689495577,3548298.978836321 5548621.108500282,3548319.006647779 5547819.160311902);LINESTRING (9.673512188045208 50.07505878598277,9.673629833588693 50.071888245051944,9.673808543436305 50.06467733499111);LINESTRING (548194.0154562935 5547193.918229347,548205.6096195879 5546841.4779912615,548225.6228336337 5546039.850010012)
1733;Richtungsgleis;291,8 + 62;297,3 + 90;129180062;129730090;291,8;62;297,3;90;5528;Hannover --Kassel-- - Würzburg;Mühlbergtunnel;Bayern;Landkreis Main-Spessart;LINESTRING (3548350.8982336936 5546535.554561471,3548395.298223968 5544749.903234509,3548399.2592200227 5544621.965275298,3548404.0837162267 5544514.298309599,3548410.578211895 5544406.494843904,3548418.7347070365 5544298.804378143,3548428.3542017555 5544193.242411667,3548439.911195797 5544084.857946057,3548452.766689491 5543979.6414794065,3548467.6456824816 5543871.663013604,3548483.725175156 5543766.891046745,3548501.563167253 5543661.389080085,3548522.910658031 5543546.354616399,3548546.177148204 5543431.692652557,3548571.3561377754 5543317.435688545,3548598.680626651 5543202.644224662,3548627.6791150216 5543089.296260285,3548658.8396026925 5542975.486796009,3548691.625089876 5542863.175331224,3548726.2825764725 5542751.427866219,3548770.1995596704 5542618.496907793,3548820.327540688 5542476.195452234,3549306.3371528382 5541143.10918746);LINESTRING (9.674092193900677 50.05313547993459,9.6744870938315 50.037079318461664,9.674526263889916 50.03592886506002,9.674580037703086 50.03496057274851,9.674657100096638 50.03399091752416,9.674757369446795 50.03302214294315,9.674878321062222 50.03207238399153,9.675025951930882 50.03109709373025,9.67519209776074 50.030150177192084,9.67538612763369 50.029178266047204,9.675597307373215 50.028235082522485,9.675832926451164 50.027285192916864,9.676116306662363 50.02624932212287,9.676426500071972 50.02521664296415,9.676763418424859 50.024187447933045,9.677130192526656 50.023153271924606,9.677520491507309 50.022131934887824,9.677940882199186 50.02110627125707,9.678384118066417 50.02009394002519,9.678853525946128 50.019086524310815,9.679449418094348 50.01788791457045,9.680130745807205 50.01660455460718,9.686740582056169 50.00458042795533);LINESTRING (548257.4911235854 5544756.756791669,548301.8586982004 5542971.818467339,548305.8170604744 5542843.931587163,548310.6387445647 5542736.307595119,548317.1297598862 5542628.547143929,548325.2821116911 5542520.899633908,548334.8968961418 5542415.379760847,548346.4483827428 5542307.03850037,548359.2978763169 5542201.863962596,548374.1700381541 5542093.92851251,548390.2422464568 5541989.198270537,548408.0722457058 5541883.738305993,548429.4102633357 5541768.749623929,548452.6665168231 5541654.133277172,548477.8345090327 5541539.921752786,548505.1471390682 5541425.175924492,548534.1331117274 5541311.873005311,548565.2802162115 5541198.108752897,548598.0516833537 5541085.841888211,548632.6944067054 5540974.138782657,548676.5927535819 5540841.260570688,548726.6995400796 5540699.015554258,549212.5040458203 5539366.457883104)
1733;Richtungsgleis;308,0 + 46;308,4 + 46;130800046;130840046;308;46;308,4;46;400;Hannover --Kassel-- - Würzburg;Hanfgartentunnel;Bayern;Landkreis Main-Spessart;LINESTRING (3553507.6678310893 5531556.330455423,3553781.6357216146 5531264.881163109);LINESTRING (9.744011010906835 49.91803587113051,9.747784936701313 49.91539125141529);LINESTRING (553412.0775452921 5529783.474918774,553685.9335856265 5529492.139828958)
1733;Richtungsgleis;308,7 + 59;309,6 + 31;130870059;130960031;308,7;59;309,6;31;872;Hannover --Kassel-- - Würzburg;Hohe Wart - Tunnel  km 308.760 - 309.632;Bayern;Landkreis Main-Spessart;LINESTRING (3553996.015595943 5531036.822091885,3554593.265597237 5530401.4626347);LINESTRING (9.750737745852732 49.91332175159208,9.758962770124983 49.90755585115699);LINESTRING (553900.2259368661 5529264.170121458,554497.2321024081 5528629.059627763)
1733;Richtungsgleis;314,7 + 0;316,9 + 35;131470000;131690035;314,7;0;316,9;35;2235;Hannover --Kassel-- - Würzburg;- Espenloh-Tunnel -  km 314,701 - 316,936;Bayern;Landkreis Würzburg;LINESTRING (3557919.899949138 5526580.355087274,3558188.9307051986 5526267.459454296,3558285.501671848 5526153.147989064,3558400.081132168 5526012.213032023,3558511.621593414 5525868.861075827,3558587.865066846 5525767.112106978,3558668.766538582 5525655.616641163,3559272.6382408002 5524803.617634215);LINESTRING (9.804697461030486 49.87289268469606,9.808392665031192 49.87005378586298,9.809718685685583 49.869016776634275,9.81129110882847 49.86773866060614,9.812820817940707 49.86643909167871,9.81386583503811 49.86551695172364,9.814974118534654 49.86450672832088,9.823242186965643 49.85678811720657);LINESTRING (557822.5059539061 5524809.451585129,558091.426649172 5524496.678771515,558187.9580920509 5524382.412190583,558302.4906146148 5524241.532608403,558413.9853324556 5524098.237017886,558490.197507084 5523996.528080581,558571.0657388498 5523885.076502683,559174.6891649963 5523033.4129873635)
1733;Richtungsgleis;317,0 + 65;318,9 + 34;131700065;131890034;317;65;318,9;34;1869;Hannover --Kassel-- - Würzburg;Eichelberg-Tunnel;Bayern;Landkreis Würzburg;LINESTRING (3559347.794445169 5524697.544646706,3559528.0702377586 5524443.533013361,3559636.8136997763 5524294.695059013,3559696.2026790795 5524215.775583183,3559768.4941539303 5524121.851611922,3559891.437111262 5523967.237159147,3560017.4090676685 5523815.080205524,3560081.5160455294 5523739.942228388,3560159.419018666 5523650.617755538,3560264.233982587 5523533.6972910175,3560525.2286008657 5523248.251096763);LINESTRING (9.824271018719713 49.855827119587964,9.826738757532308 49.85352576410423,9.828227873485258 49.852176952846975,9.829041466102483 49.851461582697546,9.830032112475722 49.85061003554974,9.831717571701567 49.84920783607832,9.833445419129283 49.84782740537518,9.834325035123975 49.84714552375789,9.835394221034704 49.846334720664245,9.836833212874447 49.84527312694984,9.84041698992569 49.8426807943807);LINESTRING (559249.8144691649 5522927.3817686625,559430.0161453541 5522673.470156301,559538.7149357769 5522524.690783802,559598.0795375959 5522445.802356126,559670.341356394 5522351.915322839,559793.2339208926 5522197.361643879,559919.1542942397 5522045.264457335,559983.235040334 5521970.155978765,560061.1061527972 5521880.866560136,560165.8782763128 5521763.991956242,560426.7662662083 5521478.657683183)
1733;Richtungsgleis;319,1 + 0;321,0 + 45;131910000;132100045;319,1;0;321;45;1945;Hannover --Kassel-- - Würzburg;Neubergtunnel;Bayern;Landkreis Würzburg;LINESTRING (3560637.295627403 5523125.777625526,3560727.975823172 5523027.673444383,3560797.892299188 5522953.981966673,3560867.2442754386 5522882.945988122,3560949.41824735 5522801.323512715,3561020.919222952 5522732.451033423,3561105.56169412 5522653.391057142,3561191.499664898 5522575.741580384,3561278.7101352955 5522499.524603136,3561341.7696139216 5522445.971619092,3561418.269088026 5522382.697637899,3561493.1350627183 5522322.513655746,3561563.721538887 5522267.296672084,3561680.6914994507 5522178.51169828,3562108.38296846 5521858.989419492);LINESTRING (9.841955704941315 49.841568486548844,9.843200876369666 49.84067739452115,9.844161205609392 49.84000785487787,9.845114078068523 49.83936223671938,9.846243487318754 49.8386201400962,9.847226515123147 49.83799373582358,9.848390574157596 49.837274403731826,9.849572827353859 49.83656760801922,9.850772958614048 49.83587354825273,9.851640964908993 49.8353856857475,9.852694215408338 49.83480905374994,9.853725226811658 49.83426035765228,9.854697524015991 49.833756742909344,9.856309119788323 49.83294659280873,9.862202151144931 49.830030117563545);LINESTRING (560538.7875088119 5521356.232232248,560629.4306661586 5521258.166509084,560699.3186006751 5521184.503904539,560768.6422827473 5521113.49574268,560850.7827502307 5521031.9052091185,560922.2545906573 5520963.059664408,561006.8625919974 5520884.030585805,561092.7655868292 5520806.411432489,561179.9405845316 5520730.224195844,561242.9744265863 5520676.692094086,561319.4428140062 5520613.442769414,561394.2783800478 5520553.28222244,561464.8361982896 5520498.086724275,561581.7586915792 5520409.336269155,562009.2766415577 5520089.938162315)
1733;Richtungsgleis;322,6 + 25;324,7 + 89;132260025;132470089;322,6;25;324,7;89;2164;Hannover --Kassel-- - Würzburg;Roßbergtunnel;Bayern;Kreisfreie Stadt Würzburg;LINESTRING (3563374.2296380824 5520913.470315458,3563524.972877844 5520799.724604692,3563670.528328671 5520686.224638282,3563814.158280066 5520570.2976727,3563955.8227320425 5520451.977207928,3564033.6607056195 5520385.221227847,3564124.424674776 5520305.839251573,3565021.985930548 5519512.217522877);LINESTRING (9.879639735226121 49.82139801985283,9.881715686102858 49.820359567816325,9.883719508135663 49.81932383773379,9.885696093348269 49.81826645988625,9.887644890684884 49.817187741069645,9.888715339146103 49.81657933999907,9.889963261305109 49.81585604691508,9.902300467739325 49.80862525376464);LINESTRING (563274.6097392067 5519144.78650393,563425.2918102866 5519031.085009638,563570.7881673032 5518917.629204136,563714.3597742553 5518801.747385173,563855.9666474181 5518683.473039679,563933.7729697681 5518616.743097101,564024.5000189174 5518537.3920977395,564921.6961009487 5517744.080143315)
1733;Richtungsgleis;325,0 + 42;325,6 + 21;132500042;132560021;325;42;325,6;21;579;Hannover --Kassel-- - Würzburg;Steinbergtunnel;Bayern;Kreisfreie Stadt Würzburg;LINESTRING (3565216.231023081 5519349.943749969,3565279.370282394 5519304.936050554,3565339.718262159 5519266.02206187,3565401.7467414388 5519229.846572261,3565465.331720273 5519196.48208172,3565530.345198706 5519165.996090223,3565596.6581767793 5519138.449097751,3565664.136654538 5519113.896104287,3565732.2767803017 5519092.494536347);LINESTRING (9.904971520420384 49.80714543279045,9.905841008434786 49.80673397799293,9.90667273347457 49.80637760021112,9.907528249318302 49.80604565173391,9.908405846575903 49.805738797283446,9.909303759616316 49.805457657107056,9.910220207891575 49.805202788676375,9.911153340617698 49.80497470061214,9.91209618724936 49.80477486279722);LINESTRING (565115.8622418676 5517581.869623058,565178.9759014976 5517536.879391145,565239.2994469749 5517497.9804577315,565301.3028429109 5517461.818915253,565364.8621394912 5517428.467235735,565429.8493884613 5517397.992893231,565496.1356419092 5517370.4563646065,565563.5869538761 5517345.912628959,565631.6996753132 5517324.519054026)
1760;Streckenachse;107,9 + 24;109,5 + 56;110790024;110950056;107,9;24;109,5;56;1632;Hannover - Soest;Rehberg Tunnel;Nordrhein-Westfalen;Kreis Paderborn;LINESTRING (3498898.129018578 5737447.396589486,3498829.792099604 5737413.853508963,3498740.7516253935 5737374.010023748,3498700.878137003 5737358.154029768,3498675.8716443144 5737349.236033229,3498619.831660795 5737332.367540045,3498574.198174294 5737321.233544805,3498553.3946804726 5737316.960546732,3498498.6531968024 5737308.118051073,3498449.3802115847 5737302.918054145,3498400.5832262984 5737300.231056436,3498348.4107421157 5737300.187558033,3497292.4447393 5737319.461673854);LINESTRING (8.98297368754032 51.77121223246684,8.981983797941739 51.77091061759135,8.980694014405449 51.770552321838274,8.980116431743006 51.770409721313754,8.97975420115875 51.770329510171656,8.978942428536634 51.77017776535278,8.978281393675903 51.77007758165998,8.977980037313156 51.77003912374767,8.977187052361531 51.76995950569913,8.976473274233404 51.769912635281315,8.975766381743844 51.769888348062736,8.97501057793112 51.76988780572684,8.959713030528585 51.7700569278149);LINESTRING (498826.054336524 5735592.811984922,498757.74438210577 5735559.282859367,498668.7390744602 5735519.456016947,498628.8813509578 5735503.606683697,498603.88475385087 5735494.692455266,498547.8669729204 5735477.83116357,498502.2515880922 5735466.701994907,498481.4563533047 5735462.430877058,498426.7366224778 5735453.592371394,498377.4832404459 5735448.394865614,498328.7056898376 5735445.709352924,498276.55400868744 5735445.66631401,497221.0092267288 5735464.941691019)
1810;Streckenachse;141,0 + 39;141,3 + 8;114100039;114130008;141;39;141,3;8;269;Northeim - Nordhausen;Walkenrieder Tunnel;Niedersachsen;Landkreis Göttingen;LINESTRING (3613966.474023792 5717533.245782253,3613998.527496716 5717541.0217590695,3614226.825545114 5717601.07438237);LINESTRING (10.643110777469378 51.580715652443935,10.643575525511284 51.58077904106305,10.646887206069922 51.58127241376671);LINESTRING (613848.325605162 5715685.609248452,613880.3663551335 5715693.38183873,614108.5738266647 5715753.4084782405)
1940;Streckenachse;108,6 + 29;108,8 + 34;110860029;110880034;108,6;29;108,8;34;205;Helmstedt - Holzminden;Ippenser Tunnel;Niedersachsen;Landkreis Northeim;LINESTRING (3565534.9580742153 5745959.637859375,3565531.0635292493 5745981.132701492,3565526.703532352 5746030.925686355,3565527.5640338557 5746080.822671001,3565531.469534424 5746130.694655547,3565535.3981569903 5746163.728991284);LINESTRING (9.949879897506634 51.8438751597903,9.949827464124064 51.84406877736576,9.949773635144687 51.84451674738378,9.949795567298896 51.84496503975632,9.949861674517033 51.84541275032801,9.949924929946537 51.84570914862767);LINESTRING (565436.3818660885 5744101.085085884,565432.4890621876 5744122.571388212,565428.131239106 5744172.344549878,565428.9918330995 5744222.221624273,565432.8962114234 5744272.073681958,565436.8235554955 5744305.09480678)
1940;Streckenachse;113,1 + 14;113,9 + 98;111310014;111390098;113,1;14;113,9;98;884;Helmstedt - Holzminden;Naensener Tunnel;Niedersachsen;Landkreis Northeim;LINESTRING (3562838.4911083044 5749171.920416924,3562753.6829949627 5749184.620816675,3562654.5680256956 5749194.2608172335,3562059.2337107407 5749265.240816543,3561960.530596884 5749275.335232151);LINESTRING (9.9113420850385 51.87305193255479,9.910113159158582 51.87317560422517,9.908675965197384 51.87327336697468,9.900045669338063 51.87397772908415,9.89861448738914 51.8740794069231);LINESTRING (562741.018431268 5747312.109907347,562656.2442537373 5747324.805981717,562557.1688996968 5747334.44300242,561962.0726472192 5747405.399886609,561863.4089880842 5747415.491137313)
2113;Streckenachse;5,5 + 73;6,3 + 68;100550073;100630068;5,5;73;6,3;68;795;Dortmund-Hörde - Schwerte;Schwerter Tunnel;Nordrhein-Westfalen;Kreis Unna;LINESTRING (3400677.2416047906 5705545.9455801,3400895.5692456285 5704958.250327956,3400912.163739645 5704911.048841717,3400930.38523319 5704864.502855245,3400950.948226054 5704818.900368441,3400959.7023270023 5704803.273728889);LINESTRING (7.56932709983201 51.47576861406143,7.572633334358008 51.47052618353272,7.572885310640824 51.47010496194378,7.573160505970748 51.469689914456374,7.573469118478803 51.469283753732256,7.573599438788841 51.46914487290417);LINESTRING (400644.06373277114 5703704.89334443,400862.29959008563 5703117.430633121,400878.8870874279 5703070.247831349,400897.10094096145 5703023.720254886,400917.6553679547 5702978.135783037,400926.40585280274 5702962.515302901)
2125;Streckenachse;1,0 + 10;1,5 + 75;100100010;100150075;1;10;1,5;75;565;Abzw Stockumer Str. - Dortmund;Tunnel Oberstraße;Nordrhein-Westfalen;Kreisfreie Stadt Bochum;LINESTRING (3384512.055997162 5705874.100932014,3384523.6966520376 5705912.308388556,3384536.065149351 5705960.756373865,3384546.2446473273 5706009.708359068,3384596.0931385774 5706305.546269897,3384605.766636708 5706354.601255086,3384623.075048517 5706427.618678938);LINESTRING (7.336642973704082 51.47564950159967,7.336797966005169 51.47599514988152,7.3369600867068385 51.476432952036255,7.337090551483143 51.47687483560937,7.337711137048852 51.479542945180995,7.337834303077235 51.479985650058275,7.338059502954233 51.48064520089457);LINESTRING (384485.3249637822 5704033.047942177,384496.9612846841 5704071.240073953,384509.32524000213 5704119.668646275,384519.5010726361 5704168.601035132,384569.3320650582 5704464.320610532,384579.0021004303 5704513.355962413,384596.3041981518 5704586.3441391345)
2143;Streckenachse;16,8 + 7;17,7 + 42;101680007;101770042;16,8;7;17,7;42;935;Witten - Schwelm;Linderhauser Tunnel;Nordrhein-Westfalen;Kreis Ennepe-Ruhr-Kreis;LINESTRING (3381510.136229257 5687492.313168323,3381516.479682105 5687450.147959022,3381703.473454859 5686577.511556256);LINESTRING (7.299587648477724 51.30987976522647,7.299692582026544 51.30950225028143,7.302662333999861 51.301700877098384);LINESTRING (381484.45494667254 5685658.6126226755,381490.7955341756 5685616.464174378,381677.7077951537 5684744.174208699)
2143;Streckenachse;18,9 + 65;19,1 + 44;101890065;101910044;18,9;65;19,1;44;179;Witten - Schwelm;Präsident-Hoeft-Tunnel;Nordrhein-Westfalen;Kreis Ennepe-Ruhr-Kreis;LINESTRING (3381481.4374771793 5685446.024102919,3381450.6606631186 5685428.749564831,3381404.9181764135 5685408.527571752,3381357.284190371 5685393.416077179,3381314.2739178264 5685385.328334977);LINESTRING (7.299855537254124 51.29148880968063,7.299420261896863 51.291327202924506,7.298771523111214 51.29113599823099,7.298093989113461 51.29099031167019,7.297480379228307 51.29090868959361);LINESTRING (381455.7513204976 5683613.139664497,381424.98663931026 5683595.872259383,381379.2622287328 5683575.658693774,381331.6471136898 5683560.553604112,381288.6539246784 5683552.469429484)
2161;Richtungsgleis;4,7 + 49;4,9 + 96;100470049;100490096;4,7;49;4,9;96;247;Essen-Werden - Essen;Stadtwald - Tunnel;Nordrhein-Westfalen;Kreisfreie Stadt Essen;LINESTRING (3362557.897291958 5700157.812717436,3362568.6050687474 5700215.649014442,3362575.815567724 5700275.198496625,3362578.7850677078 5700321.324982872,3362580.3728472404 5700403.734829964);LINESTRING (7.02304716302818 51.41939592097373,7.023178586993485 51.41991805788561,7.023259103304382 51.42045473676427,7.023283890896004 51.42086980950593,7.023274764833854 51.42161048003917);LINESTRING (362539.87207958696 5698319.213593588,362550.5760469644 5698377.0267502675,362557.7841441886 5698436.552436952,362560.75282644806 5698482.660512186,362562.34062689927 5698565.037495565)
2190;Streckenachse;14,1 + 97;14,3 + 78;101410097;101430078;14,1;97;14,3;78;181;Bochum - Dortmund Hbf, W 207;Unitunnel;Nordrhein-Westfalen;Kreisfreie Stadt Dortmund;LINESTRING (3390025.4395449036 5707389.643353161,3390059.9815337253 5707429.736320998,3390089.3055258356 5707470.231308307,3390115.306018983 5707512.895295036,3390128.670009575 5707537.5862027425);LINESTRING (7.415495554849815 51.49036444480501,7.415980213095245 51.49073138530194,7.4163896535647975 51.49110092210843,7.41675059156131 51.491489299937726,7.416935253003583 51.49171373821833);LINESTRING (389996.5228577872 5705547.941916865,390031.0513992633 5705588.018623697,390060.364027353 5705628.497231688,390086.35449879523 5705671.14400114,390099.71336054394 5705695.824958238)
2190;Streckenachse;14,6 + 0;15,2 + 80;101460000;101520080;14,6;0;15,2;80;680;Bochum - Dortmund Hbf, W 207;Unitunnel;Nordrhein-Westfalen;Kreisfreie Stadt Dortmund;LINESTRING (3390227.4256669166 5707736.332410887,3390246.6424855115 5707782.506211867,3390263.090981603 5707829.673197452,3390275.325478979 5707878.15118274,3390284.725477213 5707927.231167909,3390299.2584749693 5708026.157638101,3390310.09447384 5708125.618608213,3390344.4539102507 5708403.402408946);LINESTRING (7.418294834283797 51.49351860343386,7.418557075576327 51.49393719426309,7.418779166727664 51.49436417100549,7.418940199232387 51.49480210893915,7.419060248157302 51.495244905675015,7.419238694575839 51.49613655799019,7.41936376517897 51.497032295339324,7.419772057881172 51.49953478559459);LINESTRING (390198.4312484297 5705894.491141159,390217.64077781356 5705940.646380219,390234.08309624105 5705987.794430214,390246.31310635223 5706036.252991168,390255.7097521008 5706085.313334816,390270.2377520462 5706184.200250736,390281.07023118244 5706283.621483259,390315.41820481984 5706561.294268392)
2190;Streckenachse;15,5 + 7;15,5 + 48;101550007;101550048;15,5;7;15,5;48;41;Bochum - Dortmund Hbf, W 207;Unitunnel;Nordrhein-Westfalen;Kreisfreie Stadt Dortmund;LINESTRING (3390372.318594135 5708628.643426937,3390377.3541648723 5708669.32538605);LINESTRING (7.420103218157992 51.50156392798701,7.4201630737636535 51.5019304224088);LINESTRING (390343.27359253477 5706786.445269504,390348.30748314643 5706827.110970192)
2190;Streckenachse;16,2 + 10;16,3 + 19;101620010;101630019;16,2;10;16,3;19;109;Bochum - Dortmund Hbf, W 207;Südl. Fahrtunnel;Nordrhein-Westfalen;Kreisfreie Stadt Dortmund;LINESTRING (3390542.8735408694 5709305.050986603,3390565.8109232895 5709338.022241317,3390598.1494144606 5709376.146229265,3390611.4653945365 5709389.4495993005);LINESTRING (7.4223487003145605 51.50767433965542,7.4226687222532295 51.50797501927428,7.423122508084192 51.50832381348003,7.42331010748183 51.50844591791872);LINESTRING (390513.765991789 5707462.581806901,390536.69449592324 5707495.539733092,390569.0204027006 5707533.648262743,390582.3311816513 5707546.946222259)
2190;Streckenachse;16,5 + 33;16,5 + 42;101650033;101650042;16,5;33;16,5;42;9;Bochum - Dortmund Hbf, W 207;Nördl. Fahrtunnel;Nordrhein-Westfalen;Kreisfreie Stadt Dortmund;LINESTRING (3390787.668479243 5709507.847278374,3390795.9656059924 5709511.329770783);LINESTRING (7.425810446266462 51.50954376148867,7.4259288340779275 51.50957665374351);LINESTRING (390758.46497904655 5707665.29528436,390766.7588263298 5707668.776321709)
2200;Streckenachse;100,6 + 43;101,2 + 24;110060043;110120024;100,6;43;101,2;24;581;Wanne-Eickel - Hamburg;Lengericher Tunnel;Nordrhein-Westfalen;Kreis Steinfurt;LINESTRING (3423003.0978884874 5784587.503777372,3423041.0996568594 5784629.934103483,3423210.3396120355 5784810.5070453985,3423245.1611028756 5784849.864532798,3423353.434074241 5784966.776995228,3423381.6420667474 5784996.037485793,3423399.203659095 5785012.359776961);LINESTRING (7.873026012385312 52.18950931144076,7.873571963525497 52.18989586369739,7.876005357641599 52.1915419518939,7.876505557321006 52.191900437612176,7.878062150377199 52.19296598817683,7.878467967212991 52.19323282180146,7.8787210489642465 52.19338192174011);LINESTRING (422961.6691114859 5782714.765795,422999.65609113866 5782757.178899749,423168.8301156362 5782937.678489401,423203.6380594177 5782977.020006152,423311.8688626478 5783093.88498719,423340.06585930096 5783123.133585042,423357.6205901822 5783139.449226973)
2213;Streckenachse;1,8 + 38;3,0 + 74;100180038;100300074;1,8;38;3;74;1236;;;Nordrhein-Westfalen;Kreisfreie Stadt Dortmund;LINESTRING (3384400.205703628 5708567.439077631,3384402.9617419755 5708523.098113375,3384405.1857409035 5708503.343119209,3384408.0627396097 5708482.279125423,3384413.6872373703 5708455.06713341,3384427.683732223 5708407.837147186,3384438.5207284386 5708380.924654976,3384448.175725145 5708360.722660789,3384460.0972211375 5708338.6476671165,3384473.574216698 5708318.055672969,3384503.4247069783 5708277.967184289,3384537.9096959606 5708241.7896943465,3384576.2811838714 5708209.766703087,3384618.2471708134 5708182.625210303,3384663.0241570203 5708160.434715984,3384710.1566426423 5708143.823219952,3384758.886627909 5708133.024722161,3384808.5816129954 5708127.451722787,3384858.5455981023 5708126.682221979,3385108.1950240587 5708140.886212571,3385158.160009213 5708142.4737110585,3385208.153994336 5708142.946209879,3385308.088464503 5708139.418208857,3385380.6497070612 5708133.154826401);LINESTRING (7.33415223494245 51.49982477445863,7.33420642903083 51.499426960962204,7.334244912154439 51.499249928811686,7.334293223236098 51.49906126953215,7.334383095804773 51.498817935683356,7.334600031531897 51.498396462551995,7.3347648334124464 51.498156884000636,7.334910422921532 51.49797735360245,7.335089248584943 51.497781458222654,7.335289977270446 51.49759920416913,7.335732763391912 51.49724512889381,7.336240971577879 51.4969271360537,7.336803755558223 51.4966472598628,7.337416675199427 51.49641197165466,7.338068431441265 51.49622173530626,7.338752264383298 51.496082099564795,7.339457189317717 51.49599501180871,7.340174296347516 51.495955064508294,7.340893707386302 51.495958324341125,7.344482436613742 51.49613670562135,7.3452010990588885 51.4961611156244,7.345920542357091 51.49617550943597,7.34736011378462 51.496164085437385,7.348406571349659 51.49612252129948);LINESTRING (384373.5408586382 5706725.313297252,384376.2954426354 5706680.989987013,384378.51839654107 5706661.242850158,384381.3940794235 5706640.187230264,384387.0161168229 5706612.98604095,384401.0066534513 5706565.774770259,384411.8391138869 5706538.872919542,384421.4900998191 5706518.6789012505,384433.40666653216 5706496.612611945,384446.87812465057 5706476.0287184995,384476.7163942193 5706435.955971279,384511.18734643847 5706399.792626531,384549.5432816569 5706367.782093125,384591.49232220673 5706340.651083385,384636.251281201 5706318.469075874,384683.36484540167 5706301.863823723,384732.0753190741 5706291.069239677,384781.7504498126 5706285.498063192,384831.6945118754 5706284.728468223,385081.24453535787 5706298.9247931335,385131.189615958 5706300.5112577975,385181.16367601545 5706300.983167039,385281.0582814691 5706297.4557703985,385353.5905490081 5706291.194302434)
2292;Streckenachse;1,0 + 93;1,2 + 17;100100093;100120017;1;93;1,2;17;124;;;Nordrhein-Westfalen;Kreis Ennepe-Ruhr-Kreis;LINESTRING (3373374.2374723684 5697434.466136996,3373429.43528628 5697399.010145647,3373477.7006271346 5697366.16168544);LINESTRING (7.179428907492303 51.39744795982857,7.180234265386908 51.3971417400523,7.1809391246488 51.396857395097676);LINESTRING (373351.8789288096 5695596.866670064,373407.05445619323 5695561.424373871,373455.3002948436 5695528.588624527)
2321;Streckenachse;13,4 + 57;13,5 + 40;101340057;101350040;13,4;57;13,5;40;83;;;Nordrhein-Westfalen;Kreisfreie Stadt Oberhausen;LINESTRING (3350831.7239073394 5707724.214525365,3350837.433683514 5707731.693505376,3350858.0401780554 5707765.983494856,3350864.5691763572 5707778.529491029,3350872.3458157256 5707796.758738286);LINESTRING (6.851403235450125 51.484394655965964,6.851482218071527 51.484463336400545,6.851764186304623 51.48477675667331,6.851852816657432 51.48489116418939,6.85195699727353 51.48505694680683);LINESTRING (350818.4325538394 5705882.692250461,350824.14011341764 5705890.168204307,350844.7386660045 5705924.444363347,350851.26516125945 5705936.985307238,350859.0388452484 5705955.207227088)
2321;Streckenachse;13,4 + 90;13,5 + 78;101340090;101350078;13,4;90;13,5;78;88;;;Nordrhein-Westfalen;Kreisfreie Stadt Oberhausen;LINESTRING (3350849.7195741395 5707752.007692556,3350864.5691763572 5707778.529491029,3350877.7976730457 5707810.942981201,3350884.5031011924 5707832.913324264);LINESTRING (6.851650386036027 51.48464903452733,6.851852816657432 51.48489116418939,6.852029441320827 51.485185784905276,6.852116633655075 51.4853848872443);LINESTRING (350836.4212679061 5705910.474197394,350851.26516125945 5705936.985307238,350864.48864178907 5705969.385773258,350871.19157108804 5705991.34730624)
2324;Richtungsgleis;21,8 + 43;23,8 + 96;102180043;102380096;21,8;43;23,8;96;2053;MH-Speldorf - Niederlahnstein;Staufenplatztunnel;Nordrhein-Westfalen;Kreisfreie Stadt Düsseldorf;LINESTRING (3348089.5607548305 5682753.635248214,3348115.3065508343 5682697.108473622,3348131.8955452354 5682656.866985304,3348148.841539418 5682609.816499001,3348163.414534292 5682561.978012976,3348175.578029871 5682513.471027191,3348186.345025753 5682458.252043422,3348193.295522864 5682408.728558025,3348197.7620207085 5682358.919572754,3348199.6240194286 5682315.200085717,3348199.696518783 5682277.691596863,3348198.3625185564 5682240.207108025,3348195.624018748 5682202.7986191865,3348192.2830192233 5682171.6556285,3348186.861520173 5682131.883140408,3348165.546524352 5682002.194679308,3348158.1695257034 5681951.548194479,3348152.302526548 5681897.423710668,3348148.6145267077 5681841.041227489,3348147.454025881 5681770.425248496,3348149.689524163 5681706.900267342,3348155.0465215174 5681643.376286133,3348163.5340179456 5681580.045804816,3348172.280014535 5681531.122319216,3348181.260511176 5681489.479331446,3348191.6000074185 5681448.152843557,3348203.6705031283 5681405.716855976,3348409.017261062 5680758.449204823);LINESTRING (6.822621951163354 51.2593828006181,6.823014495171108 51.25888192838192,6.823269041945383 51.25852489280196,6.823531583587313 51.258106792686974,6.823760485716668 51.25768098246384,6.823955175974113 51.2572485259826,6.824132718689656 51.256755409783864,6.824253211763316 51.25631243519019,6.824338267018661 51.25586623511891,6.8243834575841795 51.255474038376896,6.824400399036605 51.25513715319597,6.824397197557578 51.25480010935202,6.824373860169206 51.25446337444886,6.824339242538607 51.25418275647617,6.824278504824407 51.253824074028856,6.824028405639442 51.25265352933372,6.823944293848568 51.25219665512588,6.823883270900432 51.25170894297868,6.823854394031943 51.25120152908899,6.823867728144734 51.2505669412162,6.823926659647578 51.249996948946574,6.824030264521883 51.24942779615307,6.824178588320167 51.2488612141457,6.824324500605527 51.24842410565176,6.824470680071829 51.248052453438845,6.824636172470997 51.24768400532968,6.824826905602765 51.24730605171088,6.828039631016916 51.241546795285714);LINESTRING (348077.16566289635 5680922.08850598,348102.90075140324 5680865.584064431,348119.48281655554 5680825.35848871,348136.4216856856 5680778.326626729,348150.9884953067 5680730.5070978245,348163.1467609212 5680682.019354604,348173.90903082956 5680626.822300235,348180.85636814445 5680577.318503623,348185.320694194 5680527.529340477,348187.18160723173 5680483.82726835,348187.2537830725 5680446.333732345,348185.9200202223 5680408.864197842,348183.18231829215 5680371.470644078,348179.8424060455 5680340.340095348,348174.4227558869 5680300.583505867,348153.11523869005 5680170.946914881,348145.7407831071 5680120.320679162,348139.8756977483 5680066.217819176,348136.1887253204 5680009.857842909,348135.0281325419 5679939.270025445,348137.2622407527 5679875.770352197,348142.6166036624 5679812.271653995,348151.1002191934 5679748.966353967,348159.842344978 5679700.0623039985,348168.8189345059 5679658.435847514,348179.15398435364 5679617.125754065,348191.21933489037 5679574.706589656,348396.47914787557 5678927.695373134)
2400;Richtungsgleis;16,4 + 12;16,7 + 38;101640012;101670038;16,4;12;16,7;38;326;Düsseldorf - Hagen;Höseler Tunnel;Nordrhein-Westfalen;Kreis Mettmann;LINESTRING (3354119.8298574705 5692171.942588382,3354156.72391935 5692174.12205508,3354194.219408235 5692174.99405416,3354237.691895318 5692174.307053595,3354285.9658809328 5692171.172553673,3354328.0233683633 5692166.374554357,3354363.8673576233 5692160.742555396,3354404.0188455614 5692152.696557079,3354442.446283665 5692143.208149133);LINESTRING (6.905102487524225 51.34555666066044,6.905630761808717 51.34558569961819,6.906168198301335 51.34560314614713,6.906792000827708 51.345608118482986,6.907485672387184 51.34559233317534,6.908090861371348 51.345560009252274,6.908607271107015 51.34551859978562,6.909186448756617 51.34545660712743,6.909741486621067 51.34538121397608);LINESTRING (354105.1050332056 5690336.593707371,354141.9844053744 5690338.77201406,354179.46495448507 5690339.6433695955,354222.92010690435 5690338.956299796,354271.17482453655 5690335.822668418,354313.21550890745 5690331.026249846,354349.04516538244 5690325.396213139,354389.18058440014 5690317.353105401,354427.59262944566 5690307.868176649)
2423;Streckenachse;65,3 + 59;66,3 + 3;106530059;106630003;65,3;59;66,3;3;944;D-Gerresheim - DO Signal Iduna;Ender Tunnel;Nordrhein-Westfalen;Kreis Ennepe-Ruhr-Kreis;LINESTRING (3392243.8129263567 5700475.453115338,3392225.1442428427 5700511.922840876,3392197.3822519984 5700553.423329051,3392166.589762015 5700592.789317921,3392103.19328256 5700670.120796129,3392037.455803764 5700745.530774964,3391908.2233455367 5700898.162732039,3391840.108867414 5700971.868211431,3391780.2273869603 5701051.814188789,3391755.5318952333 5701094.9921764,3391737.286901651 5701141.601162857,3391727.3144056466 5701190.565648436,3391726.628313797 5701243.343195047);LINESTRING (7.449529558934081 51.42866757096787,7.449250140256116 51.42899170353718,7.448838485850865 51.42935930783033,7.448383915451021 51.42970715567316,7.447449142338757 51.430389917566536,7.446481277414085 51.431054961189425,7.444577144627396 51.43240173195924,7.443575547415766 51.433050982498344,7.442690362473769 51.43375786683186,7.442322180033848 51.43414110491063,7.442045668531161 51.43455640128826,7.441887349970009 51.4349944413219,7.4418613571652905 51.435468515353925);LINESTRING (392213.95631218556 5698636.490320581,392195.29536423367 5698672.945656283,392167.5447745415 5698714.429822025,392136.76487670233 5698753.780363809,392073.39429244 5698831.081520768,392007.6836266371 5698906.461963255,391878.5039148617 5699059.034107278,391810.4171835617 5699132.710749045,391750.5602178608 5699212.62533468,391725.8749181745 5699255.786306527,391707.63757263334 5699302.376857526,391697.66944567417 5699351.321902098,391696.98405138607 5699404.078412905)
2550;Streckenachse;198,1 + 90;198,4 + 66;119810090;119840066;198,1;90;198,4;66;276;Aachen - Kassel;Schloßbergtunnel;Nordrhein-Westfalen;Kreis Hochsauerlandkreis;LINESTRING (3434575.5760126403 5696967.824398594,3434588.016445195 5696968.959470618,3434636.779430731 5696979.678966241,3434684.5274166684 5696994.423460675,3434779.1448888723 5697026.727948715,3434838.466346244 5697049.36114014);LINESTRING (8.058741056565568 51.40361133422624,8.058919599356292 51.40362296986695,8.05961828244022 51.403724927969705,8.060301643454608 51.40386293824387,8.061655237381002 51.404164149151526,8.062503459986198 51.40437437392779);LINESTRING (434528.8129229774 5695129.91712109,434541.24840412743 5695131.051638801,434589.9920327998 5695141.766461225,434637.72109950474 5695156.504685683,434732.30110656435 5695188.795518173,434791.59909420693 5695211.419199184)
2550;Streckenachse;206,5 + 7;207,1 + 92;120650007;120710092;206,5;7;207,1;92;685;Aachen - Kassel;Glösinger Tunnel;Nordrhein-Westfalen;Kreis Hochsauerlandkreis;LINESTRING (3441196.4809911735 5695627.795178611,3441322.229378245 5695562.922736822,3441365.849864481 5695538.566243151,3441408.0598510816 5695511.6077503,3441448.076338273 5695481.622758414,3441485.0873262836 5695447.88626774,3441518.8048152113 5695410.866778137,3441548.9228051594 5695370.957789486,3441575.25529619 5695328.44030172,3441597.8967882856 5695283.846314669,3441616.3397816066 5695237.372828281,3441630.405276216 5695189.408842451,3441638.654378137 5695147.246856141);LINESTRING (8.154098510103033 51.392292958681644,8.155915668382555 51.391722940489565,8.156546312640993 51.39150854751014,8.157157118450012 51.39127062026661,8.157736907336348 51.391005263128676,8.158274133926787 51.39070587696321,8.158764583582245 51.39037664327008,8.159203795931374 51.390021067660605,8.159589053326476 51.389641657022175,8.159921626425525 51.3892432029111,8.160194193848783 51.38882742409115,8.160404121753048 51.38839779867786,8.160529544534608 51.388019719765346);LINESTRING (441147.0667624479 5693790.368102678,441272.7644730723 5693725.5205011945,441316.3673651054 5693701.173363295,441358.5602986438 5693674.225275431,441398.5605826749 5693644.251913449,441435.5565352919 5693610.5285733715,441469.2602752787 5693573.52357059,441499.36592798826 5693533.630250573,441525.6875699586 5693491.129502715,441548.31966785114 5693446.553113914,441566.7549258179 5693400.098009721,441580.81441849296 5693352.153036362,441589.05988544505 5693310.007796386)
2550;Streckenachse;208,5 + 26;209,1 + 76;120850026;120910076;208,5;26;209,1;76;650;Aachen - Kassel;Freienohler Tunnel;Nordrhein-Westfalen;Kreis Hochsauerlandkreis;LINESTRING (3442032.6061610132 5693958.174297358,3442041.9566220725 5693936.746711579,3442056.587616516 5693888.952725691,3442065.260112729 5693839.790740358,3442069.92561014 5693790.035255302,3442076.6926057315 5693690.274285324,3442080.1381023233 5693590.287315489,3442094.009345661 5693314.247842559);LINESTRING (8.16638241160715 51.377373377586274,8.166520187949112 51.377181752654316,8.166738095724789 51.37675369973091,8.166870655264079 51.37631274375608,8.166945766912077 51.37586604485243,8.167059207118411 51.37497013844414,8.16712498337793 51.37407186191653,8.167369153219035 51.37159238440845);LINESTRING (441982.84482784005 5692121.40620733,441992.1913845913 5692099.987090234,442006.81615296134 5692052.212044655,442015.48478802235 5692003.069594013,442020.1480173317 5691953.333913169,442026.91149715503 5691853.612672352,442030.3548006909 5691753.665549051,442044.2182513104 5691477.736047097)
2550;Streckenachse;232,2 + 78;232,5 + 25;123220078;123250025;232,2;78;232,5;25;247;Aachen - Kassel;Schellensteintunnel  TA km 232,278 TE km 232,525;Nordrhein-Westfalen;Kreis Hochsauerlandkreis;LINESTRING (3462590.3533802675 5692042.790951282,3462608.132340646 5692030.168290117,3462651.7668267777 5692005.804796435,3462697.896812279 5691986.585301128,3462746.081797286 5691972.617804174,3462795.0927821733 5691963.903305602,3462820.1911018635 5691963.148047268);LINESTRING (8.461826845146222 51.361884058111826,8.462083424011812 51.36177177559781,8.462712439068104 51.36155566550996,8.4633767356787 51.36138595005187,8.46406998001964 51.361263570463095,8.464774529520035 51.361188454780105,8.46513493771351 51.361183308823676);LINESTRING (462532.37780687737 5690206.617661167,462550.1495722969 5690193.999887669,462593.7664546382 5690169.645750907,462639.8778835485 5690150.433540246,462688.0435357404 5690136.471216226,462737.0349017554 5690127.759788621,462762.1232053195 5690127.004624233)
2550;Streckenachse;240,0 + 85;241,4 + 78;124000085;124140078;240;85;241,4;78;1393;Aachen - Kassel;Elleringhauser Tunnel;Nordrhein-Westfalen;Kreis Hochsauerlandkreis;LINESTRING (3469105.2393956035 5689783.205620972,3469120.894303227 5689786.823309454,3469168.159289243 5689802.9598033475,3469400.1842209473 5689896.205769096,3470143.256002171 5690192.5766600445,3470189.9344884106 5690210.536153392,3470236.1294748276 5690229.639646403,3470281.7879614416 5690250.116639007,3470325.629948693 5690273.885130655,3470366.112437106 5690303.121620729,3470386.7249643602 5690321.486260667);LINESTRING (8.55555793519649 51.34196604137078,8.55578228314004 51.34199940767626,8.556459180110581 51.34214700851999,8.55978093969302 51.34299764543513,8.570420065236965 51.345700960613115,8.571088493815646 51.345864831657806,8.571749892157504 51.346038956043024,8.572403480777517 51.34622539390033,8.573030729106497 51.346441317865875,8.573609310866212 51.346706210694656,8.573903621114464 51.34687234856313);LINESTRING (469044.64676650363 5687947.879720028,469060.2954601522 5687951.495835978,469107.54172820726 5687967.625502396,469339.4748891577 5688060.832355067,470082.2527515298 5688357.078881844,470128.912768865 5688375.030825228,470175.08948869415 5688394.126315963,470220.72993407934 5688414.594762885,470264.5546318679 5688438.353411011,470305.02121603244 5688467.577904369,470325.6256741041 5688485.935048559)
2550;Streckenachse;249,3 + 53;249,6 + 72;124930053;124960072;249,3;53;249,6;72;319;Aachen - Kassel;Messinghauser Tunnel;Nordrhein-Westfalen;Kreis Hochsauerlandkreis;LINESTRING (3476156.3068607254 5694804.362185846,3476417.2668616576 5694987.778116578);LINESTRING (8.656410942878855 51.38743651090233,8.660147509978142 51.38909598108628);LINESTRING (476092.9435831377 5692966.975047737,476353.8010259518 5693150.315651816)
2550;Streckenachse;253,3 + 22;253,5 + 59;125330022;125350059;253,3;22;253,5;59;237;Aachen - Kassel;Beringhauser Tunnel;Nordrhein-Westfalen;Kreis Hochsauerlandkreis;LINESTRING (3479664.7012171047 5696334.440332647,3479701.900251001 5696407.662519339,3479775.224193604 5696544.049681683);LINESTRING (8.706722364639424 51.40132569626343,8.707252706875085 51.40198516283287,8.708298575844049 51.40321365426952);LINESTRING (479599.9513592719 5694496.413719525,479637.13616606075 5694569.606390737,479710.43199920445 5694705.938542546)
2552;Richtungsgleis;4,7 + 60;5,3 + 70;100470060;100530070;4,7;60;5,3;70;620;Aachen West - (DB-Grenze);Gemmenicher Tunnel;Nordrhein-Westfalen;Kreis Städteregion Aachen;LINESTRING (3290463.9285792117 5628681.460155313,3289900.387132483 5628446.616998907);LINESTRING (6.029285513162811 50.755740474458314,6.02144410517 50.75342866200302);LINESTRING (290472.1969620215 5626871.240916961,289909.0430175678 5626636.587527547)
2600;Richtungsgleis;57,2 + 19;57,3 + 14;105720019;105730014;57,2;19;57,3;14;95;Köln - Aachen (DB-Grenze);Ichenberger-Tunnel  l=95m;Nordrhein-Westfalen;Kreis Städteregion Aachen;LINESTRING (3306058.1381220203 5634562.309168736,3306008.93047811 5634558.03680066,3305963.570206938 5634551.410778961);LINESTRING (6.246911402117505 50.813961557227785,6.246216261884211 50.813906726505024,6.245576894135815 50.813832046622686);LINESTRING (306060.3275676351 5632749.599661436,306011.13642074843 5632745.329031309,305965.7913399278 5632738.7054951275)
2600;Streckenachse;63,5 + 77;63,7 + 2;106350077;106370002;63,5;77;63,7;2;125;Köln - Aachen (DB-Grenze);Nirmer Tunnel;Nordrhein-Westfalen;Kreis Städteregion Aachen;LINESTRING (3300766.307711048 5631872.478707617,3300642.9318485726 5631851.871763052);LINESTRING (6.173374861414934 50.788016314766026,6.171638563542457 50.787788911489606);LINESTRING (300770.6112425302 5630061.108001886,300647.29221073934 5630040.517032294)
2600;Richtungsgleis;63,8 + 77;64,2 + 34;106380077;106420034;63,8;77;64,2;34;357;Köln - Aachen (DB-Grenze);Eilendorfer Tunnel;Nordrhein-Westfalen;Kreis Städteregion Aachen;LINESTRING (3300468.5773585504 5631826.430718047,3300116.302479902 5631767.598623737);LINESTRING (6.169182864698668 50.78750054801733,6.164225382923156 50.7868510647391);LINESTRING (300473.0060446587 5630015.092407723,300120.8497564602 5629956.2915508)
2600;Gegenrichtungsgleis;73,5 + 57;74,2 + 68;107350057;107420068;73,5;57;74,2;68;711;Köln - Aachen (DB-Grenze);Buschtunnel Röhre 2;Nordrhein-Westfalen;Kreis Städteregion Aachen;LINESTRING (3292818.913463439 5627211.865825772,3292754.4590278314 5627165.122849954,3292688.3975320673 5627120.354169832,3292620.9421743685 5627077.714280483,3292552.1614090526 5627037.24672416,3292490.9466241626 5627003.652224335,3292432.164672915 5626973.393001104,3292201.139272178 5626861.4183600275);LINESTRING (6.06344080662073 50.7433919900174,6.062555120896779 50.74294936751472,6.061645604096362 50.74252388946776,6.060715185455811 50.74211701838713,6.059764808473179 50.741729169105625,6.058917624805073 50.741405717127556,6.058102995571529 50.74111307064256,6.0548975149572914 50.740025252440596);LINESTRING (292826.22206433746 5625402.287519302,292761.7886165549 5625355.560707267,292695.74863929884 5625310.807575386,292628.3152344803 5625268.18260448,292559.5568750943 5625227.729276677,292498.36204860173 5625194.1466484815,292439.59927658783 5625163.89817074,292208.6493767 5625051.963560886)
2600;Richtungsgleis;73,5 + 61;74,2 + 52;107350061;107420052;73,5;61;74,2;52;691;Köln - Aachen (DB-Grenze);Buschtunnel Röhre 1;Nordrhein-Westfalen;Kreis Städteregion Aachen;LINESTRING (3292800.2453602864 5627230.277086614,3292204.6512340405 5626889.123515899);LINESTRING (6.063166324938317 50.743550621263076,6.054931588704977 50.74027523081373);LINESTRING (292807.5601783471 5625420.6927592745,292212.1602563787 5625079.659346653)
2620;Streckenachse;10,2 + 72;10,5 + 9;101020072;101050009;10,2;72;10,5;9;237;Köln - Köln-Worringen;Tunnel;Nordrhein-Westfalen;Kreisfreie Stadt Köln;LINESTRING (3352430.1577287717 5655784.900734194,3352542.7838851777 5655993.49897893);LINESTRING (6.895804508240953 51.01827155720878,6.897323707179964 51.02017424603629);LINESTRING (352415.82064444467 5653964.072787479,352528.40352399927 5654172.586969718)
2620;Streckenachse;10,7 + 34;11,4 + 19;101070034;101140019;10,7;34;11,4;19;685;Köln - Köln-Worringen;S-Bahn-Tunnel Köln-Chorweiler;Nordrhein-Westfalen;Kreisfreie Stadt Köln;LINESTRING (3352621.387094842 5656203.099476552,3352624.246784474 5656218.923797707,3352626.8982844395 5656268.719782765,3352622.515786509 5656318.477767943,3352611.3412905945 5656367.199753533,3352594.0857964708 5656414.052239778,3352571.2878039693 5656458.576226803,3352543.6593128685 5656500.211714766,3352512.922822665 5656539.702703416,3352385.817863039 5656694.165159136,3352355.3678727522 5656733.829147731,3352314.392485806 5656789.41035153);LINESTRING (6.898358041506824 51.0220772035105,6.898392342833699 51.02222008405634,6.898409878380706 51.02266807447071,6.898327243887933 51.0231139214058,6.898148288839696 51.02354872171938,6.897883476386855 51.02396516992352,6.897540661210695 51.02435928029998,6.897130210914011 51.0247262042721,6.89667635680704 51.02507306604122,6.894803056401769 51.026427973681635,6.894353178682776 51.02677645349023,6.8937468860673015 51.02726521070401);LINESTRING (352606.9770312535 5654382.1032714695,352609.8357044304 5654397.92126011,352612.4865367849 5654447.697367682,352608.1061757015 5654497.435545585,352596.9365167841 5654546.13819018,352579.6882697755 5654592.972128512,352556.8997161904 5654637.478539528,352529.28256751783 5654679.097641113,352498.55864224234 5654718.573122859,352371.50557322253 5654872.974979829,352341.0680349429 5654912.623390321,352300.10942144506 5654968.182751253)
2620;Streckenachse;11,6 + 54;12,7 + 75;101160054;101270075;11,6;54;12,7;75;1121;Köln - Köln-Worringen;U Tunnel K.Volk.-K.Bl;Nordrhein-Westfalen;Kreisfreie Stadt Köln;LINESTRING (3352178.0287080305 5656980.788597568,3352152.096437895 5657018.820065568,3352125.9854463544 5657061.447553214,3352101.864954236 5657105.256540475,3352080.4314613356 5657150.42902729,3352061.430967724 5657196.684013742,3352045.1549733123 5657243.943499855,3351987.9874933353 5657435.672943374,3351971.3349990346 5657482.787929537,3351951.300505725 5657528.602416139,3351928.204013309 5657572.935403231,3351901.9330218146 5657615.473890909,3351872.7265311675 5657656.061879215,3351840.7015413297 5657694.440368223,3351806.428052134 5657730.875857846,3351770.5365633974 5657765.698847981,3351733.0185751203 5657798.77233866,3351694.0855872403 5657830.152829871,3351653.7620997485 5657859.726821639,3351612.145112614 5657887.4503139835,3351590.7199800415 5657900.354709814);LINESTRING (6.891726474312829 51.02894929730333,6.891341568903182 51.029284261342156,6.8909522378074834 51.02966046329818,6.890590773350831 51.03004778896112,6.8902670235168015 51.0304480526142,6.889977485316726 51.03085866506556,6.889726343836056 51.03127900091469,6.888833695973467 51.03298655818675,6.888577227453233 51.03340549623964,6.888273104464471 51.03381188077183,6.887925958788232 51.03420416791988,6.887534314810811 51.03457951670442,6.88710164058378 51.03493658692833,6.886629708414721 51.03527308174012,6.886126529818276 51.03559154148578,6.885600952260827 51.03589509711591,6.885052910764452 51.03618251549898,6.8844853956310725 51.036454358403674,6.883898802611078 51.03670961232804,6.883294532023072 51.03694790678322,6.882984001019415 51.03705829398599);LINESTRING (352163.8015148053 5655159.485750659,352137.8798824656 5655197.5022562295,352111.7796359415 5655240.112950149,352087.66910439054 5655283.904656984,352066.2445113121 5655329.059298644,352047.25195585925 5655375.2959892545,352030.9828211027 5655422.536757661,351973.83963621175 5655614.190195087,351957.19415055285 5655661.286524156,351937.1680042349 5655707.082898726,351914.0810681455 5655751.398388512,351887.8208847208 5655793.920119306,351858.62635736563 5655834.492151482,351826.6144373616 5655872.855587474,351792.3548993465 5655909.276816465,351756.4779943195 5655944.086201625,351718.9752245975 5655977.146797686,351680.0580062276 5656008.5150804445,351639.75082854275 5656038.077594997,351598.15065249125 5656065.790358145,351576.73416384123 5656078.68977595)
2620;Streckenachse;13,0 + 0;13,8 + 50;101300000;101380050;13;0;13,8;50;850;Köln - Köln-Worringen;Kreuzfeld Tunnel;Nordrhein-Westfalen;Kreisfreie Stadt Köln;LINESTRING (3351387.6012647003 5657996.213285905,3351339.700195946 5658010.60078131,3351290.9662106843 5658021.726278723,3351241.5412255754 5658029.283777217,3351191.700240535 5658033.267276786,3351141.712255484 5658033.65327743,3351091.7982703587 5658030.626779096,3351043.1937848125 5658025.667781318,3350992.822299733 5658016.668284778,3350796.326357892 5657978.768299095,3350746.6873726407 5657972.93880159,3350696.7793875085 5657969.628303343,3350596.869417421 5657972.846803895,3350547.2594323447 5657979.104302779,3350498.123447173 5657988.397800749,3350449.602461859 5658000.495297865,3350401.95747633 5658015.639794063,3350355.4284905153 5658033.95828929,3350310.180504363 5658055.262283608,3350266.34401783 5658079.312777081,3350224.119030857 5658106.094269717,3350183.635043403 5658135.448761554,3350145.0855554077 5658167.300752616,3350108.5855668355 5658201.475242955,3350074.315077631 5658237.885732589,3350042.492087727 5658276.433721552,3350012.915597179 5658316.761209945,3349985.66310596 5658358.681197826,3349959.8721143184 5658401.548685401,3349837.772153987 5658610.879624684,3349789.1246698527 5658698.262099305,3349765.612806333 5658743.903534391);LINESTRING (6.880050829409051 51.03786690145503,6.87936246185984 51.037983756889304,6.878663562362459 51.038071091114645,6.877956279748498 51.038126191953374,6.877244535989808 51.038149076552564,6.876532174786654 51.03813960340268,6.875822270310174 51.0380994915522,6.875131818405979 51.03804235558005,6.8744178542543155 51.037948462950254,6.871633904511807 51.037557059006744,6.8709290862622225 51.03749181044181,6.87021940001254 51.03744911517908,6.868794636845481 51.0374520723979,6.868085254063968 51.03749538788328,6.867381371014624 51.03756609368311,6.8666850910526405 51.037662142578995,6.8660000313160925 51.03778578539141,6.865329557578385 51.037938225567366,6.864676097382014 51.038117813072375,6.864041607782844 51.038322435312516,6.8634289438856415 51.03855200545724,6.862840015373176 51.03880513832806,6.862277609847184 51.03908120652309,6.8617434377871565 51.039378668440385,6.861240099361756 51.0396967944058,6.860770741308411 51.040034756889604,6.860332648057995 51.04038928807987,6.859927001474524 51.04075872880192,6.859541779872723 51.04113706049713,6.8577153270674165 51.04298551779183,6.856985934532813 51.043757729764444,6.856631988994616 51.04416156393987);LINESTRING (351373.6971890058 5656174.511717477,351325.8153326189 5656188.893850633,351277.10086630844 5656200.015293047,351227.6956477539 5656207.57016469,351177.8745671747 5656211.552465804,351127.90651704866 5656211.938703651,351078.0124106421 5656208.913802677,351029.42726655165 5656203.957162594,350979.07579588017 5656194.961648727,350782.65790710313 5656157.078313038,350733.0386689779 5656151.251528384,350683.1505579313 5656147.942740623,350583.28045044374 5656151.160739336,350533.6902954521 5656157.416131087,350484.5739751038 5656166.706307597,350436.072431316 5656178.799360341,350388.446561845 5656193.938190306,350341.93627191737 5656212.249744931,350296.706494216 5656233.545598154,350252.88767479267 5656257.586844316,350210.6797337209 5656284.357988046,350170.21211808803 5656313.701091374,350131.67825008946 5656345.5406829165,350095.193082467 5656379.701831609,350060.93654271786 5656416.098070562,350029.12654308265 5656454.6309373705,349999.56216096226 5656494.942576473,349972.32086396776 5656536.846061885,349946.5404912096 5656579.696657751,349824.49085277366 5656788.945081327,349775.8634491516 5656876.293092739,349752.36131741235 5656921.916512243)
2630;Richtungsgleis;125,7 + 33;126,1 + 0;112570033;112610000;125,7;33;126,1;0;367;Köln - Bingen;Banktunnel;Rheinland-Pfalz;Landkreis Rhein-Hunsrück-Kreis;LINESTRING (3408584.4753095363 5557702.662991921,3408598.698576783 5557685.342345978,3408610.4629713004 5557669.335468372,3408621.407367696 5557652.757593952,3408633.419746219 5557632.169248405,3408642.466647661 5557614.483879867,3408652.132032978 5557592.694540412,3408660.465922602 5557570.362203445,3408666.3708342095 5557551.395340777,3408675.2856681393 5557512.691617976,3408678.1840934297 5557493.711752473,3408680.371510894 5557471.311409999,3408681.2983692465 5557428.833705398,3408679.914540642 5557360.691269061);LINESTRING (7.719939823946345 50.14844301654247,7.720142927012823 50.148289530174736,7.720311320350835 50.14814747274401,7.720468379971327 50.14800015657945,7.72064133847015 50.14781695845907,7.720772120655588 50.14765939534652,7.7209125366641365 50.147465040690186,7.721034457789477 50.14726560031261,7.721121596828189 50.14709603476614,7.721255565213573 50.14674953692749,7.721300653917048 50.14657939141423,7.721336617110341 50.14637839301846,7.721359759695153 50.14599674436068,7.72135673268616 50.14538406421918);LINESTRING (408545.9674391037 5555919.832898797,408560.18500984705 5555902.518926874,408571.94468493486 5555886.518229192,408582.88468310516 5555869.946766043,408594.8922232195 5555849.366396652,408603.9354706877 5555831.687890805,408613.5969389256 5555809.907019591,408621.927434791 5555787.583375733,408627.82992732525 5555768.623906454,408636.7410628017 5555729.935298193,408639.63825621747 5555710.962857676,408641.82470684557 5555688.571289164,408642.75100365514 5555646.110251173,408641.3674081516 5555577.9945762735)
2630;Richtungsgleis;127,6 + 67;127,9 + 3;112760067;112790003;127,6;67;127,9;3;236;Köln - Bingen;Bett-Tunnel;Rheinland-Pfalz;Landkreis Rhein-Hunsrück-Kreis;LINESTRING (3409469.4215952307 5556261.291582987,3409493.0845377413 5556247.802886177,3409518.387950683 5556230.660613323,3409542.2063671667 5556211.509354683,3409564.401787911 5556190.457108896,3409584.81271357 5556167.648374185,3409601.0901529277 5556146.378613891,3409617.7740888796 5556120.7178948475,3409631.034166654 5556096.349109194);LINESTRING (7.732660411758493 50.13562359395236,7.732994512624074 50.135505966332225,7.733352418800091 50.1353557492127,7.73369003350858 50.13518724761157,7.734005401219257 50.13500141137199,7.734296229234212 50.134799514827854,7.734528889078921 50.134610820246934,7.734768272046457 50.134382720710875,7.734959469247245 50.13416571123645);LINESTRING (409430.5540022837 5554479.017881725,409454.20746625506 5554465.534198933,409479.5007239764 5554448.398348861,409503.30955916026 5554429.254312997,409525.4960277793 5554408.210049288,409545.89869548124 5554385.410001269,409562.1695264431 5554364.148370833,409578.8466606074 5554338.4974913765,409592.10130354296 5554314.138077388)
2630;Streckenachse;128,2 + 31;128,5 + 20;112820031;112850020;128,2;31;128,5;20;289;Köln - Bingen;Kammerecktunnel;Rheinland-Pfalz;Landkreis Rhein-Hunsrück-Kreis;LINESTRING (3409721.997016143 5555781.304950174,3409725.8584467904 5555762.792991716,3409733.767657617 5555713.40548307,3409739.2073731027 5555663.661972371,3409739.6986015867 5555613.857445603,3409732.9118513674 5555564.345886656,3409719.3341273568 5555516.259282364,3409711.212600342 5555497.717269446);LINESTRING (7.7363060198487945 50.1313479063571,7.736364394334299 50.13118210622228,7.736486673649629 50.13073940880999,7.736574505586898 50.130293135825546,7.736593159536558 50.129845561676056,7.7365099825610235 50.12939951372756,7.736331518858696 50.12896524029713,7.736222352933292 50.12879734695451);LINESTRING (409683.02632497647 5553999.21591262,409686.886178765 5553980.711133252,409694.79213212326 5553931.342801331,409700.2295691855 5553881.61863099,409700.7204825509 5553831.833523812,409693.9363055624 5553782.341356626,409680.3638525511 5553734.273673388,409672.24550302856 5553715.738993099)
2631;Streckenachse;51,1 + 7;51,5 + 79;105110007;105150079;51,1;7;51,5;79;472;Hürth-Kalscheuren - Ehrang;Kaller Tunnel;Nordrhein-Westfalen;Kreis Euskirchen;LINESTRING (3328680.68925978 5604410.979452867,3328274.32172834 5604170.7376489);LINESTRING (6.581562965323961 50.55028974449831,6.57594509469329 50.54801281793593);LINESTRING (328673.83334172756 5602610.183274907,328267.59793456155 5602370.023726951)
2631;Streckenachse;124,4 + 17;124,5 + 94;112440017;112450094;124,4;17;124,5;94;177;Hürth-Kalscheuren - Ehrang;TU  Dechentunnel;Rheinland-Pfalz;Landkreis Eifelkreis Bitburg-Prüm;LINESTRING (3328340.1602968485 5548588.167543392,3328351.144062113 5548558.998407784,3328362.1749175414 5548510.241642011,3328366.7083057985 5548460.514887439,3328365.009711383 5548414.674051105);LINESTRING (6.602113741856139 50.0487839913211,6.60228002346678 50.0485251442478,6.602455729656503 50.04809036321779,6.6025412306028555 50.04764499594276,6.602538058200546 50.04723273771791);LINESTRING (328333.2065070437 5546809.25044641,328344.1857781132 5546780.092739777,328355.21200364956 5546731.355127991,328359.7433165691 5546681.647952819,328358.0451336601 5546635.825201734)
2631;Streckenachse;125,6 + 93;125,9 + 10;112560093;112590010;125,6;93;125,9;10;217;Hürth-Kalscheuren - Ehrang;TU  Kyllberger Tunnel;Rheinland-Pfalz;Landkreis Eifelkreis Bitburg-Prüm;LINESTRING (3327650.864198538 5547828.485184398,3327545.662682369 5547834.93328946,3327495.6076602484 5547833.884971092,3327446.265109339 5547827.283682399,3327435.073666428 5547823.88573561);LINESTRING (6.592839729030163 50.04176100568033,6.591369516291621 50.041788471391854,6.590671838294047 50.041764558071826,6.589986596876446 50.04169096745735,6.589832032002936 50.04165720268695);LINESTRING (327644.1819062262 5546049.871017679,327539.0224574069 5546056.317008529,327488.987438597 5546055.269306285,327439.6645932108 5546048.67081631,327428.47761546634 5546045.27425223)
2631;Streckenachse;127,0 + 1;128,2 + 67;112700001;112820067;127;1;128,2;67;1266;Hürth-Kalscheuren - Ehrang;TU  Wilsecker Tunnel;Rheinland-Pfalz;Landkreis Eifelkreis Bitburg-Prüm;LINESTRING (3327059.8421508335 5546893.134307267,3327047.6517314063 5546847.334401859,3327030.6699757706 5546800.279715,3326995.0435344833 5546706.821924465,3326956.560631383 5546614.455670954,3326660.084590412 5545871.125312647,3326642.3149949815 5545824.332649267,3326622.8034250666 5545778.297485006,3326600.8203649027 5545733.33680521,3326591.49821454 5545718.1003906485);LINESTRING (6.585018081512131 50.033187911590566,6.584868729356972 50.03277297598553,6.5846531308455525 50.03234537804624,6.584198462323953 50.03149555097807,6.583703485727426 50.03065469730429,6.579905031051112 50.02389158374031,6.579678411465259 50.02346610165769,6.579427166911704 50.02304691657506,6.579140983891863 50.0226366633865,6.57901789664139 50.02249709052314);LINESTRING (327053.39300548297 5545114.8910311805,327041.20735798567 5545069.109194663,327024.2322833749 5545022.073115402,326988.61980322085 5544928.652209284,326950.15197209 5544836.322388886,326653.79224340833 5544093.2859969055,326636.0294856392 5544046.511819028,326616.5254292727 5544000.494851815,326594.5508680312 5543955.551974175,326585.232340305 5543940.32161256)
2631;Streckenachse;133,2 + 94;133,7 + 14;113320094;113370014;133,2;94;133,7;14;420;Hürth-Kalscheuren - Ehrang;Mettericher Tunnel  TL=420;Rheinland-Pfalz;Landkreis Eifelkreis Bitburg-Prüm;LINESTRING (3325870.0698544816 5541252.813495374,3325874.900463161 5541227.305809339,3325882.9619240863 5541198.018109659,3325892.316887656 5541173.197867135,3325901.7198547972 5541151.680093019,3325910.1873280527 5541134.991270354,3325926.340282442 5541108.186560082,3325940.6922463514 5541088.460278132,3325956.801208725 5541068.553502607,3325975.4096690686 5541048.973729309,3325992.7956347167 5541032.969919664,3326005.5996107287 5541022.237550163,3326031.9175645392 5541002.888792783,3326083.7829815703 5540970.307723037,3326128.6938755726 5540943.405733446);LINESTRING (6.570982720103517 49.982177643764075,6.571061553009744 49.981949931494476,6.571187101366084 49.981689207936675,6.571328645649496 49.98146899031891,6.571469363311401 49.98127845079863,6.571594864097929 49.98113101408066,6.57183199731993 49.98089495326639,6.57204083946381 49.9807219484266,6.572274236254302 49.98054783426975,6.572542300727491 49.98037738570603,6.57279171761783 49.98023870106723,6.572974924574991 49.98014603068796,6.573350269962993 49.97997990273038,6.574087456656854 49.97970235938109,6.574725196848033 49.979473797567756);LINESTRING (325864.0776781731 5539476.786870943,325868.9061959302 5539451.289076171,325876.964255229 5539422.012712358,325886.31533170445 5539397.202054531,325895.7144139586 5539375.69257739,325904.1784062951 5539359.010178699,325920.3247529218 5539332.215762093,325934.67087226995 5539312.497032067,325950.7732885764 5539292.59786086,325969.3742091472 5539273.025540166,325986.7531449507 5539257.027800522,325999.5519504499 5539246.299490151,326025.85929388436 5539226.958018952,326077.70383465826 5539194.389139554,326122.59665601223 5539167.497183876)
2631;Streckenachse;140,1 + 27;140,3 + 91;114010027;114030091;140,1;27;140,3;91;264;Hürth-Kalscheuren - Ehrang;Philippsheimer Tunnel  TL=268m;Rheinland-Pfalz;Landkreis Eifelkreis Bitburg-Prüm;LINESTRING (3329493.5830249307 5537131.420422354,3329483.786905232 5537106.2236768585,3329473.6022868776 5537068.480859804,3329469.528191321 5537043.742968361,3329467.3940773783 5537018.004071487,3329468.170366139 5536976.804215671,3329470.6927224207 5536947.427822684,3329479.5190489604 5536871.7020992);LINESTRING (6.623284828628484 49.94620219216696,6.623159605702733 49.94597305817314,6.623034524326892 49.94563111369636,6.622988752380467 49.94540773424901,6.622970428186767 49.94517591653813,6.622999454308174 49.9448060458902,6.623047556333651 49.94454288190801,6.623203902860458 49.943865167497975);LINESTRING (329486.13860417035 5535356.989976285,329476.346264621 5535331.803234051,329466.1655468275 5535294.075385616,329462.0929869246 5535269.347296787,329459.95964466245 5535243.618593096,329460.73552315275 5535202.435042541,329463.2567936905 5535173.070256472,329472.07936333434 5535097.374406294)
2631;Streckenachse;140,9 + 29;141,2 + 62;114090029;114120062;140,9;29;141,2;62;333;Hürth-Kalscheuren - Ehrang;Friedrich-Wilhelm-Tunnel  TL=333m;Rheinland-Pfalz;Landkreis Eifelkreis Bitburg-Prüm;LINESTRING (3329515.3035248113 5536335.528067141,3329515.2174307397 5536274.675553199,3329512.8897710238 5536244.11765959,3329510.173686873 5536226.199726928,3329503.4810638214 5536196.732846837,3329493.101955827 5536165.536988705,3329478.649370682 5536133.613653047,3329470.2103398335 5536118.333739845,3329460.0243151896 5536102.1458386965,3329447.511798346 5536084.683954094,3329426.170794383 5536059.399140229,3329401.608273865 5536035.843410819);LINESTRING (6.62393901605264 49.939058999999745,6.623964712288594 49.93851234538675,6.623945820864283 49.93823718393047,6.623915937197536 49.93807545477224,6.623835812589943 49.93780884864175,6.623705144962097 49.937525659668125,6.623518106576781 49.93723477363553,6.623407408268329 49.937095108633905,6.62327279783215 49.93694678876121,6.623106372104552 49.936786360900086,6.6228205348966025 49.93655314121905,6.622489100340156 49.93633453356351);LINESTRING (329507.8480947097 5534561.412025614,329507.7619257588 5534500.583619623,329505.4351243958 5534470.037842176,329502.7200737129 5534452.127019212,329496.0300238994 5534422.671839009,329485.6549333446 5534391.488377241,329471.20796417794 5534359.577736827,329462.772219099 5534344.303903492,329452.59016487957 5534328.122446019,329440.0825301978 5534310.6675149705,329418.74986234936 5534285.392775175,329394.1969422721 5534261.8464421015)
2631;Streckenachse;142,7 + 30;143,0 + 23;114270030;114300023;142,7;30;143;23;293;Hürth-Kalscheuren - Ehrang;Loskyller Tunnel  TL=293m;Rheinland-Pfalz;Landkreis Eifelkreis Bitburg-Prüm;LINESTRING (3329046.500338788 5534878.9807857685,3329042.9150485178 5534850.229059862,3329036.0284709786 5534818.578176343,3329032.536445267 5534806.028230467,3329021.866902081 5534776.742383319,3329001.593873911 5534734.178660732,3328961.5338314218 5534655.144592783,3328937.366129066 5534609.494954451);LINESTRING (6.6180593636210645 49.925841167375,6.618022209244155 49.925581869928834,6.617940404043306 49.92529558591912,6.617897373017407 49.92518185324477,6.617761884825859 49.92491573227749,6.617498655446989 49.924527591918725,6.616976271917673 49.92380618438919,6.616660232423587 49.923389207983064);LINESTRING (329039.2257804705 5533105.443916591,329035.6417919976 5533076.703621647,329028.75780330284 5533045.0653152885,329025.26710316667 5533032.5203542225,329014.6016432131 5533003.246131847,328994.33641847456 5532960.699285342,328954.2918209409 5532881.696654877,328930.1335296753 5532836.065229044)
2631;Streckenachse;143,9 + 21;144,1 + 21;114390021;114410021;143,9;21;144,1;21;200;Hürth-Kalscheuren - Ehrang;Heinzkyller Tunnel;Rheinland-Pfalz;Landkreis Eifelkreis Bitburg-Prüm;LINESTRING (3328436.8269084324 5533934.480371767,3328459.6468272153 5533735.792480845);LINESTRING (6.609995791798426 49.91718229418706,6.6104015038301895 49.915404062642594);LINESTRING (328429.78937265795 5532161.318296588,328452.59978990705 5531962.709286817)
2631;Streckenachse;149,1 + 47;149,2 + 85;114910047;114920085;149,1;47;149,2;85;138;Hürth-Kalscheuren - Ehrang;Kyller-Tunnel;Rheinland-Pfalz;Landkreis Eifelkreis Bitburg-Prüm;LINESTRING (3327995.009964684 5529616.9128533155,3328014.2573882225 5529615.315265174,3328047.727120073 5529616.515143852,3328078.8178754104 5529620.9745213,3328098.6927209008 5529625.4424378285,3328121.6455444326 5529632.425835411,3328130.3748141937 5529635.96410108);LINESTRING (6.605770078356919 49.87827151879199,6.606038340414648 49.87826269492173,6.606503059280527 49.87828308283479,6.6069332613765255 49.87833206565638,6.6072075513921815 49.8783779047292,6.607523511048272 49.87844722264612,6.6076432832071745 49.878481511306916);LINESTRING (327988.12873479014 5527845.459823685,328007.368616428 5527843.862792035,328040.8252575917 5527845.06206029,328071.9038735044 5527849.519544575,328091.77096914104 5527853.985610058,328114.7148543969 5527860.966147581,328123.4407304736 5527864.502975947)
2631;Richtungsgleis;160,8 + 36;161,2 + 86;116080036;116120086;160,8;36;161,2;86;450;;;Rheinland-Pfalz;Kreisfreie Stadt Trier;LINESTRING (3331886.2717981804 5522835.354845618,3332168.5493708462 5522600.5831607105,3332184.7286876654 5522585.6691961475,3332198.6060206993 5522571.263238064,3332211.5033538104 5522555.973790404,3332223.6190437973 5522539.4699923);LINESTRING (6.662803725770111 49.818455893323936,6.666824366299688 49.816425855509515,6.667055436528995 49.81629640186892,6.667254326546113 49.81617086781928,6.667439991457391 49.816037122777,6.667615328062304 49.815892250009725);LINESTRING (331877.8435061645 5521066.553544529,332160.00991486 5520831.8738968875,332176.18283986056 5520816.965732235,332190.0546881719 5520802.565382027,332202.9469212582 5520787.281892124,332215.0578173724 5520770.784530885)
2651;Streckenachse;39,0 + 66;39,3 + 3;103900066;103930003;39;66;39,3;3;237;Köln Messe/Deutz - Gießen;Tunnel Merten;Nordrhein-Westfalen;Kreis Rhein-Sieg-Kreis;LINESTRING (3386789.8816005783 5627242.9256500285,3386825.0602431353 5627254.303335307,3386871.293106624 5627273.32271851,3386915.8905772427 5627295.914476058,3386958.0297028143 5627322.055016655,3386999.321289768 5627351.1472394075);LINESTRING (7.394098326116884 50.76959408133757,7.394593303108002 50.76970318029703,7.395242570634773 50.76988309880296,7.395867571847523 50.77009479560435,7.396456653608454 50.77033789880151,7.397032825301071 50.770607357196056);LINESTRING (386760.19548423495 5625432.946167538,386795.3625539467 5625444.320102472,386841.5802468464 5625463.333143591,386886.16312086507 5625485.917271414,386928.28850436007 5625512.049001823,386969.5666597298 5625541.131432619)
2651;Streckenachse;50,4 + 83;50,8 + 54;105040083;105080054;50,4;83;50,8;54;371;Köln Messe/Deutz - Gießen;Tunnel Herchen  Länge 370m;Nordrhein-Westfalen;Kreis Rhein-Sieg-Kreis;LINESTRING (3395450.166264554 5627862.403991803,3395444.5006585843 5627882.507152938,3395434.119443542 5627931.404694091,3395427.068149814 5627980.895918396,3395423.275051859 5628030.743942613,3395422.8444111906 5628080.730427037,3395425.752499361 5628130.63082274,3395431.9468332343 5628180.235133382,3395441.739708104 5628229.563595924);LINESTRING (7.516643007235624 50.77678581559789,7.51655699460492 50.77696544701809,7.516395960735291 50.777402982518076,7.516281950615258 50.77784645300518,7.516214016296603 50.77829371700023,7.5161936989116676 50.77874283133035,7.516220727359109 50.77919177389707,7.5162944188289185 50.77963864813467,7.516419195330819 50.78008369211258);LINESTRING (395417.10562387976 5626051.971045557,395411.4385615569 5626072.064631455,395401.05159769976 5626120.938194143,395393.9923095659 5626170.404493697,395390.19971968536 5626220.23362242,395389.77078756713 5626270.202668571,395392.67952180136 5626320.085722584,395398.87344168196 5626369.672868713,395408.664734244 5626418.98435192)
2651;Streckenachse;53,6 + 50;53,7 + 80;105360050;105370080;53,6;50;53,7;80;130;Köln Messe/Deutz - Gießen;Hoppengartener Tunnel;Nordrhein-Westfalen;Kreis Rhein-Sieg-Kreis;LINESTRING (3396472.735134658 5630763.563133602,3396574.2788890307 5630844.790298524);LINESTRING (7.530318642149736 50.80303991455374,7.53173575356906 50.8037879749782);LINESTRING (396439.3450121659 5628951.874024718,396540.8544328911 5629033.071387765)
2651;Streckenachse;59,1 + 8;59,3 + 43;105910008;105930043;59,1;8;59,3;43;235;Köln Messe/Deutz - Gießen;Tunnel  Länge 238m;Nordrhein-Westfalen;Kreis Rhein-Sieg-Kreis;LINESTRING (3401582.312461113 5630850.466540902,3401613.103717021 5630817.404066978,3401644.2027973533 5630778.272214835,3401672.2345194947 5630736.878020945,3401696.558993508 5630693.241473037,3401712.2397578117 5630656.694533093);LINESTRING (7.602755670027499 50.80471104445838,7.603201204978263 50.804419154050095,7.603652725274755 50.8040727711764,7.604061344593475 50.803705535380004,7.6044179834589585 50.80331751820098,7.604650139784854 50.80299174547097);LINESTRING (401546.87390858796 5629038.856148221,401577.6517581598 5629005.81438936,401608.7395310281 5628966.697265005,401636.7615102695 5628925.316569126,401661.0774517575 5628881.694298043,401676.75263122417 5628845.159357704)
2651;Streckenachse;72,9 + 58;73,3 + 2;107290058;107330002;72,9;58;73,3;2;344;Köln Messe/Deutz - Gießen;Schönsteintunnel;Rheinland-Pfalz;Landkreis Altenkirchen (Westerwald);LINESTRING (3412453.2131339903 5628471.8609394245,3412473.469438986 5628507.760460905,3412502.083758376 5628548.744750889,3412534.347031556 5628586.936556521,3412569.777780384 5628622.197859744,3412608.23300679 5628654.131661657,3412649.2967021842 5628682.638975579,3412695.1719808993 5628708.430949302);LINESTRING (7.757499971570748 50.785078455990096,7.757778593481327 50.78540414831133,7.758174500551608 50.78577679879436,7.758622810109025 50.786124901878686,7.759116729437416 50.786447143981015,7.759654325740236 50.78673993508316,7.760229724443584 50.7870023223055,7.760873990775938 50.78724102800996);LINESTRING (412413.47542570485 5626661.089739228,412433.7240421286 5626696.974948509,412462.32744530373 5626737.942856311,412494.5783693442 5626776.119349909,412529.9955053809 5626811.366488243,412568.4359073349 5626843.287430965,412609.483740498 5626871.783220921,412655.34126165276 5626897.564710624)
2651;Streckenachse;76,8 + 37;77,0 + 69;107680037;107700069;76,8;37;77;69;232;Köln Messe/Deutz - Gießen;Staade Tunnel;Rheinland-Pfalz;Landkreis Altenkirchen (Westerwald);LINESTRING (3415724.802840113 5629489.543611431,3415779.4474262544 5629515.897247812,3415867.7166612493 5629562.8675665315,3415929.6149662132 5629598.050991284);LINESTRING (7.80364794034766 50.79470937605236,7.804416757578485 50.7949541657791,7.805657663223019 50.79538911998288,7.80652734122867 50.795714304626365);LINESTRING (415683.78164165316 5627678.355123634,415738.4046978235 5627704.698000498,415826.6393322389 5627751.649040524,415888.51341530617 5627786.8180285)
2651;Streckenachse;79,3 + 43;79,3 + 75;107930043;107930075;79,3;43;79,3;75;32;Köln Messe/Deutz - Gießen;Mahlberg-Tunnel;Rheinland-Pfalz;Landkreis Altenkirchen (Westerwald);LINESTRING (3417711.3157445635 5629166.492925642,3417741.091755328 5629154.873225664);LINESTRING (7.83188921598985 50.79209139989315,7.832314021012666 50.79199119491231);LINESTRING (417669.506850095 5627355.420288299,417699.2710518685 5627343.804977333)
2651;Streckenachse;84,3 + 19;84,4 + 50;108430019;108440050;84,3;19;84,4;50;131;Köln Messe/Deutz - Gießen;Alsdorfer Tunnel;Rheinland-Pfalz;Landkreis Altenkirchen (Westerwald);LINESTRING (3421365.129513563 5627992.324907224,3421496.0605547177 5627995.646117196);LINESTRING (7.883949816125602 50.782045644879354,7.885805257681806 50.78209323403476);LINESTRING (421321.8646899024 5626181.70474529,421452.7433470425 5626185.024378574)
2651;Streckenachse;88,6 + 36;88,7 + 73;108860036;108870073;88,6;36;88,7;73;137;Köln Messe/Deutz - Gießen;Herdorfer Tunnel;Rheinland-Pfalz;Landkreis Altenkirchen (Westerwald);LINESTRING (3425025.212290208 5627294.976937304,3425087.688494613 5627280.799176692,3425159.34065092 5627267.329312905);LINESTRING (7.935980081788145 50.77626283469037,7.936868573365391 50.77614348123954,7.93788698537907 50.776031667453026);LINESTRING (424980.4906045444 5625484.6338716,425042.9418697354 5625470.461823359,425114.56527611346 5625456.997395364)
2655;Streckenachse;18,2 + 35;19,3 + 22;101820035;101930022;18,2;35;19,3;22;1087;Porz-Heumar - Overath;Hoffnungsthaler Tunnel;Nordrhein-Westfalen;Kreis Rheinisch-Bergischer Kreis;LINESTRING (3375338.097560341 5643869.109966002,3375399.4930951083 5643849.651101591,3375494.154507271 5643817.355684089,3376253.9872219535 5643566.955358592,3376301.258365364 5643550.593309777,3376348.950485262 5643535.616169218,3376370.8761051227 5643530.570746861);LINESTRING (7.226183614251828 50.91663196312111,7.2270628886869455 50.91647038208611,7.22841935011813 50.916200634941575,7.2393039098121985 50.91411417549193,7.239981300476926 50.91397729347915,7.240664201241781 50.91385294084199,7.240977528538973 50.91381230317974);LINESTRING (375313.05727279524 5642052.315704786,375374.4317759299 5642032.861896277,375469.0607371289 5642000.575040852,376228.6339736045 5641750.244496642,376275.8889761106 5641733.887154748,376323.5648215128 5641718.914256711,376345.48297383805 5641713.870176977)
2675;Richtungsgleis;5,6 + 89;5,7 + 49;100560089;100570049;5,6;89;5,7;49;60;Solingen Hbf - Remscheid;Weyersberg-Tunnel;Nordrhein-Westfalen;Kreisfreie Stadt Solingen;LINESTRING (3365485.4985211613 5671848.080439062,3365499.272186567 5671820.688422887,3365514.2815452702 5671795.257294354);LINESTRING (7.075769649449026 51.165779869599305,7.075976693904232 51.16553702686852,7.076200659326381 51.16531208997163);LINESTRING (365466.08214224456 5670020.744725822,365479.85009967163 5669993.363522982,365494.85327318695 5669967.94241616)
2675;Streckenachse;15,4 + 62;15,5 + 68;101540062;101550068;15,4;62;15,5;68;106;Solingen Hbf - Remscheid;Büchener Tunnel;Nordrhein-Westfalen;Kreisfreie Stadt Remscheid;LINESTRING (3372197.70792184 5673165.322015898,3372234.8941953294 5673172.828901428,3372284.839180409 5673174.399400077,3372302.7117495113 5673171.701697831);LINESTRING (7.171213378384685 51.1791523055189,7.171742229228606 51.17922805410063,7.172455556720286 51.179253315627655,7.172711975452181 51.17923306882397);LINESTRING (372175.62568881304 5671337.407994738,372212.79719482944 5671344.911592468,372262.72227826656 5671346.481069336,372280.5876998479 5671343.784301217)
2690;Streckenachse;20,1 + 30;20,7 + 55;102010030;102070055;20,1;30;20,7;55;625;;;Nordrhein-Westfalen;Kreis Rhein-Sieg-Kreis;LINESTRING (3368413.3988394164 5633277.479328561,3368964.7232248187 5632983.160913639);LINESTRING (7.131573381071788 50.81993616743302,7.13949801350474 50.81741681491429);LINESTRING (368391.12822115375 5631465.113553054,368942.2679210267 5631170.900147696)
2690;Streckenachse;27,4 + 11;27,9 + 96;102740011;102790096;27,4;11;27,9;96;2502;;;Nordrhein-Westfalen;Kreis Rhein-Sieg-Kreis;LINESTRING (3374251.077737478 5629126.966018732,3374292.5630083135 5629047.012260218,3374314.241614835 5629001.94251799,3374334.968362926 5628956.425635652,3374354.7356084012 5628910.48274384,3374373.5429489557 5628864.128207651,3374391.379338012 5628817.394787531,3374408.2283749967 5628770.298405588,3374424.076164955 5628722.860478994,3374438.9223207138 5628675.104417835,3374464.2924520965 5628583.636955669);LINESTRING (7.215793939413389 50.78394072645771,7.216409238104666 50.783231339207596,7.216731886118151 50.78283108801723,7.217041191170438 50.7824266121296,7.217337037962653 50.782018099854426,7.2176194161564835 50.781605680278474,7.217888158289938 50.781189645460564,7.218143026793598 50.78077013500591,7.218383817749075 50.780347338432385,7.218610518003607 50.779921466084375,7.219001273889979 50.779105125716434);LINESTRING (374226.5331367431 5627316.272069143,374267.9839236621 5627236.360251829,374289.6444195055 5627191.313570741,374310.3537916376 5627145.819575783,374330.1020442317 5627099.901257849,374348.8816804391 5627053.5786090195,374366.69270044914 5627006.875619709,374383.51861097454 5626959.808283662,374399.34541777323 5626912.398092409,374414.1726212303 5626864.668536571,374439.5119668585 5626773.24830936)
2690;Streckenachse;38,9 + 24;38,9 + 84;103890024;103890084;38,9;24;38,9;84;60;;;Nordrhein-Westfalen;Kreis Rhein-Sieg-Kreis;LINESTRING (3377867.8566422276 5618524.378874692,3377898.307422018 5618472.6575523885);LINESTRING (7.270567459124283 50.68944660029233,7.271015260941 50.68898825642446);LINESTRING (377841.7402729241 5616717.771086406,377872.19560396665 5616666.102632746)
2690;Streckenachse;39,2 + 14;40,3 + 42;103920014;104030042;39,2;14;40,3;42;1128;Köln - Frankfurt am M. Stadion;Tunnel Ittenbach;Nordrhein-Westfalen;Kreis Rhein-Sieg-Kreis;LINESTRING (3378015.0496062078 5618274.401582797,3378212.3666636455 5617940.397594204,3378317.6647236687 5617770.3729547495,3378372.8197294683 5617686.958884973,3378430.2157561006 5617605.069511522,3378489.9042310813 5617524.834484208,3378551.851943081 5617446.334663293,3378616.0092322263 5617369.638941119,3378642.569992951 5617339.661352283);LINESTRING (7.272731950840814 50.68723133927956,7.275632839613182 50.68427151463328,7.277178042603237 50.682765801694465,7.277985522397736 50.68202782151275,7.278824169162594 50.68130400338036,7.279694666964293 50.68059552231072,7.28059651902789 50.67990309722238,7.281529000041086 50.67922733605937,7.281914452206526 50.67896351263827);LINESTRING (377988.9548034206 5616468.048340787,378186.23384377646 5616134.225805879,378291.487971834 5615964.250865244,378346.59680711984 5615880.846243281,378403.95575577684 5615798.971992434,378463.6152986549 5615718.7570608035,378525.5424495623 5615640.282416309,378589.6877288 5615563.617031788,378616.2459060444 5615533.652901053)
2690;Streckenachse;40,5 + 54;40,8 + 9;104050054;104080009;40,5;54;40,8;9;255;;;Nordrhein-Westfalen;Kreis Rhein-Sieg-Kreis;LINESTRING (3378787.4313685456 5617184.968025174,3378821.2495897324 5617150.972001799,3378893.789921646 5617082.123811072,3378973.628067113 5617010.81873594);LINESTRING (7.28401373336156 50.67760370766099,7.284503104383776 50.677305278927946,7.285551454580065 50.67670174229613,7.286703779578241 50.67607763672571);LINESTRING (378761.09546147846 5615379.031494738,378794.8855592423 5615345.0357189765,378867.3655711133 5615276.186647197,378947.1373342588 5615204.8790390985)
2690;Streckenachse;41,2 + 83;42,5 + 23;104120083;104250023;41,2;83;42,5;23;1240;Köln - Frankfurt am M. Stadion;Tunnel Aegidienberg;Nordrhein-Westfalen;Kreis Rhein-Sieg-Kreis;LINESTRING (3379351.5878497832 5616725.322536166,3379451.967964234 5616661.436644121,3379537.475130514 5616609.601357763,3379710.1956956363 5616508.773958223,3380056.4175499678 5616308.446604471,3380227.4049818492 5616204.72713767,3380311.3230897267 5616150.347354757,3380410.6548088933 5616081.362857979);LINESTRING (7.292141584347225 50.67359076377811,7.2935817944268155 50.67303750883289,7.294807746079675 50.672589439556894,7.29728278153396 50.67171916126556,7.302243189084161 50.669990532494865,7.304694383952712 50.669093750070004,7.305898484166941 50.66862237135188,7.30732520724674 50.668022913914086);LINESTRING (379324.82757297426 5614919.380662594,379425.17448682303 5614855.514276831,379510.65344080963 5614803.694801318,379683.31718974333 5614702.898201638,380029.4268851994 5614502.631466338,380200.3593024124 5614398.944034884,380284.25087003404 5614344.581087737,380383.55129745085 5614275.618220418)
2690;Streckenachse;42,7 + 49;42,9 + 47;104270049;104290047;42,7;49;42,9;47;198;;;Nordrhein-Westfalen;Kreis Rhein-Sieg-Kreis;LINESTRING (3380589.8122818004 5615943.710859989,3380630.803263262 5615910.037319277,3380706.225638838 5615844.386044349,3380739.276694763 5615813.910719584);LINESTRING (7.309902660824997 50.66682279500438,7.31049306279517 50.666528622124375,7.311580558241049 50.66595416144954,7.312057653967942 50.665687091904964);LINESTRING (380562.65265180275 5614138.010181503,380603.63092547294 5614104.347525638,380679.02979613893 5614038.717645394,380712.0595264733 5614008.261098688)
2690;Streckenachse;44,5 + 45;45,5 + 36;104450045;104550036;44,5;45;45,5;36;991;Köln - Frankfurt am M. Stadion;Tunnel Rottbitze;Nordrhein-Westfalen;Kreis Rhein-Sieg-Kreis;LINESTRING (3381654.694591574 5614516.274780017,3381681.2719940045 5614465.704262222,3381729.098286275 5614377.890038676,3381778.4829525095 5614290.936816082,3381803.9212080175 5614247.89743475,3381829.913904995 5614205.182537989,3381883.735604965 5614120.900192256,3381939.9410533067 5614038.195774246,3381998.4817550634 5613957.1332805315,3382059.320316928 5613877.768573773,3382122.393089788 5613800.161350512,3382187.653940142 5613724.404108327,3382210.4710104526 5613699.403439556);LINESTRING (7.325414568392761 50.65421373239705,7.325806381589592 50.65376472111303,7.3265104165811294 50.65298536283921,7.327236179515085 50.65221405280186,7.327609455360083 50.65183247605865,7.327990458021406 50.65145392617575,7.328778032756248 50.65070750519645,7.329598770165077 50.64997574020608,7.330451963733937 50.64925919573453,7.331337066584382 50.6485583654643,7.332253159683989 50.647873772208975,7.33319956017215 50.64720623704612,7.333529970174056 50.64698620056679);LINESTRING (381626.9939681628 5612711.234337858,381653.56324011384 5612660.681877258,381701.37495403446 5612572.899062558,381750.74455250177 5612485.976891883,381776.1750573382 5612442.95287612,381802.15984334616 5612400.25322645,381855.96519117476 5612316.000954555,381912.15359961387 5612233.326033926,381970.6765885254 5612152.292439396,382031.49817272875 5612072.957148481,382094.5548780517 5611995.381137329,382159.7967251614 5611919.6543703955,382182.6066180591 5611894.663761992)
2690;Streckenachse;47,0 + 49;47,4 + 47;104700049;104740047;47;49;47,4;47;398;;;Rheinland-Pfalz;Landkreis Neuwied;LINESTRING (3383378.354787234 5612743.587574473,3383507.428089687 5612661.0608682325,3383715.483546114 5612532.065199422);LINESTRING (7.350335926445591 50.63863231577365,7.352185679378174 50.637916553330705,7.355165946475151 50.63679895811124);LINESTRING (383350.0248246839 5610939.215789129,383479.0459582989 5610856.720544114,383687.0171684077 5610727.773586988)
2690;Streckenachse;48,6 + 17;49,7 + 47;104860017;104970047;48,6;17;49,7;47;1130;Köln - Frankfurt am M. Stadion;Tunnel Günterscheid  ;Rheinland-Pfalz;Landkreis Neuwied;LINESTRING (3384710.378584811 5611916.366517699,3385671.29386168 5611321.7668453045);LINESTRING (7.3694149168807614 50.63146394836085,7.383174168687202 50.62631009574728);LINESTRING (384681.5106928552 5610112.305271611,385642.03819065227 5609517.933172253)
2690;Streckenachse;52,9 + 92;53,7 + 21;105290092;105370021;52,9;92;53,7;21;729;Köln - Frankfurt am M. Stadion;Tunnel Ammerich;Rheinland-Pfalz;Landkreis Neuwied;LINESTRING (3388462.869814348 5609696.262970864,3388539.5364747914 5609616.869250093,3388606.7179981917 5609542.803144818,3388671.7556011537 5609466.838612306,3388734.5902612684 5609389.053556929,3388795.189977756 5609309.506478849,3388824.6136069773 5609269.076681532,3388853.4892496676 5609228.261378468,3388919.852278243 5609129.924994756);LINESTRING (7.423098951478631 50.61224364066537,7.424205526653971 50.61154484626471,7.425176518585247 50.610892105240275,7.426117775906195 50.610221887256536,7.427028441953394 50.609534881838705,7.427908047635521 50.60883160929635,7.428335663239248 50.60847390625114,7.428755649272697 50.60811263297608,7.429722207294733 50.607241599691946);LINESTRING (388432.49097101175 5607893.062755136,388509.1264355519 5607813.699906482,388576.2805295445 5607739.662450802,388641.29146457405 5607663.727270056,388704.10026481294 5607585.972333578,388764.6749435004 5607506.456118251,388794.08637752023 5607466.04202953,388822.9500272942 5607425.242599052,388889.2853941882 5607326.94451238)
2690;Streckenachse;53,8 + 16;55,3 + 43;105380016;105530043;53,8;16;55,3;43;1527;Köln - Frankfurt am M. Stadion;Tunnel Fernthal;Rheinland-Pfalz;Landkreis Neuwied;LINESTRING (3388971.468919714 5609050.173064856,3389175.7240806576 5608722.2038282575,3389284.4704950014 5608554.351244389,3389341.309661948 5608472.086581122,3389400.366872111 5608391.39148071,3389461.701665623 5608312.405722576,3389525.2629312286 5608235.220923023,3389590.992461091 5608159.843964309,3389658.5271383505 5608086.086481605,3389727.399832693 5608013.584456378,3389895.9836512282 5607841.885531268);LINESTRING (7.4304749401391765 50.60653475616913,7.433457092397317 50.60362638075509,7.4350426392074525 50.602138659709624,7.435869698409248 50.60141018982027,7.436727582197915 50.60069623839624,7.437617089074684 50.59999807211826,7.438537469685104 50.59931650387519,7.439487899921355 50.59865158331549,7.4404633090619035 50.59800154698611,7.441457209497311 50.597363036761486,7.443888216757949 50.595851918382344);LINESTRING (388940.88065393246 5607247.223478448,389145.05088710005 5606919.381123346,389253.75164733856 5606751.593288578,389310.5668060201 5606669.360188413,389369.599091465 5606588.695944131,389430.90848081757 5606509.740499361,389494.44349535863 5606432.585317972,389560.1461582978 5606357.237397619,389627.65411288786 5606283.508816223,389696.4995431134 5606211.035223005,389865.01661097433 5606039.403719094)
2690;Richtungsgleis;62,0 + 31;62,1 + 28;106200031;106210028;62;31;62,1;28;97;;;Rheinland-Pfalz;Landkreis Neuwied;LINESTRING (3395452.7651952235 5604313.212296292,3395529.5041962503 5604253.828362299);LINESTRING (7.523332932742612 50.56516246080421,7.524432334493803 50.564642518136935);LINESTRING (395419.5833876318 5602512.079736617,395496.2915136824 5602452.718549278)
2690;Streckenachse;76,4 + 42;76,7 + 80;107640042;107670080;76,4;42;76,7;80;338;Köln - Frankfurt am M. Stadion;Tunnel Deesen;Rheinland-Pfalz;Landkreis Westerwaldkreis;LINESTRING (3407793.4709018017 5598436.610884398,3408047.1912986725 5598213.298045116);LINESTRING (7.698916405996109 50.514424521172536,7.7025476707533596 50.51245741334161);LINESTRING (407755.37703527877 5596637.72188542,408008.99558636785 5596414.494149604)
2690;Streckenachse;78,2 + 32;79,5 + 2;107820032;107950002;78,2;32;79,5;2;1270;Köln - Frankfurt am M. Stadion;Tunnel Oberhaider Wald;Rheinland-Pfalz;Landkreis Westerwaldkreis;LINESTRING (3409134.659681195 5597251.170031896,3409261.129100311 5597137.841445441,3409334.3033830933 5597069.686471924,3409406.442510428 5597000.442010905,3409477.366574309 5596929.944048112,3409547.104687303 5596858.272092961,3409615.6063500443 5596785.423645416,3409682.950562189 5596711.502704843,3409749.025754446 5596636.455805363,3409944.3720280477 5596408.772516221,3410010.2062117714 5596333.24710597);LINESTRING (7.71810939897968 50.50398005547432,7.719919170577206 50.50298111963674,7.720966883509992 50.50237990681192,7.7220002470312545 50.501768732423926,7.723016765605162 50.50114609497033,7.724016830125595 50.500512713975674,7.724999729570606 50.499868559600245,7.72596655199138 50.499214579151584,7.726915738652651 50.498550275645655,7.729723183752463 50.49653402456186,7.730668983989907 50.49586535221947);LINESTRING (409096.0301443515 5595452.729012251,409222.4497601091 5595339.443449653,409295.5954987544 5595271.314588958,409367.7066420591 5595202.096671578,409438.60326060676 5595131.6257644305,409508.3143434473 5595059.981335543,409576.789410728 5594987.160886313,409644.1074317264 5594913.268374586,409710.1569505454 5594838.250322609,409905.42763640033 5594610.653705392,409971.2364203145 5594535.156932504)
2690;Streckenachse;81,2 + 94;81,4 + 44;108120094;108140044;81,2;94;81,4;44;150;Köln - Frankfurt am M. Stadion;TO  Oberhaider Tunnel;Rheinland-Pfalz;Landkreis Westerwaldkreis;LINESTRING (3411314.067143649 5595107.63301663,3411383.431537726 5595025.19075655,3411409.6344387983 5594992.042815906);LINESTRING (7.749331185219483 50.485048813454036,7.750327847293716 50.48431834424446,7.750704810550211 50.48402438369137);LINESTRING (411274.5922301024 5593310.000016176,411343.92998725706 5593227.588877531,411370.1228220197 5593194.4534660345)
2690;Streckenachse;83,8 + 41;87,1 + 47;108380041;108710047;83,8;41;87,1;47;3306;Köln - Frankfurt am M. Stadion;Tunnel Dernbach;Rheinland-Pfalz;Landkreis Westerwaldkreis;LINESTRING (3412316.4058697545 5592795.709933589,3412339.0707938415 5592739.444131157,3412379.041842305 5592647.78608502,3412421.5863409406 5592557.290066199,3412466.6532879854 5592468.02307661,3412514.2216212936 5592380.066039964,3412564.245413778 5592293.480975432,3412616.687191683 5592208.343904642,3412671.503955556 5592124.717827237,3412728.664210111 5592042.650742649,3412788.100253215 5591962.245652674,3412849.788564167 5591883.550555541,3412913.662864406 5591806.604951835,3412979.689153995 5591731.499841126,3413047.786433213 5591658.292723105,3413117.937202093 5591587.017597609,3413190.0594609133 5591517.752964239,3413264.0943202404 5591450.538609048,3413340.00279002 5591385.454217052,3413417.717304859 5591322.520358493,3413497.1638638643 5591261.804032379,3413578.301465929 5591203.351237519,3413661.047109714 5591147.19697257,3413745.3352922527 5591093.413665696,3413831.117011594 5591042.01076917,3413918.3010581504 5590993.036318028,3414006.8456590828 5590946.564383267,3414096.651737763 5590902.581471797,3414187.6622935045 5590861.158081066,3414279.803433678 5590822.3064964665,3414373.0080244984 5590786.064403076,3414467.18706788 5590752.462799674,3414562.279566267 5590721.5411859695,3414658.2060225047 5590693.300061795,3414702.1600598297 5590681.692645948);LINESTRING (7.763992853361861 50.464420773598974,7.764325168589377 50.4639184607219,7.76490943865803 50.46310063689568,7.765529651078963 50.462293638033444,7.766185070697494 50.46149805813822,7.7668753807796085 50.460714620788394,7.767599919037826 50.45994387592494,7.76835813906535 50.459186500585254,7.769149419831201 50.45844305393203,7.769973305899744 50.45771396201083,7.770828819401992 50.457000139818575,7.771715617458131 50.456302014560634,7.772632757325045 50.455619930707726,7.773579738855614 50.45495470038409,7.774555408181764 50.45430682765534,7.7755595109802735 50.45367661479582,7.776590874724872 50.453064754480295,7.777648661367517 50.45247159487424,7.7787323038915055 50.45189784569755,7.779840846844402 50.451343681148735,7.780973233584399 50.45080969179015,7.782128877005683 50.45029628432553,7.783306601445407 50.44980376042283,7.784505469074543 50.44933276076591,7.785724788979728 50.44888336247451,7.786963267352076 50.448455983270605,7.788220300423901 50.44805128217188,7.789494498042094 50.44766912281715,7.790785043150875 50.447310129942004,7.7920908943851215 50.44697440264527,7.793411099795719 50.446662269340685,7.794744401311332 50.44637399519883,7.796089933143343 50.446109925924425,7.7974465780906765 50.44587005404408,7.798067892490552 50.44577211731488);LINESTRING (412276.5225713877 5590998.982459037,412299.1782471763 5590942.738684882,412339.1330585378 5590851.11647499,412381.66035133513 5590760.655780679,412426.70914646424 5590671.423575591,412474.2584529496 5590583.500827544,412524.2622896496 5590496.949512138,412576.6831721392 5590411.845599315,412631.4781180872 5590328.252064254,412688.61564045097 5590246.216888031,412748.0277672 5590165.843030048,412809.6910080972 5590087.178471315,412873.5393898104 5590010.262696579,412939.5389266367 5589935.186669765,413007.6086513773 5589862.007868544,413077.73107128916 5589790.760279473,413149.8242197398 5589721.522371848,413223.8291206063 5589654.334130157,413299.7067900922 5589589.275022958,413377.3897553159 5589526.365542588,413456.8040463601 5589465.67266288,413537.9086799617 5589407.2423657775,413620.62068954407 5589351.109637958,413704.87460184057 5589297.346950983,413790.6214364938 5589245.963801442,413877.76973042614 5589197.008170886,413966.27800079813 5589150.554030083,414056.04728703876 5589106.58788521,414147.0206124722 5589065.180208557,414239.12400674634 5589026.342995912,414332.29049692105 5588990.114232629,414426.43111878616 5588956.5249070255,414521.48489701696 5588925.61450381,414617.3723633688 5588897.383523402,414661.308625812 5588885.7802786045)
2690;Streckenachse;89,9 + 37;92,3 + 32;108990037;109230032;89,9;37;92,3;32;2395;Köln - Frankfurt am M. Stadion;Tunnel Himmelberg;Rheinland-Pfalz;Landkreis Westerwaldkreis;LINESTRING (3417481.103084121 5590511.118898193,3417645.5348837473 5590506.538617912,3417845.3209045427 5590497.3911328195,3417945.0409286506 5590489.930917762,3418044.5469642393 5590480.042228446,3418143.779979117 5590467.732567316,3418242.691834585 5590453.011435122,3418341.2077017664 5590435.871837217,3418439.2775805322 5590416.3412761865,3418536.8454708345 5590394.430254688,3418633.8518655444 5590370.13874624,3418730.2317176065 5590343.49910997,3418825.9255590127 5590314.507023522,3418920.895387046 5590283.186489395,3419015.080699118 5590249.5735098105,3419108.4004929503 5590213.663087351,3419200.8281482477 5590175.480611907,3419292.283301812 5590135.065584822,3419382.747970596 5590092.433030031,3419472.1241555684 5590047.599944237,3419560.3958228584 5590000.606254765,3419647.487453057 5589951.471118063,3419733.3496343284 5589900.227662291,3419759.215797414 5589883.922035199);LINESTRING (7.837220672990322 50.44463626844682,7.839536112606977 50.44461819763839,7.84235017525909 50.444563980782334,7.84375540178668 50.444510879015716,7.845158144591223 50.44443590323844,7.846557569207244 50.44433911272587,7.847952994083073 50.44422058627148,7.84934336561666 50.444080250726465,7.85072797218274 50.443918346503956,7.852106021453683 50.443734960421715,7.853476674063846 50.44353008421162,7.854839005681865 50.443303999959554,7.856192178516787 50.44305666087032,7.857535650806234 50.44278827773598,7.858868561574469 50.44249916612095,7.860189770250072 50.4421892702946,7.861498895168747 50.441858815183984,7.862794795287773 50.4415081451747,7.864077212897179 50.441137393262686,7.865344763749262 50.440746699204375,7.866597212364897 50.4403364201465,7.867833490596586 50.439906718407094,7.8690528948353515 50.439457885492615,7.869420424334297 50.4393148655858);LINESTRING (417439.1487227499 5588715.252100508,417603.514820349 5588710.671939516,417803.2209579067 5588701.526008858,417902.9010728535 5588694.067697722,418002.3672539837 5588684.18185819,418101.56052491756 5588671.875987742,418200.43290489947 5588657.159582963,418298.9094238244 5588640.025647245,418396.9401018781 5588620.501670007,418494.4689615078 5588598.598147499,418591.4365264752 5588574.3150801975,418687.7778229956 5588547.68495564,418783.43337479583 5588518.703276097,418878.36519724125 5588487.394032283,418972.5128147782 5588453.793210308,419065.79525971727 5588417.895812812,419158.18654265103 5588379.728329421,419249.60569623334 5588339.3292454025,419340.0347277733 5588296.713554909,419429.3756765437 5588251.898251934,419517.612549252 5588204.923320629,419604.6698762018 5588155.807754009,419690.4981774251 5588104.584539287,419716.3541190612 5588088.285352589)
2690;Streckenachse;92,4 + 66;93,2 + 9;109240066;109320009;92,4;66;93,2;9;743;Köln - Frankfurt am M. Stadion;Tunnel Wahnscheid;Rheinland-Pfalz;Landkreis Westerwaldkreis;LINESTRING (3419871.7206368838 5589811.148209072,3419901.2151550297 5589791.539312384,3419983.11099822 5589734.1444189,3420063.57139884 5589674.790046696,3420142.572483082 5589613.474191842,3420220.0556467283 5589550.259355238,3420295.9717527837 5589485.162986015,3420370.270899368 5589418.249089291,3420448.3303244864 5589344.198409632);LINESTRING (7.871019363710286 50.438676136338906,7.871438651436723 50.43850391514517,7.872603478475176 50.43799921353771,7.873748497108324 50.43747669261215,7.874873371127251 50.436936331685445,7.8759772618913235 50.436378685133946,7.877059473705196 50.435803903710635,7.878119290315481 50.43521255652995,7.879233511495617 50.434557562738114);LINESTRING (419828.81444105116 5588015.540269549,419858.2972717702 5587995.93911738,419940.1606082239 5587938.566891082,420020.5890024062 5587879.235958816,420099.55846388947 5587817.944321578,420177.0105165331 5587754.754454868,420252.8961800467 5587689.683852089,420327.16547490907 5587622.79648808,420405.1934543716 5587548.775216052)
2690;Streckenachse;93,2 + 60;93,8 + 35;109320060;109380035;93,2;60;93,8;35;575;Köln - Frankfurt am M. Stadion;Tunnel Dickheck;Rheinland-Pfalz;Landkreis Westerwaldkreis;LINESTRING (3420484.611797445 5589308.355932349,3420584.005671978 5589207.791767239,3420721.6843866357 5589062.717999671,3420881.5860032286 5588892.422664593);LINESTRING (7.879751685251924 50.434240321242704,7.881171700480734 50.43334989103211,7.883139814227446 50.43206455537823,7.885425850757977 50.43055548525793);LINESTRING (420441.46028035396 5587512.946988769,420540.8139417693 5587412.422849317,420678.43680325337 5587267.406699868,420838.27422142745 5587097.179010662)
2690;Streckenachse;94,2 + 37;95,9 + 87;109420037;109590087;94,2;37;95,9;87;1750;Köln - Frankfurt am M. Stadion;Tunnel Eichheide;Rheinland-Pfalz;Landkreis Westerwaldkreis;LINESTRING (3421156.7653841944 5588599.366654583,3421338.0380232153 5588406.89997377,3421407.404222999 5588334.878939253,3421477.7634218256 5588263.820892521,3421549.4376154873 5588194.077333611,3421622.7136494294 5588126.031425956,3421697.6235497375 5588059.795895092,3421774.133450478 5587995.411835531,3421852.1933520325 5587932.917247348,3421931.7462547 5587872.32163093,3422012.7596589806 5587813.707485805,3422095.1744458904 5587757.074052358,3422178.9421875468 5587702.480183984,3422264.0219362658 5587649.924798948,3422350.3622112493 5587599.472913589,3422437.899948379 5587551.149465726,3422513.868066491 5587511.585954873);LINESTRING (7.889359615456856 50.4279584659878,7.891950600221807 50.426252853355365,7.8929416818458575 50.425614803121974,7.893946506536878 50.424985532492904,7.894969531166625 50.42436824347487,7.896014711519696 50.42376641781767,7.897082474851265 50.42318107239852,7.898172336427091 50.422612571456895,7.899283585277249 50.422061249278165,7.900415417989434 50.42152718307199,7.901567360752173 50.42101110945319,7.902738582681058 50.42051301316394,7.903928391012296 50.4200334162016,7.9051362107543826 50.419572302863145,7.906361305120818 50.419130250173126,7.907602782782852 50.41870747341548,7.908679670011574 50.41836189354429);LINESTRING (421113.3429298399 5586804.239605651,421294.5424321708 5586611.849746243,421363.88065620884 5586539.857461465,421434.2114912641 5586468.827784195,421505.8568115207 5586399.112071474,421579.10350539314 5586331.093168058,421653.98356099165 5586264.883528749,421730.46299222496 5586200.52463724,421808.4918193618 5586138.054478749,421888.01306524343 5586077.482549931,421968.99424350355 5586018.891318091,422051.3763776974 5585962.279784092,422135.11098766443 5585907.70692475,422220.15708977054 5585855.17174079,422306.4632051011 5585804.739206656,422393.9663590158 5585756.434312858,422469.90450327145 5585716.886006246)
2690;Streckenachse;96,7 + 2;97,1 + 2;109670002;109710002;96,7;2;97,1;2;400;Köln - Frankfurt am M. Stadion;Tunnel Eichen Diekenscheid;Rheinland-Pfalz;Landkreis Westerwaldkreis;LINESTRING (3423175.8579154275 5587243.810904776,3423271.1801267886 5587215.895320107,3423367.798427476 5587190.132936197,3423465.0267717084 5587166.732510506,3423563.455110624 5587145.5830939105);LINESTRING (7.9180473020591755 50.41604201337566,7.919393929738875 50.415803558743825,7.920758336743976 50.415584611062144,7.922130831306731 50.41538695670706,7.923519736629364 50.415209674923325);LINESTRING (423131.63324788254 5585449.214436725,423226.9178850622 5585421.3096019225,423323.4980910288 5585395.557124473,423420.68807208614 5585372.165698733,423519.0775624021 5585351.024536895)
2690;Streckenachse;97,4 + 92;98,5 + 7;109740092;109850007;97,4;92;98,5;7;1015;Köln - Frankfurt am M. Stadion;Tunnel Lange Issel;Rheinland-Pfalz;Landkreis Rhein-Lahn-Kreis;LINESTRING (3423948.829635973 5587086.618447672,3424057.6033617663 5587075.88566405,3424157.2555661597 5587067.585756478,3424960.919179178 5587010.39570069);LINESTRING (7.9289527622959115 50.4147296990771,7.930485043759 50.41464730083686,7.931888517414037 50.41458557229866,7.9432050176738604 50.41417473241801);LINESTRING (423904.3001842221 5585292.08305043,424013.0311743044 5585281.354276651,424112.64430694765 5585273.057300042,424915.9923601722 5585215.887615671)
2690;Streckenachse;98,5 + 99;98,7 + 59;109850099;109870059;98,5;99;98,7;59;160;Köln - Frankfurt am M. Stadion;Eichheidetunnel;Rheinland-Pfalz;Landkreis Westerwaldkreis;LINESTRING (3425052.6907609287 5587003.917660546,3425212.292624183 5586992.637512865);LINESTRING (7.944497244316791 50.414128220475526,7.94674457978953 50.41404717004284);LINESTRING (425007.72770465555 5585209.411682192,425167.2664362521 5585198.135062504)
2690;Streckenachse;100,4 + 3;101,5 + 13;110040003;110150013;100,4;3;101,5;13;1110;Köln - Frankfurt am M. Stadion;Tunnel Elzer Berg;Hessen;Landkreis Limburg-Weilburg;LINESTRING (3426849.4723134176 5586850.913585853,3426945.7050998476 5586831.788485972,3427043.222381417 5586809.668161581,3427140.10364538 5586784.914888496,3427236.285401198 5586757.564165011,3427331.690649286 5586727.6119945515,3427426.254890151 5586695.09037999,3427519.904627172 5586660.028186153,3427612.571883047 5586622.454916547,3427704.191666968 5586582.382166747,3427794.7639802233 5586539.997943854,3427894.7774520735 5586489.7837198265);LINESTRING (7.969802181655757 50.41297943473118,7.971159569089205 50.41281950465481,7.972535598049829 50.412632795848616,7.973903180942948 50.41242232575282,7.975261415858207 50.412188405862466,7.976609218587454 50.41193099104479,7.977945673839276 50.41165036133756,7.979269740458054 50.411346767501655,7.980580454888591 50.41102046676265,7.981876899123412 50.4106715557883,7.9831590354721795 50.410301724936815,7.984575452557133 50.409862658873585);LINESTRING (426803.8003910568 5585056.4591638055,426899.99520977266 5585037.34131709,426997.4740845317 5585015.229376947,427094.3171923439 5584990.485493538,427190.46105885284 5584963.1451531835,427285.8287147798 5584933.204358107,427380.3556861395 5584900.695096036,427473.96850251843 5584865.646355977,427566.59919131 5584828.087626685,427658.18277856626 5584788.030404095,427748.7192657817 5584745.662613109,427848.6931222167 5584695.46786709)
2690;Streckenachse;106,7 + 53;109,1 + 48;110670053;110910048;106,7;53;109,1;48;2395;Köln - Frankfurt am M. Stadion;Tunnel Limburg;Hessen;Landkreis Limburg-Weilburg;LINESTRING (3432987.619756199 5585658.474655209,3433034.7927095946 5585649.802399357,3433132.5510675516 5585628.803928612,3433229.642476202 5585604.884156002,3433325.9659427353 5585578.09507826,3433421.4569507525 5585548.436198275,3433516.0235171826 5585515.926014021,3433609.567159577 5585480.626520303,3433702.023382595 5585442.54571685,3433793.2911933484 5585401.715601688,3433883.309384989 5585358.195826853,3433971.994307179 5585312.011071856,3434059.263386761 5585263.183796784,3434145.0173247834 5585211.77125473,3434229.197815666 5585157.7955268845,3434311.759221181 5585101.322602672,3434392.5816244963 5585042.404765519,3434471.630849504 5584981.108923192,3434548.807693784 5584917.460880585,3434624.0481454358 5584851.550194749,3434697.292189495 5584783.427434895,3434768.4748295625 5584713.13460198,3434837.526205769 5584640.799150348,3434904.3734597643 5584566.438561436,3434968.9778583604 5584490.128598085,3434998.3400294073 5584453.26437605);LINESTRING (8.05635944580967 50.40299318777758,8.057024430996522 50.4029206123472,8.058403038345721 50.40274299408982,8.05977277503259 50.40253902507459,8.06113220931166 50.402309161526986,8.062480431846963 50.402053392019056,8.063816143712053 50.40177187279573,8.06513794697475 50.40146515040278,8.066444931348036 50.40113328993424,8.067735669114926 50.400776568121856,8.069009287333653 50.40039551480311,8.07026460371993 50.39999034296855,8.07150045164411 50.399561245822895,8.072715423283688 50.399108727481455,8.073908693341274 50.39863298072139,8.075079607121301 50.39813459441278,8.076226468676696 50.39761402547876,8.077348784909955 50.39707187222529,8.078445155620154 50.396508356261286,8.07951466451803 50.395924276195544,8.080556458480372 50.3953200806467,8.081569615976965 50.39469614067503,8.082553132424364 50.394053594930604,8.083505980344004 50.39339259322854,8.084427602147915 50.39271381304461,8.084846840375416 50.39238569739857);LINESTRING (432939.608930907 5583864.463771291,432986.7661810088 5583855.793965082,433084.4919641113 5583834.801574304,433181.55099031585 5583810.888855793,433277.84230037744 5583784.107789589,433373.3014200532 5583754.457876414,433467.83638623636 5583721.957609605,433561.3487387631 5583686.668965191,433653.7740034588 5583648.599940493,433745.01122092037 5583607.782523537,433834.99541751074 5583564.267194669,433923.6441264031 5583518.08144357,434010.88287768874 5583469.267254055,434096.61271137296 5583417.882603752,434180.7681538013 5583363.950484002,434263.2907288752 5583307.537868507,434344.073479665 5583248.6862415485,434423.08391963516 5583187.456079222,434500.22208896047 5583123.876370743,434575.42401391873 5583058.036580875,434648.6297188795 5582989.987189924,434719.7742301428 5582919.77018164,434788.80057109514 5582847.46302552,434855.6247757729 5582773.12619807,434920.20686080115 5582696.840667256,434949.5588712926 5582659.988270261)
2690;Streckenachse;126,9 + 23;127,2 + 77;112690023;112720077;126,9;23;127,2;77;354;Köln - Frankfurt am M. Stadion;Tunnel Hessenweiler;Hessen;Landkreis Limburg-Weilburg;LINESTRING (3446058.667433201 5571741.312203189,3446062.8180074627 5571663.906166468,3446071.5287528355 5571564.294274454,3446082.3668623604 5571464.882827679,3446092.2961445367 5571389.063084935);LINESTRING (8.242189046912664 50.27923465829561,8.242258310694833 50.27853921476082,8.242394707096027 50.2776445735544,8.242560910918368 50.27675192821635,8.242710998022464 50.27607127152852);LINESTRING (446005.3891433531 5569952.909370041,446009.53747651255 5569875.52907123,446018.2442014705 5569775.95030071,446029.07757812145 5569676.57193314,446039.0026913805 5569600.777406384)
2690;Streckenachse;130,6 + 58;131,1 + 64;113060058;113110064;130,6;58;131,1;64;506;Köln - Frankfurt am M. Stadion;Wörsdorfer Tunnel;Hessen;Landkreis Rheingau-Taunus-Kreis;LINESTRING (3446260.069746316 5568034.767637251,3446262.299763941 5567992.39232652,3446270.0539400354 5567892.701179028,3446280.2904479564 5567793.238529833,3446293.017796044 5567694.057867942,3446308.1654892224 5567595.212690177,3446319.0210246104 5567532.585785977);LINESTRING (8.245540525615075 50.24593382756079,8.245577796424213 50.245553105284806,8.245700631812362 50.24465765500384,8.24585822654497 50.243764484145224,8.24605069038242 50.24287407416304,8.24627702569249 50.2419868993722,8.246438059878374 50.2414249119624);LINESTRING (446206.6856324522 5566247.605013237,446208.9144900883 5566205.243917468,446216.6650971269 5566105.586187381,446226.89721423015 5566006.156846249,446239.619338427 5565907.009372617,446254.7609983065 5565808.197245679,446265.61228843953 5565745.591268983)
2690;Streckenachse;133,7 + 69;135,8 + 38;113370069;113580038;133,7;69;135,8;38;2069;Köln - Frankfurt am M. Stadion;Tunnel Idstein;Hessen;Landkreis Rheingau-Taunus-Kreis;LINESTRING (3446727.9356236146 5564965.598713799,3446727.487642055 5564884.235946112,3446710.8332562884 5564434.577653086,3446705.4415736403 5564234.665154834,3446705.830796776 5564134.681938475,3446708.9153587413 5564034.7417566655,3446714.698260592 5563934.91956355,3446723.1780031556 5563835.288853888,3446734.3380881315 5563735.926622244,3446748.187510271 5563636.884423798,3446764.708274033 5563538.272706693,3446783.877382384 5563440.142453204,3446805.7093355623 5563342.560657234,3446830.1581349713 5563245.6031234395,3446857.2413039845 5563149.277665532,3446886.921631537 5563053.703783349,3446919.1600964637 5562958.9790486265,3446932.2709776587 5562923.616435353);LINESTRING (8.252530397042724 50.21838635536414,8.25253554197168 50.21765491466831,8.252365345170967 50.21361126637532,8.252317879714536 50.21181369089119,8.252337367624946 50.210914938440126,8.252394604357258 50.21001681548582,8.25248961930652 50.209119996025386,8.252622379045889 50.20822514049531,8.252792639583568 50.20733293940666,8.253000517610609 50.20644385684577,8.253245743537187 50.20555888384594,8.253527986112976 50.20467847639519,8.253847437087938 50.20380323775536,8.254203439674125 50.20293384491873,8.254596236346616 50.2020703693577,8.25502528740811 50.20121388158628,8.25549003098338 50.20036525481022,8.25567858869888 50.20004854160399);LINESTRING (446674.3635322445 5563179.459287345,446673.9148545104 5563098.123595258,446657.2614255653 5562648.614895336,446651.86948692787 5562448.768816402,446652.2575348156 5562348.818763184,446655.34000616503 5562248.9116713395,446661.1199003725 5562149.122510884,446669.59571862116 5562049.524752459,446680.7509681136 5561950.195365436,446694.59464566084 5561851.185829165,446711.1087593324 5561752.606599647,446730.27031872014 5561654.508656685,446752.0938185621 5561556.958973395,446776.53177847795 5561460.038517794,446803.5831994379 5561363.8192611225,446833.231088624 5561268.3506837385,446865.4364623926 5561173.730246999,446878.5346302051 5561138.406545612)
2690;Streckenachse;138,0 + 31;140,7 + 96;113800031;114070096;138;31;140,7;96;2765;Köln - Frankfurt am M. Stadion;Tunnel Niedernhausen;Hessen;Landkreis Rheingau-Taunus-Kreis;LINESTRING (3447955.7168623134 5560985.951850495,3448135.15546217 5560663.234212467,3448234.870911533 5560489.881944775,3448286.7492100806 5560404.401668277,3448340.5413565584 5560320.112277456,3448396.40235053 5560237.191799628,3448454.334733062 5560155.680402017,3448514.279477166 5560075.64999905,3448576.211058353 5559997.149493427,3448640.072486706 5559920.21079194,3448705.8477573437 5559844.899968958,3448773.48687237 5559771.259528531,3448808.001121771 5559735.083263062,3448842.924835525 5559699.310468116,3448986.134502317 5559559.715250791,3449132.521475573 5559423.455361843,3449717.056116755 5558883.528647985);LINESTRING (8.270277210283073 50.18272087842826,8.272833342324581 50.17983555878204,8.274252856927273 50.17828593567684,8.274990701783807 50.17752204387744,8.275755151606306 50.176769019564695,8.276548351194428 50.17602847609274,8.277370329973724 50.1753007741783,8.278220251342422 50.17458655455631,8.279097750896849 50.17388625401088,8.280002026203734 50.1732001538051,8.280932844002912 50.172528845907046,8.28188949852442 50.171872707449474,8.28237745266553 50.17155048406352,8.28287107708236 50.17123192094265,8.284894234363149 50.16998937669894,8.28696130993883 50.16877705231344,8.29521371119862 50.16397325613857);LINESTRING (447901.7298797903 5559201.816696784,448081.10478491656 5558879.2026953325,448180.7850621615 5558705.906169531,448232.64515292976 5558620.453412721,448286.41848846065 5558536.191164829,448342.26000824216 5558453.297353497,448400.1722115909 5558371.811962724,448460.0961226518 5558291.806964207,448522.006252 5558213.331338574,448585.8456226629 5558136.417073487,448651.5982415554 5558061.130142702,448719.21412899246 5557987.513029636,448753.716550252 5557951.348210262,448788.62831110833 5557915.586726409,448931.7499933201 5557776.010876307,449078.03843619296 5557639.763170714,449662.3076525386 5557099.96528044)
2690;Streckenachse;142,8 + 62;143,4 + 14;114280062;114340014;142,8;62;143,4;14;552;Köln - Frankfurt am M. Stadion;Tunnel Hellenberg;Hessen;Kreisfreie Stadt Wiesbaden;LINESTRING (3450984.6856391774 5557258.737885402,3451009.3462539893 5557229.588040808,3451075.7870724346 5557154.865845004,3451212.8343390813 5557009.230489036,3451362.407530964 5556856.444050175);LINESTRING (8.313162701388409 50.14947326285516,8.31351145908041 50.14921325564536,8.314450576171632 50.148547019094984,8.3163865198961 50.14724910720001,8.318498500169628 50.145887904439256);LINESTRING (450929.21865961235 5555475.853534787,450953.87167726347 5555446.713828457,451020.2920329644 5555372.017657086,451157.2971101111 5555226.433259062,451306.82434539066 5555073.70068544)
2690;Streckenachse;145,4 + 32;149,9 + 32;114540032;114990032;145,4;32;149,9;32;4500;Köln - Frankfurt am M. Stadion;Schulwaldtunnel;Hessen;Landkreis Main-Taunus-Kreis;LINESTRING (3452586.259661464 5555261.965600631,3452618.538521382 5555201.962238994,3452664.7574465536 5555113.2850945555,3452754.620499301 5554934.626946986,3453379.1946642706 5553681.523717898,3453467.341387375 5553502.0119931,3453509.8887596764 5553411.5309783695,3453550.9353393605 5553320.351246633,3453590.10270164 5553228.360103138,3453627.4188352516 5553135.578541474,3453662.860733161 5553042.089049421,3453696.440487276 5552947.904869516,3453728.1311157113 5552853.067515625,3453757.9144972023 5552757.616696065,3453785.7806196297 5552661.586901579,3453811.722439741 5552565.022561617,3453835.728145969 5552467.957821568,3453857.7907058042 5552370.433776084,3453877.898905363 5552272.487192491,3453896.0187405674 5552174.149066859,3453912.2172027016 5552075.475397204,3453926.370433875 5551976.501656236,3453939.032334352 5551877.314931465,3453961.442797264 5551678.595868236,3454004.753184515 5551280.790472014,3454029.1314331763 5551082.224259989,3454033.837511199 5551050.64753815);LINESTRING (8.335817658156849 50.131653214502144,8.336276538230509 50.13111638303756,8.336933916603174 50.130322894155256,8.338212762613255 50.128723978328914,8.347100137388406 50.117508360708875,8.34835440916825 50.11590151880225,8.348960267871366 50.1150914540379,8.349545209784212 50.11427498720355,8.350103959099288 50.1134510759327,8.35063690562061 50.112619911517754,8.3511437188031 50.111782234062005,8.351624567230663 50.1109381638994,8.352079069865749 50.110088072449706,8.352506969810575 50.1092323155802,8.35290812420239 50.10837120287071,8.353282430514659 50.10750513346233,8.353629720850302 50.10663441365747,8.353949893309954 50.105759412585584,8.354242788104665 50.10488046013226,8.35450792763411 50.10399783251409,8.354746242936768 50.103112038533105,8.354956000051223 50.102223387639015,8.35514493153856 50.101332705851554,8.355482098292434 50.09954800803252,8.356135291839825 50.095975186757556,8.356499863853573 50.094192009221935,8.35656942653301 50.093908505858124);LINESTRING (452530.3034868885 5553479.796779183,452562.5724980359 5553419.815220595,452608.7773223163 5553331.170286958,452698.6129893111 5553152.576961361,453322.81349642156 5551900.06066778,453410.9343416249 5551720.607700619,453453.4691182646 5551630.156019149,453494.50348907296 5551539.005628986,453533.6591043903 5551447.044078098,453570.96395319933 5551354.292357867,453606.39504534844 5551260.8329355195,453639.96437614853 5551166.678805759,453671.6449567217 5551071.871452217,453701.4187945803 5550976.450859059,453729.2758939973 5550880.451512572,453755.2092581265 5550783.917895036,453779.2068920352 5550686.883992957,453801.26179884997 5550589.39079001,453821.36298326234 5550491.475271492,453839.4764591077 5550393.168425294,453855.6692000618 5550294.526228499,453869.81675615284 5550195.583668114,453882.4734065184 5550096.428204757,453904.87436868437 5549897.771939416,453948.17639128194 5549500.276994022,453972.54856755456 5549301.859617887,453977.25238549453 5549270.2933747955)
2690;Streckenachse;151,3 + 58;152,5 + 4;115130058;115250004;151,3;58;152,5;4;1146;Köln - Frankfurt am M. Stadion;Tunnel Breckenheim;Hessen;Kreisfreie Stadt Wiesbaden;LINESTRING (3454454.337009212 5549694.283662218,3454472.834367359 5549656.530638126,3454518.7833003188 5549567.728234305,3454566.678510244 5549479.955287846,3454616.5034947535 5549393.243299615,3454668.2007542397 5549307.659268789,3454721.7782746255 5549223.238062773,3454777.1955813863 5549140.005778143,3454834.434800562 5549058.003707458,3454893.447325264 5548977.291595511,3455016.2558279852 5548819.46777475,3455081.790775245 5548738.731486614);LINESTRING (8.362607200169881 50.08174746794563,8.36287011622897 50.08140949319217,8.363522612695148 50.08061469554806,8.364202154956436 50.079829297482405,8.364908507819523 50.07905358044721,8.36564085922854 50.07828814187774,8.366399315852176 50.07753329534308,8.367183308486565 50.07678927185661,8.367992581927016 50.07605644075697,8.36882644956485 50.07533533492357,8.370560503651427 50.07392583381139,8.371485405300323 50.073204984611195);LINESTRING (454397.5814665366 5547914.388863197,454416.07191807835 5547876.648821156,454462.0038499795 5547787.87694257,454509.8815122837 5547700.134137134,454559.6884118327 5547613.451892389,454611.367072133 5547527.8971820185,454664.92549026414 5547443.504991971,454720.3231826148 5547360.301312176,454777.5421567018 5547278.327126395,454836.5339323801 5547197.642411039,454959.2996007339 5547039.87200355,455024.8118797975 5546959.163091575)
2690;Streckenachse;167,0 + 70;168,0 + 65;116700070;116800065;167;70;168;65;995;Köln - Frankfurt am M. Stadion;Tunnel Kelsterbach;Hessen;Landkreis Groß-Gerau;LINESTRING (3467194.6169939875 5545632.497361479,3467220.2109448332 5545649.427934081,3467305.9084187336 5545700.943916561,3467393.469892 5545749.248400017,3467482.747364675 5545794.272884481,3467573.641836791 5545835.976869958,3467665.9953083955 5545874.271356484,3467759.7192795156 5545909.14534406,3467949.6562208626 5545971.751821413,3468106.279730862 5546021.870963675);LINESTRING (8.540950509107343 50.04607171061349,8.541306371218283 50.04622532954078,8.542498379861264 50.0466931811607,8.543716708590605 50.04713225099205,8.544959295511337 50.04754191429391,8.546224760235487 50.047921800791414,8.54751090257738 50.048271101026614,8.548816485877138 50.04858971062334,8.551463052936363 50.04916281701298,8.553645606317538 50.04962181473886);LINESTRING (467133.6154172845 5543854.717592822,467159.19928342925 5543871.64120046,467244.8629489768 5543923.135927694,467332.3898439851 5543971.420423431,467421.6320270451 5544016.426216239,467512.49053739186 5544058.112823084,467604.80743744934 5544096.391280798,467698.4942624918 5544131.250594485,467888.35586084035 5544193.830555868,468044.9172303859 5544243.928434393)
2690;Streckenachse;170,1 + 6;171,9 + 89;117010006;117190089;170,1;6;171,9;89;1883;Köln - Frankfurt am M. Stadion;Frankfurter-Kreuz-Tunnel;Hessen;Kreisfreie Stadt Frankfurt am Main;LINESTRING (3470077.968067526 5546536.769184287,3470170.783532349 5546541.518107334,3470270.7290009763 5546542.78260535,3470370.64396955 5546540.068604615,3470420.5619538235 5546537.158104733,3470470.421938101 5546533.328605142,3470669.061875331 5546509.929109337,3471065.814249889 5546459.448618879,3471165.2372184824 5546448.66812068,3471215.1092027416 5546444.139621309,3471265.023186997 5546440.168121761,3471464.7516240757 5546429.477621931,3471864.398498237 5546412.611120846,3471955.0941673405 5546409.874875435);LINESTRING (8.581133793970789 50.05435330733561,8.58242942863429 50.05440066471828,8.583824894723376 50.0544170386784,8.585220243925349 50.054397627009,8.585917486634003 50.054373946709426,8.586613989705697 50.0543419973843,8.589389441642203 50.05414146481297,8.59493319000289 50.05370707738699,8.596322252691461 50.053614989040796,8.597018958346167 50.05357669367696,8.597716207552526 50.053543403682504,8.60050582000203 50.05345691371636,8.606087337109424 50.05332432770576,8.607353919881641 50.05330401347657);LINESTRING (470015.8223720779 5544758.60530044,470108.6008129922 5544763.351585737,470208.5063828024 5544764.61478045,470308.3814329371 5544761.901065355,470358.27946134616 5544758.991328958,470408.119505571 5544755.16296029,470606.6799374138 5544731.771221676,471003.2734820931 5544681.30771966,471102.6566640597 5544670.530732018,471152.5086977928 5544666.00364251,471202.4027191944 5544662.033330056,471402.0513173659 5544651.345503232,471801.538473641 5544634.482543524,471892.1979051167 5544631.746665885)
2690;Streckenachse;172,8 + 25;172,9 + 96;117280025;117290096;172,8;25;172,9;96;171;Köln - Frankfurt am M. Stadion;Rahmenbauwerk B 43  Tunnel;Hessen;Kreisfreie Stadt Frankfurt am Main;LINESTRING (3472713.9938743804 5546701.286543825,3472731.3362307255 5546718.470510804,3472765.1167207053 5546755.466998633,3472797.0672112852 5546794.017986,3472824.8912191074 5546831.254732228);LINESTRING (8.617929657523796 50.055959174979165,8.61817059783051 50.05611445789552,8.618639669576556 50.05644861200071,8.619083083214052 50.056796655711366,8.619468973907942 50.05713269381115);LINESTRING (472650.7969045422 5544923.035897262,472668.13247327897 5544940.212863453,472701.8997701303 5544977.19430726,472733.8378107599 5545015.729644471,472761.6510058828 5545052.951298358)
2691;Streckenachse;10,2 + 72;11,3 + 26;101020072;101130026;10,2;72;11,3;26;1054;Köln Flughafen NW - Porz-Wahn;Schloß-Röttgen-Tunnel;Nordrhein-Westfalen;Kreisfreie Stadt Köln;LINESTRING (3365019.51936604 5642837.905593121,3365456.6069422057 5642055.574949525,3365534.665615792 5641917.369751634);LINESTRING (7.079913744949856 50.90504770259829,7.086412307379679 50.89812112688057,7.087572111523374 50.896897645094526);LINESTRING (364998.6376726547 5641021.515344385,365435.58399400424 5640239.831192576,365513.60295996035 5640101.771618392)
2691;Streckenachse;13,2 + 10;14,8 + 54;101320010;101480054;13,2;10;14,8;54;1644;Köln Flughafen NW - Porz-Wahn;Flughafentunnel Nord - Köln/Bonn;Nordrhein-Westfalen;Kreisfreie Stadt Köln;LINESTRING (3366678.4953615596 5640560.974922374,3366691.158613969 5640560.424639284,3366777.072363436 5640564.289280092,3366875.436881986 5640580.765766264,3366956.255992514 5640601.266197243,3367060.8141924962 5640631.351876948,3367167.539632868 5640665.5770410765,3367374.185302644 5640729.679066568,3367478.3827250157 5640760.901083854,3367508.6987470314 5640768.361503802,3367545.783900725 5640773.065522902,3367591.4065673454 5640772.249453226,3367621.4214449557 5640767.281721366,3367663.499562215 5640755.6886992715,3367699.694426901 5640738.851898655,3367741.7724800324 5640715.66924608,3367776.4968069615 5640683.932634426,3367810.333897624 5640647.510634065,3367832.988837463 5640606.676371679,3367848.877723941 5640571.361117442,3367857.4106018064 5640542.389306626,3367865.9424364734 5640495.209796471,3367872.1223286656 5640407.195671487,3367869.474912692 5640367.465476161,3367858.588952321 5640287.450052511,3367838.589313969 5640218.500205868);LINESTRING (7.104316407164205 50.88497654336328,7.104496459760201 50.88497451987889,7.1057152567286925 50.88502904672733,7.107106299779476 50.88519973615522,7.108246694941506 50.88540252335482,7.1097207790351655 50.88569687565964,7.111224159599528 50.88602889774062,7.1141359073685 50.88665225668639,7.115604533618838 50.88695666176185,7.116032419415634 50.88703063781419,7.116557450035337 50.88708139918091,7.11720574306115 50.88708451985655,7.117633855632683 50.8870467629671,7.1182357047660005 50.88695224285314,7.118755887217444 50.886809261420915,7.119361922911848 50.88661061071946,7.119866600463727 50.88633342338252,7.120360364559149 50.88601393592622,7.120696896589478 50.88565224860308,7.1209353310093215 50.8853385979847,7.1210669935439475 50.8850802568323,7.121205219684941 50.88465833159517,7.121324795157888 50.88386899755286,7.121301551802549 50.883511443864016,7.121175860508629 50.88279007188262,7.120916741971608 50.88216603303887);LINESTRING (366657.077506545 5638745.991594389,366669.73647612537 5638745.441186649,366755.62121461675 5638749.30246926,366853.9525825974 5638765.771119838,366934.74448534334 5638786.262801974,367039.26748814905 5638816.335971512,367145.92667042965 5638850.527979551,367352.404231829 5638914.518803514,367456.52540369134 5638945.685039577,367486.8203661495 5638953.131327891,367523.8796060911 5638957.821663421,367569.4693965425 5638956.993635291,367599.47037872067 5638952.028881621,367641.5304938524 5638940.444676183,367677.7089161712 5638923.619109902,367719.76794057013 5638900.450530101,367754.4753330308 5638868.731422375,367788.2995412188 5638832.322694162,367810.9466774542 5638791.50131589,367826.83005773334 5638756.197287777,367835.3599240233 5638727.2347853705,367843.8886475412 5638680.07055093,367850.0659887068 5638592.0851349095,367847.4192329813 5638552.368014802,367836.53644886595 5638472.379040091,367816.5430710039 5638403.452202621)
2691;Streckenachse;15,4 + 52;17,4 + 20;101540052;101740020;15,4;52;17,4;20;1968;Köln Flughafen NW - Porz-Wahn;Flughafentunnel Süd - Köln/Bonn;Nordrhein-Westfalen;Kreisfreie Stadt Köln;LINESTRING (3367641.6166392216 5639653.404487428,3367580.319713563 5639480.260937776,3367552.948216906 5639408.794215104,3367529.998940226 5639369.062321339,3367496.75232839 5639328.227321714,3367456.736167759 5639287.3917081915,3367426.4309716946 5639259.799899285,3367391.713571454 5639232.483504634,3367353.1699464284 5639208.477845216,3367323.746794057 5639195.785138137,3367276.9652690003 5639181.712725396,3367236.655860783 5639174.538492045,3367173.103992662 5639172.329050595,3367081.599941303 5639167.911778619,3366970.9727256405 5639171.220075486,3366205.694846051 5639199.624179624,3366090.3604911086 5639194.655440231,3365958.253785363 5639174.234995014,3365939.1681666677 5639169.142769968);LINESTRING (7.118323850781851 50.877043978460186,7.117516087574248 50.87547436939598,7.117153289125629 50.87482602181625,7.116841803135015 50.8744638016144,7.116384504812868 50.87408931064992,7.115831090885041 50.873713260926074,7.115410775131604 50.87345842123567,7.114927714475465 50.87320504275737,7.114389129870958 50.8729805293513,7.113975950121822 50.872859744864506,7.113316801078044 50.87272257981513,7.112747050395162 50.87264887212856,7.111845480454326 50.87261442902122,7.110547822345332 50.87255371951527,7.108975831038787 50.87255800572854,7.0980993704561595 50.87263665570635,7.096463572982123 50.87256532162493,7.094595294445526 50.87235125631917,7.094326168238342 50.87230108291094);LINESTRING (367619.8343926847 5637838.675437304,367558.5850827059 5637665.6088718735,367531.23094282893 5637594.17211198,367508.28929063166 5637554.45415196,367475.053739953 5637513.633713143,367435.0508913504 5637472.812827735,367404.75577075186 5637445.231079526,367370.049913459 5637417.924756031,367331.51910944073 5637393.928141039,367302.1057539213 5637381.240438639,367255.3398161584 5637367.173923288,367215.0438492751 5637360.003103561,367151.5131986483 5637357.795984555,367060.0396877773 5637353.382466322,366949.4493706407 5637356.692014564,366184.42655398627 5637385.1011862615,366069.1305505006 5637380.136075268,365937.06762029557 5637359.724263922,365917.98830927926 5637354.633996419)
2700;Richtungsgleis;0,7 + 25;0,9 + 81;100070025;100090081;0,7;25;0,9;81;256;Wuppertal-Oberbarmen - Opladen;Rauenthaler Tunnel;Nordrhein-Westfalen;Kreisfreie Stadt Wuppertal;LINESTRING (3376965.1894853273 5683701.591754665,3376991.5874633794 5683682.953170904,3377014.729956084 5683662.653676545,3377037.8609486995 5683637.460683648,3377056.1159427813 5683612.673190718,3377071.7214376223 5683586.175198347,3377084.4894332844 5683558.227206465,3377094.2919298117 5683529.106214989,3377101.547514294 5683495.937857027);LINESTRING (7.235743422876802 51.27485907494682,7.236127948232223 51.27469731693028,7.236466412263043 51.27451993328909,7.236806391691925 51.27429858159314,7.237076387824419 51.27407982056339,7.237309019871482 51.27384512001408,7.237501505850897 51.273596780045295,7.237651917669709 51.273337261912516,7.237767239178925 51.273040831871576);LINESTRING (376941.2900417008 5681869.438809288,376967.6773468117 5681850.807446992,376990.8104513024 5681830.515862216,377013.93202136573 5681805.332730095,377032.1795401473 5681780.554975053,377047.7786024205 5681754.067423649,377060.54128527414 5681726.130473437,377070.3396419897 5681697.021014915,377077.5920699078 5681663.865823909)
2800;Streckenachse;25,4 + 16;26,0 + 43;102540016;102600043;25,4;16;26;43;627;Hagen - Haiger;Nachrodter Tunnel;Nordrhein-Westfalen;Kreis Märkischer Kreis;LINESTRING (3405107.9570182585 5689608.0118733905,3405179.8946341355 5689562.646851654,3405346.28508184 5689451.68038151,3405431.766555068 5689399.235395481,3405511.3970298884 5689338.950911927,3405546.977518472 5689304.125421644,3405578.4305082085 5689265.1369327,3405600.0696903924 5689229.468389529);LINESTRING (7.637342913873795 51.33331392893739,7.6383868987426915 51.33291827984123,7.640803152890026 51.33194885740431,7.642043229626895 51.33149180876489,7.643201434517386 51.330963329648725,7.643721026012219 51.330656299157205,7.644182510100045 51.330311172715135,7.644502343059389 51.32999424870275);LINESTRING (405072.884096599 5687773.278543806,405144.7926636052 5687727.931031297,405311.11587301095 5687617.007467297,405396.56283993303 5687564.582704433,405476.1610781695 5687504.321617166,405511.727099206 5687469.509726588,405543.16723357677 5687430.536530596,405564.79750016984 5687394.882035672)
2800;Streckenachse;28,6 + 82;28,7 + 65;102860082;102870065;28,6;82;28,7;65;83;Hagen - Haiger;Pragpauler Tunnel;Nordrhein-Westfalen;Kreis Märkischer Kreis;LINESTRING (3406246.2406652 5686897.471573603,3406251.275756346 5686884.781134088,3406275.8302480583 5686841.231646674,3406287.40030721 5686825.750324717);LINESTRING (7.6543838738121766 51.30914580411654,7.65445939677445 51.309032596907905,7.6548228755216705 51.308645303866776,7.6549928208772915 51.308508093263974);LINESTRING (406210.6920337959 5685063.809895907,406215.7250150176 5685051.124476192,406240.2693650747 5685007.5921564745,406251.8346860871 5684992.116914536)
2800;Streckenachse;29,2 + 53;29,3 + 97;102920053;102930097;29,2;53;29,3;97;144;Hagen - Haiger;Hünengrabentunnel;Nordrhein-Westfalen;Kreis Märkischer Kreis;LINESTRING (3406718.39457779 5686625.803237982,3406758.3725982136 5686611.29270577,3406802.437584475 5686587.718211941,3406843.9872513926 5686557.396956921);LINESTRING (7.6612242308772815 51.30678214817704,7.6618011638855785 51.306658305039484,7.662439053115813 51.30645367893466,7.663042637605296 51.306188011014676);LINESTRING (406682.65549230337 5684792.246084547,406722.61745506123 5684777.741016303,406766.66468097805 5684754.17556782,406808.19753612194 5684723.866068731)
2800;Streckenachse;32,0 + 0;32,9 + 35;103200000;103290035;32;0;32,9;35;935;Hagen - Haiger;Buchholzer Tunnel;Nordrhein-Westfalen;Kreis Märkischer Kreis;LINESTRING (3407916.9732017075 5684447.916557017,3408394.658553658 5684092.493429513,3408477.2730276175 5684035.662444901,3408554.0225031925 5683971.714962557,3408588.2914921297 5683935.577472722,3408618.2589822775 5683895.4684841735,3408637.0460950583 5683860.98841523);LINESTRING (7.678969320368805 51.28740650734248,7.685905923562114 51.284289621174594,7.687104308532535 51.283792203878356,7.688220447944412 51.28322988266369,7.688720740741052 51.28291064307756,7.689160405892202 51.28255502281064,7.6894384224329535 51.28224819086392);LINESTRING (407880.738641578 5682615.21820052,408358.23065310036 5682259.932953992,408440.8117265725 5682203.123965869,408517.530082929 5682139.201365131,408551.78511584934 5682103.078009574,408581.7403331845 5682062.984773691,408600.5196766924 5682028.518302903)
2800;Richtungsgleis;35,2 + 43;36,0 + 38;103520043;103600038;35,2;43;36;38;793;Hagen - Haiger;Husberg Tunnel;Nordrhein-Westfalen;Kreis Märkischer Kreis;LINESTRING (3409676.1052679857 5682375.000779485,3410131.298498636 5682540.356860774,3410169.3824874214 5682552.565856304,3410198.0289789382 5682559.408353649,3410226.609970422 5682563.774851738,3410259.067960691 5682565.843850442,3410287.9719519727 5682565.1418500515,3410318.0319428537 5682561.921850395,3410347.917433736 5682556.240351486,3410377.2429247363 5682548.148853311,3410405.8129159156 5682537.700855867,3410431.750028069 5682525.818886133);LINESTRING (7.704702559316898 51.26906037704923,7.7111816205518915 51.2706182542001,7.711724123227312 51.27073397048945,7.712132779422103 51.27079997270189,7.712541120109968 51.270843713124265,7.7130055782512255 51.27086741648325,7.713419819186225 51.27086565767412,7.7138512519382845 51.27084145177587,7.71428080160612 51.270795097070625,7.714702932192637 51.270726995760384,7.715114829098012 51.27063759796119,7.715489366467486 51.2705348989071);LINESTRING (409639.15254337766 5680543.114862683,410094.1655955118 5680708.40133397,410132.23449646495 5680720.605153758,410160.8696201518 5680727.444691487,410189.43924996065 5680731.809217856,410221.884314047 5680733.877129761,410250.7767739848 5680733.175176239,410280.8247522534 5680729.956218245,410310.698280256 5680724.276743991,410340.01201224554 5680716.188236038,410368.57052667055 5680705.744174623,410394.4972003854 5680693.866733988)
2800;Streckenachse;38,7 + 78;39,0 + 0;103870078;103900000;38,7;78;39;0;222;Hagen - Haiger;Ütterlingser Tunnel;Nordrhein-Westfalen;Kreis Märkischer Kreis;LINESTRING (3412733.783115679 5681167.046991597,3412753.624179851 5681158.582722538,3412801.6691650804 5681144.705725719,3412851.142150024 5681137.7012268,3412951.3262931323 5681144.624351546);LINESTRING (7.7487988173136255 51.2586814528146,7.749085043491373 51.25860842496073,7.749776521276752 51.258491068390164,7.750486773418809 51.25843568524751,7.751919913611269 51.25851320044131);LINESTRING (412695.6013637353 5679335.618122631,412715.4344476523 5679327.157068898,412763.46016215975 5679313.285218334,412812.9133623878 5679306.283113482,412913.0576112141 5679313.202668905)
2800;Richtungsgleis;40,1 + 15;40,4 + 30;104010015;104040030;40,1;15;40,4;30;315;Hagen - Haiger;Werdohler Tunnel  L=315m;Nordrhein-Westfalen;Kreis Märkischer Kreis;LINESTRING (3414035.77925611 5681398.430466816,3414342.387614324 5681470.672659935);LINESTRING (7.767390431437005 51.26095852984726,7.771764612804396 51.261653874749065);LINESTRING (413997.0801778359 5679566.898815752,414303.5668535645 5679639.109723778)
2800;Richtungsgleis;42,8 + 36;43,1 + 42;104280036;104310042;42,8;36;43,1;42;306;Hagen - Haiger;Baukloher Tunnel;Nordrhein-Westfalen;Kreis Märkischer Kreis;LINESTRING (3416480.959083173 5680653.384222132,3416517.142033806 5680623.1078051,3416548.916023602 5680593.74431329,3416699.6528788335 5680440.045012927);LINESTRING (7.802586369160431 51.25462646169439,7.803111605897254 51.25435967608376,7.803573483868228 51.25410044712047,7.805767928189312 51.25274124196576);LINESTRING (416441.27891799354 5678822.129937845,416477.4471951022 5678791.865302498,416509.20827692916 5678762.513263935,416659.88377989706 5678608.874040021)
2800;Richtungsgleis;51,0 + 53;51,1 + 48;105100053;105110048;51;53;51,1;48;95;Hagen - Haiger;Sieseler Tunnel  Tl = 95,50 m;Nordrhein-Westfalen;Kreis Märkischer Kreis;LINESTRING (3423167.3905948247 5677266.498265259,3423262.033355359 5677258.269773476);LINESTRING (7.899071635560624 51.22512865992983,7.9004279521989735 51.225067439541796);LINESTRING (423125.0165699384 5675436.540607614,423219.62152035965 5675428.314631179)
2800;Streckenachse;85,4 + 66;86,1 + 64;108540066;108610064;85,4;66;86,1;64;698;Hagen - Haiger;Rahrbacher-Tunnel;Nordrhein-Westfalen;Kreis Olpe;LINESTRING (3429729.5659641954 5656125.214130265,3429714.2380253114 5655993.068494542,3429705.919025811 5655893.380525042,3429660.543171129 5655430.867457727);LINESTRING (7.9971157951859695 51.035969464585875,7.99692293440974 51.034779931162156,7.996823690810639 51.03388296782567,7.99626666939935 51.02972057789598);LINESTRING (429684.40370058303 5654303.635819555,429669.08080830076 5654171.543020811,429660.76432187454 5654071.894884276,429615.40283121105 5653609.566681428)
2800;Streckenachse;105,0 + 5;105,7 + 5;110500005;110570005;105;5;105,7;5;700;Hagen - Haiger;Unterer Giersbergtunnel;Nordrhein-Westfalen;Kreis Siegen-Wittgenstein;LINESTRING (3431957.8086356805 5639086.029744583,3431978.6537143234 5639047.105817894,3432004.32575712 5639004.173688351,3432030.735727901 5638961.665996672,3432059.8489781437 5638921.12155475,3432093.1823852244 5638883.882431493,3432130.037009273 5638850.149662278,3432170.364831727 5638820.60259226,3432212.884953515 5638794.436787895,3432301.227375123 5638747.6638092175,3432392.0800314597 5638705.655027775,3432486.9060640777 5638659.106991855);LINESTRING (8.032063953428292 50.88309446872633,8.032367362194027 50.882747080414426,8.032740092089876 50.882364234033176,8.033123221088738 50.88198528794803,8.03354438566394 50.88162430364848,8.03402488692932 50.881293521221984,8.034554757219562 50.880994664750745,8.035133188424293 50.880733833781996,8.03574213243307 50.8805036472745,8.037005887144803 50.88009361145322,8.038304401354758 50.87972667527563,8.039660182588543 50.879319390371414);LINESTRING (431910.46469410474 5637270.957028748,431931.30226598366 5637232.046289457,431956.9651693378 5637189.128724571,431983.36578146863 5637146.6354842475,432012.46883007576 5637106.104938147,432045.7907203308 5637068.8785382025,432082.6327329292 5637035.157209801,432122.9468925174 5637005.620182025,432165.45270403894 5636979.463286424,432253.76555340656 5636932.706249029,432344.5879388818 5636890.711789045,432439.3823852373 5636844.179560559)
2800;Streckenachse;117,6 + 30;120,2 + 82;111760030;112020082;117,6;30;120,2;82;2652;Hagen - Haiger;Rudersdorfer Tunnel  Tunnellänge = 2651m;Nordrhein-Westfalen;Kreis Siegen-Wittgenstein;LINESTRING (3440901.9997909754 5632662.923065972,3442974.582042333 5631009.448767659);LINESTRING (8.16018289656323 50.82634596769562,8.189852559807115 50.81169174121113);LINESTRING (440851.06588902615 5630850.188840866,442922.8545591561 5629197.376081954)
2810;Streckenachse;10,1 + 42;10,3 + 75;101010042;101030075;10,1;42;10,3;75;233;HA-Oberhagen - Dieringhausen;HengstenbergO Tunnel;Nordrhein-Westfalen;Kreisfreie Stadt Hagen;LINESTRING (3397285.7272150344 5685811.348208306,3397286.17492362 5685653.352187456,3397285.0634229495 5685603.481702446,3397281.13041952 5685579.119667085);LINESTRING (7.526234135654595 51.29784019635593,7.526286002884636 51.29642059691914,7.5262844179586965 51.295972282952874,7.526235057289759 51.295752667449364);LINESTRING (397253.7426667835 5683978.19168231,397254.1889288925 5683820.258657533,397253.07747118676 5683770.408066924,397249.14584043203 5683746.0557773085)
2810;Streckenachse;14,9 + 84;15,1 + 36;101490084;101510036;14,9;84;15,1;36;152;HA-Oberhagen - Dieringhausen;Twieströmer W Tunnel;Nordrhein-Westfalen;Kreis Märkischer Kreis;LINESTRING (3396783.4947575545 5681991.670169686,3396781.9725012896 5681969.186803742,3396776.9720018026 5681919.437818788,3396765.5552848424 5681841.08894122);LINESTRING (7.520138881187433 51.26342751531184,7.520123566219797 51.26322521387706,7.520066303046485 51.26277728563033,7.519925402062709 51.26207120938041);LINESTRING (396751.6798256942 5680160.04076085,396750.1579961613 5680137.56637244,396745.1590917251 5680087.83726518,396733.7462989211 5680009.519721086)
2810;Streckenachse;21,8 + 88;22,1 + 26;102180088;102210026;21,8;88;22,1;26;238;HA-Oberhagen - Dieringhausen;Winkhauser Tunnel;Nordrhein-Westfalen;Kreis Märkischer Kreis;LINESTRING (3399525.4940513363 5677325.981232829,3399532.467082508 5677316.387148021,3399555.915574584 5677272.30166082,3399576.4310675105 5677226.569674175,3399598.2520600553 5677181.417187329,3399616.006553796 5677134.88220098,3399620.686922586 5677109.614731145);LINESTRING (7.560719335742886 51.22199250022206,7.560821803913902 51.22190751655927,7.561169686558719 51.22151549811768,7.561476055495125 51.221108167677606,7.561800937190222 51.22070627316103,7.562068012888126 51.22029124000466,7.562142056127242 51.220065014099426);LINESTRING (399492.548355626 5675496.19034879,399499.5185293445 5675486.600033946,399522.9573177538 5675442.531938909,399543.464263358 5675396.818024534,399565.276192648 5675351.68336841,399583.0232335878 5675305.166796707,399587.70153347275 5675279.909365388)
2810;Streckenachse;39,6 + 12;39,9 + 96;103960012;103990096;39,6;12;39,9;96;384;HA-Oberhagen - Dieringhausen;Meinerzhagener Tunnel;Nordrhein-Westfalen;Kreis Märkischer Kreis;LINESTRING (3403911.0235795 5663980.762456176,3403888.1955097495 5663950.927592376,3403855.1620190046 5663913.4016043395,3403819.731529028 5663878.140115669,3403781.9935397957 5663845.356126293,3403741.9600513107 5663815.380636116,3403700.370063338 5663787.691645272,3403616.285197946 5663740.272188253);LINESTRING (7.627039279834956 51.102825533542486,7.626721396520491 51.10255360570252,7.626259904484321 51.10221085212859,7.625763604280718 51.10188804406314,7.62523371665106 51.101587110144436,7.624670324542629 51.10131102636707,7.62408411424454 51.1010552255312,7.622896673867079 51.10061498002966);LINESTRING (403876.2220868081 5662156.258515191,403853.4028821663 5662126.4357331535,403820.3822649524 5662088.924976038,403784.9656225895 5662053.677834331,403747.24242106505 5662020.907222297,403707.2246582452 5661990.94400773,403665.6510349963 5661963.266393035,403581.59932366165 5661915.866521456)
2813;Streckenachse;4,7 + 5;5,1 + 5;100470005;100510005;4,7;5;5,1;5;400;Brügge - Lüdenscheid;Lüdenscheider Tunnel;Nordrhein-Westfalen;Kreis Märkischer Kreis;LINESTRING (3403288.052534308 5677372.401103033,3403318.967945011 5677410.984044349,3403346.510437556 5677452.8000312075,3403449.1899100835 5677624.426977476,3403474.2874033963 5677667.753963931,3403505.232121983 5677709.386081303);LINESTRING (7.614547957696628 51.22305926294734,7.614979957525129 51.22341120483109,7.615362824833682 51.223791626399496,7.616785986714656 51.225351239757515,7.6171334877369326 51.22574482005195,7.6175651309557555 51.2261241574712);LINESTRING (403253.6068583886 5675542.5615153285,403284.5102510307 5675581.128822213,403312.04209647846 5675622.92791245,403414.6820026718 5675794.485592504,403439.7698360411 5675837.795099412,403470.70254943456 5675879.410366158)
2815;Streckenachse;0,6 + 67;1,0 + 67;100060067;100100067;0,6;67;1;67;400;Meinerzhagen - Krummenerl;Schwarzenbergtunnel;Nordrhein-Westfalen;Kreis Märkischer Kreis;LINESTRING (3404037.4918548963 5664060.959696661,3404047.433963179 5664029.904065467,3404069.4819556614 5663985.06907859,3404099.1914459188 5663944.876590162,3404134.7354345117 5663909.765100087,3404175.923921531 5663881.482107839,3404220.9979075054 5663859.926613484,3404269.1698927036 5663846.670116564,3404319.0178775555 5663841.786617083,3404336.3103918126 5663842.655159526);LINESTRING (7.628823049922501 51.10356737972356,7.628973210544718 51.10328997044069,7.629299819348161 51.102890761677095,7.629734541462594 51.10253455168744,7.630251182689933 51.10222497433209,7.6308465673561034 51.101977700223294,7.631495617686924 51.101791526808746,7.632186679201495 51.10168044363745,7.632899439586577 51.10164487774147,7.633146020478316 51.101655567356346);LINESTRING (404002.6405678901 5662236.422758025,404012.57846248755 5662205.379433039,404034.61730301555 5662160.562151003,404064.3146230245 5662120.38545451,404099.84415520524 5662085.2876832085,404141.0159894136 5662057.015641139,404186.0718268735 5662035.4683827255,404234.2244945005 5662022.216787062,404284.0525604257 5662017.334836017,404301.33818522986 5662018.202893559)
2819;Streckenachse;1,6 + 34;1,6 + 2234;100160034;100162234;1,6;34;1,6;2234;2200;Hagen - Hagen-Oberhagen;Goldbergtunnel;Nordrhein-Westfalen;Kreisfreie Stadt Hagen;LINESTRING (3392283.8021993367 5691434.410249173,3392300.485534306 5691425.440557406,3392321.7990277307 5691415.788559866,3392341.9590215296 5691407.579061919,3392381.703009355 5691393.893065215,3392433.255993648 5691380.353568229,3392481.4969790396 5691372.143069716,3392510.87297017 5691368.398570247,3392555.0809569107 5691367.245569698,3392589.065946745 5691367.678068882,3392619.5939376545 5691370.127067533,3392654.586927271 5691374.737565448,3392678.922920072 5691379.058563664,3392730.618404856 5691392.024058736,3392778.8593907417 5691408.301552889,3392822.9228779394 5691427.606046217,3392878.2208620063 5691458.433535868,3393551.9991692305 5691900.835389739,3393597.216156271 5691929.35888028,3393614.92865116 5691938.866877074,3393638.4006443517 5691949.67137336,3393663.1686371164 5691958.603370182,3393690.3856291105 5691965.661367519,3393714.001622118 5691969.55186587,3393732.001616758 5691970.992865076,3393754.321610084 5691971.425864492,3393776.4986034287 5691970.705364259,3393797.8105969857 5691967.680364733,3393825.072588703 5691961.788865943,3393845.4755824674 5691955.579867386,3393871.395574519 5691946.359869626,3393915.7475608317 5691926.3373747235,3393961.8605465116 5691901.160881326,3393992.770036857 5691881.537386578,3394008.775031823 5691869.676389804,3394101.9845024087 5691795.740410057);LINESTRING (7.452845868665077 51.34744055469044,7.453087950182017 51.34736312094675,7.453396669388131 51.34728043295191,7.453688401297833 51.3472104868234,7.454262772212465 51.34709503980091,7.455006527053774 51.34698314045613,7.45570114999518 51.34691849206124,7.456123755653744 51.3468904012735,7.456758382325683 51.3468883970243,7.457245855176775 51.346898704211384,7.457683120462513 51.346926475126914,7.458183796841998 51.34697450887428,7.458531658609081 51.34701792784643,7.459269461880559 51.34714418059553,7.459956707668549 51.34729953624797,7.460583109061185 51.34748129863172,7.461367239817818 51.347768710877816,7.4709023045536265 51.351870341738525,7.471542608673781 51.35213509708332,7.471793929705564 51.35222384368562,7.472127509674266 51.352325316746324,7.472480247393044 51.35241020644151,7.472868687961912 51.35247871474248,7.473206403052168 51.35251808775581,7.473464263332555 51.352534400641716,7.473784414453608 51.35254246325482,7.474102857960855 51.352540133795564,7.4744095767289505 51.35251693537567,7.474802529606469 51.35246909127627,7.475097153483392 51.35241711224723,7.475471840295451 51.35233910788914,7.476114233599624 51.352167479080514,7.4767834266768824 51.35194986518193,7.477232800921343 51.351779307684176,7.4774659926482325 51.35167571782824,7.478825473552256 51.35102875414963);LINESTRING (392253.857070992 5689599.051781661,392270.53368247784 5689590.085532441,392291.8386009263 5689580.43721236,392311.99049120804 5689572.230825979,392351.7185235588 5689558.549967338,392403.2508453571 5689545.015455296,392451.47253145766 5689536.807843535,392480.83678049 5689533.064601453,392525.0271324652 5689531.911706066,392558.99857610796 5689532.343760234,392589.5144152856 5689534.791537587,392624.4934903289 5689539.399916564,392648.8198151318 5689543.718996745,392700.494793138 5689556.678907646,392748.71667610283 5689572.949524781,392792.7627502102 5689592.2459676815,392848.03893446794 5689623.060722392,393521.55215839774 5690065.280778434,393566.75134650647 5690093.792533394,393584.45685579936 5690103.296597073,393607.91957751353 5690114.096597092,393632.677767067 5690123.024833834,393659.88396440767 5690130.079798623,393683.49057304603 5690133.968556254,393701.48340273276 5690135.408836457,393723.7945006523 5690135.841484103,393745.9626463468 5690135.121093164,393767.2661186308 5690132.097128709,393794.517193832 5690126.207760153,393814.9120031832 5690120.00107347,393840.82158705266 5690110.78454383,393885.1557297273 5690090.769676233,393931.25012829487 5690065.602850986,393962.147137659 5690045.986932343,393978.14565630414 5690034.130536273,394071.3173712242 5689960.223287836)
2840;Streckenachse;159,2 + 99;160,1 + 55;115920099;116010055;159,2;99;160,1;55;856;Schwerte - Holzwickede;Ostberger Tunnel;Nordrhein-Westfalen;Kreisfreie Stadt Dortmund;LINESTRING (3401559.7226034016 5704893.661948082,3401343.1929349513 5705721.552089247);LINESTRING (7.582206611528076 51.47006171422921,7.578860324153605 51.477462999696975);LINESTRING (401526.187651661 5703052.862640985,401309.7509911821 5703880.424465098)
2853;Streckenachse;6,8 + 81;6,9 + 98;100680081;100690098;6,8;81;6,9;98;117;Menden - Neuenrade;Uhu-Tunnel;Nordrhein-Westfalen;Kreis Märkischer Kreis;LINESTRING (3419981.769794426 5695334.915543094,3419988.5693067317 5695318.9888010565,3420017.610985988 5695223.640459571);LINESTRING (7.849426963123823 51.38706643094182,7.849528208908299 51.38692426277788,7.849966789430121 51.38607150179237);LINESTRING (419940.812588782 5693497.778299143,419947.60926057876 5693481.857852702,419976.63858575805 5693386.547295709)
2853;Streckenachse;7,9 + 39;8,2 + 16;100790039;100820016;7,9;39;8,2;16;277;Menden - Neuenrade;Binoler Tunnel;Nordrhein-Westfalen;Kreis Märkischer Kreis;LINESTRING (3420289.815545691 5694334.636607113,3420322.345683219 5694283.334605387,3420377.478164768 5694199.886129285,3420440.2231384073 5694102.2287266785);LINESTRING (7.854075703444597 51.37812068429173,7.854554329742146 51.37766421982336,7.855364705813889 51.3769220357241,7.856287545091716 51.37605322244001);LINESTRING (420248.7273899031 5692497.895726588,420281.24413995363 5692446.613917695,420336.3539606274 5692363.198269518,420399.0731226183 5692265.57929896)
2864;Streckenachse;14,0 + 34;15,1 + 7;101400034;101510007;14;34;15,1;7;1073;Finnentrop - Freudenberg;Bausenbergtunnel;Nordrhein-Westfalen;Kreis Olpe;LINESTRING (3419466.683254556 5664084.733735693,3419467.7637998145 5664070.457749646,3419475.9792963276 5664021.131764425,3419488.3537916 5663972.724778844,3419769.3937322586 5663056.237153346);LINESTRING (7.849057952841775 51.10615555108161,7.8490765631994375 51.10602740478685,7.849204845705711 51.10558526672232,7.849392290250979 51.10515197149533,7.853607788588307 51.096954889578214);LINESTRING (419425.6786584561 5662260.063353447,419426.75865770096 5662245.7930527525,419434.9704800497 5662196.486675282,419447.33964980405 5662148.098897394,419728.26011524897 5661231.974555416)
2864;Streckenachse;16,6 + 86;17,7 + 20;101660086;101770020;16,6;86;17,7;20;1034;Finnentrop - Freudenberg;Erbscheidttunnel;Nordrhein-Westfalen;Kreis Olpe;LINESTRING (3419529.806153931 5661584.219690724,3419498.203739441 5661530.4400189975,3419471.225246776 5661488.378532293,3419414.970262172 5661405.713558482,3419356.972778121 5661324.234084352,3419099.3823488243 5660955.194201406,3419072.3668561745 5660913.157214695,3419048.69486247 5660869.116728516,3419029.147367479 5660823.197742834,3419015.4868706604 5660775.156757676,3419001.740017384 5660704.825792826);LINESTRING (7.850516140244184 51.08369232588528,7.850077203520328 51.08320457566896,7.84970163967983 51.08282278398925,7.848917417889779 51.08207197739859,7.848108095574888 51.08133157483538,7.8445154779791295 51.07797876463995,7.844139468447251 51.0775971702874,7.843811613113315 51.07719804089079,7.843543025003059 51.07678261039517,7.843358901272636 51.076348939543095,7.843178541869956 51.07571493648334);LINESTRING (419488.75623537647 5659760.546155072,419457.16599217226 5659706.788188699,419430.1979209614 5659664.7436961355,419373.9647075831 5659582.112147571,419315.98969933053 5659500.665639859,419058.49903702945 5659131.775028547,419031.49398092035 5659089.755026487,419007.83107409335 5659045.732297165,418988.29100582254 5658999.831784395,418974.6355706409 5658951.810071143,418960.8936339885 5658881.50726962)
2864;Streckenachse;18,5 + 99;18,8 + 18;101850099;101880018;18,5;99;18,8;18;219;Finnentrop - Freudenberg;-Hanemickertunnel-;Nordrhein-Westfalen;Kreis Olpe;LINESTRING (3418860.336917721 5659837.412827332,3418849.835401226 5659789.086560015,3418835.3499046667 5659741.285574802,3418815.1519098827 5659695.608589056,3418790.3234165483 5659652.228102709,3418778.80986178 5659636.3039009655);LINESTRING (7.841355896760947 51.06789953760131,7.841216948975397 51.06746374567378,7.841021061607013 51.06703211111658,7.840743223489826 51.066618756918984,7.840398830284326 51.06622538579908,7.840238187911014 51.06608064663147);LINESTRING (418819.539949791 5658014.441425374,418809.0422328348 5657966.134518436,418794.562129059 5657918.352716156,418774.37182258954 5657872.694112131,418749.5528829364 5657829.331128775,418738.0437921793 5657813.41337138)
2870;Streckenachse;12,3 + 6;12,4 + 98;101230006;101240098;12,3;6;12,4;98;192;Kreuztal - Cölbe;Vormwalder Tunnel;Nordrhein-Westfalen;Kreis Siegen-Wittgenstein;LINESTRING (3438715.988336544 5650469.145810961,3438674.9626624114 5650450.606361062,3438580.0392229175 5650418.482682608,3438535.288439596 5650405.713310731);LINESTRING (8.126171140390685 50.986161898113075,8.125590077051788 50.985990899146316,8.124243833213168 50.985692056730166,8.123608763200396 50.98557251150744);LINESTRING (438666.0087167333 5648649.525825373,438624.9966807651 5648630.99365566,438530.10481806035 5648598.883251496,438485.3688977558 5648586.119170283)
2870;Streckenachse;18,5 + 50;18,8 + 20;101850050;101880020;18,5;50;18,8;20;282;Kreuztal - Cölbe;Schloßberg-Tunnel;Nordrhein-Westfalen;Kreis Siegen-Wittgenstein;LINESTRING (3440116.0982141895 5649236.227842418,3440179.531881051 5649033.916407156,3440184.8105472177 5649014.754985473);LINESTRING (8.146311503075756 50.97522779240868,8.147247860363068 50.97341601244469,8.147326159179922 50.97324433807043);LINESTRING (440065.63594653265 5647416.996827785,440129.01199168013 5647214.78557791,440134.2869068823 5647195.632504237)
2870;Streckenachse;19,5 + 14;19,7 + 27;101950014;101970027;19,5;14;19,7;27;213;Kreuztal - Cölbe;Kronprinz-Eiche-Tunnel;Nordrhein-Westfalen;Kreis Siegen-Wittgenstein;LINESTRING (3439976.2106109355 5648398.104972723,3439987.177779765 5648373.167472321,3440002.6781094116 5648347.678966171,3440012.397507635 5648334.7698083855,3440021.0852320907 5648324.843521148,3440036.0064340346 5648309.599085353,3440058.8036715384 5648291.695597536,3440077.0875099706 5648280.192319845,3440089.5855168896 5648273.681145428,3440102.4796610354 5648268.0953018265,3440127.4471839294 5648259.543080257);LINESTRING (8.144458357600959 50.96768020241604,8.144618580330537 50.967457206965776,8.144843417297706 50.9672297308975,8.144983892097626 50.96711471555514,8.145109189557845 50.96702640264602,8.145324089924499 50.96689093889769,8.145651533406701 50.96673239460972,8.145913677516594 50.96663090504369,8.146092644058655 50.96657368229969,8.146277096301132 50.96652481732251,8.146633885884878 50.96645054493619);LINESTRING (439925.8235439068 5646579.150012736,439936.7873976289 5646554.220976475,439952.2830018178 5646528.741027585,439961.9970172983 5646515.838102251,439970.6784694064 5646505.917993935,439985.5888905398 5646490.6834576605,440008.36964674696 5646472.793418088,440026.64025623334 5646461.299860325,440039.1292153913 5646454.794857041,440052.01402396517 5646449.214981035,440076.9634677297 5646440.673516545)
2870;Streckenachse;35,2 + 76;35,5 + 97;103520076;103550097;35,2;76;35,5;97;321;Kreuztal - Cölbe;Leimstruther Tunnel;Nordrhein-Westfalen;Kreis Siegen-Wittgenstein;LINESTRING (3451480.0212061466 5650352.704606755,3451496.4516168856 5650175.3682554215,3451497.3106584116 5650150.411915312,3451495.6113507915 5650125.677478752,3451493.5277242963 5650110.566400994,3451490.486664639 5650096.06025381,3451484.776687497 5650076.894328288,3451478.662775793 5650060.078237754,3451467.815088077 5650037.514185766);LINESTRING (8.307949050357982 50.986332514243564,8.308206708598517 50.98473994127573,8.308222273938203 50.984515697806536,8.308201379281808 50.984293233334014,8.308173727065222 50.98415723441039,8.308132360703762 50.98402659212405,8.308053612636122 50.98385384129163,8.30796879939958 50.98370217745807,8.307817348102532 50.98349844996005);LINESTRING (451425.0539277464 5648532.986093429,451441.4800889112 5648355.708219447,451442.339042117 5648330.760177408,451440.6405186171 5648306.03406761,451438.55772715405 5648290.92811838,451435.517822909 5648276.426935403,451429.8099462429 5648257.267634802,451423.69825004874 5648240.457399214,451412.8544281253 5648217.901305039)
2880;Richtungsgleis;110,8 + 50;111,2 + 0;111080050;111120000;110,8;50;111,2;0;350;Siegen-Weidenau - Betzdorf;Niederschelder Tunnel;Nordrhein-Westfalen;Kreis Siegen-Wittgenstein;LINESTRING (3428504.4497414823 5635031.6203613095,3428470.324486954 5635023.028618043,3428432.6859365692 5635015.551905479,3428160.0210446543 5634971.793831713);LINESTRING (7.983791801909446 50.84623767747678,7.9833090221704985 50.846156239071426,7.982776150121424 50.84608438572729,7.978913875112737 50.84565730784015);LINESTRING (428458.3078623443 5633218.14665448,428424.1925857933 5633209.558291276,428386.56505450164 5633202.0845797695,428113.98004995426 5633158.344343043)
2880;Richtungsgleis;115,7 + 8;115,9 + 39;111570008;111590039;115,7;8;115,9;39;232;Siegen-Weidenau - Betzdorf;Brachbacher Tunnel;Rheinland-Pfalz;Landkreis Altenkirchen (Westerwald);LINESTRING (3424931.9086463405 5632180.768492121,3424904.747483078 5632177.806782557,3424878.177602279 5632175.9108893955,3424851.557226045 5632174.9729976775,3424819.5933803734 5632175.113628841,3424787.6660407633 5632176.635260546,3424761.1301788427 5632178.956370115,3424729.505849141 5632182.992500309,3424702.581244615 5632187.5429557385);LINESTRING (7.93365885741294 50.820162774427104,7.933274092559401 50.82013263414034,7.932897499246085 50.8201121484768,7.932519993581974 50.82010026523059,7.932066452410063 50.82009738048211,7.931613146128688 50.82010691066094,7.9312361715706015 50.82012432499908,7.930786648146989 50.82015649075873,7.930403699714741 50.82019388844807);LINESTRING (424887.25120105984 5630368.464413752,424860.1007410735 5630365.503997474,424833.54133407737 5630363.608968001,424806.93145493907 5630362.671556425,424774.98021789046 5630362.812257161,424743.06547736184 5630364.333406199,424716.5400906667 5630366.653692695,424684.9282493616 5630370.6883353125,424658.0142812294 5630375.237080127)
2880;Streckenachse;116,9 + 87;117,2 + 17;111690087;111720017;116,9;87;117,2;17;232;Siegen-Weidenau - Betzdorf;Büderholzer Tunnel;Rheinland-Pfalz;Landkreis Altenkirchen (Westerwald);LINESTRING (3423711.843023742 5632313.362760698,3423491.4401809145 5632247.7198555255);LINESTRING (7.916320682094172 50.82119504142724,7.913207179525293 50.82057599227015);LINESTRING (423667.66762428934 5630501.009820907,423447.3517172446 5630435.393804825)
2880;Streckenachse;119,1 + 96;119,3 + 22;111910096;111930022;119,1;96;119,3;22;127;Siegen-Weidenau - Betzdorf;Freusburger Tunnel;Rheinland-Pfalz;Landkreis Altenkirchen (Westerwald);LINESTRING (3421671.1386893005 5631910.297757362,3421617.986068748 5631900.704296246,3421569.9661480975 5631886.940119366,3421549.5253327005 5631878.8305463595);LINESTRING (7.88745233195696 50.8173000553284,7.886700293106738 50.81720664298547,7.886021967367904 50.8170764364812,7.885733704340758 50.81700078316626);LINESTRING (421627.77035881055 5630098.111584402,421574.63877109357 5630088.522035516,421526.6378326715 5630074.763416587,421506.20508886885 5630066.657102906)
2881;Streckenachse;0,4 + 49;1,1 + 81;100040049;100110081;0,4;49;1,1;81;732;Siegen - Siegen Ost;Unterer Giersbergtunnel;Nordrhein-Westfalen;Kreis Siegen-Wittgenstein;LINESTRING (3431942.643127457 5639128.026577052,3431992.125609331 5639116.843910041,3432039.219399367 5639100.368588039,3432083.9048975245 5639078.163728473,3432125.4611671744 5639050.466050273,3432163.8251830065 5639018.772190581,3432234.2211929327 5638947.866528928,3432364.584908046 5638795.770404466,3432434.2658180315 5638724.125823067,3432471.813283065 5638691.266073525,3432497.117560375 5638672.340375216);LINESTRING (8.031840663294807 50.88347014372741,8.032545792025864 50.8833754599858,8.033217963641851 50.88323292160407,8.033856979071233 50.883038600205,8.034452549690537 50.88279453925309,8.035003501044924 50.88251418354016,8.036016815107782 50.88188515175707,8.037897107611165 50.880533402775626,8.038900316941588 50.87989762027311,8.039439822247767 50.87960666881867,8.039802811576962 50.87943952262421);LINESTRING (431895.304897992 5637312.939707911,431944.77094968356 5637301.761334579,431991.84901333484 5637285.292032519,432036.51949231134 5637263.095037704,432078.06167637865 5637235.406761524,432116.41260277457 5637203.723606799,432186.7844230866 5637132.841850377,432317.10314435046 5636980.797028467,432386.7602440645 5636909.176572944,432424.294986958 5636876.327890397,432449.5907449136 5636857.408572313)
2961;Streckenachse;56,0 + 71;56,3 + 51;105600071;105630051;56;71;56,3;51;280;Paderborn - Brilon Wald;Gudenhagener Tunnel;Nordrhein-Westfalen;Kreis Hochsauerlandkreis;LINESTRING (3471578.748937788 5693798.539544945,3471571.4721584767 5693767.77003491,3471563.124659754 5693718.479050131,3471558.2681599567 5693668.772065388,3471558.105658725 5693618.8030806035,3471560.9991565654 5693568.924095721,3471565.53903902 5693520.518281644);LINESTRING (8.590733981437419 51.37818545190156,8.590631934551237 51.377908527500956,8.590515994825612 51.37746507598211,8.59045022806945 51.377018060015835,8.590451897699305 51.37656892407319,8.590497449194086 51.376120749988964,8.590566526323473 51.37568589929664);LINESTRING (471517.203030347 5691961.591589159,471509.9288981475 5691930.83441212,471501.5843200019 5691881.56315665,471496.72934499447 5691831.876038203,471496.5664942361 5691781.926985301,471499.45842444955 5691732.067871067,471503.9960948535 5691683.6813264135)
2970;Streckenachse;124,5 + 32;127,4 + 12;112450032;112740012;124,5;32;127,4;12;2880;Altenbeken - Warburg;Eggetunnel;Nordrhein-Westfalen;Kreis Paderborn;LINESTRING (3497548.8720570505 5723826.436505693,3497589.2920688638 5723771.629689384,3497651.3535477137 5723694.024211167,3497716.2375257453 5723617.829732437,3497761.936510374 5723567.599246371,3497853.618479701 5723472.498272607,3497925.835955701 5723403.077791603,3497988.19943508 5723346.720306919,3498076.8739059116 5723271.796327108,3498155.7783801034 5723210.1528435415,3498236.937853683 5723151.014359152,3498318.8493271205 5723094.88537382,3498404.0162996403 5723041.259887636,3498489.935772027 5722990.894900437,3499100.0720763337 5722647.704486938,3499186.9255484524 5722598.140999471,3499229.72653467 5722572.292506079,3499271.914021046 5722545.466012999,3499313.268007637 5722517.374520334,3499353.809994442 5722488.121528047,3499393.5104814684 5722457.721036131,3499432.3244687314 5722426.198544585,3499470.2209562412 5722393.580553399,3499507.1689440077 5722359.893062564,3499543.1404320416 5722325.172572075,3499578.103420351 5722289.437581921,3499612.036908946 5722252.718092105,3499644.906397836 5722215.041602604,3499676.6873870296 5722176.445613419,3499707.3528765365 5722136.956124539,3499736.8868663628 5722096.610135951,3499771.7702245917 5722045.373473795);LINESTRING (8.963522450447867 51.64878523126137,8.9641068170871 51.648292807939264,8.96500399352865 51.647595560407616,8.965941910992889 51.64691099933274,8.966602464625936 51.646459716459255,8.967927602540426 51.64560531568821,8.96897134004791 51.64498164217263,8.969872616967654 51.64447533310667,8.971154077032924 51.64380223378884,8.972294289638574 51.64324845230859,8.973467037684427 51.64271718148283,8.974650607144891 51.64221295024772,8.975881167039589 51.64173121751777,8.977122557065771 51.64127877894728,8.985937239307217 51.63819552170227,8.987191921997978 51.637750181673645,8.987810217890212 51.6375179178992,8.988419647906412 51.63727685988053,8.98901703466288 51.63702442795326,8.989602688269372 51.6367615525738,8.990176182400699 51.63648835971522,8.990736866863939 51.63620507870062,8.991284293723737 51.635911947862496,8.991818015085657 51.63560920104344,8.992337626412834 51.63529716646509,8.992842665459264 51.634976010565644,8.993332828882602 51.634646003154806,8.99380761839501 51.63430739156319,8.994266680174787 51.63396051300881,8.99470962434373 51.633605601346495,8.99513621992729 51.63324298930281,8.99564007660921 51.63278249332834);LINESTRING (497477.2201759264 5721977.295143097,497517.6236059344 5721922.5098428475,497579.659680083 5721844.934790248,497644.5171397154 5721768.770150616,497690.19747592876 5721718.559311009,497781.84208038304 5721623.495490183,497854.03017055703 5721554.102084895,497916.36830406595 5721497.7665495025,498005.0067796249 5721422.871701324,498083.8792668344 5721361.252135514,498165.00587527006 5721302.136550827,498246.8842090465 5721246.029258636,498332.01676473825 5721192.424439683,498417.90154769906 5721142.078813037,499027.7916344716 5720799.02011527,499114.6100511352 5720749.475660822,499157.3937501461 5720723.637114662,499199.5641857051 5720696.820964038,499240.9014431812 5720668.740325372,499281.4270148723 5720639.498657168,499321.11141266924 5720609.109954085,499359.9096547491 5720577.599706337,499397.7907537081 5720544.9944036035,499434.7237221396 5720511.320035773,499470.6805715285 5720476.613088517,499505.62931480265 5720440.892054724,499539.54896059894 5720404.1869226,499572.40502291895 5720366.525181456,499604.17301185953 5720327.944316542,499634.8259384181 5720288.470317706,499664.34780929366 5720248.140170314,499699.21682324086 5720196.9236475695)
2972;Streckenachse;50,5 + 47;50,7 + 47;105050047;105070047;50,5;47;50,7;47;200;Warburg - Sarnau;Itter I Tunnel;Hessen;Landkreis Waldeck-Frankenberg;LINESTRING (3492558.5703702727 5676630.199302017,3492600.464375057 5676434.674356351);LINESTRING (8.892418501231466 51.224531383004376,8.893022256506413 51.22277444030553);LINESTRING (492488.5131689749 5674799.925589278,492530.3888322699 5674604.478301245)
2972;Streckenachse;51,1 + 72;51,2 + 65;105110072;105120065;51,1;72;51,2;65;93;Warburg - Sarnau;Itter II Tunnel;Hessen;Landkreis Waldeck-Frankenberg;LINESTRING (3492722.888583758 5676029.500928269,3492733.4387319577 5676000.9064218495,3492738.5087298388 5675979.1994283805,3492742.9712277595 5675951.812436677,3492743.7485269364 5675939.368695934);LINESTRING (8.894782919948092 51.21913408898336,8.894934506866017 51.218877199965256,8.895007515209217 51.21868214974441,8.89507194337553 51.21843603662141,8.895083321716315 51.2183241950176);LINESTRING (492652.76082684664 5674199.465501921,492663.3065280354 5674170.882315754,492668.3743225223 5674149.183940325,492672.8348121081 5674121.807837821,492673.61169756664 5674109.369055184)
2972;Streckenachse;80,4 + 5;80,5 + 90;108040005;108050090;80,4;5;80,5;90;185;Warburg - Sarnau;Wiesenfelder Tunnel;Hessen;Landkreis Waldeck-Frankenberg;LINESTRING (3482206.9256002256 5653730.360317794,3482241.131903166 5653696.368039576,3482277.894891039 5653662.14004924,3482315.005878926 5653633.025557323,3482344.905886916 5653607.437521218);LINESTRING (8.745370511267094 51.01846332667183,8.745859654468518 51.018158834714875,8.746385237758869 51.01785230081073,8.746915523580956 51.01759173959384,8.747342869954608 51.0173626530401);LINESTRING (482140.8085973227 5651909.309119444,482175.0009718375 5651875.330122562,482211.74900922936 5651841.115486535,482248.844949943 5651812.012305702,482278.7328169763 5651786.434233041)
2974;Streckenachse;7,1 + 72;7,4 + 17;100710072;100740017;7,1;72;7,4;17;245;Langeland - Holzminden;Reelsener Tunnel;Nordrhein-Westfalen;Kreis Höxter;LINESTRING (3501937.75205905 5735388.740310109,3501946.0155918775 5735364.344036269,3501958.912086586 5735319.078049622,3501970.1250815364 5735265.0000657,3501975.985578271 5735216.157580352,3501982.57271375 5735148.648434257);LINESTRING (9.026997282028315 51.75270729071031,9.027116809898493 51.75248799425497,9.027303308225285 51.75208110952859,9.027465374665452 51.751595030259715,9.027549960180533 51.75115602501668,9.027644959204912 51.750549245586726);LINESTRING (501864.44786926 5733534.950856983,501872.7078999857 5733510.564241676,501885.59886812215 5733465.316196599,501896.80693305575 5733411.259682551,501902.6646785383 5733362.436624702,501909.2486146659 5733294.954343774)
2975;Streckenachse;21,9 + 26;22,5 + 56;102190026;102250056;21,9;26;22,5;56;630;Ottbergen - Northeim;Wahmbecker-Tunnel;Niedersachsen;Landkreis Northeim;LINESTRING (3534890.3661376666 5724163.256055742,3534916.453684853 5724129.986936695,3534948.726673786 5724093.1729469495,3534987.6181606133 5724053.918457744,3535021.8656491456 5724023.49096598,3535049.727639898 5724001.30897189,3535074.6876316546 5723982.728476793,3535109.3991202773 5723959.617482768,3535144.4601088488 5723938.248988205,3535190.199094035 5723913.395494364,3535231.7600806956 5723894.581498806,3535287.83156287 5723874.606003146,3535323.1235517147 5723864.037505257,3535370.802536745 5723852.93800714,3535414.7198613524 5723844.526654005);LINESTRING (9.503053917313586 51.65073722175046,9.503427511786327 51.65043659834097,9.503890113572988 51.65010372995288,9.504448086790637 51.649748514024566,9.504939839894714 51.64947291671282,9.505340158034079 51.649271821263866,9.50569890692329 51.649103273708306,9.506198082919616 51.648893398592776,9.506702478601195 51.648699160073626,9.507360787870683 51.648472929892705,9.507959337975478 51.648301237383265,9.50876740221445 51.648118192253406,9.509276205360075 51.64802099225543,9.509963908999636 51.64791823847692,9.510597536462058 51.64783987714097);LINESTRING (534803.8243102634 5722313.662611357,534829.9011666997 5722280.406539201,534862.16096731 5722243.606957317,534901.0366049735 5722204.367792705,534935.2701723657 5722173.952144393,534963.1208596482 5722151.778759495,534988.0707363284 5722133.205461882,535022.7681814576 5722110.103388884,535057.815002066 5722088.743117288,535103.5355302794 5722063.899144975,535145.0797782202 5722045.092297689,535201.1287239194 5722025.124289174,535236.406545247 5722014.559704286,535284.0664174092 5722003.464224752,535327.9661526048 5721995.055850181)
2975;Streckenachse;44,0 + 11;44,9 + 70;104400011;104490070;44;11;44,9;70;960;Ottbergen - Northeim;Ertinghäuser-Tunnel  Länge = 960 m;Niedersachsen;Landkreis Northeim;LINESTRING (3553000.1742506763 5725408.611831504,3553338.4980765246 5725605.442383554,3553382.0310639436 5725629.785374614,3553426.5555509888 5725652.08686627,3553473.10853729 5725670.738358984,3553520.8805231024 5725686.000852699,3553569.17300864 5725697.81084746,3553618.1839938406 5725706.1443432635,3553668.0249786614 5725710.729840197,3553717.9779633465 5725712.285338055,3553884.8412563405 5725702.443158638);LINESTRING (9.76488345744282 51.66051378405257,9.7698023800194 51.662250710451005,9.770435187366395 51.66246534960229,9.771082017032619 51.662661544018626,9.771757608272958 51.66282473914941,9.772450301661307 51.662957357203275,9.7731499920755 51.663058893775776,9.773859535778522 51.66312911416919,9.77458050099138 51.66316556758016,9.775302620454118 51.66317477511862,9.777712478080316 51.66307035114185);LINESTRING (552906.4194124771 5723558.365726476,553244.6099809343 5723755.114834896,553288.1258133051 5723779.447738777,553332.6327321497 5723801.739949073,553379.1673095304 5723820.383598945,553426.9203708684 5723835.639591221,553475.1936944606 5723847.44445731,553524.1852010521 5723855.774205074,553574.0063437729 5723860.357441939,553623.9394154847 5723861.911887489,553790.7360610047 5723852.072191932)
3000;Streckenachse;21,4 + 51;21,6 + 70;102140051;102160070;21,4;51;21,6;70;219;;;Rheinland-Pfalz;Landkreis Ahrweiler;LINESTRING (3360038.120811601 5599923.112677771,3359990.8987996024 5599931.9382204395,3359940.9529991327 5599933.413391037,3359891.418190265 5599926.588104087,3359843.6103714257 5599912.210855198,3359824.372239236 5599903.343897185);LINESTRING (7.025402966111524 50.51831453382239,7.024734219571294 50.51838253642154,7.024029845964975 50.51838384527152,7.023334379078712 50.518310673947056,7.0226660856729435 50.5181700623859,7.022398318822452 50.51808579340841);LINESTRING (360018.9150535497 5598123.932809189,359971.7117653721 5598132.755068858,359921.78571717563 5598134.229867765,359872.2704404476 5598127.407477516,359824.48141560494 5598113.036089052,359805.250823145 5598104.172700979)
3000;Streckenachse;23,4 + 39;23,8 + 23;102340039;102380023;23,4;39;23,8;23;384;;;Rheinland-Pfalz;Landkreis Ahrweiler;LINESTRING (3358791.718879839 5599562.15568432,3358809.098190748 5599620.679794568,3358819.8301604553 5599669.628557186,3358824.677654446 5599719.127288625,3358820.620227584 5599768.944574101,3358807.8508735085 5599817.235413272,3358787.529578641 5599862.889298176,3358759.3518424565 5599904.171734338,3358743.376131116 5599920.698450764);LINESTRING (7.007975743157237 50.51477234825636,7.008198496684645 50.51530233546819,7.008331209298832 50.515744692139116,7.008380798837827 50.51619057112136,7.008304789291485 50.51663716520273,7.008106594322223 50.51706794464148,7.007802976527904 50.51747321141347,7.007390299079383 50.51783730806041,7.007158926401845 50.517981934845245);LINESTRING (358773.0018413352 5597763.122764314,358790.3746711803 5597821.623517788,358801.10276638577 5597870.552891244,358805.94871517643 5597920.03209078,358801.8932216468 5597969.829732269,358789.1291944236 5598018.1015508445,358768.8161617705 5598063.737480881,358740.6497317918 5598105.003717246,358724.68038353964 5598121.523965135)
3000;Streckenachse;23,9 +30;24,0 +86;102390030;102400086;;;;;156;Basel Bad Bf - Basel SBB;EÜ Zürcherstrasse;Rheinland-Pfalz;Landkreis Ahrweiler;LINESTRING (3358658.883255372 5599985.363738386,3358641.708298138 5599995.357754955,3358596.1460975716 5600016.219288749,3358549.6644021645 5600034.643841237,3358515.451427452 5600045.599504686);LINESTRING (7.005943821317655 50.51854251593247,7.005698015048281 50.51862815875459,7.005048069511027 50.51880458297616,7.004386085339946 50.51895888692937,7.0038998150082294 50.5190490493729);LINESTRING (358640.22104356554 5598186.164063868,358623.05290727003 5598196.154223644,358577.5087593154 5598217.007748155,358531.04545953916 5598235.425252779,358496.84600553685 5598246.376753233)
3000;Streckenachse;24,3 +46;24,4 +35;102430046;102440035;;;;;89;Basel Bad Bf - Basel SBB;EÜ Zürcherstrasse;Rheinland-Pfalz;Landkreis Ahrweiler;LINESTRING (3358260.0733859153 5600060.137562606,3358256.056299356 5600059.180709321,3358210.1360895135 5600039.499474202,3358180.636721767 5600020.930916181);LINESTRING (7.000295589669636 50.519117899233486,7.000239345422341 50.519108330216625,6.999599727340293 50.51892039157262,6.99919108704184 50.51874642340304);LINESTRING (358241.56838511996 5598260.91019414,358237.5528693133 5598259.953735015,358191.6505496764 5598240.280449269,358162.16263327806 5598221.719331681)
3000;Streckenachse;24,7 + 48;24,8 + 14;102470048;102480014;24,7;48;24,8;14;66;;;Rheinland-Pfalz;Landkreis Ahrweiler;LINESTRING (3357973.1599334306 5599790.702648487,3357926.914814528 5599767.587099304,3357913.224247701 5599763.704430073);LINESTRING (6.996354990470184 50.51662771697043,6.995712148362108 50.51640882415927,6.9955207136630655 50.51637061979019);LINESTRING (357954.76602215477 5597991.582498409,357908.5390125903 5597968.476210194,357894.8538276799 5597964.595117314)
3005;Streckenachse;29,9 + 91;30,4 + 70;102990091;103040070;29,9;91;30,4;70;479;Andernach - Gerolstein;Geisbüsch- Tunnel  3005/29,991/1310;Rheinland-Pfalz;Landkreis Mayen-Koblenz;LINESTRING (3371336.1259047575 5576608.06923078,3370929.3352664094 5576559.363401824,3370879.5024461783 5576553.987099847,3370861.0393187157 5576550.286528043);LINESTRING (7.192612330358603 50.31141167556085,7.18692098445606 50.31088514302712,7.186223588388647 50.310825926422744,7.185965786885545 50.310788632452415);LINESTRING (371312.33225463645 5574817.96100444,370905.7013000261 5574769.275044958,370855.88815823314 5574763.901078609,370837.43233555456 5574760.202065331)
3005;Streckenachse;32,6 + 2;32,7 + 88;103260002;103270088;32,6;2;32,7;88;186;Andernach - Gerolstein;Monrealer- Tunnel;Rheinland-Pfalz;Landkreis Mayen-Koblenz;LINESTRING (3369143.410777985 5575432.719366916,3369095.584801961 5575426.476434889,3369045.895118498 5575428.616097211,3368959.8941858755 5575446.77638389);LINESTRING (7.1622521034399815 50.300368238941445,7.161583348526287 50.300301535194635,7.160885546333329 50.300309735163154,7.159672804808994 50.3004538200117);LINESTRING (369120.4780108545 5573643.082962124,369072.6707946373 5573636.842688095,369023.0006540231 5573638.981718716,368937.03364477545 5573657.1352177365)
3010;Streckenachse;48,4 + 18;52,6 + 60;104840018;105260060;48,4;18;52,6;60;4242;Koblenz - Perl (DB-Grenze);Neuer Kaiser-Wilhelm-Tunnel;Rheinland-Pfalz;Landkreis Cochem-Zell;LINESTRING (3368818.0874445885 5558359.558158855,3367257.4590497906 5554415.858315555);LINESTRING (7.163589673283204 50.14688451174697,7.14313902933452 50.11110085369897);LINESTRING (368795.2483269342 5556576.631919296,367235.2217332553 5552634.485804355)
3010;Richtungsgleis;48,4 + 18;52,6 + 23;104840018;105260023;48,4;18;52,6;23;4205;Koblenz - Perl (DB-Grenze);Alter Kaiser-Wilhelm-Tunnel;Rheinland-Pfalz;Landkreis Cochem-Zell;LINESTRING (3368816.623308221 5558362.297560957,3367269.240169148 5554451.79724902);LINESTRING (7.163568256811915 50.14690880334739,7.1432911549778195 50.111426420359045);LINESTRING (368793.78477260645 5556579.370247724,367246.99847028404 5552670.410513993)
3010;Streckenachse;54,0 + 1;54,3 + 79;105400001;105430079;54;1;54,3;79;378;Koblenz - Perl (DB-Grenze);Petersberg Tunnel;Rheinland-Pfalz;Landkreis Cochem-Zell;LINESTRING (3366789.916381432 5553159.447604972,3366776.4189152783 5553112.918007445,3366766.262355323 5553063.98038995,3366761.504053516 5553014.219529236,3366761.8412068244 5552964.2326551955,3366767.111324682 5552914.538269856,3366777.323410215 5552865.604369497,3366792.65996626 5552818.0484497985,3366803.7289242763 5552790.593443729);LINESTRING (7.1370442252583315 50.09970657247415,7.136871892559067 50.09928544948115,7.136747072144014 50.09884343778786,7.13669794566434 50.09839523978743,7.136720076924048 50.09794615339034,7.136811013516679 50.09750080113737,7.136970716237676 50.09706339009393,7.137201517463212 50.09663950943837,7.137365700024709 50.09639529063737);LINESTRING (366767.85550284234 5551378.569658732,366754.3630967102 5551332.058379962,366744.21027636965 5551283.1400049,366739.45379355445 5551233.398916995,366739.79077387624 5551183.431880124,366745.0587862275 5551133.757188448,366755.26683061407 5551084.842654963,366770.59733889776 5551037.30553163,366781.6619376604 5551009.86136797)
3010;Streckenachse;60,0 + 18;60,4 + 77;106000018;106040077;60;18;60,4;77;459;Koblenz - Perl (DB-Grenze);Prinzenkopf Tunnel;Rheinland-Pfalz;Landkreis Cochem-Zell;LINESTRING (3366251.546668946 5547390.000280527,3366224.6912938664 5547370.824432363,3366182.434156138 5547344.122169361,3366138.5075438363 5547320.242394163,3366093.157453929 5547299.189106999,3366046.5908843298 5547280.99180744,3365998.96433374 5547265.785494719,3365950.3963015033 5547253.803667724,3365901.316781642 5547244.473328475,3365825.0877003204 5547236.617478823);LINESTRING (7.131539219334908 50.04774365665577,7.13117116176596 50.04756531466297,7.130590814390784 50.04731587976341,7.129986191567292 50.04709142847771,7.129360723972843 50.04689205170232,7.128717289049428 50.046718060745796,7.128058022581924 50.046570703583825,7.127384495526193 50.04645210475677,7.126702907288694 50.04635721211959,7.125641964846615 50.046269446163386);LINESTRING (366229.6792646536 5545611.400862438,366202.834271698 5545592.232680905,366160.5934446283 5545565.541171709,366116.68380608107 5545541.671047936,366071.3512578304 5545520.626306102,366024.8027174234 5545502.436432822,365977.1946233874 5545487.236372976,365928.64543018496 5545475.259532381,365879.58496166277 5545465.933136608,365803.38550383516 5545458.0807937225)
3010;Streckenachse;62,1 + 66;62,6 + 70;106210066;106260070;62,1;66;62,6;70;504;Koblenz - Perl (DB-Grenze);Reilerhals-Tunnel;Rheinland-Pfalz;Landkreis Cochem-Zell;LINESTRING (3364796.898667125 5546082.610319108,3364783.9822941483 5546052.904006667,3364760.007871476 5546009.038350005,3364732.4244948635 5545967.347197001,3364701.514162242 5545928.0485457815,3364667.3973007216 5545891.500385926,3364630.412954489 5545857.867715118,3364590.723141519 5545827.475532287,3364548.5228619874 5545800.757834315,3364504.4981080014 5545777.030623086,3364459.2368731336 5545755.795399717,3364439.20984236 5545747.3773129685);LINESTRING (7.111701678428768 50.03566741757259,7.111531956633369 50.03539755690334,7.111212962638547 50.03499795519265,7.110842861044637 50.034617072091706,7.110425509724161 50.03425693002395,7.109962462928123 50.033920772591905,7.1094583924201284 50.033610158914776,7.108915443667353 50.03332804559467,7.108336183437012 50.03307837613841,7.107730422159083 50.03285515996061,7.107106537683986 50.03265405116712,7.106830139656554 50.03257385207024);LINESTRING (364775.5920476533 5544304.532248546,364762.6805876497 5544274.837682112,364738.7153264907 5544230.989387944,364711.14252353006 5544189.314752926,364680.2440678077 5544150.031687812,364646.1404139424 5544113.498048676,364609.17042779876 5544079.878767003,364569.49604716676 5544049.498711733,364527.31219749094 5544022.7917080065,364483.304599519 5543999.074023776,364438.06101456453 5543977.847353636,364418.0417971971 5543969.432667037)
3010;Streckenachse;69,7 + 15;70,2 + 34;106970015;107020034;69,7;15;70,2;34;519;Koblenz - Perl (DB-Grenze);Kinderbeuener Tunnel;Rheinland-Pfalz;Landkreis Bernkastel-Wittlich;LINESTRING (3358441.9891239395 5542416.284767582,3358409.612024641 5542411.004549232,3357925.8609126713 5542362.061365936);LINESTRING (7.024401645334808 50.00124835708874,7.023952254760444 50.00119322581047,7.017226901091187 50.000638393958035);LINESTRING (358423.1516139646 5540639.660301133,358390.7871933597 5540634.382295953,357907.2254729869 5540585.460523843)
3010;Streckenachse;101,1 + 15;101,9 + 6;110110015;110190006;101,1;15;101,9;6;791;Koblenz - Perl (DB-Grenze);Meulenwalt-Tunnel;Rheinland-Pfalz;Landkreis Trier-Saarburg;LINESTRING (3336092.3455936247 5523561.904073961,3336007.132919648 5523573.557575624,3335909.3366966466 5523595.6776039265,3335516.340825015 5523670.8216430005,3335418.3906754255 5523692.508669559,3335319.772469466 5523707.992803358,3335315.0618449785 5523708.174770113);LINESTRING (6.720896326132334 49.82614637514499,6.719708068738988 49.82622778291129,6.7183406370885566 49.82639976491568,6.712851321023834 49.82696722748162,6.711481892849488 49.82713519574441,6.7101058101585656 49.82724724002698,6.7100403162764595 49.82724758182669);LINESTRING (336082.25664971763 5521792.8144057635,335997.0775133271 5521804.463751298,335899.3197435541 5521826.575654295,335506.4782868156 5521901.692606856,335408.5665751435 5521923.371683876,335309.98708341434 5521938.850243722,335305.27831175295 5521939.03215784)
3010;Streckenachse;133,3 + 0;133,9 + 42;113330000;113390042;133,3;0;133,9;42;642;Koblenz - Perl (DB-Grenze);Nitteler Tunnel;Rheinland-Pfalz;Landkreis Trier-Saarburg;LINESTRING (3314587.3570190864 5506430.608057041,3314577.766086932 5506381.096222354,3314574.071270191 5506331.23818716,3314575.8534361436 5506281.271118387,3314583.4746030513 5506231.860526062,3314596.5517751374 5506183.59541338,3314615.237457335 5506137.211281352,3314638.984653483 5506093.232633493,3314667.729868173 5506052.335471295,3314700.7976037613 5506014.825798101,3314737.986364921 5505981.390115533,3314778.6276539736 5505952.332926403,3314822.2164723002 5505927.83523256,3314860.7751266877 5505911.68420462);LINESTRING (6.430454955419916 49.666017442771505,6.430345670786042 49.66556978295656,6.43031814221142 49.66512082511234,6.430366455281309 49.66467257070542,6.430495302433726 49.66423110841061,6.430699103056486 49.66380161067053,6.430979617593787 49.66339073014719,6.431329027310042 49.66300300933686,6.431746132719667 49.66264449992698,6.432221441405942 49.66231774230558,6.432751840447981 49.66202884004941,6.4333279361579985 49.66178032230215,6.433942656098037 49.66157365921929,6.4344838247370095 49.661440419532724);LINESTRING (314585.6915356519 5504668.3515616935,314576.10414938425 5504618.859425068,314572.41075312125 5504569.021369246,314574.1921682896 5504519.074316098,314581.8102552544 5504469.683497084,314594.88217139436 5504421.437679771,314613.5603612792 5504375.072069215,314637.29804731585 5504331.110959976,314666.03175990994 5504290.230082489,314699.08627116866 5504252.735319548,314736.26016670075 5504219.312898434,314776.88521580596 5504190.267202482,314820.4566215551 5504165.779163162,314858.99987716303 5504149.634463928)
3020;Streckenachse;48,0 + 35;48,0 + 99;104800035;104800099;48;35;48;99;64;Simmern - Boppard Süd;Hinterburden-Tunnel I;Rheinland-Pfalz;Landkreis Rhein-Hunsrück-Kreis;LINESTRING (3396239.4454922103 5566068.422469319,3396212.901458751 5566079.923804896,3396183.4457880603 5566099.05335788);LINESTRING (7.544990446796418 50.2215976250442,7.544615475116268 50.22169633408507,7.544197628795002 50.2218630876709);LINESTRING (396205.81970661844 5564282.388958066,396179.28609326464 5564293.886067801,396149.8419387313 5564313.008367804)
3020;Streckenachse;48,3 + 9;48,3 + 74;104830009;104830074;48,3;9;48,3;74;65;Simmern - Boppard Süd;Hinterburden-Tunnel II;Rheinland-Pfalz;Landkreis Rhein-Hunsrück-Kreis;LINESTRING (3396049.490525296 5566259.33198708,3396044.0704267905 5566267.588728951,3396027.630999738 5566301.363241215,3396021.976204181 5566318.04316396);LINESTRING (7.542277279424154 50.22328002754543,7.542199090456576 50.22335328040863,7.541959545258759 50.22365393090639,7.541875759036574 50.2238028434695);LINESTRING (396015.93850850355 5564473.224434677,396010.5204942409 5564481.477927621,395994.08732449147 5564515.239065491,395988.4346440222 5564531.912346911)
3020;Streckenachse;49,7 + 1;49,8 + 25;104970001;104980025;49,7;1;49,8;25;124;Simmern - Boppard Süd;Rauherberg-Tunnel;Rheinland-Pfalz;Landkreis Rhein-Hunsrück-Kreis;LINESTRING (3396755.852046135 5567273.878227822,3396767.82687823 5567356.9912326615,3396774.957088395 5567396.47664156);LINESTRING (7.551896139251678 50.232521744899515,7.552041294346354 50.23327079451604,7.552130449522127 50.23362690525782);LINESTRING (396722.0099651911 5565487.354017033,396733.9794411231 5565570.433630985,396741.10653618595 5565609.903158674)
3020;Streckenachse;50,2 + 10;50,3 + 54;105020010;105030054;50,2;10;50,3;54;144;Simmern - Boppard Süd;Talberg-Tunnel;Rheinland-Pfalz;Landkreis Rhein-Hunsrück-Kreis;LINESTRING (3396969.817401091 5567726.340629109,3396980.975451247 5567740.566161611,3397012.6229207874 5567770.817029845,3397039.8167451373 5567790.703936775,3397072.129059358 5567808.839843755,3397082.7953577703 5567813.176636253);LINESTRING (7.554771094092806 50.236625468743206,7.554923579155176 50.23675526178476,7.555358818355368 50.23703264808797,7.555734470297672 50.23721611343901,7.556182323805648 50.237384731963445,7.556330608886468 50.23742556471824);LINESTRING (396935.8873160283 5565939.632932838,396947.0408092187 5565953.8527532965,396978.6754057268 5565984.091422646,397005.858199951 5566003.970266507,397038.1574361132 5566022.098769733,397048.8194259344 5566026.433772783)
3020;Streckenachse;51,1 + 89;51,3 + 13;105110089;105130013;51,1;89;51,3;13;124;Simmern - Boppard Süd;Kalmut-Tunnel;Rheinland-Pfalz;Landkreis Rhein-Hunsrück-Kreis;LINESTRING (3397853.8367984514 5567910.415048875,3397879.9250312247 5567897.304717963,3397914.2648901856 5567874.587229738,3397949.9781332044 5567842.4807695635,3397953.7472178824 5567838.206283732);LINESTRING (7.567108740231767 50.238433191354055,7.56747784526918 50.23831987138447,7.567965164871444 50.23812163246281,7.568474252881918 50.23783924676553,7.5685282188926175 50.237801481127924);LINESTRING (397819.54972542136 5566123.628409132,397845.62748892984 5566110.523114543,397879.95359547966 5566087.814419922,397915.65257997793 5566055.720464812,397919.42016443284 5566051.447649915)
3031;Streckenachse;0,4 + 84;1,0 + 60;100040084;100100060;0,4;84;1;60;576;KO-Pfaffend. - Horchheimer Br.;Horchheimer Tunnel;Rheinland-Pfalz;Kreisfreie Stadt Koblenz;LINESTRING (3400468.6101341434 5578890.48549065,3400516.2373125516 5578785.462044175,3400534.652594982 5578738.918209117,3400547.8108288655 5578691.013482799,3400552.457078966 5578641.240348611,3400548.3643549825 5578591.486782147,3400536.2111610267 5578543.027257171,3400515.5455063614 5578497.518253603,3400488.0398900807 5578455.8027461395,3400453.627320302 5578419.543717912,3400414.146292526 5578388.94015556,3400402.6626638807 5578382.8871658705);LINESTRING (7.600859078636625 50.33756117738956,7.601555583077417 50.33662534521201,7.601826448305343 50.33621015128195,7.602023849328 50.335781838600255,7.602102217131817 50.33533529698935,7.602057869776105 50.33488745619561,7.601900001727474 50.334449884713926,7.601621832539184 50.33403739307155,7.601246626303505 50.33365783894876,7.600773005019085 50.33332615582481,7.600226731058985 50.3330444415731,7.6000670883557175 50.33298810072449);LINESTRING (400433.32008905744 5577099.3391898535,400480.9279186853 5576994.357027666,400499.33569840493 5576947.831472783,400512.4885669798 5576899.945502781,400517.1328204132 5576850.191845918,400513.04156419454 5576800.457749901,400500.89303735504 5576752.017200362,400480.2354334241 5576706.526039239,400452.7405910572 5576664.826916695,400418.34155006974 5576628.582169046,400378.87607775896 5576597.99070237,400367.3969824967 5576591.940116791)
3032;Streckenachse;66,5 + 43;67,5 + 93;106650043;106750093;66,5;43;67,5;93;1050;Engers - Au (Sieg);Marienthaler-Tunnel;Rheinland-Pfalz;Landkreis Altenkirchen (Westerwald);LINESTRING (3405775.1053159544 5622221.289295243,3405778.5988128087 5622227.77768475,3405796.229492618 5622274.632664067,3405825.5672765262 5622370.032627603,3405848.70348851 5622467.339595996,3406005.9101292402 5623046.828359634,3406033.2714770967 5623143.102315355,3406055.9373573516 5623232.263185874);LINESTRING (7.664427928350491 50.72785877389711,7.6644757352201145 50.72791765094312,7.664713400540069 50.728341591012835,7.665104437908326 50.72920369763952,7.665407190171632 50.730081936196235,7.667485463212067 50.73531520613398,7.667848395310316 50.73618483828208,7.668146657016365 50.73698978524851);LINESTRING (405737.9887891413 5620413.041440586,405741.4809018618 5620419.527215748,405759.1047354923 5620466.363367647,405788.43128118524 5620561.725043792,405811.55881803413 5620658.993007878,405968.70566337294 5621238.249384526,405996.05650540383 5621334.48472758,406018.71390258154 5621423.609858708)
3230;Streckenachse;44,8 + 75;46,0 + 70;104480075;104600070;44,8;75;46;70;1195;Saarbrücken - Karthaus;Mettlacher-Tunnel;Saarland;Landkreis Merzig-Wadern;LINESTRING (3326143.429396081 5485260.277055945,3326135.239754201 5485435.019282552,3326134.48559408 5485585.115221257,3326113.3439938775 5486455.267512987);LINESTRING (6.599734627853283 49.47927955736322,6.599544952558997 49.48084699521374,6.599468613366879 49.48219515296842,6.598794686308098 49.49000602793975);LINESTRING (326137.19569169974 5483506.554489613,326129.0097673598 5483681.238719326,326128.25668846205 5483831.284750546,326107.08872830134 5484701.055557668)
3232;Streckenachse;3,4 + 91;3,7 + 42;100340091;100370042;3,4;91;3,7;42;251;Saarbrücken Saardamm - Bous;Schanzenbergtunnel  3232/3,491/1310;Saarland;Landkreis Regionalverband Saarbrücken;LINESTRING (3351262.743472326 5456666.199286128,3351230.8078629915 5456674.269248758,3351201.659857089 5456685.050926115,3351173.7811660566 5456698.786981501,3351147.4715889054 5456715.330651536,3351123.0118749444 5456734.5037178695,3351100.6657180167 5456756.10101156,3351080.671250506 5456779.890918702,3351063.0654498306 5456805.918183663);LINESTRING (6.956802715821207 49.22901153939733,6.956361540121469 49.22907630303024,6.955957606170067 49.22916610932429,6.955569991221671 49.22928277045822,6.955202862722361 49.22942504060679,6.9548601385503055 49.22959138670803,6.954545512727713 49.229780029412666,6.95426233853486 49.229988945548996,6.954011106772199 49.23021854640688);LINESTRING (351246.3782014842 5454923.480079937,351214.46650466265 5454931.535936928,351185.3412298382 5454942.302849995,351157.4849697515 5454956.023072732,351131.1971036104 5454972.550161446,351106.7580179825 5454991.706185189,351084.4311060268 5455013.286223924,351064.45427089627 5455037.058868389,351046.864499605 5455063.06883017)
3240;Streckenachse;16,5 + 53;17,1 + 75;101650053;101710075;16,5;53;17,1;75;622;Saarbrücken - Neunkirchen;Merchweilertunnel;Saarland;Landkreis Neunkirchen;LINESTRING (3359605.509527129 5470712.552861375,3359704.3877370665 5470931.708486172,3359850.0486605167 5471258.277604673,3359858.469813197 5471278.813332422);LINESTRING (7.066346604797872 49.35720742651687,7.067629737137029 49.359199593203705,7.069518839248947 49.36216775784545,7.069627478949925 49.362354235002776);LINESTRING (359585.83391538635 5468964.303090135,359684.6811589864 5469183.384632928,359830.2964041178 5469509.843514679,359838.71492829965 5469530.37231694)
3240;Streckenachse;16,5 + 53;17,1 + 74;101650053;101710074;16,5;53;17,1;74;621;Saarbrücken - Neunkirchen;Merchweilertunnel Röhre 2;Saarland;Landkreis Neunkirchen;LINESTRING (3359605.509527129 5470712.552861375,3359704.3877370665 5470931.708486172,3359850.0486605167 5471258.277604673,3359858.0914944788 5471277.890768702);LINESTRING (7.066346604797872 49.35720742651687,7.067629737137029 49.359199593203705,7.069518839248947 49.36216775784545,7.06962259831429 49.362345857553535);LINESTRING (359585.83391538635 5468964.303090135,359684.6811589864 5469183.384632928,359830.2964041178 5469509.843514679,359838.3367276746 5469529.450064336)
3242;Streckenachse;0,8 + 47;1,0 + 4;100080047;100100004;0,8;47;1;4;157;Saarbrücken-Schleifmühle - Hbf;Schleifmühler Tunnel;Saarland;Landkreis Regionalverband Saarbrücken;LINESTRING (3352595.3956555813 5458179.9737157505,3352573.332898326 5458172.0935996985,3352553.828582857 5458166.698643917,3352470.623831625 5458147.887658706,3352442.888832448 5458142.922666169);LINESTRING (6.974531723049772 49.24293647160049,6.9742318120295295 49.24286034980793,6.973966102253007 49.24280717500198,6.972831053263342 49.242618101085384,6.9724522241144 49.24256680378649);LINESTRING (352578.4514442561 5456436.716441429,352556.4056969159 5456428.845713856,352536.91644852667 5456423.45851385,352453.7760480857 5456404.679145352,352426.0625227904 5456399.724236089)
3280;Streckenachse;50,0 + 65;51,4 + 14;105000065;105140014;50;65;51,4;14;1349;Homburg - Ludwigshafen;Heiligenberg-Tunnel;Rheinland-Pfalz;Kreisfreie Stadt Kaiserslautern;LINESTRING (3416817.7383961054 5477831.177189641,3416848.1993776206 5477848.673417091,3416933.696283495 5477900.569128213,3417976.3532335674 5478521.900464951);LINESTRING (7.852197230142991 49.43169065367739,7.852613415006317 49.43185210358982,7.85378098025466 49.43233030980378,7.868023967686996 49.438057387445205);LINESTRING (416775.5983649018 5476079.864834321,416806.0475550436 5476097.354110419,416891.5112802609 5476149.229206647,417933.76161761326 5476770.315051111)
3280;Streckenachse;56,0 + 51;56,1 + 32;105600051;105610032;56;51;56,1;32;81;Homburg - Ludwigshafen;Franzosenwoog-Tunnel;Rheinland-Pfalz;Landkreis Kaiserslautern;LINESTRING (3422381.8847071314 5478786.8735518735,3422448.9435410807 5478741.4466500105);LINESTRING (7.928703939073633 49.441017913435275,7.929637313954428 49.440618094214884);LINESTRING (422337.5496154827 5477035.175750416,422404.5814828911 5476989.766546601)
3280;Streckenachse;59,4 + 76;59,6 + 82;105940076;105960082;59,4;76;59,6;82;206;Homburg - Ludwigshafen;Schloßberg-Tunnel;Rheinland-Pfalz;Landkreis Kaiserslautern;LINESTRING (3425610.1847760356 5478522.436028458,3425635.0064274566 5478524.225939151,3425734.4451854355 5478515.124711787,3425783.088085996 5478503.638158992,3425812.6322873994 5478493.625006628);LINESTRING (7.973260197754837 49.43904431964521,7.9736020506838665 49.43906344801437,7.974974608193414 49.4389937858285,7.975647343520488 49.43889646352659,7.976056509089109 49.438810052425204);LINESTRING (425564.5671652516 5476770.83713098,425589.3789698486 5476772.626217949,425688.77815066633 5476763.528087265,425737.4016177498 5476752.045802926,425766.93397957477 5476742.036428666)
3280;Streckenachse;60,1 + 85;60,4 + 86;106010085;106040086;60,1;85;60,4;86;301;Homburg - Ludwigshafen;Kehre-Tunnel;Rheinland-Pfalz;Landkreis Kaiserslautern;LINESTRING (3426144.491749055 5478143.076395957,3426148.836345196 5478127.858814286,3426157.759017421 5478078.68315746,3426161.5811856715 5478028.850007582,3426160.478851463 5477978.88436091,3426154.2985163075 5477929.283714059,3426142.833181217 5477880.718062441,3426132.115411031 5477847.158340907);LINESTRING (7.980696758301043 49.4356990486782,7.980759482078949 49.435562771080924,7.980891636131568 49.43512176788416,7.980953601237394 49.43467423418755,7.980947707655756 49.43422491118659,7.9808717487358125 49.43377825271322,7.980722748286779 49.43334025672846,7.98058126062592 49.43303725407933);LINESTRING (426098.65682533255 5476391.62283283,426102.999511616 5476376.411195434,426111.9180647833 5476327.254784816,426115.7381517074 5476277.441176483,426114.6357060976 5476227.495159202,426108.4572931611 5476177.914035282,426096.99600082426 5476129.367538481,426086.2821378259 5476095.8210734865)
3280;Streckenachse;61,0 + 81;61,1 + 46;106100081;106110046;61;81;61,1;46;65;Homburg - Ludwigshafen;Eisenkeil- Tunnel;Rheinland-Pfalz;Landkreis Kaiserslautern;LINESTRING (3426104.6540685943 5477264.604783506,3426110.7797136386 5477199.920947863);LINESTRING (7.980311234633641 49.427796781862924,7.980407708180586 49.42721602058587);LINESTRING (426058.8239822213 5475513.494797424,426064.9466007191 5475448.83633035)
3280;Streckenachse;61,6 + 98;61,8 + 56;106160098;106180056;61,6;98;61,8;56;158;Homburg - Ludwigshafen;Köpfl-Tunnel;Rheinland-Pfalz;Landkreis Bad Dürkheim;LINESTRING (3426393.4082003674 5476743.913648419,3426507.6011756444 5476634.810947964);LINESTRING (7.98438764938663 49.423150798360936,7.985981600816028 49.422183775473165);LINESTRING (426347.4589469748 5474993.006969049,426461.6056922924 5474883.946972492)
3280;Streckenachse;61,9 + 27;62,1 + 43;106190027;106210043;61,9;27;62,1;43;215;Homburg - Ludwigshafen;Gipp-Tunnel;Rheinland-Pfalz;Landkreis Bad Dürkheim;LINESTRING (3426558.8915583296 5476585.7579069,3426714.9241383197 5476436.520232693);LINESTRING (7.986697521264755 49.42174898430268,7.988875376610522 49.42042615773037);LINESTRING (426512.87531228183 5474834.913133299,426668.8448636314 5474685.733876231)
3280;Streckenachse;63,8 + 62;64,0 + 75;106380062;106400075;63,8;62;64;75;212;Homburg - Ludwigshafen;Mainzerberg - Tunnel;Rheinland-Pfalz;Landkreis Bad Dürkheim;LINESTRING (3428047.064420108 5475410.258677085,3428195.5829226105 5475257.703012272);LINESTRING (8.007419311295399 49.41135904629707,8.009493221482861 49.41000510410842);LINESTRING (428000.4478910198 5473659.877386549,428148.90600992163 5473507.382240083)
3280;Streckenachse;64,9 + 25;65,2 + 91;106490025;106520091;64,9;25;65,2;91;366;Homburg - Ludwigshafen;Schönberg - Langeck - Tunnel;Rheinland-Pfalz;Landkreis Bad Dürkheim;LINESTRING (3428622.224234371 5474534.905754885,3428855.083336709 5474252.728394821);LINESTRING (8.01550132436595 49.40355728149491,8.018759745933256 49.40104773901488);LINESTRING (428575.3702806511 5472784.869021861,428808.1338040014 5472502.802249463)
3280;Streckenachse;65,7 + 73;65,9 + 69;106570073;106590069;65,7;73;65,9;69;196;Homburg - Ludwigshafen;Retschbach - Tunnel;Rheinland-Pfalz;Landkreis Bad Dürkheim;LINESTRING (3429184.3274509255 5473903.433899973,3429205.8898570347 5473886.529799121,3429286.8067721957 5473827.696625543,3429341.5391321774 5473786.546108406);LINESTRING (8.02335747791194 49.39794592981978,8.023657502857798 49.39779646765926,8.024782566648277 49.397276954111454,8.02554378964123 49.39691336038467);LINESTRING (429137.2448570983 5472153.643701124,429158.7986855245 5472136.7460931465,429239.68338375475 5472077.935487544,429294.39389792836 5472036.800764693)
3280;Streckenachse;67,2 + 54;67,3 + 46;106720054;106730046;67,2;54;67,3;46;92;Homburg - Ludwigshafen;Tunnel Lichtensteiner Kopf;Rheinland-Pfalz;Landkreis Bad Dürkheim;LINESTRING (3430402.8412221856 5473150.073496287,3430471.8112290385 5473089.248001645);LINESTRING (8.040273995198081 49.39131361310334,8.041234544678058 49.39077465979215);LINESTRING (430355.2699719488 5471400.57129423,430424.2117995333 5471339.769269959)
3280;Streckenachse;74,0 + 65;74,3 + 84;107400065;107430084;74;65;74,3;84;320;Homburg - Ludwigshafen;Wolfsbergtunnel;Rheinland-Pfalz;Kreisfreie Stadt Neustadt an der Weinstraße;LINESTRING (3435160.7358794683 5469740.370850428,3435154.1276612277 5469705.204133763,3435148.3641631855 5469655.506343706,3435146.5891387374 5469605.565549682,3435149.142599797 5469555.620747534,3435157.0070587196 5469506.337929722,3435170.871531329 5469458.325088987,3435183.960029994 5469427.733294091);LINESTRING (8.106360231926649 49.36118435604602,8.106274999871468 49.36086748993155,8.106203762825064 49.36042007335013,8.10618746511571 49.35997089637833,8.106230746297527 49.35952214387578,8.106347019632645 49.359079907831024,8.106545667782864 49.358649727399204,8.106730796420734 49.358376086447215);LINESTRING (435111.2403227316 5467992.189467538,435104.6344491265 5467957.036711322,435098.87286854815 5467907.358625089,435097.09819159214 5467857.437605139,435099.65028418356 5467807.512553288,435107.5112586941 5467758.249195669,435121.36984438356 5467710.255283871,435134.4528761901 5467679.675530532)
3302;Streckenachse;25,1 + 88;25,2 + 79;102510088;102520079;25,1;88;25,2;79;91;Kaiserslautern - Lauterecken;Eisenknopf-Tunnel;Rheinland-Pfalz;Landkreis Kusel;LINESTRING (3399243.171343661 5495588.738326775,3399236.171181702 5495597.378299591,3399216.024362446 5495643.196666753,3399211.633240601 5495672.5601122985);LINESTRING (7.605449485117324 49.58864852399092,7.605350485934079 49.58872501804014,7.6050601900705646 49.589133498558766,7.604991951532282 49.58939669936642);LINESTRING (399208.0710930325 5493830.434543504,399201.07374771906 5493839.071128158,399180.935151329 5493884.871471639,399176.5459305234 5493914.223338287)
3303;Streckenachse;11,6 + 79;11,7 + 35;101160079;101170035;11,6;79;11,7;35;56;Kaiserslautern - Enkenbach;-Schützenkanzeltunnel-;Rheinland-Pfalz;Landkreis Kaiserslautern;LINESTRING (3419798.2074394203 5483238.237538085,3419853.2068734234 5483248.685313893);LINESTRING (7.892183671687712 49.48069873198061,7.892940394636079 49.48079991824413);LINESTRING (419754.92585893656 5481484.780302395,419809.90378408326 5481495.2238727445)
3310;Streckenachse;3,9 + 84;4,8 + 70;100390084;100480070;3,9;84;4,8;70;886;Pirmasens Nord - Pirmasens Hbf;Neuer Fehrbacher Tunnel;Rheinland-Pfalz;Kreisfreie Stadt Pirmasens;LINESTRING (3397953.389313489 5455232.467331619,3397941.1802216033 5455219.521600584,3397856.221315293 5455143.429164863,3397302.965322648 5454658.065359343,3397290.483545648 5454645.759833861);LINESTRING (7.597983938625225 49.2256818229342,7.597819667030651 49.22556341967398,7.596673016792896 49.22486526381121,7.5892041756663575 49.220409838193646,7.589036036659117 49.22029713176118);LINESTRING (397918.6033927068 5453490.161093271,397906.3989971501 5453477.220467691,397821.47288022016 5453401.15803352,397268.4328492842 5452915.98827473,397255.95596928126 5452903.687636422)
3320;Streckenachse;3,6 + 17;4,0 + 54;100360017;100400054;3,6;17;4;54;437;Hochspeyer - Bad Münster;Altenhoftunnel;Rheinland-Pfalz;Landkreis Kaiserslautern;LINESTRING (3421217.003897133 5482334.2486823,3420977.3079289556 5482699.538989304);LINESTRING (7.9119391989168735 49.47275796401674,7.908559638592419 49.47601065836198);LINESTRING (421173.1554491973 5480581.147541964,420933.5569184157 5480946.293192681)
3320;Streckenachse;17,7 + 54;17,8 + 37;101770054;101780037;17,7;54;17,8;37;83;Hochspeyer - Bad Münster;Kupferschmelztunnel;Rheinland-Pfalz;Landkreis Donnersbergkreis;LINESTRING (3416760.8386255377 5493841.287563091,3416738.3532193205 5493881.718440119,3416716.4688459923 5493911.1232286);LINESTRING (7.848040134454831 49.57560494648936,7.847720747905838 49.575965298748244,7.847411998786595 49.57622661571623);LINESTRING (416718.835589373 5492083.631424923,416696.359244571 5492124.046299356,416674.4836307431 5492153.439471906)
3320;Streckenachse;22,1 + 76;22,5 + 44;102210076;102250044;22,1;76;22,5;44;368;Hochspeyer - Bad Münster;Imsweiler Tunnel;Rheinland-Pfalz;Landkreis Donnersbergkreis;LINESTRING (3413881.6247031656 5496498.503298172,3413882.561504804 5496525.439141892,3413889.56040963 5496574.929081147,3413902.0837639864 5496623.316991037,3413919.64607266 5496670.118374404,3413942.432334394 5496714.595230601,3413970.004053543 5496756.265062228,3414002.1802321644 5496794.502370561,3414032.1681451416 5496822.189914457);LINESTRING (7.807657126891704 49.599088170948605,7.807664179457865 49.5993304350581,7.807750130222344 49.59977630508857,7.807912730179489 49.6002130555509,7.8081453727265355 49.600636261781965,7.8084507798347405 49.601039315703204,7.808822993811577 49.60141781709987,7.809259649208267 49.60176611687914,7.809668353273505 49.60201927026608);LINESTRING (413840.7708914892 5494739.797151828,413841.70755222446 5494766.722240168,413848.7041377463 5494816.1924060015,413861.2230068594 5494864.560969565,413878.77884985 5494911.3436282445,413901.556587076 5494955.802675572,413929.117890055 5494997.455807783,413961.2818262861 5495035.67777627,413991.2582631137 5495063.354197012)
3320;Streckenachse;37,6 + 26;37,9 + 10;103760026;103790010;37,6;26;37,9;10;284;Hochspeyer - Bad Münster;Alsenz-Tunnel;Rheinland-Pfalz;Landkreis Donnersbergkreis;LINESTRING (3414717.545955753 5510198.78378265,3414754.5657068132 5510480.215017287);LINESTRING (7.8162342515269145 49.722359890111136,7.816686055080579 49.724894923708966);LINESTRING (414676.40496047813 5508434.643141569,414713.4112181096 5508715.963702289)
3405;Streckenachse;1,1 + 74;1,7 + 74;100110074;100170074;1,1;74;1,7;74;600;Ludwigshafen Hbf - BASF;BASF-Verbindungstunnel;Rheinland-Pfalz;Kreisfreie Stadt Ludwigshafen am Rhein;LINESTRING (3459400.299850911 5483126.573510461,3459421.4030864867 5483141.238869597,3459457.748151917 5483175.37882473,3459491.6767308908 5483212.305242825,3459526.275319908 5483248.4171578735,3459592.868032458 5483323.1394308,3459621.9056556295 5483363.548267081,3459642.9857871034 5483408.697536622,3459658.3453899245 5483456.335274134,3459670.131952722 5483504.9579957025,3459676.985505786 5483554.482691967,3459679.0155518465 5483604.45137223,3459677.1778636584 5483628.345973056);LINESTRING (8.438659740468266 49.483636403389355,8.438949457824599 49.483769669984994,8.439447516120754 49.48407904858606,8.439911947145786 49.484413316451466,8.440385714223675 49.48474030406,8.441297069008481 49.48541656319603,8.441693671517358 49.48578180811631,8.441979977131016 49.486189142971,8.442187085629625 49.48661847018717,8.442344785985073 49.48705641532329,8.442434316442576 49.487502141834526,8.442457233196423 49.4879515394089,8.442429432048863 49.48816625081072);LINESTRING (459341.27110551816 5481373.048512227,459362.36599251395 5481387.707834703,459398.69672985165 5481421.833900341,459432.6119551207 5481458.745370846,459467.1969061565 5481494.84266174,459533.7633690794 5481569.534765007,459562.7895770331 5481609.927381497,459583.861503456 5481655.0586650735,459599.215236373 5481702.677498572,459610.99740545574 5481751.280966271,459617.84855376167 5481800.786112019,459619.87813392293 5481850.7351180725,459618.04134839686 5481874.620337214)
3450;Streckenachse;34,1 + 37;34,2 + 30;103410037;103420030;34,1;37;34,2;30;93;Rheinsheim - Rohrbach (Saar);Kirchberg Tunnel;Rheinland-Pfalz;Landkreis Südliche Weinstraße;LINESTRING (3429334.2131478004 5453744.077318672,3429326.224015705 5453752.38325293,3429289.8679938572 5453786.305830413,3429265.3585769837 5453806.4991508825);LINESTRING (8.02898969685122 49.216725220376595,8.028878589685217 49.21679897252852,8.028373654670055 49.21709975512726,8.02803372085444 49.217278471855394);LINESTRING (429286.9997563647 5452002.279713368,429279.01377341023 5452010.58237339,429242.67206995084 5452044.49158978,429218.1722958937 5452064.676965414)
3450;Streckenachse;43,9 + 51;44,0 + 59;104390051;104400059;43,9;51;44;59;108;Rheinsheim - Rohrbach (Saar);Schwerwoogkopftunnel;Rheinland-Pfalz;Landkreis Südliche Weinstraße;LINESTRING (3421344.2632387527 5454268.660443447,3421325.7031376422 5454311.278513897,3421297.5828670454 5454352.321569769,3421289.9810765 5454361.137282821);LINESTRING (7.9192342099998845 49.22046761077239,7.9189711209373295 49.22084836802218,7.918577123771549 49.221213736912034,7.91847106015671 49.221292014310954);LINESTRING (421300.23173472326 5452526.672209088,421281.67917536333 5452569.273387962,421253.57023248525 5452610.300194132,421245.97149390704 5452619.112419575)
3450;Streckenachse;60,2 + 81;61,1 + 22;106020081;106110022;60,2;81;61,1;22;841;Rheinsheim - Rohrbach (Saar);Münchweiler-Tunnel;Rheinland-Pfalz;Landkreis Südwestpfalz;LINESTRING (3407403.7251766315 5453742.387912878,3407388.5848176195 5453752.036761413,3407300.017460067 5453798.32915091,3407208.1325821253 5453838.213094682,3406846.0079696295 5454008.116644885,3406754.3145019333 5454048.33594606,3406665.4725382063 5454094.132742438,3406646.5146536008 5454106.28411524);LINESTRING (7.728034961496922 49.2137883212766,7.727824979782354 49.21387277161106,7.726598968345765 49.21427552519573,7.725328894651886 49.21462015460048,7.720320325947782 49.21609255475279,7.719052711921841 49.216440158025264,7.717822914018049 49.216838320194654,7.717559933085767 49.21694466637273);LINESTRING (407365.2130138979 5452000.6520831995,407350.07866194024 5452010.297131657,407261.546421486 5452056.571300558,407169.6979583171 5452096.439556807,406807.7170196888 5452266.27639547,406716.05998235557 5452306.480016112,406627.25334761734 5452352.258885193,406608.3030127125 5452364.405485611)
3450;Streckenachse;66,2 + 3;66,5 + 7;106620003;106650007;66,2;3;66,5;7;304;Rheinsheim - Rohrbach (Saar);Neuhof-Tunnel;Rheinland-Pfalz;Landkreis Südwestpfalz;LINESTRING (3403059.2992105214 5456188.730025635,3403033.1632565116 5456229.903098994,3403003.375497806 5456269.990156452,3402969.14624777 5456306.434763634,3402930.923502565 5456338.555918823,3402889.002263098 5456365.785562288,3402843.905529681 5456387.2992456965,3402838.8875437374 5456388.957290352);LINESTRING (7.667830863866974 49.23510729537172,7.667462125072947 49.235473271989065,7.667043512364201 49.235828906458316,7.666564802826308 49.23615109270584,7.666032311194806 49.236433779322596,7.665450224858787 49.2366719055255,7.664825924328843 49.23685814253615,7.66475663541314 49.23687225078493);LINESTRING (403022.51260183717 5454446.033966718,402996.3871807971 5454487.1907576835,402966.61139410135 5454527.2619591225,402932.3958551176 5454563.692150599,402894.1883795648 5454595.800600937,402852.28384518635 5454623.019534954,402807.20503662934 5454644.524778275,402802.18904143525 5454646.1821746705)
3501;Richtungsgleis;16,8 + 78;17,1 + 13;101680078;101710013;16,8;78;17,1;13;235;WI Kinzenberg - Niedernhausen;Grauer Stein Tunnel;Hessen;Landkreis Main-Taunus-Kreis;LINESTRING (3452110.3430597447 5556313.598655477,3452221.5211112667 5556520.6225912);LINESTRING (8.329029797773195 50.14106880033644,8.330558990200146 50.14293884003712);LINESTRING (452054.5347057397 5554531.047065197,452165.6818512166 5554737.9939853335)
3507;Streckenachse;88,0 + 32;88,4 + 89;108800032;108840089;88;32;88,4;89;457;Wiesbaden Ost - N'lahnstein;Neuer Roßsteintunnel;Rheinland-Pfalz;Landkreis Rhein-Lahn-Kreis;LINESTRING (3408999.761837274 5553679.476986848,3408989.374507111 5553694.3196773715,3408965.752218258 5553738.325351181,3408947.8019211395 5553784.9835117785,3408935.9931121315 5553833.5621645525,3408930.0787893212 5553883.206815114,3408930.589448997 5553933.199468772,3408937.0780901476 5553982.78113029,3408949.881709253 5554031.1168056335,3408968.3988373424 5554077.552502764,3408987.2972652507 5554111.552676219);LINESTRING (7.726708507341742 50.11234615866236,7.726559785217854 50.112477974399525,7.726219122368914 50.11286988105101,7.725957100515626 50.11328649729005,7.725780458233381 50.1137213164163,7.725685948970779 50.1141666206586,7.725681161337086 50.11461603818822,7.725760030790887 50.11506267854522,7.7259274693349145 50.11549908824229,7.726175227860588 50.11591929654431,7.726431285434831 50.11622779098598);LINESTRING (408961.0698203102 5551898.2187958285,408950.68667751265 5551913.05575027,408927.07395868376 5551957.044355043,408909.1309948033 5552003.684355743,408897.32709258917 5552052.244041124,408891.41534402454 5552101.869254494,408891.92603156826 5552151.842278534,408898.4123278451 5552201.404419953,408911.21109169617 5552249.721009695,408929.7210582852 5552296.138313737,408948.61213073944 5552330.124973297)
3507;Streckenachse;88,0 + 70;88,4 + 48;108800070;108840048;88;70;88,4;48;378;Wiesbaden Ost - N'lahnstein;Alter Roßsteintunnel;Rheinland-Pfalz;Landkreis Rhein-Lahn-Kreis;LINESTRING (3408979.9727770477 5553711.834045685,3408965.752218258 5553738.325351181,3408947.8019211395 5553784.9835117785,3408935.9931121315 5553833.5621645525,3408930.0787893212 5553883.206815114,3408930.589448997 5553933.199468772,3408937.0780901476 5553982.78113029,3408949.881709253 5554031.1168056335,3408967.6228660303 5554075.606586794);LINESTRING (7.72642420122299 50.11263395435492,7.726219122368914 50.11286988105101,7.725957100515626 50.11328649729005,7.725780458233381 50.1137213164163,7.725685948970779 50.1141666206586,7.725681161337086 50.11461603818822,7.725760030790887 50.11506267854522,7.7259274693349145 50.11549908824229,7.726164845305753 50.115901687471954);LINESTRING (408941.2887563027 5551930.563325098,408927.07395868376 5551957.044355043,408909.1309948033 5552003.684355743,408897.32709258917 5552052.244041124,408891.41534402454 5552101.869254494,408891.92603156826 5552151.842278534,408898.4123278451 5552201.404419953,408911.21109169617 5552249.721009695,408928.945386944 5552294.193168548)
3507;Richtungsgleis;91,7 + 4;92,1 + 21;109170004;109210021;91,7;4;92,1;21;417;Wiesbaden Ost - N'lahnstein;Neuer Loreley Tunnel;Rheinland-Pfalz;Landkreis Rhein-Lahn-Kreis;LINESTRING (3409406.1709345626 5556604.8249281505,3409384.350305263 5556615.363479214,3409359.9928857656 5556629.156803442,3409336.6594653763 5556644.619615656,3409317.562032604 5556659.144946061,3409299.369598646 5556674.789769266,3409279.376173876 5556694.380554872,3409263.365236534 5556712.251364906,3409246.08030719 5556734.268636974,3409232.5203654096 5556754.063936889,3409218.235430304 5556778.13569876,3409207.3559831087 5556799.521991231,3409196.311540315 5556825.24224904,3409187.093092964 5556851.672503957,3409180.679134609 5556874.79329088,3409175.662672888 5556898.257075835,3409171.746918176 5556924.6981199505);LINESTRING (7.7316942993650235 50.13870164801394,7.731386638517504 50.13879303690241,7.731042726192349 50.13891329156837,7.730712735601166 50.13904870719041,7.730442205946088 50.139176343208625,7.730184064851046 50.13931417903992,7.729899796487373 50.139487205500544,7.729671630608999 50.13964538110598,7.729424659272566 50.13984063007774,7.729230309384895 50.14001647719797,7.729024800531275 50.14023065019772,7.72886755600079 50.14042120682829,7.7287069703528966 50.14065069197733,7.728571751232026 50.140886837926146,7.728476541240402 50.141093667325976,7.728400793365313 50.1413037934931,7.728339729398654 50.141540847951454);LINESTRING (409367.3306831096 5554822.418059908,409345.5187829424 5554832.9527134085,409321.17112104816 5554846.740893986,409297.8470631812 5554862.197899592,409278.7573058258 5554876.717746519,409260.5721957253 5554892.356639127,409240.5868359865 5554911.9399694735,409224.58237189223 5554929.803955724,409207.3044492123 5554951.812795494,409193.7500211068 5554971.600493728,409179.470916128 5554995.662989238,409168.59592972085 5555017.041030882,409157.5560431912 5555042.751342446,409148.34143280156 5555069.171356066,409141.93017617404 5555092.283169808,409136.9158639824 5555115.737835577,409133.0018422137 5555142.168588396)
3509;Gegenrichtungsgleis;0,5 + 22;1,6 + 68;100050022;100160068;0,5;22;1,6;68;1146;;;Hessen;Landkreis Main-Taunus-Kreis;LINESTRING (3455477.392684589 5548277.039529676,3455565.074034774 5548171.258295031,3455620.4868359827 5548101.983441829,3455657.9206908923 5548051.593392099,3455692.7618466485 5547999.387602654,3455709.605183457 5547971.1898766775,3455723.559992256 5547945.796493831,3455739.160192825 5547914.724348976,3455751.187607713 5547888.365277801,3455762.317077484 5547861.615155499,3455774.4689651793 5547829.041394126,3455791.7551481095 5547773.742887689,3455800.3182818904 5547740.047735382,3455807.5080098975 5547706.032617165,3455813.291333833 5547671.849023883,3455817.655754941 5547637.504954371,3455820.209263695 5547608.767080389,3455821.9683640003 5547574.191048753,3455822.3010625257 5547539.572531805,3455821.207359359 5547504.969525355,3455818.688254524 5547470.4405251825,3455814.749247718 5547436.045026997,3455809.39582424 5547401.841518316,3455802.6159706963 5547367.770493263,3455794.4297155268 5547333.765471292,3455784.9080526116 5547300.110435032,3455774.0659808978 5547266.857380683,3455762.981029351 5547236.784084007);LINESTRING (8.377065000065901 50.06908421112866,8.378301934700366 50.06813981431991,8.379083907782158 50.067521182989346,8.379612570770846 50.06707097715031,8.380105223519827 50.06660425237211,8.380343726830294 50.066352013936246,8.380541561419886 50.06612477051787,8.380763030672412 50.06584659798274,8.380934054733979 50.065610528966054,8.381092581614904 50.065370877373475,8.381266058867784 50.06507894790534,8.381513863532536 50.06458310765197,8.381637345464702 50.06428082956314,8.381741682352597 50.06397557279028,8.381826396213963 50.063668696815306,8.381891311941672 50.06336027266184,8.381930289767043 50.06310211283175,8.38195884686038 50.06279140970344,8.381967488549373 50.062480218632764,8.381956208527905 50.062169061000006,8.381925014396467 50.06185846274421,8.38187397647524 50.06154895911788,8.381803164993578 50.061241076298984,8.381712419431393 50.06093427841001,8.381602027530842 50.060627969243306,8.381472948261267 50.06032470698938,8.381325385397782 50.060024960141995,8.381174065276642 50.05975378063152);LINESTRING (455420.16145155736 5546497.720957378,455507.75819580856 5546392.0196217075,455563.12651093607 5546322.788856636,455600.53415609477 5546272.426691666,455635.3538212894 5546220.246274208,455652.1878673568 5546192.060907649,455666.13558954967 5546166.677943781,455681.7286088009 5546135.617736386,455693.7510928948 5546109.268174285,455704.8764324998 5546082.5272757765,455717.0238171563 5546049.964696449,455734.3034691895 5545994.685157744,455742.8632790325 5545961.001555167,455750.0501351616 5545926.998091404,455755.83105197 5545892.826206179,455760.1935345153 5545858.493896394,455762.74578535254 5545829.765860623,455764.50380717905 5545795.201664298,455764.8358986813 5545760.594996322,455763.7420603212 5545726.003833508,455761.22329216555 5545691.486652476,455757.2850924911 5545657.102929409,455751.93295956566 5545622.911140879,455745.15489771025 5545588.851810762,455736.9708984052 5545554.8584654685,455727.45193554106 5545521.214990947,455716.61300353747 5545487.973366296,455705.53131233354 5545457.910412392)
3509;Richtungsgleis;0,5 + 56;1,6 + 44;100050056;100160044;0,5;56;1,6;44;1044;Köln - Frankfurt am M. Stadion;Wandersmann-Tunnel Nord;Hessen;Landkreis Main-Taunus-Kreis;LINESTRING (3455446.660532861 5548264.445755554,3455517.092283713 5548169.156544938,3455587.3041704893 5548072.018371396,3455622.1893777177 5548021.356231618,3455655.253207133 5547969.496002003,3455685.6048762333 5547916.012596405,3455707.802286717 5547870.803320819,3455728.1557020103 5547822.222309895,3455747.2472413895 5547766.901713541,3455756.8862963063 5547733.133027558,3455763.8635064564 5547704.711584133,3455774.9086267324 5547647.241265322,3455779.6560281888 5547612.44621142,3455782.5280207065 5547583.322350992,3455784.6691016625 5547548.269836315,3455785.362244352 5547519.013002766,3455783.7717352076 5547460.512358354,3455780.9146612003 5547425.511379652,3455777.4475691556 5547396.452552296,3455771.989629378 5547361.761546048,3455766.3661705703 5547333.042202414,3455759.7717788965 5547304.529351658,3455751.035726549 5547272.180619415);LINESTRING (8.376637228696959 50.068968692506395,8.377632028149963 50.068117331482256,8.378623936164932 50.067249323356215,8.379117036547173 50.06679648330149,8.379584828597162 50.066332734575106,8.380014921160853 50.06585418962143,8.38033016526196 50.06544941882209,8.380620041017444 50.065014198384716,8.380893067689113 50.064518295319864,8.381031587791389 50.0642154369087,8.381132313950669 50.063960451239794,8.381293205888912 50.06344462267481,8.38136352527153 50.06313217301423,8.381406998032288 50.06287056708001,8.381440947820595 50.06255560896706,8.38145400711793 50.06229264554509,8.381438552967948 50.061766614375486,8.381402697248273 50.06145174781413,8.38135763677427 50.06119025500375,8.38128542589326 50.06087798155203,8.381210214517447 50.06061938018075,8.38112142144803 50.06036256285902,8.38100316554166 50.060071102030236);LINESTRING (455389.4472188557 5546485.124941526,455459.8053478828 5546389.907848044,455529.95653176785 5546292.832096674,455564.816193313 5546242.1980607,455597.85857173486 5546190.363519141,455628.1930196823 5546136.903648928,455650.37979050993 5546091.712038268,455670.72577030986 5546043.147790559,455689.81020072394 5545987.8462462695,455699.4455800323 5545954.089164495,455706.42006561696 5545925.677467012,455717.460694391 5545868.226845978,455722.2060203098 5545833.443713364,455725.07664081 5545804.329829309,455727.2165062069 5545769.289320358,455727.9089963529 5545740.042506803,455726.3181663257 5545681.561898212,455723.4615294804 5545646.572908491,455719.9951836956 5545617.524048948,455714.53858865256 5545582.844956061,455708.9166072884 5545554.135478026,455702.3240155707 5545525.632425202,455693.59041834465 5545493.294813695)
3509;Streckenachse;1,8 + 96;2,6 + 90;100180096;100260090;1,8;96;2,6;90;794;Breckenheim - Wiesbaden Hbf;Tunnel Wandersmann Süd;Hessen;Landkreis Main-Taunus-Kreis;LINESTRING (3455648.217064272 5547044.149902211,3455631.029089254 5547018.819240443,3455602.020915984 5546979.815574692,3455575.9549861974 5546948.380457819,3455541.6911340156 5546910.531211637,3455494.395263998 5546865.848380864,3455462.75868281 5546839.038982125,3455430.9116075123 5546815.068419121,3455378.865567575 5546777.656147588,3455351.5991294263 5546761.52261961,3455314.046962948 5546741.182848015,3455288.691870455 5546728.979090617,3455255.2068853336 5546714.14299697,3455217.1695368392 5546699.312483782,3455174.3471478377 5546685.439583526,3455125.5458360463 5546671.806092492,3455077.2247924968 5546661.759750475,3455041.102847309 5546655.781502237,3454991.0659905546 5546650.52921622);LINESTRING (8.379593775875712 50.05801347629319,8.37935670095073 50.05778447483685,8.378956159846105 50.057431672041545,8.378595830735687 50.05714712791192,8.378121778824683 50.056804307691834,8.37746655671996 50.05639907740109,8.37702792148485 50.05615569609397,8.37658602109548 50.055937818113804,8.37586364933829 50.05559758415533,8.37548480538364 50.05545049954754,8.37496283443041 50.0552648274072,8.374610225149565 50.0551532116682,8.374144407607853 50.055017318927256,8.373615027745617 50.054881131725544,8.373018725837154 50.05475319029939,8.372338916279222 50.05462694698839,8.371665395423513 50.05453298394989,8.371161733100674 50.05447651088514,8.37046369575548 50.054425509069894);LINESTRING (455590.80238515686 5545265.342545924,455573.6196894942 5545240.020629561,455544.62047128676 5545201.030447689,455518.56263754267 5545169.606217748,455484.30952877953 5545131.770116356,455437.0285734759 5545087.102849637,455405.40200268256 5545060.302815424,455373.56503860245 5545036.340648389,455321.53553944046 5544998.941513885,455294.27780722745 5544982.81367843,455256.7376519116 5544962.4811058,455231.3906871641 5544950.281684653,455197.9164503252 5544935.450880186,455159.89753022336 5544920.620611693,455117.09652936755 5544906.746499042,455068.31841975957 5544893.111838259,455020.0196470992 5544883.063739848,454983.9140326408 5544877.083917949,454933.8998662695 5544871.828373709)
3509;Richtungsgleis;9,4 + 23;9,8 + 66;100940023;100980066;9,4;23;9,8;66;443;Breckenheim - Wiesbaden Hbf;3509/9,635/1312  A66;Hessen;Kreisfreie Stadt Wiesbaden;LINESTRING (3448510.063870782 5546302.002260564,3448247.3123829006 5546431.144330599,3448183.2380693094 5546459.737981542,3448108.837110057 5546489.6683991095);LINESTRING (8.280018997009774 50.05076661151836,8.276333155992003 50.05190475906506,8.275434696342144 50.05215622932691,8.274391866404809 50.05241880895744);LINESTRING (448455.80335641495 5544523.468430028,448193.1403026852 5544652.569180388,448129.0876338056 5544681.153762269,448054.71178172587 5544711.074780175)
3511;Streckenachse;22,2 + 34;22,4 + 68;102220034;102240068;22,2;34;22,4;68;234;Bingen Hbf - Saarbrücken;Gr. Norheimer Tunnel;Rheinland-Pfalz;Landkreis Bad Kreuznach;LINESTRING (3415351.718474774 5520558.036356406,3415340.0368692833 5520547.876296027,3415305.3053934574 5520511.927760604,3415274.006888145 5520472.907692951,3415245.7048579715 5520431.79109431,3415213.0768625615 5520371.542502376);LINESTRING (7.822774209502972 49.81556838608234,7.8226141457758045 49.81547541045389,7.822139504067697 49.81514737209331,7.821713228685487 49.81479220690632,7.8213290428346856 49.81441861793867,7.820888947016095 49.81387244130972);LINESTRING (415310.34758210904 5518789.82803672,415298.6705467715 5518779.671971443,415263.95264519216 5518743.737607384,415232.6663479274 5518704.732943997,415204.3753369879 5518663.63259506,415171.75999537355 5518603.407841532)
3511;Streckenachse;22,5 + 49;22,6 + 25;102250049;102260025;22,5;49;22,6;25;76;Bingen Hbf - Saarbrücken;Kl. Norheimer Tunnel;Rheinland-Pfalz;Landkreis Bad Kreuznach;LINESTRING (3415174.5169670237 5520300.340491014,3415150.4810649436 5520255.957480688,3415137.0431660386 5520234.284400261);LINESTRING (7.820368852683315 49.81322696559696,7.8200446643372885 49.81282461406551,7.8198627343496945 49.812627897224424);LINESTRING (415133.21507476666 5518532.234024865,415109.1885184549 5518487.868601665,415095.75586244836 5518466.204112167)
3511;Streckenachse;33,5 + 22;33,9 + 50;103350022;103390050;33,5;22;33,9;50;428;Bingen Hbf - Saarbrücken;Booser Tunnel;Rheinland-Pfalz;Landkreis Bad Kreuznach;LINESTRING (3407635.6885017455 5517345.1955205845,3407613.123664877 5517326.762403309,3407571.702960784 5517298.787653074,3407527.9337976193 5517274.689379034,3407482.236184797 5517254.415095604,3407434.9501473513 5517238.294321372,3407243.087944149 5517184.107633061);LINESTRING (7.716351172640152 49.78555152894286,7.716042290160012 49.785382371257626,7.715473908537563 49.785124546005484,7.714872008695921 49.784901200518746,7.714242433092955 49.78471192718827,7.713589822689678 49.784559739856796,7.7109392342356395 49.784043084361706);LINESTRING (407597.36989734566 5515578.295440217,407574.81407582003 5515559.869706426,407533.40990974335 5515531.906206594,407489.65821215196 5515507.817675904,407443.97881481145 5515487.551632078,407396.7115844181 5515471.43744081,407204.92561015015 5515417.273146842)
3511;Streckenachse;65,6 + 1;65,8 + 11;106560001;106580011;65,6;1;65,8;11;210;Bingen Hbf - Saarbrücken;Gefallener Fels-Tunnel;Rheinland-Pfalz;Landkreis Birkenfeld;LINESTRING (3381059.44972065 5508848.9944424145,3381012.015856074 5508836.5777190905,3380854.516711671 5508803.5100802565);LINESTRING (7.350038020390848 49.70452118391385,7.349384492417578 49.70440022561888,7.347212057329095 49.70407191293323);LINESTRING (381031.5724840164 5507085.5624762215,380984.1571501907 5507073.150915405,380826.7195796274 5507040.097136856)
3511;Streckenachse;68,5 + 25;68,9 + 17;106850025;106890017;68,5;25;68,9;17;392;Bingen Hbf - Saarbrücken;Homerischer-Tunnel;Rheinland-Pfalz;Landkreis Birkenfeld;LINESTRING (3378345.2551778397 5508121.161259622,3377972.5809130548 5507999.804820528);LINESTRING (7.312653500380885 49.697438132056384,7.307527948640428 49.69627214138625);LINESTRING (378318.45499548514 5506358.024629623,377945.92703126784 5506236.716486699)
3511;Streckenachse;69,1 + 64;69,6 + 29;106910064;106960029;69,1;64;69,6;29;465;Bingen Hbf - Saarbrücken;Enzweiler-Tunnel;Rheinland-Pfalz;Landkreis Birkenfeld;LINESTRING (3377737.7203335096 5507923.454948696,3377295.445257377 5507780.120300111);LINESTRING (7.304297896796035 49.695538377477575,7.298215391390482 49.69416033534541);LINESTRING (377711.15840663156 5506160.396780064,377269.0551239749 5506017.118481311)
3511;Streckenachse;70,3 + 82;70,4 + 42;107030082;107040042;70,3;82;70,4;42;60;Bingen Hbf - Saarbrücken;Hammersteiner-Tunnel;Rheinland-Pfalz;Landkreis Birkenfeld;LINESTRING (3376650.0335679674 5507437.292800755,3376641.27960211 5507421.449049681,3376625.611033136 5507382.601021652);LINESTRING (7.289381984193697 49.69094759757088,7.289265712218581 49.69080341842792,7.289060909790499 49.690451084743174);LINESTRING (376623.8912801097 5505674.424316623,376615.14067163796 5505658.586832708,376599.47806875367 5505619.754137922)
3511;Richtungsgleis;73,5 + 70;73,9 + 79;107350070;107390079;73,5;70;73,9;79;409;Bingen Hbf - Saarbrücken;Frauenberger-Tunnel;Rheinland-Pfalz;Landkreis Birkenfeld;LINESTRING (3375641.2970692115 5504777.245183542,3375622.6282500024 5504772.273797225,3375594.3838877776 5504763.323526215,3375567.6980125466 5504753.318757875,3375545.8646105803 5504743.97095902,3375524.439203038 5504733.721667228,3375499.320306404 5504720.257925979,3375478.923386051 5504708.090148649,3375455.1429736353 5504692.383423797,3375436.2120389226 5504678.600155955,3375415.5511047957 5504662.006425189,3375399.01165285 5504647.374154499,3375379.4716827814 5504628.457459339,3375360.8316882746 5504608.653280546,3375342.7986833947 5504587.568611986,3375328.5226709945 5504569.264891727,3375312.6592670595 5504546.924623667);LINESTRING (7.2762532190692815 49.666834626269385,7.275996306781849 49.66678609991614,7.275608074920402 49.66669984034979,7.275241758448925 49.66660442423046,7.274942422224402 49.66651591219157,7.274649022737256 49.66641938189551,7.274305506315768 49.66629320053643,7.274026959839909 49.66617963959995,7.2737026925818755 49.66603357516666,7.273444960684297 49.66590579716492,7.273164170914898 49.66575240386075,7.27293982398361 49.66561748866852,7.272675297204491 49.665443449363586,7.272423515518446 49.66526161963349,7.272180547415885 49.66506840709849,7.271988713672997 49.66490096267122,7.271776188039778 49.66469691364473);LINESTRING (375615.5404271961 5503015.419077182,375596.87893496244 5503010.449677846,375568.6456519185 5503001.502970019,375541.97023811005 5502991.502171637,375520.145390466 5502982.158073667,375498.7283729179 5502971.912832803,375473.61930658936 5502958.454404595,375453.23036344704 5502946.291422464,375429.4592451842 5502930.590880284,375410.5357039559 5502916.813032475,375389.8828325017 5502900.225820897,375373.3498292505 5502885.599294063,375353.8174921569 5502866.690002143,375335.18478868634 5502846.893557978,375317.1588329085 5502825.817120834,375302.8883972298 5502807.520543769,375287.031185428 5502785.188991287)
3511;Streckenachse;75,6 + 88;75,9 + 19;107560088;107590019;75,6;88;75,9;19;231;Bingen Hbf - Saarbrücken;Kupferheck-Tunnel;Rheinland-Pfalz;Landkreis Birkenfeld;LINESTRING (3374402.080240158 5503132.748404226,3374394.878514978 5503123.333149372,3374360.012927916 5503087.516238707,3374321.271865919 5503055.927798591,3374279.363328042 5503028.684824038,3374234.6093184105 5503006.432807301,3374216.546118189 5503000.010176231);LINESTRING (7.259622156191567 49.65179898759188,7.2595254889139795 49.65171287501524,7.259054369952068 49.651383735684895,7.258528258968847 49.651091788438826,7.257956918010687 49.650838231412465,7.257344596348564 49.650628931993836,7.257096637208351 49.65056744876281);LINESTRING (374376.80979619373 5501371.563529099,374369.61090426845 5501362.151947076,374334.7590618423 5501326.34902519,374296.0333001837 5501294.77294324,374254.14133729506 5501267.540649067,374209.40504943964 5501245.297382281,374191.34900812665 5501238.87728836)
3511;Streckenachse;77,3 + 31;77,4 + 51;107730031;107740051;77,3;31;77,4;51;120;Bingen Hbf - Saarbrücken;Bockspiel-Tunnel;Rheinland-Pfalz;Landkreis Birkenfeld;LINESTRING (3373256.663708156 5502154.494010964,3373212.344220537 5502042.999643397);LINESTRING (7.244083937006572 49.64276815292224,7.243506643332171 49.64175686620997);LINESTRING (373231.8430031293 5500393.691967499,373187.5405199309 5500282.241342041)
3511;Streckenachse;79,1 + 63;79,3 + 75;107910063;107930075;79,1;63;79,3;75;212;Bingen Hbf - Saarbrücken;Brämericher Tunnel;Rheinland-Pfalz;Landkreis Birkenfeld;LINESTRING (3372170.1373749576 5500852.419844785,3372164.7598244026 5500815.915229165,3372136.0357052106 5500643.22203016);LINESTRING (7.229471804267959 49.630837653905104,7.229409294774377 49.630508456662476,7.229068150215419 49.62895042019633);LINESTRING (372145.73900703504 5499092.127362166,372140.3633807835 5499055.636975068,372111.64966951817 5498883.0111109335)
3511;Streckenachse;81,2 + 78;81,4 + 16;108120078;108140016;81,2;78;81,4;16;138;Bingen Hbf - Saarbrücken;Jährodter Tunnel;Rheinland-Pfalz;Landkreis Birkenfeld;LINESTRING (3371963.75117263 5498877.291105487,3371946.943137897 5498863.177016082,3371905.121776846 5498835.822786632,3371860.3049261714 5498813.612514436,3371845.275356528 5498808.101004257);LINESTRING (7.227260466698898 49.61304387808265,7.227032603753389 49.612913476993434,7.226463113859176 49.61265878874021,7.2258505232457475 49.612449690452635,7.225644457017103 49.61239697334996);LINESTRING (371939.4195206773 5497117.770888865,371922.6180380661 5497103.662432099,371880.81304029806 5497076.319181216,371836.01377861307 5497054.117897647,371820.99012333475 5497048.608643626)
3511;Streckenachse;82,0 + 61;82,2 + 26;108200061;108220026;82;61;82,2;26;165;Bingen Hbf - Saarbrücken;Mausenmühlen Tunnel;Rheinland-Pfalz;Landkreis Birkenfeld;LINESTRING (3371223.197235981 5498884.045755021,3371140.770925529 5498912.538278343,3371092.669032892 5498925.896850482,3371065.270783167 5498930.597922434);LINESTRING (7.2170160358309206 49.612947262228,7.215866697395958 49.61318575120078,7.215197040547485 49.61329554483418,7.21481656539228 49.613331948480976);LINESTRING (371199.15936594154 5497124.526676898,371116.7660349843 5497153.008347715,371068.68335663393 5497166.361876057,371041.2960168978 5497171.061217915)
3511;Streckenachse;117,9 + 9;118,2 + 22;111790009;111820022;117,9;9;118,2;22;313;Bingen Hbf - Saarbrücken;Wiebelskircher Tunnel;Saarland;Landkreis Neunkirchen;LINESTRING (3367546.304255849 5472604.648874203,3367600.2731764596 5472369.449112845,3367609.4666573745 5472320.3292928,3367611.706628191 5472298.698306226);LINESTRING (7.1749673195891575 49.3759876385772,7.1757883607683866 49.373885643247235,7.175931227460307 49.37344620417324,7.175969250095434 49.37325229474574);LINESTRING (367523.61811904534 5470855.614528686,367577.6009884727 5470620.523467142,367586.7914429672 5470571.422029333,367589.03060599975 5470549.799101218)
3511;Streckenachse;127,9 + 22;128,2 + 60;112790022;112820060;127,9;22;128,2;60;338;Bingen Hbf - Saarbrücken;Bildstock Tunnel;Saarland;Landkreis Regionalverband Saarbrücken;LINESTRING (3361383.330331317 5468100.52934966,3361374.183243353 5468074.0191947045,3361361.869588966 5468025.572376198,3361353.5731642544 5467976.274600493,3361349.465958269 5467926.451844896,3361349.4594801445 5467876.462093196,3361353.673226366 5467826.654832505,3361361.9557013228 5467777.3440228,3361364.4545401004 5467767.579278612);LINESTRING (7.0917132766994095 49.33414101771341,7.091596705638033 49.333900705891594,7.091444215463485 49.333462539998465,7.09134726399153 49.33301763910216,7.091308101439572 49.332568971794366,7.09132538502586 49.33211973505521,7.091400634895982 49.33167309666077,7.091531657281322 49.33123184349453,7.091569410128161 49.331144659562646);LINESTRING (361363.04555212636 5466353.143957796,361353.90129518684 5466326.642719307,361341.59135177685 5466278.212175541,361333.2972964243 5466228.930941639,361329.19106284576 5466179.124886028,361329.1841891018 5466129.151866284,361333.3961300653 5466079.361241834,361341.6754486435 5466030.06688833,361344.17337637057 5466020.305399911)
3520;Gegenrichtungsgleis;0,4 + 18;1,0 + 73;100040018;100100073;0,4;18;1;73;655;Mainz - Frankfurt;Großer Mainzer Tunnel  (664,0 m);Rheinland-Pfalz;Kreisfreie Stadt Mainz;LINESTRING (3447121.146382204 5540447.352567914,3447270.1561447736 5540184.060768032,3447283.4870796613 5540162.914794871,3447294.941527257 5540146.685314215,3447309.7364637284 5540127.996834786,3447325.6268997053 5540110.229852488,3447351.388803251 5540085.446873612,3447376.079217666 5540065.441393708,3447402.290632858 5540047.4744090075,3447429.8550493773 5540031.66190902,3447458.595467761 5540018.104394293,3447488.3283885336 5540006.888865598,3447518.8633122058 5539998.087323904,3447551.6364845005 5539991.500546191);LINESTRING (8.26143466539941 49.998013164567716,8.263548916197804 49.995659438680924,8.263737723807619 49.995470520788615,8.26389968718417 49.99532563472557,8.264108571017147 49.99515893795622,8.264332604093834 49.99500062166379,8.264695256971487 49.994780104893294,8.265042310086638 49.99460244094894,8.265410292091639 49.99444323577679,8.265796844570996 49.99430351708015,8.266199485827896 49.99418417254878,8.266615645463819 49.99408596796717,8.267042657598193 49.99400953369036,8.267500578368454 49.99395320502381);LINESTRING (447067.26214889163 5538671.101426053,447216.2112754134 5538407.913328342,447229.5367809642 5538386.775672993,447240.98657528905 5538370.552567805,447255.77551529737 5538351.87141881,447271.6595248495 5538334.111392895,447297.4110342491 5538309.338092489,447322.09150964883 5538289.340391414,447348.29239340965 5538271.380363678,447375.84575358185 5538255.573964254,447404.5746616892 5538242.021654385,447434.2956917464 5538230.810400757,447464.8184204462 5538222.012176103,447497.57852120674 5538215.427827583)
3520;Gegenrichtungsgleis;1,3 + 70;1,6 + 16;100130070;100160016;1,3;70;1,6;16;246;Mainz - Frankfurt;Kleiner Mainzer Tunnel  (244,0 m);Rheinland-Pfalz;Kreisfreie Stadt Mainz;LINESTRING (3447845.5109375394 5540021.713197188,3447875.8316387585 5540026.378644387,3447907.459079628 5540029.32450829,3447938.99351446 5540029.739879069,3447966.537451585 5540028.02777153,3447993.893382822 5540024.38716972,3448024.753796572 5540017.8875610335,3448052.4297103365 5540009.833469301,3448086.778783142 5539997.730587248);LINESTRING (8.271594552196596 49.994250598626444,8.272016743710582 49.99429519250276,8.272457391792496 49.99432444038891,8.272897086340368 49.99433092990414,8.273281421245564 49.99431794381134,8.273663395240195 49.99428760329819,8.274094625838234 49.99423186530616,8.274481657584571 49.99416187368577,8.274962292745641 49.99405606431205);LINESTRING (447791.3363266423 5538245.627064481,447821.6450019432 5538250.290542227,447853.2598871155 5538253.235114399,447884.78178940195 5538253.650198534,447912.31476941385 5538251.938664462,447939.659809269 5538248.299402537,447970.5079260941 5538241.80225535,447998.17280310986 5538233.751254592,448032.50817135844 5538221.653045251)
3523;Streckenachse;37,5 + 71;37,9 + 49;103750071;103790049;37,5;71;37,9;49;378;Morschheim - Mainz;Klein-Winternheim Tunnel;Rheinland-Pfalz;Landkreis Mainz-Bingen;LINESTRING (3444147.861137328 5534497.881948399,3444389.7552254456 5534788.230423218);LINESTRING (8.22083286663632 49.944257892192304,8.224160657738468 49.9468906356003);LINESTRING (444095.13204940874 5532724.005790334,444336.93134439655 5533014.237512842)
3539;Streckenachse;1,2 + 0;1,3 + 98;100120000;100130098;1,2;0;1,3;98;198;Abzw Mönchwald - Abzw Mönchhof;Tunnel A3;Hessen;Landkreis Groß-Gerau;LINESTRING (3462703.5849405075 5543420.179666518,3462754.866142498 5543439.001301537,3462799.5706252325 5543452.155466087,3462848.7807489787 5543463.934925862,3462894.2773664426 5543471.906157927);LINESTRING (8.478468014546822 50.02591821731698,8.479181804731985 50.02609063610859,8.479804372448461 50.02621168857242,8.480489952293208 50.02632066025213,8.481124081994011 50.026395160166146);LINESTRING (462643.5721471258 5541642.753310386,462694.8153774531 5541661.554457327,462739.4866238786 5541674.691848535,462788.66005946585 5541686.453753714,462834.12266268034 5541694.409758335)
3554;Streckenachse;21,2 + 8;21,4 + 46;102120008;102140046;21,2;8;21,4;46;238;DA Nord - Groß-Umstadt-Wiebel.;Engelberg-Tunnel;Hessen;Landkreis Darmstadt-Dieburg;LINESTRING (3486206.9603668354 5521548.130998441,3486278.207560173 5521490.619261144,3486390.0685438504 5521396.199408098);LINESTRING (8.807247042489758 49.83028577601095,8.808239339968742 49.82977034379756,8.809797389738542 49.82892399857896);LINESTRING (486138.1738453946 5519779.81833241,486209.392122455 5519722.328998601,486321.20767342387 5519627.945967274)
3600;Gegenrichtungsgleis;78,1 + 74;82,1 + 69;107810074;108210069;78,1;74;82,1;69;3995;Frankfurt (M) Hbf - Göttingen;Neuer Schlüchterner Tunnel;Hessen;Landkreis Main-Kinzig-Kreis;LINESTRING (3536843.146677556 5581935.184952024,3539021.4050912354 5585194.108086282,3539063.64192698 5585256.236075613);LINESTRING (9.516843920350833 50.37219351455029,9.54779935398229 50.401349286165605,9.548399850665406 50.40190498058316);LINESTRING (536754.6277273989 5580142.342380993,538932.0432416219 5583399.946010716,538974.2637251522 5583462.048839048)
3600;Richtungsgleis;78,1 + 85;81,8 + 22;107810085;108180022;78,1;85;81,8;22;3637;Frankfurt (M) Hbf - Göttingen;Alter Schlüchterner Tunnel  Schlüchterner-Tunnel;Hessen;Landkreis Main-Kinzig-Kreis;LINESTRING (3536893.1812174977 5581923.1779813785,3538954.82126841 5584919.408787354);LINESTRING (9.517546033620135 50.37208244771835,9.546834435208199 50.398884302969705);LINESTRING (536804.6421872104 5580130.339791867,538865.4837335224 5583125.356966318)
3600;Streckenachse;132,4 + 40;132,6 + 78;113240040;113260078;132,4;40;132,6;78;238;Frankfurt (M) Hbf - Göttingen;Burghauner Tunnel;Hessen;Landkreis Fulda;LINESTRING (3550923.181100608 5619659.049541507,3550902.4036925524 5619715.855406272,3550865.138206695 5619808.652378046,3550833.654645564 5619879.494272276);LINESTRING (9.71989635926564 50.71024213965128,9.719610049602739 50.71075456475021,9.719095270360587 50.71159194137775,9.718659307972741 50.712231464274794);LINESTRING (550829.3543052684 5617851.025831989,550808.5856696126 5617907.809190084,550771.3358412586 5618000.569423332,550739.8654448357 5618071.383296606)
3600;Streckenachse;177,8 + 14;178,5 + 33;117780014;117850033;177,8;14;178,5;33;719;Frankfurt (M) Hbf - Göttingen;Cornberger Tunnel;Hessen;Landkreis Hersfeld-Rotenburg;LINESTRING (3559200.1452590586 5654806.776227894,3559727.6508982074 5655060.70257346,3559817.987371193 5655103.406057476,3559847.633575829 5655118.30729523);LINESTRING (9.842746650573735 51.02537260328057,9.850306310448767 51.02760037547641,9.851600861748828 51.027974808665824,9.852025852361397 51.02810565757018);LINESTRING (559103.3112208598 5652984.650695133,559630.6084612645 5653238.471193327,559720.9092389068 5653281.156862759,559750.5437367582 5653296.051900121)
3600;Streckenachse;218,5 + 27;218,7 + 0;121850027;121870000;218,5;27;218,7;0;173;Frankfurt (M) Hbf - Göttingen;Schürzeberg-Tunnel;Hessen;Landkreis Werra-Meißner-Kreis;LINESTRING (3565270.4982323693 5686356.854231993,3565202.582932812 5686515.997244458);LINESTRING (9.934978791511437 51.30827155017575,9.93403400007739 51.30970954397047);LINESTRING (565171.5111601327 5684522.084175739,565103.6243310819 5684681.164260375)
3600;Gegenrichtungsgleis;222,4 + 55;223,4 + 85;122240055;122340085;222,4;55;223,4;85;1030;;;Hessen;Landkreis Werra-Meißner-Kreis;LINESTRING (3563813.3992886418 5689827.753230656,3563645.566233475 5689929.805581738,3563582.766254269 5689970.416071097,3563546.2687664223 5689996.202564236,3563504.754780316 5690027.740555745,3563470.1267919657 5690055.987548062,3563430.891305239 5690090.319038633,3563387.6523199663 5690131.312027262,3563346.1223342214 5690174.179515247,3563176.9873927506 5690363.812461661,3563143.1054045362 5690403.743950325,3563114.6969144903 5690439.516440109,3563087.429924118 5690476.16642958,3563060.0373054934 5690515.590105203);LINESTRING (9.914705876005035 51.33962966279356,9.912315872024047 51.340565592407344,9.911421984571282 51.34093757556795,9.910902866364944 51.34117339364999,9.910312783130301 51.34146145784282,9.90982091774596 51.341719175287956,9.909264013322389 51.342032085570665,9.908650836367968 51.34240530605957,9.908062506454629 51.34279517946091,9.905669039263357 51.344518210000636,9.905189890135372 51.3448808345185,9.904788545535517 51.34520547327641,9.90440373196547 51.34553787032587,9.904017600625117 51.345895207288464);LINESTRING (563715.023521507 5687991.610542321,563547.2583175926 5688093.623610356,563484.4837478551 5688134.218433234,563448.0010460131 5688159.994949561,563406.5038971814 5688191.520712146,563371.8899699509 5688219.756729677,563332.6704352638 5688254.074856947,563289.449056882 5688295.051858306,563247.9360121571 5688337.902596289,563078.8701939253 5688527.461320445,563045.0020695183 5688567.377165064,563016.6052233342 5688603.135623471,562989.3494288493 5688639.77122158,562961.9680800842 5688679.179400043)
3600;Richtungsgleis;222,5 + 0;223,4 + 35;122250000;122340035;222,5;0;223,4;35;935;Frankfurt (M) Hbf - Göttingen;Alter Bebenroth-Tunnel;Hessen;Landkreis Werra-Meißner-Kreis;LINESTRING (3563799.647618835 5689882.685274584,3563108.6392824613 5690512.416816275);LINESTRING (9.914518382901207 51.340124879528226,9.904714520094942 51.34586130386141);LINESTRING (563701.2778116222 5688046.520782767,563010.5506353187 5688676.006959653)
3610;Streckenachse;0,0 +0;0,8 + 57;100000000;100080057;;0;0,8;57;857;;;Hessen;Kreisfreie Stadt Frankfurt am Main;LINESTRING (3475950.0547479684 5552400.5720342,3475780.303864188 5552298.81220719,3475561.3039308763 5552172.923750382,3475433.597469673 5552093.96777731,3475347.2569959685 5552044.515294277,3475212.2765051955 5551964.836908957);LINESTRING (8.662758724352242 50.107336600627725,8.66039227540534 50.106414859085895,8.657339048362333 50.10527412289923,8.655559029796981 50.104559023224326,8.654355361546392 50.10411085710556,8.652473804043469 50.103388913314845);LINESTRING (475885.61122818297 5550620.019595601,475715.9273103471 5550518.301764425,475497.0138148398 5550392.465333188,475369.35771411605 5550313.541912593,475283.05131990346 5550264.109869038,475148.124088412 5550184.464382843)
3610;Streckenachse;25,4 + 85;25,8 + 25;102540085;102580025;25,4;85;25,8;25;340;Frankfurt (tief) - Eschhofen;Eppstein Tunnel;Hessen;Landkreis Main-Taunus-Kreis;LINESTRING (3456164.091042639 5556219.33540851,3456121.9973155973 5556243.803056759,3456084.0414677993 5556261.239780439,3456038.5726466863 5556276.71057259,3455989.62206968 5556287.449619049,3455943.9387635565 5556292.321026983,3455889.6550562223 5556291.873678374,3455839.393132579 5556285.356863687);LINESTRING (8.385744471156423 50.140534922823356,8.385152852464776 50.14075176744343,8.384619919270405 50.14090570929135,8.383982117796254 50.14104141851464,8.38329615616508 50.14113432864898,8.382656573019043 50.14117472894301,8.381897301472115 50.14116667177273,8.381194990405609 50.14110434627001);LINESTRING (456106.55468181195 5554436.775545232,456064.4750315666 5554461.235474832,456026.5318374843 5554478.666809846,455981.0781298099 5554494.132990401,455932.14377563645 5554504.869089568,455886.4755690623 5554509.739507401,455832.20975666004 5554509.293119247,455781.9643575922 5554502.779290818)
3611;Streckenachse;0,0 +0;0,8 + 56;100000000;100080056;;0;0,8;56;855;;;Hessen;Kreisfreie Stadt Frankfurt am Main;LINESTRING (3475938.9020194397 5552418.71760629,3475847.769844125 5552366.443684815,3475758.429371294 5552312.953203107,3475543.601936578 5552181.466247991,3475419.0444744937 5552109.02277282,3475203.5971204583 5551979.659413029);LINESTRING (8.662601678663815 50.10749927990282,8.661331067690881 50.10702562655686,8.660085604493283 50.10654109546096,8.657091059568726 50.10535019188126,8.655354639048179 50.104693767209405,8.652351524007207 50.10352180722381);LINESTRING (475874.46309842286 5550638.15801117,475783.36689321 5550585.905694441,475694.0616653176 5550532.437288882,475479.31895743567 5550401.0045614755,475354.81065062305 5550328.591012948,475139.4482881458 5550199.281037516)
3612;Streckenachse;0,0 +0;0,9 + 93;100000000;100090093;;0;0,9;93;993;;;Hessen;Kreisfreie Stadt Frankfurt am Main;LINESTRING (3475960.9823401705 5552382.81575075,3475876.811334441 5552332.701194936,3475739.790376269 5552260.126720014,3475707.2323861704 5552240.663226673,3475623.3254116084 5552185.657745353,3475202.8115389217 5551899.160842341,3475160.6415517204 5551872.299851481,3475121.5165403495 5551850.753619448);LINESTRING (8.66291259733098 50.107177411776306,8.661739162550829 50.10672345791601,8.659828417251717 50.106065415514145,8.659374547891506 50.105889103622964,8.658205181256697 50.105391154713324,8.652345773513629 50.102798080172896,8.65175809345725 50.10255483217262,8.65121263345236 50.10235948934232);LINESTRING (475896.53431463323 5550602.270315028,475812.39651672775 5550552.176445878,475675.42968939873 5550479.632050003,475642.8845437228 5550460.176589861,475559.01063239854 5550405.193746049,475138.66237519635 5550118.814618004,475096.50901126355 5550091.964691278,475057.3994498927 5550070.427376673)
3656;Streckenachse;2,9 + 10;3,2 + 20;100290010;100320020;2,9;10;3,2;20;611;Ffm Flughafen - Zeppelinheim;Tunnel Kapitän-Lehmann-Straße;Hessen;Kreisfreie Stadt Frankfurt am Main;LINESTRING (3471572.35584826 5546307.325773683,3471606.087577373 5546285.836164822,3471646.913064084 5546256.975173241,3471686.32005121 5546226.208682284,3471724.199538786 5546193.58119193,3471760.4775268366 5546159.17620217,3471795.0590153933 5546123.065712967,3471808.194342038 5546107.977653429);LINESTRING (8.602017370379555 50.05236390148899,8.602489950224363 50.05217231786848,8.60306211946833 50.051914800558585,8.603614617727663 50.05164008206758,8.604145919554975 50.051348557552764,8.604654985405139 50.051040974468094,8.60514048347626 50.0507179758901,8.605324992892287 50.05058295436558);LINESTRING (471509.6115979544 5544529.241574166,471543.3296859058 5544507.7602772275,471584.1386399282 5544478.910484509,471623.5296455519 5544448.15596468,471661.39374669245 5544415.541200825,471697.65697359137 5544381.149660177,471732.22436479037 5544345.05331471,471745.35432577186 5544329.971175358)
3656;Streckenachse;4,2 + 29;4,4 + 49;100420029;100440049;4,2;29;4,4;49;220;Mannheim - Frankfurt Stadion;Tunnel  KRBW Zeppelinheim;Hessen;Landkreis Offenbach;LINESTRING (3472036.5309680747 5545165.508944858,3472031.515425476 5545145.158516627,3472017.2309292005 5545097.130531955,3471980.881939142 5545004.001561817,3471961.259903526 5544959.208946488);LINESTRING (8.608581893646045 50.042120758256495,8.608513363924862 50.04193756794881,8.608317465479423 50.04150511472932,8.607816861620242 50.04066615510639,8.607546230020562 50.04026253569217);LINESTRING (471973.5922428074 5543387.877002505,471968.5785403837 5543367.534741012,471954.2993643687 5543319.526049798,471917.964144914 5543226.434559892,471898.3495867948 5543181.659988676)
3680;Streckenachse;53,9 + 43;55,6 +06;105390043;105560006;53,9;43;;;1663;Abzw Ffm Schlachthof - Hanau;Los 20 vor Mühlberg;Hessen;Kreisfreie Stadt Frankfurt am Main;LINESTRING (3478457.936225197 5552071.253397541,3478460.789517791 5552044.787242211,3478468.2000148282 5552007.065253948,3478482.1955097253 5551965.153266886,3478497.603504317 5551931.512777202,3478517.834997406 5551898.644787198,3478536.3009911985 5551874.6002944475,3478555.11998493 5551853.534300756,3478582.408475927 5551828.166308271,3478600.4044700144 5551812.945812756,3478622.3994628238 5551796.401817589,3478650.0399538362 5551778.533822741,3478679.3279443528 5551761.989327453,3478716.0249325293 5551744.783832245,3478748.2519221883 5551732.209835656,3478772.363914484 5551724.710337612,3478811.648901978 5551715.335339896,3478831.8798955563 5551711.5858407365,3478854.93288826 5551708.607841283,3478896.5698751244 5551705.741341488,3478920.0938677266 5551705.520341164,3478949.8518584007 5551707.174340142,3478979.3748491732 5551710.263838673,3479006.544840709 5551714.785836792,3479032.538832634 5551720.521334555,3479053.7088260767 5551726.257332395,3479084.671816524 5551736.9738285085,3479125.259304059 5551754.375822351,3479144.030298316 5551763.716319096,3479179.31028757 5551784.165312073,3479219.407775442 5551812.382802527,3479248.7917665928 5551835.3877947945,3479301.187250863 5551879.283280112,3479360.2337330915 5551926.107764394,3479399.7167211515 5551954.021754949,3479445.024207328 5551978.851246377,3479490.8131932733 5551998.900739303,3479538.368678584 5552014.276233666,3479587.2226634 5552024.566229604,3479636.859647901 5552030.6887268415,3479686.7606322565 5552033.19722521,3479841.342984978 5552035.509720557);LINESTRING (8.697834501793876 50.10447233818615,8.697875879119099 50.10423450606635,8.697981591085531 50.1038956472791,8.698179581046455 50.10351935837543,8.698396845125878 50.103217482642556,8.69868148355746 50.102922726087066,8.698940945012227 50.10270722987466,8.699205170770993 50.10251852311049,8.69958801710347 50.10229144575979,8.699840406913614 50.10215525997514,8.700148764514196 50.10200731923122,8.700536102674123 50.10184767784003,8.700946391701535 50.10169999287686,8.70146027162864 50.10154662978801,8.701911412788943 50.10143474239149,8.70224884570404 50.101368183670075,8.702798455724507 50.10128530494705,8.703081433484734 50.10125231840914,8.703403811302328 50.10122636770363,8.703985931735724 50.10120207986194,8.704314739619381 50.101200929349055,8.704730576872269 50.101216855749875,8.705143050727857 50.10124567776228,8.705522558269568 50.10128729350678,8.705885562762324 50.10133977605358,8.706181142549521 50.10139209165801,8.706613327783167 50.10148952752522,8.70717967209458 50.10164740448867,8.707441526935147 50.101732037635074,8.70793352640582 50.101917117442575,8.708492442234437 50.102172204291996,8.708901900678475 50.102380052377995,8.709631871283841 50.10277651212153,8.710454660598735 50.10319953100937,8.711005031852865 50.10345185584972,8.711636988581049 50.10367664967189,8.712275938508004 50.10385848355626,8.712939835860118 50.10399835467702,8.713622159485428 50.10409254703462,8.714315652944148 50.10414929560971,8.715013030651166 50.104173558502886,8.717173647495454 50.10419962197001);LINESTRING (478392.48865653685 5550290.812349748,478395.3405974308 5550264.356740219,478402.74783272855 5550226.649755971,478416.73740282876 5550184.754393283,478432.1389749686 5550151.127213596,478452.3621257418 5550118.272186409,478470.8205529903 5550094.237147163,478489.6318631183 5550073.179414743,478516.909254052 5550047.821333493,478534.89794006426 5550032.606771574,478556.88401734317 5550016.069206433,478584.513327903 5549998.208125024,478613.7894907216 5549981.670001444,478650.4716874147 5549964.471082452,478682.68570765783 5549951.9018484475,478706.7880116428 5549944.405151701,478746.05723706004 5549935.033582477,478766.2801221312 5549931.285418266,478789.32388566714 5549928.308423035,478830.9442234956 5549925.442733805,478854.4588209748 5549925.221632963,478884.20494227647 5549926.874732653,478913.716169032 5549929.962760538,478940.87534762005 5549934.482734851,478966.8590059234 5549940.215733649,478988.02059201576 5549945.949271039,479018.9713046442 5549956.661239241,479059.5427248579 5549974.055958204,479078.3062986357 5549983.392574357,479113.5723643601 5550003.833118278,479153.6540673773 5550032.039018804,479183.0265098475 5550055.034588637,479235.4014243949 5550098.912124598,479294.42470461456 5550145.717436491,479333.89215078566 5550173.619963217,479379.18174454255 5550198.439175793,479424.95260743564 5550218.480294792,479472.4892267983 5550233.849267515,479521.32378634124 5550244.134762178,479570.9409994529 5550250.254416059,479620.8220779879 5550252.761512126,479775.34272297693 5550255.071843062)
3680;Streckenachse;56,6 + 50;59,7 + 63;105660050;105970063;56,6;50;59,7;63;2240;;;Hessen;Kreisfreie Stadt Offenbach am Main;LINESTRING (3480882.128212623 5552111.327039863,3481133.5401789085 5552122.767672548,3481233.3921476 5552128.039669192,3481472.5195726682 5552143.529660256,3481739.9539890634 5552172.615646554,3481836.2459590104 5552186.067640685,3481990.6749106986 5552200.973633364,3482039.0023956294 5552208.608130138,3482133.113366193 5552218.061625563,3482525.3847435466 5552260.683105456,3482724.3291813903 5552285.124594364,3482776.3121651267 5552290.209091878,3482823.8011502163 5552291.773090574,3482868.748136032 5552289.036590665,3482923.4681186685 5552280.238092496,3482974.083102524 5552267.137595754,3483303.5734970034 5552157.843124505,3483399.6739663095 5552130.879131347,3483441.3029529406 5552114.954635643,3483491.909936617 5552091.475142165,3483578.6364084673 5552041.047656549,3483667.871379628 5551996.4486690555,3483758.1618504836 5551953.486181032,3483902.255999327 5551881.439488163);LINESTRING (8.731717878136674 50.10491569604648,8.735231586952835 50.105026600810675,8.736627076995333 50.105077165276505,8.739968896584097 50.10522394245561,8.743705769496271 50.10549372677255,8.745051129942384 50.105617620377025,8.747209091068378 50.10575633862782,8.747884272985202 50.10582644020239,8.74919935399113 50.10591427229356,8.75468075203542 50.10630913891036,8.757460605851426 50.10653470320262,8.758187028059622 50.106581926302404,8.758850790130113 50.10659736459419,8.759479212064956 50.1065740631745,8.760244518223857 50.106496541132124,8.760952631800041 50.10638022021032,8.765563235130275 50.105407007158874,8.7669077329233 50.10516729283863,8.767490325215393 50.10502529188241,8.768198737171234 50.10481561678989,8.769413185166549 50.10436466988125,8.770662424313747 50.10396617891557,8.771926326629702 50.103582415894415,8.773943487813462 50.10293862811151);LINESTRING (480815.712962166 5550330.850528855,481067.0246284111 5550342.284573635,481166.83676728 5550347.553662955,481405.8688300589 5550363.035547467,481673.19668992504 5550392.107770253,481769.4503172263 5550405.553618898,481923.81772301835 5550420.452418309,481972.1259714365 5550428.083478048,482066.1994380935 5550437.532442156,482458.3145181687 5550480.133749475,482657.1797108773 5550504.563879102,482709.1419778645 5550509.645928381,482756.61201242945 5550511.208920823,482801.54102821066 5550508.473152435,482856.2390895706 5550499.677728011,482906.8337567527 5550486.582055948,483236.1917017136 5550377.32858158,483332.25357968826 5550350.374583651,483373.86581512255 5550334.456112565,483424.4524017874 5550310.985588528,483511.1438368149 5550260.577543374,483600.3428162836 5550215.995648629,483690.59688708687 5550173.049591345,483834.6329171742 5550101.030511138)
3680;Streckenachse;67,5 + 23;67,7 + 59;106750023;106770059;67,5;23;67,7;59;236;;;Hessen;Landkreis Offenbach;LINESTRING (3491135.272780938 5553918.869858958,3491161.965054145 5553923.369931473,3491210.9810388815 5553933.2414274905,3491308.4075085944 5553955.775418658,3491366.138298433 5553967.473032062);LINESTRING (8.874996887737966 50.12140805136158,8.875370023559563 50.12144890764588,8.876055190819997 50.12153838539776,8.877417002386679 50.121742411703664,8.878223997174263 50.12184842194568);LINESTRING (491064.77779103414 5552137.588997031,491091.4594415605 5552142.087057145,491140.455932452 5552151.954215614,491237.8436787764 5552174.478421956,491295.5515094252 5552186.170898221)
3681;Streckenachse;50,0 + 77;54,7 + 63;105000077;105470063;50;77;54,7;63;4686;Frankfurt(tief) - Frankf. Süd;Lokalbahnhof-Ffm Süd;Hessen;Kreisfreie Stadt Frankfurt am Main;LINESTRING (3476014.5769042913 5552442.1138327485,3476036.28128646 5552459.029152586,3476056.7547803423 5552477.776146356,3476100.0052675204 5552523.473631276,3476116.7182626077 5552543.640624661,3476141.5967554697 5552584.105111532,3476155.2687515966 5552609.382103365,3476172.0552470367 5552652.014089687,3476190.095742331 5552709.509071323,3476201.4552395227 5552754.970056851,3476227.180732957 5552845.557527959,3476244.554228199 5552887.341514542,3476266.6052219667 5552928.791501151,3476298.3437128263 5552978.263985077,3476326.6742045456 5553015.148973012,3476364.7276933654 5553061.216957903,3476402.67818214 5553102.651444253,3476432.988173131 5553133.135434167,3476466.947662966 5553162.98492422,3476491.7036555014 5553181.560917972,3476511.2236495675 5553193.31041395,3476537.8836414157 5553206.488409367,3476562.639133806 5553216.3314058585,3476590.569125167 5553224.270902896,3476622.466115242 5553229.827900616,3476652.142105951 5553231.574399569,3476683.087096221 5553230.939399254,3476712.7630868284 5553226.652900099,3476742.4380773883 5553219.508901846,3476800.3610588866 5553201.091406664,3476879.5485335565 5553173.783413915,3476928.7425178383 5553157.906918078,3476964.360506498 5553148.801920345,3477049.2154795956 5553134.003423569,3477090.7924664365 5553128.05492474,3477141.800450338 5553123.537425305,3477174.2444401467 5553123.537924757,3477205.5184303652 5553126.046923446,3477239.3004198633 5553132.573420826,3477272.748409514 5553141.94341732,3477302.1819004286 5553151.481913832,3477394.665871942 5553185.114401706,3477423.4303630474 5553193.480398597,3477446.342355929 5553198.165896738,3477479.1213457054 5553202.515894821,3477503.8723379644 5553204.525393774,3477546.0173247335 5553205.027392908,3477678.4702830594 5553201.17989189,3477710.0782731525 5553202.517890939,3477763.762256398 5553209.044387984,3477815.7737402017 5553217.578884424,3477848.0507301157 5553220.75688288,3477900.8437135597 5553222.498381448,3477940.3677011444 5553222.598880751,3477977.1596895466 5553220.255880865,3478017.902676672 5553215.8713815585,3478063.199662293 5553207.081883557,3478103.281649511 5553195.821386419,3478153.5211334205 5553177.693391271,3478191.40612124 5553161.213895809,3478225.9971100576 5553142.5364011,3478268.275096306 5553114.795409105,3478304.513584406 5553084.3079180755,3478336.3585738353 5553050.798428071,3478369.3020627243 5553005.752441675,3478468.00402915 5552853.974487716,3478494.240520066 5552804.149502937,3478511.0580140543 5552761.013016213,3478520.0580106596 5552727.430026619,3478527.1115076756 5552681.922040807,3478530.2740059234 5552636.903054902,3478526.261506118 5552573.631074862,3478514.40750805 5552467.229108509,3478470.1895175437 5552205.700191466,3478459.870019939 5552155.348207467,3478452.810021665 5552126.010216814,3478444.954523696 5552100.029225109,3478430.092527726 5552061.914237345,3478409.3690336053 5552024.2177495435,3478384.2165409364 5551990.057760703,3478363.94554692 5551967.047768278,3478330.0165570667 5551936.347278498,3478285.2390706316 5551906.103788756,3478231.651587029 5551879.71679795,3478075.540135061 5551818.403319844,3477995.7221596045 5551786.201831306,3477950.715673391 5551764.864338764,3477914.414684455 5551744.348345824,3477834.7122085406 5551687.0043651825,3477765.3343992266 5551634.411587539);LINESTRING (8.663658053328811 50.10771267974218,8.6639603938936 50.10786562812951,8.664245414889677 50.10803499308467,8.664847149816474 50.1084475643928,8.665079519943308 50.10862954180543,8.665424769666465 50.10899432476082,8.665614314180985 50.10922211845689,8.665846315271091 50.109606061027215,8.666094922747279 50.11012367404858,8.666250887733657 50.11053283105007,8.666604877150768 50.11134825765214,8.666845155438194 50.11172459801571,8.667150850428786 50.11209812233437,8.66759148545483 50.11254415647528,8.667985264646276 50.11287688944577,8.66851441244248 50.113292565119266,8.669042416057794 50.113666578429815,8.669464284827404 50.1139418391881,8.669937220416413 50.11421153898028,8.670282183435047 50.11437952170262,8.6705543654563 50.11448592482123,8.670926284320158 50.1146054522248,8.671271783318371 50.114694921040204,8.671661782943229 50.11476740139387,8.672107392251238 50.11481861779596,8.672522184066526 50.11483548810092,8.672954863623062 50.11483099678008,8.673370024236407 50.11479362649341,8.673785344487593 50.11473056533134,8.674596282202831 50.114567257898905,8.675705048873475 50.114324847206404,8.676393781441694 50.11418403080139,8.676892298566974 50.114103559969905,8.678079525757358 50.11397380896344,8.67866115924153 50.113921938515944,8.67937455756068 50.11388329362662,8.67982814703139 50.113884547687775,8.68026522919807 50.11390830681554,8.680737135651974 50.11396827850784,8.681204204277767 50.11405379899427,8.681615138758104 50.11414067881493,8.682906142643155 50.11444657265529,8.683307799788738 50.11452288003133,8.683627852641761 50.114565875201194,8.684085875493091 50.11460622807226,8.68443179837313 50.11462523319751,8.685020994387072 50.11463134346065,8.686873033953049 50.11460175403115,8.687314864322541 50.11461497172864,8.68806503514929 50.11467566136423,8.688791707943091 50.11475433583779,8.689242786656733 50.11478411312572,8.689980782854954 50.114801739180244,8.6905333609608 50.11480411424573,8.691047884226538 50.11478441776487,8.691617763542448 50.11474651205143,8.69225156460077 50.11466917033971,8.692812595052173 50.11456941792767,8.693516027385064 50.1144082971128,8.694046634761785 50.114261538101715,8.694531311723887 50.11409489533086,8.695123971638235 50.11384704987499,8.695632345685912 50.11357428895277,8.69607946211549 50.11327419700769,8.696542584806382 50.11287042827084,8.697931049090705 50.11150950955027,8.698300645398694 50.11106252602768,8.698538182592811 50.1106753308786,8.69866589188003 50.110373739794085,8.69876705958246 50.10996487021195,8.698813803963155 50.10956025587038,8.698761273342212 50.108991284012575,8.698601555861092 50.10803428160023,8.697998191292305 50.10568148492316,8.69785678469852 50.105228436541815,8.697759755503274 50.104964426106285,8.697651418186714 50.10473056672581,8.697445831157626 50.10438736560794,8.697158292214974 50.104047713202675,8.696808649531468 50.10373969250212,8.69652661109469 50.10353208936649,8.69605410525933 50.10325484777926,8.695429943570428 50.10298131579595,8.694682427605905 50.102742127912734,8.692503907311272 50.102185159623524,8.691390123882234 50.10189270722086,8.690762291200201 50.10169920824957,8.690256093701135 50.10151341544602,8.689145414205576 50.10099491012774,8.688178787745768 50.10051949538389);LINESTRING (475950.10795378144 5550661.544288287,475971.8038049812 5550678.452679442,475992.2692740766 5550697.192022968,476035.5028576709 5550742.870913087,476052.209340935 5550763.02971934,476077.07822422794 5550803.47784836,476090.7449637844 5550828.744636902,476107.5250981893 5550871.359464726,476125.55885090854 5550928.831342688,476136.9141767702 5550974.2740835585,476162.6301243867 5551064.825174827,476179.9970174439 5551106.592336841,476202.0395386297 5551148.025594749,476233.7657530308 5551197.47806873,476262.0852281746 5551234.348100506,476300.12389167695 5551280.397384289,476338.0595591143 5551321.815020609,476368.357691806 5551352.286594532,476402.3038610131 5551382.123892688,476427.05011746683 5551400.692270101,476446.5624114356 5551412.436917696,476473.21186364413 5551425.609437035,476497.9575501134 5551435.448304455,476525.8764527103 5551443.384407066,476557.7607508885 5551448.938929918,476587.42490598187 5551450.68449343,476618.3575348213 5551450.049498471,476648.0216414192 5551445.764472976,476677.6847254463 5551438.623089449,476735.58443054813 5551420.212484159,476814.7400665685 5551392.914760896,476863.9142803022 5551377.044210282,476899.5179736308 5551367.94256266,476984.3389453391 5551353.149294567,477025.89928271994 5551347.202837578,477076.8868628266 5551342.68673289,477109.3178977077 5551342.686971871,477140.5794203028 5551345.194717769,477174.347972958 5551351.718337955,477207.78268194303 5551361.084324456,477237.2044965401 5551370.618775891,477329.65180887334 5551404.237091549,477358.4048813873 5551412.59951692,477381.30776306125 5551417.282960208,477414.07369902806 5551421.63095824,477438.814824292 5551423.639456165,477480.94298651395 5551424.140916687,477613.3430252209 5551420.293889295,477644.9384049066 5551421.631100426,477698.6010043783 5551428.154560519,477750.5917883513 5551436.685231575,477782.8559154825 5551439.861701975,477835.62783252494 5551441.602081478,477875.1360388805 5551441.702223479,477911.9133173374 5551439.359863961,477952.6400004861 5551434.976788528,477997.91882834974 5551426.190436878,478037.98472033953 5551414.934114667,478088.2039979803 5551396.812955286,478126.0737259436 5551380.339736456,478160.6507525643 5551361.669422524,478202.9116344257 5551333.939168899,478239.13540768216 5551303.4635614585,478270.9674123496 5551269.96719707,478303.89738524857 5551224.938934294,478402.5587214292 5551073.220797075,478428.7843361121 5551023.415498164,478445.5947685967 5550980.296102016,478454.59090193803 5550946.726450778,478461.64121723664 5550901.23658092,478464.80209139077 5550856.235546934,478460.7906860325 5550792.988865318,478448.94056746666 5550686.62948332,478404.73813485715 5550425.2053569155,478394.4223538714 5550374.873562698,478387.3649392972 5550345.547344187,478379.5123696164 5550319.576790469,478364.6560023215 5550281.477142359,478343.9404807794 5550243.795874128,478318.797757602 5550209.64972817,478298.5346733255 5550186.64908694,478264.61898525216 5550155.961128975,478219.859136154 5550125.730075589,478166.292838732 5550099.354051802,478010.243231326 5550038.066310346,477930.45686944353 5550005.8783210935,477885.4681834783 5549984.549710261,477849.1815252162 5549964.042201138,477769.51041509525 5549906.721758918,477700.1598869903 5549854.15053956)
3682;Streckenachse;50,0 +0;54,7 +21;105000000;105470021;;;;;4721;Frankfurt(tief) - F Süd;Los 14;Hessen;Kreisfreie Stadt Frankfurt am Main;LINESTRING (3475950.056424073 5552400.57312228,3476021.7112909406 5552453.290154631,3476044.986783971 5552473.7341478225,3476075.973774802 5552507.509636693,3476104.4422664912 5552545.317624339,3476125.603760459 5552582.116612425,3476145.8387547806 5552622.657099349,3476165.373249454 5552671.067083813,3476182.077745134 5552726.556066103,3476196.7782414886 5552784.72004758,3476211.4777377606 5552837.869030638,3476226.5122337034 5552877.647517892,3476248.2292276374 5552922.77450335,3476270.613721239 5552960.547491103,3476297.3412134936 5552999.322478479,3476324.285205618 5553034.378967012,3476355.389196461 5553070.937955005,3476391.411185793 5553109.478442296,3476430.6081741047 5553146.631429968,3476463.1396643585 5553174.733920593,3476489.799656299 5553193.468914261,3476503.764652049 5553201.566411484,3476526.616645061 5553212.839407563,3476555.9741360326 5553224.270403475,3476586.7601265013 5553232.526900367,3476617.3881169595 5553237.130898407,3476646.270107918 5553238.878397373,3476676.5800983743 5553237.449397315,3476705.3040892887 5553233.638898032,3476734.8200799013 5553226.652899732,3476914.7775225122 5553175.053412925,3476967.2415058333 5553163.120915795,3476996.4234965695 5553157.292417137,3477051.682479087 5553149.834918553,3477160.029444846 5553137.425420634,3477185.4494368294 5553135.584920783,3477215.0514275366 5553135.919920184,3477238.1304203323 5553138.5974189555,3477264.3859121804 5553144.286416728,3477294.656902829 5553153.656413275,3477385.8018747526 5553186.620401384,3477409.2153675244 5553194.149398626,3477448.3493553833 5553203.185895129,3477474.7733471445 5553206.866893527,3477503.0363383056 5553209.210392316,3477574.4473158643 5553208.7088912735,3477643.475294134 5553205.962390975,3477674.623284344 5553205.697890534,3477717.9392707758 5553208.039889068,3477759.41425784 5553213.562386636,3477835.8417340275 5553225.2748816665,3477899.7277140194 5553228.956379436,3477941.203700986 5553228.78987879,3477973.313690873 5553227.283878721,3478008.2936798343 5553224.385379043,3478041.786669238 5553219.99137986,3478089.8296539686 5553209.5538823325,3478146.107635987 5553191.701386994,3478185.915123216 5553176.045891243,3478221.6041117106 5553158.741896083,3478258.6660997095 5553137.592402104,3478293.5310883154 5553111.499909716,3478320.7105793585 5553086.779917027,3478361.6160657047 5553039.262431272,3478424.817544258 5552945.1079597995,3478484.301023993 5552851.78448813,3478509.5975152147 5552802.627003156,3478527.35500879 5552752.495018617,3478537.5705048167 5552707.2310326705,3478542.9215024 5552663.671046275,3478543.4480013526 5552611.324562722,3478539.131501802 5552557.534579703,3478525.0040048654 5552475.8671056125,3478491.254512351 5552290.546164439,3478476.699515478 5552204.566191713,3478463.671018544 5552143.396211162,3478455.6310205813 5552114.27122045,3478444.3255235455 5552079.296231638,3478428.8350278223 5552044.11324296,3478414.3930319524 5552019.821750838,3478391.995538467 5551988.617761024,3478362.479547194 5551955.947771792,3478333.3840558985 5551929.769280507,3478309.1030632197 5551911.340286714,3478277.7030727323 5551890.187793886,3478225.371588736 5551863.80130306,3478040.163145709 5551790.400329244,3477992.585660333 5551770.826836189,3477947.4226741577 5551748.862343854,3477905.2391870013 5551724.229852302,3477865.879198939 5551698.4998610495,3477828.3103064117 5551669.413462251);LINESTRING (8.662758747713537 50.10733661047766,8.663757081689287 50.107813444975,8.664081164143498 50.1079981798569,8.664512212312305 50.10830307704035,8.664907806932248 50.108644123964666,8.66520132393777 50.108975804462666,8.665481659190222 50.10934108359946,8.665751714404017 50.10977708189935,8.665981770198309 50.110276607227426,8.666183648391218 50.11080010029825,8.666385829718216 50.11127850735052,8.666593531654772 50.1116367246862,8.666894325810894 50.112043293063,8.667204914358294 50.11238377381031,8.667576161634473 50.112733435412814,8.667950671889159 50.11304967460186,8.668383252908441 50.11337958612337,8.668884473927598 50.11372750578162,8.669430176774037 50.114063075623676,8.669883256580734 50.11431701309774,8.670254829906604 50.114486500890074,8.670449573652169 50.114559852012086,8.670768370770734 50.11466210281859,8.671178112507437 50.11476603038764,8.671608022718088 50.11484147368746,8.672035949228928 50.114884072656004,8.672439640626996 50.11490092094203,8.672863491417692 50.114889266780736,8.673265313653689 50.11485613874092,8.673678401972808 50.114794492161664,8.67619750207569 50.11433763702114,8.67693171235084 50.11423240185701,8.677340051260725 50.11418113535327,8.678113063584108 50.1141162320447,8.679628579842467 50.11400885120224,8.67998408001285 50.113993283235516,8.680397917350362 50.11399743294543,8.68072041868631 50.11402239030506,8.68108715065247 50.11407454240704,8.681509804025696 50.11415993986439,8.68278212701575 50.11445977389765,8.683109021940725 50.11452835313157,8.683655615441577 50.11461108211612,8.68402482952031 50.11464517911889,8.684419833956142 50.11466732037649,8.685418255317511 50.11466551647779,8.686383491706419 50.11464343125333,8.686818984904674 50.1146422267652,8.687424445637461 50.11466491080973,8.688003982567023 50.11471611586554,8.689071830469823 50.11482427449716,8.68996480582772 50.114859756062785,8.690544690935821 50.114859803444325,8.690993707483411 50.114847457795456,8.691482929532533 50.114822698044975,8.691951447493315 50.11478443638222,8.69262373488978 50.11469237851943,8.693411577510979 50.11453395820848,8.693969017654647 50.11439467830038,8.69446896872062 50.11424042417994,8.694988331415182 50.11405164654264,8.695477255777284 50.113818347750374,8.695858649280305 50.113597104982055,8.6964332300101 50.113171408515974,8.697322145472075 50.112327246031455,8.698159005069376 50.11149041252354,8.698515420406059 50.11104939515145,8.698766490622736 50.11059934281071,8.698911847844816 50.1101927811919,8.698989103347843 50.109801362655205,8.69899940815051 50.109330777318064,8.698942092421941 50.10884703940295,8.698749198184741 50.108112322528825,8.698287861361836 50.10644503020681,8.698089254171773 50.10567152629858,8.69791059046555 50.1051211238649,8.697799850636589 50.104858992787484,8.69764379731515 50.10454415036173,8.697429260265976 50.10422728559154,8.697228765623414 50.10400837517407,8.696917464072744 50.10372703002736,8.696506749224094 50.10343224483401,8.696101548394566 50.103195833332805,8.69576320586682 50.10302926591194,8.695325514882422 50.10283795211222,8.694595557285979 50.1025988141511,8.692011043740255 50.10193209909708,8.691347170996185 50.101754366802616,8.690717189106376 50.10155522493584,8.690129011558913 50.10133220480684,8.689580367150857 50.1010994203129,8.68905695705314 50.10083652543092);LINESTRING (475885.61290362704 5550620.020683233,475957.2395812656 5550672.716090013,475980.50594427297 5550693.151732845,476011.48083275935 5550726.913485964,476039.93826008216 5550764.706147779,476061.09159929166 5550801.490271536,476081.3188388136 5550842.014407496,476100.84592150303 5550890.404904149,476117.5441919916 5550945.87159452,476132.2392848136 5551004.012231969,476146.93333774974 5551057.139873609,476161.9621493869 5551096.90235589,476183.6708335876 5551142.011147021,476206.0466919605 5551179.768871709,476232.7638228689 5551218.528161062,476259.69733738684 5551253.5704347165,476290.78920159215 5551290.114574484,476326.79711642896 5551328.639382848,476365.9787513501 5551365.777220183,476398.49747716764 5551393.868227979,476425.1469740356 5551412.595526546,476439.1064585094 5551420.689678261,476461.9494171369 5551431.957989507,476491.2952773477 5551443.384185318,476522.0690411955 5551451.63713829,476552.68483882566 5551456.239052195,476581.55531122163 5551457.985621688,476611.85318743525 5551456.556949144,476640.56567829277 5551452.747741078,476670.0698271295 5551445.764295688,476849.95499875024 5551394.183970177,476902.39793744154 5551382.255817108,476931.56822902686 5551376.429411808,476986.80508675164 5551368.974447886,477095.10868988186 5551356.5690361895,477120.5185168621 5551354.729067366,477150.1086901381 5551355.063695514,477173.1784889361 5551357.7399399495,477199.42354256485 5551363.4264553385,477229.68252112955 5551372.792467375,477320.79136317567 5551405.742560961,477344.195567304 5551413.268363851,477383.3140013933 5551422.300937892,477409.7274715402 5551425.980254374,477437.9791960388 5551428.322590585,477509.3616550305 5551427.820716835,477578.362048246 5551425.074759412,477609.4975988724 5551424.810114665,477652.79630792345 5551427.150830415,477694.2547782398 5551432.670789916,477770.65183073166 5551444.377994588,477834.5123304286 5551448.057509588,477875.97175458627 5551447.890742596,477908.06891077984 5551446.38508623,477943.0349088726 5551443.4874632815,477976.5144891661 5551439.094949946,478024.5382064259 5551428.661234813,478080.79357319744 5551410.815416767,478120.5850395249 5551395.165853172,478156.2596384127 5551377.868481505,478193.306657693 5551356.727135605,478228.15751517384 5551330.644782791,478255.3259549502 5551305.934443288,478296.21472621564 5551258.43560418,478359.39021250006 5551164.318223776,478418.8491912248 5551071.03154122,478444.13518691435 5551021.893483108,478461.88518749457 5550971.7813750915,478472.09624115506 5550926.535382285,478477.4447524707 5550882.992747622,478477.97062109417 5550830.667163215,478473.6554134749 5550776.898694646,478459.5329023539 5550695.263945997,478425.7953990964 5550510.017279466,478411.24552420527 5550424.071757764,478398.22173880803 5550362.926308666,478390.18471757555 5550333.813012907,478378.8834542715 5550298.852081321,478363.3988617165 5550263.683266512,478348.962437735 5550239.401590561,478326.5736373678 5550208.210241107,478297.06916992535 5550175.553534766,478267.9850866399 5550149.385730751,478243.7136416843 5550130.964290997,478212.3260197418 5550109.820496898,478160.01522040257 5550083.44496281,477974.88014362054 5550010.074785943,477927.3214992629 5549990.509490815,477882.1763708009 5549968.554131818,477840.009530224 5549943.931815107,477800.6650524985 5549918.212414303,477763.1109281922 5549889.137931887)
3683;Streckenachse;8,4 + 55;9,3 + 54;100840055;100930054;8,4;55;9,3;54;968;Ffm Kleyerstraße - Kelsterbach;S-Bahn Tunnel Gateway Gardens Ost;Hessen;Kreisfreie Stadt Frankfurt am Main;LINESTRING (3472076.173968254 5546894.278383564,3472032.6984523796 5546850.777980434,3471994.4689638554 5546817.424991526,3471906.2304907925 5546768.380008354,3471795.450025064 5546735.02652061,3471724.871047082 5546725.215024824,3471661.146067134 5546727.174525228,3471225.8114214633 5546768.653971864);LINESTRING (8.609009214770468 50.057664588533775,8.608405290817458 50.05727146829543,8.607873889815586 50.05696981914839,8.606645324110142 50.05652473248638,8.605100853392145 50.05621963311133,8.60411602600469 50.056128073298545,8.603226038494796 50.056142655220725,8.597143999135405 50.0564946510122);LINESTRING (472013.23322959576 5545115.9557684725,471969.77472618036 5545072.473083951,471931.560236451 5545039.133719533,471843.35660583334 5544990.109026891,471732.6201092188 5544956.76974372,471662.06923567434 5544946.962730096,471598.3697173712 5544948.921957341,471163.2092361561 5544990.388319149)
3683;Streckenachse;10,4 + 32;10,4 + 91;101040032;101040091;10,4;32;10,4;91;799;;;Hessen;Kreisfreie Stadt Frankfurt am Main;LINESTRING (3470192.897938315 5546616.771272461,3470153.452509505 5546572.702127889);LINESTRING (8.582732358014646 50.05507831139608,8.58218499976003 50.054680144119395);LINESTRING (470130.7069896218 5544838.574523508,470091.27695962635 5544794.5232920665)
3683;Streckenachse;10,4 + 91;11,5 + 86;101040091;101150086;10,4;91;11,5;86;1095;Ffm Kleyerstraße - Kelsterbach;Tunnel Flughafen Ost;Hessen;Kreisfreie Stadt Frankfurt am Main;LINESTRING (3470153.452509505 5546572.702127889,3470109.3455514377 5546528.4156124275,3470075.3755616224 5546497.925622546,3469994.839585939 5546436.311643184,3469907.8166125505 5546390.913158828,3469860.872126968 5546370.259666062,3469815.4851409327 5546351.942672538,3469721.7886698134 5546317.453684859,3469529.721229241 5546260.945205654,3469374.859777067 5546209.698224205,3469247.8533161646 5546159.813241888,3469165.0553156347 5546125.883391571);LINESTRING (8.58218499976003 50.054680144119395,8.581572577577793 50.05427978572537,8.581100630631038 50.05400396726714,8.57998092507967 50.053445989324025,8.57876939422559 50.053033452100586,8.578115541312982 50.0528453963503,8.577483256276453 50.052678421473594,8.576177723959269 50.052363596462655,8.573500450918127 50.05184576556937,8.571342297797782 50.05137709200286,8.569572995029972 50.050922064108356,8.568419683436 50.05061274221937);LINESTRING (470091.27695962635 5544794.5232920665,470047.1872600279 5544750.254813769,470013.2305911281 5544719.777270733,469932.72628189594 5544658.188538827,469845.737694789 5544612.808878403,469798.8117895086 5544592.164008082,469753.4427805175 5544573.854691525,469659.7834475939 5544539.380224534,469467.79224955005 5544482.895844512,469312.99222532945 5544431.670563963,469186.0360805934 5544381.806516169,469103.27087091515 5544347.890876035)
3683;Streckenachse;11,5 + 86;12,4 + 85;101150086;101240085;11,5;86;12,4;85;899;Ffm Kleyerstraße - Kelsterbach;Tunnel Flughafen West;Hessen;Kreisfreie Stadt Frankfurt am Main;LINESTRING (3469165.0553156347 5546125.883391571,3469155.1328446837 5546121.817255287,3469060.0733740386 5546090.250766705,3469013.3223885205 5546077.585271424,3468910.275420556 5546056.929279537,3468813.8519505574 5546039.196786629,3468717.81798042 5546020.490794017,3468666.303496477 5546012.88029722,3468610.6805138523 5546007.045799933,3468527.3085400173 5546006.0703015495,3468468.2855586475 5546012.108800583,3468418.644574367 5546020.477298735,3468371.2345894715 5546034.269795146,3468324.3321044426 5546049.714791036,3468288.8006419484 5546064.786857812);LINESTRING (8.568419683436 50.05061274221937,8.568281472150618 50.05057567247137,8.566956791276592 50.0502869469069,8.566305077430076 50.05017064805239,8.564868013115158 50.04997956934445,8.563523198725942 50.049815102914565,8.562183911287194 50.049641889511676,8.561465297217799 50.04957075806289,8.560689177709419 50.049515371805654,8.559525235354217 50.04950219552479,8.55870067160071 50.04955335587486,8.558006903715825 50.04962595567197,8.557343834627842 50.049747432439894,8.556687711179542 50.049883788627795,8.556190376408225 50.05001739486969);LINESTRING (469103.27087091515 5544347.890876035,469093.3523296035 5544343.826442691,468998.3305647612 5544312.273318395,468951.59814607474 5544299.613254023,468848.59216046316 5544278.966333274,468752.2070513463 5544261.24169116,468656.21127878304 5544242.543934944,468604.71730410284 5544234.936888423,468549.11648545816 5544229.10516499,468465.77779469546 5544228.130721612,468406.77842969215 5544234.16728041,468357.1573340894 5544242.53283301,468309.76639030484 5544256.320200113,468262.8827569207 5544271.759402754,468227.365602587 5544286.825734444)
3688;Streckenachse;55,5 + 66;55,9 + 75;105550066;105590075;55,5;66;55,9;75;409;;;Hessen;Kreisfreie Stadt Frankfurt am Main;LINESTRING (3477110.430040051 5551232.172678171,3477054.624945769 5551213.4725270625,3477025.592954709 5551202.514530991,3476993.821464459 5551188.471035937,3476972.0924711046 5551177.512039741,3476932.83448305 5551154.053047767,3476816.9285181817 5551076.585074047,3476771.6555320444 5551054.784581655,3476748.776379315 5551045.358626027);LINESTRING (8.679049436925737 50.096878391200306,8.678270643214594 50.09670811826365,8.677865560469062 50.09660848061056,8.677422379111727 50.09648099614179,8.677119363866643 50.09638162996859,8.676572127498638 50.09616920464694,8.674956983997342 50.09546823680973,8.674325605520853 50.09527047612507,8.674006437225298 50.095184839133246);LINESTRING (477045.5138100441 5549452.077507702,476989.73084918986 5549433.385271546,476960.7103629473 5549422.43188409,476928.95144667744 5549408.394251739,476907.23104199546 5549397.439805997,476867.98854184564 5549373.990496616,476752.1282379605 5549296.554387294,476706.8731548692 5549274.762963402,476684.00306237856 5549265.3409552425)
3688;Streckenachse;55,6 + 81;55,8 + 94;105560081;105580094;55,6;81;55,8;94;213;Frankfurt (M) Süd, W217 - W347;Krbw Tu Ri Stresemannallee;Hessen;Kreisfreie Stadt Frankfurt am Main;LINESTRING (3477002.589274844 5551192.346545106,3476972.0924711046 5551177.512039741,3476932.83448305 5551154.053047767,3476821.9511511493 5551079.870548555);LINESTRING (8.677544681294956 50.09651617752627,8.677119363866643 50.09638162996859,8.676572127498638 50.09616920464694,8.67502697748514 50.09549797001224);LINESTRING (476937.7157870872 5549412.268143008,476907.23104199546 5549397.439805997,476867.98854184564 5549373.990496616,476757.14889169566 5549299.838509552)
3688;Streckenachse;69,4 + 0;70,0 + 46;106940000;107000046;69,4;0;70;46;646;;;Hessen;Landkreis Offenbach;LINESTRING (3475286.745731285 5537970.16781946,3475281.3652887167 5537920.7447392875,3475277.661789102 5537870.886755054,3475276.652288637 5537820.919770814,3475277.1267877044 5537770.916786564,3475279.848285281 5537670.949818019,3475279.382784645 5537620.946833787,3475277.639284413 5537571.010849549,3475268.98578558 5537471.399881075,3475252.2891210816 5537326.047371254);LINESTRING (8.654417713991235 49.97757643116834,8.654345883127105 49.97713187719213,8.654297459577473 49.97668348275812,8.654286600248392 49.976234220073444,8.654296431268236 49.97578469525527,8.654340799442192 49.97488606964564,8.654337525820107 49.97443650573398,8.654316432504771 49.97398749113866,8.654202210107574 49.97309159399553,8.653978817964289 49.97178412986542);LINESTRING (475222.4516270194 5536195.383377203,475217.0729384462 5536145.980077821,475213.37051968445 5536096.142034682,475212.3610233771 5536046.195013562,475212.8349336947 5535996.211994968,475215.55454626237 5535896.284928032,475215.0888322746 5535846.301916981,475213.34562959266 5535796.385889382,475204.6947911737 5535696.814771221,475188.0036339202 5535551.520443585)
3701;Streckenachse;42,8 + 93;43,5 + 66;104280093;104350066;42,8;93;43,5;66;673;;;Hessen;Landkreis Wetteraukreis;LINESTRING (3499626.5720326533 5579224.529597291,3500099.338172681 5578745.534755994);LINESTRING (8.99370413355216 50.34897531993211,9.000346333696111 50.34466932520493);LINESTRING (499552.8915967984 5577433.07485621,500025.4650736952 5576954.2674222635)
3701;Streckenachse;58,4 + 8;58,9 + 43;105840008;105890043;58,4;8;58,9;43;535;Gießen - Gelnhausen;Büdinger Tunnel;Hessen;Landkreis Wetteraukreis;LINESTRING (3508813.6037278906 5569628.528424154,3508797.1972929747 5569537.561678016,3508774.1117983046 5569440.215209163,3508703.047702709 5569105.2516635675);LINESTRING (9.122557314573173 50.262642218670074,9.122325122106574 50.261824666495556,9.121999124105091 50.26094985848217,9.120994872393938 50.257939564157454);LINESTRING (508736.1767687101 5567840.830637092,508719.77614351694 5567749.900351314,508696.6990736575 5567652.592944967,508625.6606245938 5567317.763743077)
3710;Streckenachse;23,3 + 16;23,6 + 18;102330016;102360018;23,3;16;23,6;18;302;Wetzlar - Koblenz;Weilburger Tunnel;Hessen;Landkreis Limburg-Weilburg;LINESTRING (3448034.6559499335 5594495.481833381,3448006.892471476 5594409.331143691,3447982.453422952 5594310.428504301,3447974.8493694672 5594261.140696214,3447971.9060359187 5594211.207966772,3447972.527172446 5594201.04163162);LINESTRING (8.266763822062284 50.4839526810349,8.26638465309049 50.483175810408014,8.266054105868875 50.48228460641547,8.265953837029219 50.48184088361015,8.265919319548775 50.48139177730256,8.265929484702964 50.481300447319114);LINESTRING (447980.8462185346 5592698.052140721,447953.0915020139 5592611.930628585,447928.65996956365 5592513.061333737,447921.0581110173 5592463.790083928,447918.1153855736 5592413.874054323,447918.73623071646 5592403.711095806)
3710;Richtungsgleis;25,8 + 99;26,3 + 94;102580099;102630094;25,8;99;26,3;94;495;Wetzlar - Koblenz;Kirschhofener Tunnel;Hessen;Landkreis Limburg-Weilburg;LINESTRING (3446522.0374253653 5593384.432409957,3446502.4954367965 5593365.911795548,3446482.360246457 5593343.557261768,3446464.212937007 5593319.622830894,3446448.1775001814 5593294.283991469,3446434.3579285974 5593267.842723765,3446422.7442225325 5593240.361023798,3446414.4533025282 5593215.605145027,3446407.172830108 5593186.672539584,3446403.2771288995 5593164.634982566,3446400.511365448 5593139.205147673,3446399.618984373 5593113.851807855,3446400.3279937673 5593092.117231201,3446403.5433674813 5593061.532734403,3446424.7279834743 5592922.8723836);LINESTRING (8.245612009949365 50.47382941177266,8.245339398256359 50.47366114747932,8.245058981475003 50.473458365428385,8.244806793332025 50.47324156261666,8.244584555003879 50.47301232801277,8.244393687750602 50.47277338577807,8.244234041484605 50.47252529243022,8.244120808288915 50.472302004910674,8.244022406719806 50.47204126520515,8.243970692816454 50.471842814223976,8.243935380458243 50.471613973459235,8.243926443797406 50.47138599157632,8.243939544006242 50.471190685038614,8.243989213425856 50.470916056003986,8.244307448541552 50.46967157893669);LINESTRING (446468.7296475124 5591587.392801806,446449.1940536624 5591568.878524865,446429.0654172425 5591546.531616521,446410.9239740859 5591522.60532334,446394.89367607277 5591497.2750742305,446381.07848408754 5591470.842747722,446369.46840262105 5591443.37031913,446361.18001574656 5591418.6227749735,446353.90169172955 5591389.699891199,446350.0070710033 5591367.669725869,446347.2419716991 5591342.248406596,446346.3496246862 5591316.90354173,446347.05816704 5591295.176218412,446350.27213719994 5591264.601910279,446371.448171328 5591125.987695734)
3710;Richtungsgleis;26,7 + 4;27,1 + 37;102670004;102710037;26,7;4;27,1;37;433;Wetzlar - Koblenz;Michelsberg Tunnel;Hessen;Landkreis Limburg-Weilburg;LINESTRING (3446385.4602731 5592619.5121529875,3446378.433102001 5592591.550314073,3446372.949517349 5592564.199086946,3446369.6802892676 5592538.040283201,3446368.3284397214 5592511.712991116,3446368.9014676595 5592485.35720169,3446371.396372697 5592459.113905855,3446376.5836107014 5592429.437821854,3446383.1392509635 5592403.903970015,3446392.889693546 5592375.399311375,3446403.3455806104 5592351.19937601,3446415.5398540655 5592327.827388478,3446429.4070177176 5592305.407340802,3446444.8735759193 5592284.059225246,3446461.8570336415 5592263.896534468,3446480.266396442 5592245.027261473,3446501.3542839093 5592226.376535268);LINESTRING (8.243797855450547 50.46694109323596,8.24370289472486 50.46668910243219,8.2436295864201 50.466442741496685,8.243587293462921 50.46620730171094,8.243572027981825 50.4659705227454,8.243583875119938 50.46573366367013,8.243622772012147 50.465497991564476,8.24370007660313 50.46523170841179,8.24379605801801 50.46500278474036,8.243937456092214 50.46474744854907,8.244088170806597 50.46453087170446,8.244263246874874 50.464321895913734,8.24446174395045 50.46412162964478,8.244682609665276 50.46393114467332,8.244924665910522 50.46375145352365,8.245186615737566 50.46358351850627,8.245486252787487 50.463417791773644);LINESTRING (446332.19049886614 5590822.729281952,446325.1653959595 5590794.776857375,446319.6833669164 5590767.4348274935,446316.4149629124 5590741.284803503,446315.06329165585 5590714.966331432,446315.6358512742 5590688.619355298,446318.1296440953 5590662.384818804,446323.3148339095 5590632.718632017,446329.8680103493 5590607.193279532,446339.6148867744 5590578.698088174,446350.06701594894 5590554.506171528,446362.25695735967 5590531.141910188,446376.11923816515 5590508.729255152,446391.5803886858 5590487.388159075,446408.5579427842 5590467.2320772745,446426.9609376752 5590448.368967346,446448.0415618782 5590429.7243075725)
3710;Streckenachse;27,4 + 46;27,6 + 69;102740046;102760069;27,4;46;27,6;69;223;Wetzlar - Koblenz;Schmidskopf Tunnel;Hessen;Landkreis Limburg-Weilburg;LINESTRING (3446745.9345922954 5592036.057136682,3446906.294702147 5591909.727921844,3446920.2128503416 5591896.949531195);LINESTRING (8.248957634713447 50.46172927540981,8.251233746174172 50.460608243013105,8.251431549036852 50.4604946379835);LINESTRING (446692.53795474087 5590239.466533333,446852.8430677233 5590113.177992543,446866.7564268609 5590100.403741908)
3710;Streckenachse;29,3 + 25;29,4 + 52;102930025;102940052;29,3;25;29,4;52;127;Wetzlar - Koblenz;Grävenecker Tunnel;Hessen;Landkreis Limburg-Weilburg;LINESTRING (3447021.3831538674 5590366.227641299,3446992.529406372 5590296.593117525,3446970.3439655034 5590249.954370313);LINESTRING (8.253072744874633 50.446744109759685,8.252676406689543 50.44611555748491,8.252370695144343 50.445694316087796);LINESTRING (446967.8779628695 5588570.19458337,446939.03317751095 5588500.583715284,446916.854695948 5588453.9608371)
3710;Streckenachse;40,7 + 26;40,9 + 54;104070026;104090054;40,7;26;40,9;54;228;Wetzlar - Koblenz;Villmarer Tunnel;Hessen;Landkreis Limburg-Weilburg;LINESTRING (3442120.247808703 5585646.829235583,3442135.221937911 5585626.839949335,3442168.8970601843 5585589.8478820175,3442240.22421958 5585519.785705357,3442272.0425681495 5585477.407743975);LINESTRING (8.184805738393747 50.40385886185057,8.185019423886539 50.403680653935226,8.185498746597062 50.403351449198105,8.186512701459423 50.40272867882646,8.186966717951567 50.40235087185764);LINESTRING (442068.62131580024 5583852.64167391,442083.58998472383 5583832.658030147,442117.2527370767 5583795.676039507,442188.5541844638 5583725.646953955,442220.3622984211 5583683.304530689)
3710;Streckenachse;47,0 + 54;47,5 + 48;104700054;104750048;47;54;47,5;48;494;Wetzlar - Koblenz;Ennericher Tunnel;Hessen;Landkreis Limburg-Weilburg;LINESTRING (3438216.2633429393 5585285.926363887,3438020.7947790264 5585134.074618942,3437980.3061177097 5585104.706414127,3437938.759595625 5585076.913048366,3437895.7292316505 5585051.416053144,3437851.441965649 5585028.187368617,3437809.4734298377 5585009.203331938);LINESTRING (8.129957407320951 50.40021731287176,8.127233503447195 50.39883176554091,8.126668958960984 50.398563509503184,8.126089284159889 50.39830929501629,8.125488369072178 50.39807556255227,8.124869409274249 50.39786208355037,8.12428235999076 50.397687000948046);LINESTRING (438166.1640048927 5583491.861229779,437970.81449943135 5583340.12774397,437930.34643586486 5583310.795288986,437888.8193080698 5583283.036213708,437845.8082915568 5583257.570733724,437801.5402954294 5583234.370858408,437759.5896638477 5583215.410803091)
3710;Streckenachse;55,1 + 22;55,1 + 87;105510022;105510087;55,1;22;55,1;87;65;Wetzlar - Koblenz;Freiendiezer Tunnel;Rheinland-Pfalz;Landkreis Rhein-Lahn-Kreis;LINESTRING (3430962.0676058554 5582258.039235559,3430937.7335316786 5582242.001272551,3430906.597812157 5582224.086993602);LINESTRING (8.028496769281512 50.37219361587283,8.028157703707624 50.372046601006666,8.02772338999563 50.371881921010235);LINESTRING (430914.7557178234 5580465.353480962,430890.43120263016 5580449.321917493,430859.3077215777 5580431.4148147255)
3710;Streckenachse;56,3 + 24;56,4 + 31;105630024;105640031;56,3;24;56,4;31;107;Wetzlar - Koblenz;Diezer Tunnel;Rheinland-Pfalz;Landkreis Rhein-Lahn-Kreis;LINESTRING (3429800.1622702754 5582005.411135228,3429723.9335569176 5582006.818907439,3429693.2555211927 5582005.061758986);LINESTRING (8.012213678325736 50.36978537017004,8.011142100177999 50.36978892512608,8.010711280610167 50.369769466243845);LINESTRING (429753.30877995514 5580212.833739337,429677.11015985673 5580214.241515345,429646.44422788155 5580212.485274172)
3710;Streckenachse;57,4 + 53;57,8 + 77;105740053;105780077;57,4;53;57,8;77;424;Wetzlar - Koblenz;Fachinger Tunnel;Rheinland-Pfalz;Landkreis Rhein-Lahn-Kreis;LINESTRING (3428825.5739501147 5581513.094226767,3428781.6298178355 5581496.390570006,3428737.5410751435 5581473.097779424,3428695.4208205817 5581446.1455235565,3428656.859541747 5581414.403810475,3428620.3557545063 5581380.149625079,3428545.440731698 5581313.792772336,3428490.393354469 5581260.069343415);LINESTRING (7.99860999136485 50.365243082185565,7.997995623529716 50.365087623884065,7.9973804749771435 50.364872918097284,7.996793687135965 50.364625554326345,7.996257824912946 50.36433556883691,7.9957513579159105 50.364023246993995,7.994711232041011 50.363417704175816,7.993947909941582 50.362928122625696);LINESTRING (428779.1014621253 5579720.71818609,428735.17448609497 5579704.021396895,428691.1029113367 5579680.738051619,428648.9990212305 5579653.79665247,428610.4526715091 5579622.067638192,428573.96298000985 5579587.827111168,428499.07687603554 5579521.496712849,428444.0506853998 5579467.794636288)
3710;Streckenachse;59,8 + 58;60,1 + 20;105980058;106010020;59,8;58;60,1;20;262;Wetzlar - Koblenz;Kehrberg - Tunnel;Rheinland-Pfalz;Landkreis Rhein-Lahn-Kreis;LINESTRING (3427035.8236560626 5580702.43645514,3427003.1291831722 5580681.450710984,3426922.097326118 5580622.658520983,3426820.490331237 5580552.7795518115);LINESTRING (7.973616645175753 50.35773730618774,7.973161347531896 50.35754462238611,7.972034243282395 50.35700611495627,7.970620241041565 50.35636538586069);LINESTRING (426990.04905966006 5578910.390790897,426957.3673975674 5578889.413553507,426876.36729709693 5578830.645181381,426774.8001674259 5578760.79479944)
3710;Streckenachse;60,1 + 99;60,3 + 92;106010099;106030092;60,1;99;60,3;92;193;Wetzlar - Koblenz;Daubach Tunnel;Rheinland-Pfalz;Landkreis Rhein-Lahn-Kreis;LINESTRING (3426755.3285534894 5580507.965305188,3426630.260302105 5580422.105384534,3426597.674624372 5580396.402032055);LINESTRING (7.969713444657849 50.35595446941127,7.967972999090028 50.355167144250274,7.96752019695036 50.35493204798433);LINESTRING (426709.6639556188 5578715.99891625,426584.64477255597 5578630.174108798,426552.07186772756 5578604.481208612)
3710;Streckenachse;62,6 + 23;63,3 + 55;106260023;106330055;62,6;23;63,3;55;732;Wetzlar - Koblenz;Cramberger Tunnel;Rheinland-Pfalz;Landkreis Rhein-Lahn-Kreis;LINESTRING (3425888.080426911 5578916.393325292,3425862.915854868 5578906.637235367,3425819.32043252 5578882.280781366,3425780.0749738324 5578851.4888536455,3425744.2459958377 5578816.69545288,3425675.569448693 5578744.055130981,3425609.6374001293 5578668.770973684,3425508.622424143 5578557.739294077,3425477.849935698 5578518.509669747,3425452.8219214855 5578475.246613113,3425433.8473810316 5578429.08210408,3425422.014807272 5578380.507621626,3425421.3722540597 5578375.450503194);LINESTRING (7.957841955476635 50.341540138400106,7.957490427960208 50.34144927895717,7.956882907534349 50.34122486242558,7.956337756220295 50.340943145852535,7.955841384515448 50.34062589036765,7.954891136657344 50.33996430286274,7.953979982605785 50.33927929027756,7.9525831956466515 50.33826851960751,7.952158768618769 50.337912013175476,7.951815821947003 50.337519977870706,7.951558470097139 50.33710262827414,7.951401900713077 50.33666452038582,7.95139387702812 50.336618983311844);LINESTRING (425842.7489459198 5577125.061661029,425817.5942460687 5577115.309553258,425774.01596619334 5577090.963128309,425734.7858977575 5577060.183739507,425698.97093293787 5577025.404421997,425630.3212882036 5576952.793483039,425564.415026297 5576877.539578442,425463.43949411565 5576766.552231647,425432.6789744591 5576727.338146161,425407.66062829905 5576684.0921263,425388.69334118883 5576637.945717441,425376.8651822456 5576589.390214621,425376.22285584884 5576584.335068703)
3710;Streckenachse;67,7 + 46;67,9 + 71;106770046;106790071;67,7;46;67,9;71;225;Wetzlar - Koblenz;Laurenburger Tunnel;Rheinland-Pfalz;Landkreis Rhein-Lahn-Kreis;LINESTRING (3421789.2623199616 5577345.641011775,3421785.6705260575 5577340.833631366,3421761.675140663 5577297.054039752,3421743.7797414255 5577250.384394202,3421732.833320964 5577201.615687213,3421728.4063762026 5577151.834922596,3421729.5183402947 5577132.772949462);LINESTRING (7.90059905586786 50.32689169715651,7.900549620847529 50.32684801011844,7.900221785710868 50.326451319416115,7.899980202714921 50.32602946111439,7.899836626056758 50.32558965819048,7.899784797316145 50.32514162429178,7.8998043640645665 50.32497043666287);LINESTRING (421745.54232129134 5575554.929825851,421741.9519084584 5575550.1243395675,421717.96564631414 5575506.362017342,421700.0769247992 5575459.71080123,421689.13441106165 5575410.96136855,421684.70878525794 5575361.200288504,421685.82014564995 5575342.145855498)
3710;Streckenachse;72,2 + 52;72,8 + 44;107220052;107280044;72,2;52;72,8;44;592;Wetzlar - Koblenz;Kalkofener-Tunnel;Rheinland-Pfalz;Landkreis Rhein-Lahn-Kreis;LINESTRING (3420041.882017384 5576580.787136335,3420007.939425056 5576615.03472734,3419967.784626854 5576644.819810715,3419924.023861151 5576668.850435399,3419877.3576368075 5576686.690057791,3419828.6009577373 5576697.570624302,3419778.8192857243 5576701.846209432,3419728.938619591 5576698.861312972,3419679.887457127 5576689.329931279,3419632.725795879 5576672.817563319,3419588.1426335783 5576650.23720543,3419547.3169649662 5576621.4233556995,3419515.2351179263 5576591.269211575);LINESTRING (7.8762266509282455 50.31978248826037,7.875742885556293 50.32008570939239,7.875172848599667 50.32034797480705,7.874553402792381 50.320558024921894,7.87389447657391 50.320712030418335,7.873207676821936 50.320803198034675,7.872507888747088 50.32083485482032,7.871808254367796 50.32080123486657,7.871121659637051 50.320708882297964,7.870463080635114 50.320554036485476,7.869841997787429 50.32034499814735,7.869274999482274 50.32008044124071,7.8688310441301015 50.31980502868363);LINESTRING (419998.84365958883 5574790.3801862495,419964.91474076966 5574824.6143317595,419924.77601526387 5574854.387751887,419881.0326845604 5574878.408999148,419834.3849654095 5574896.241742361,419785.64752620785 5574907.118281845,419735.8854441694 5574911.392467768,419686.0243442463 5574908.40905464,419636.9923612233 5574898.881749912,419589.84906827804 5574882.376218757,419545.2831974318 5574859.805091034,419504.4732764575 5574831.002923527,419472.4037234249 5574800.860941462)
3710;Streckenachse;74,4 + 84;74,9 + 34;107440084;107490034;74,4;84;74,9;34;450;Wetzlar - Koblenz;Obernhofer Tunnel;Rheinland-Pfalz;Landkreis Rhein-Lahn-Kreis;LINESTRING (3418105.2590612876 5576114.892611689,3417667.0052345763 5576013.074337119);LINESTRING (7.849140456499189 50.31532905870682,7.843010834457799 50.314352856839605);LINESTRING (418062.97994903394 5574324.68263573,417624.89949805394 5574222.909179705)
3710;Streckenachse;75,1 + 5;75,3 + 39;107510005;107530039;75,1;5;75,3;39;234;Wetzlar - Koblenz;Langenauer Tunnel;Rheinland-Pfalz;Landkreis Rhein-Lahn-Kreis;LINESTRING (3417500.482082772 5575974.32572147,3417406.322235976 5575952.411269279,3417308.084562477 5575932.769133787,3417272.3359903004 5575922.836213585);LINESTRING (7.84068184460395 50.31398129928297,7.839364943975782 50.313771145222034,7.837990318751725 50.31358082833059,7.837490707351315 50.31348653467545);LINESTRING (417458.44226030237 5574184.1778094,417364.3196548309 5574162.273080969,417266.1207380795 5574142.639702949,417230.3862461203 5574132.711068946)
3710;Streckenachse;76,1 + 41;76,4 + 62;107610041;107640062;76,1;41;76,4;62;321;Wetzlar - Koblenz;Hollricher Tunnel;Rheinland-Pfalz;Landkreis Rhein-Lahn-Kreis;LINESTRING (3416821.409363766 5575319.3323006425,3416815.034142591 5575311.099908403,3416779.050849393 5575276.441915674,3416738.733576925 5575246.915352951,3416694.557822023 5575223.536216809,3416647.7200777885 5575206.13052176,3416598.863841244 5575195.691779329,3416549.040106932 5575191.880994105,3416538.341215902 5575192.632377974);LINESTRING (7.831294205108804 50.307998715452655,7.831206543056312 50.30792382248459,7.83070916050193 50.30760723583437,7.830149827435554 50.30733615738547,7.829534992644604 50.307119785318775,7.828881485425139 50.30695672401334,7.82819811577651 50.306855993608224,7.827499706300438 50.306814695310344,7.827349386757785 50.30681993518621);LINESTRING (416779.63304152235 5573529.44948979,416773.26026416075 5573521.220420089,416737.2908631075 5573486.576548195,416696.98923368263 5573457.062160772,416652.8306939797 5573433.692848229,416606.01126471226 5573416.294670625,416557.1741966921 5573405.860726022,416507.3700674464 5573402.052141537,416496.6753993936 5573402.803380634)
3745;Streckenachse;10,9 + 29;11,1 + 29;101090029;101110029;10,9;29;11,1;29;200;Bad Vilbel - Lauterbach Nord;Büdesheimer Tunnel;Hessen;Landkreis Main-Kinzig-Kreis;LINESTRING (3488894.724908968 5564427.9669379415,3488893.16395789 5564455.055658409,3488893.8479581173 5564479.2026508115,3488896.479457731 5564503.216143214,3488901.0404567327 5564526.938635676,3488907.5014551296 5564550.215628242,3488917.1579525704 5564576.077119938,3488927.5334497113 5564597.892612893,3488939.789350164 5564619.036536673);LINESTRING (8.843359636131401 50.21584893376851,8.843336971348393 50.21609243491801,8.843345846169742 50.21630953186691,8.843382011083174 50.21652546528551,8.843445218877868 50.216738818868805,8.843535061110133 50.21694820304746,8.843669600657284 50.217180882114825,8.843814333850307 50.217377200554644,8.843985434457213 50.21756751658889);LINESTRING (488825.20943856117 5562642.507554918,488823.6493296697 5562669.585471127,488824.3332519217 5562693.7228158,488826.9638948628 5562717.726698048,488831.5232644095 5562741.439680961,488837.9818710998 5562764.707326519,488847.6347217879 5562790.558413359,488858.0062523901 5562812.365111265,488870.2574300511 5562833.500492966)
3825;Streckenachse;12,4 + 34;12,6 + 70;101240034;101260070;12,4;34;12,6;70;233;Flieden - Gemünden;Ebertsberg-Tunnel;Hessen;Landkreis Main-Kinzig-Kreis;LINESTRING (3540538.818314179 5580863.829293745,3540536.743012433 5580849.2339261435,3540533.7945122276 5580799.364941996,3540535.4025105787 5580749.398957778,3540541.540007505 5580699.7879733415,3540552.020503074 5580650.913488575,3540558.394577163 5580630.490254147);LINESTRING (9.568674926917605 50.36231999019885,9.568644193005609 50.36218892834345,9.568597395142676 50.361740835525005,9.56861461897357 50.36129155740719,9.568695531872626 50.36084515906311,9.568837552314099 50.36040508267613,9.568924926396704 50.36022105021067);LINESTRING (540448.8146461642 5579071.384021214,540446.7400524077 5579056.794499799,540443.792316991 5579006.945456433,540445.3992596811 5578956.999414038,540451.5338950178 5578907.408192174,540462.0098007028 5578858.553139909,540468.3811602707 5578838.13800926)
3825;Streckenachse;13,1 + 12;13,2 + 63;101310012;101320063;13,1;12;13,2;63;151;Flieden - Gemünden;Brandenstein-Tunnel;Hessen;Landkreis Main-Kinzig-Kreis;LINESTRING (3540824.993268746 5580288.764238706,3540894.786385137 5580236.375612005,3540946.4687418975 5580199.017773674);LINESTRING (9.57263427197827 50.35713071632787,9.573609286250274 50.35665493424272,9.574331435440277 50.356315520656565);LINESTRING (540734.8705564943 5578496.54626473,540804.6353670679 5578444.177983272,540856.2967750144 5578406.834637114)
3825;Streckenachse;18,0 + 75;18,5 + 49;101800075;101850049;18;75;18,5;49;474;Flieden - Gemünden;Neuer Ramholz Tunnel;Hessen;Landkreis Main-Kinzig-Kreis;LINESTRING (3543300.060870871 5577377.055757639,3543260.000070555 5577359.881469403,3543230.8725795425 5577349.275473425,3543199.523589241 5577338.970477408,3543077.253627127 5577301.3914920995,3543017.767645504 5577280.675500018,3542982.4656563513 5577265.81650553,3542949.7631663443 5577249.618511411,3542914.7046769913 5577229.357018625,3542890.89218418 5577213.702524128,3542865.2181471325 5577194.890447569);LINESTRING (9.607078277812569 50.33077955825834,9.606513711803132 50.330628108603875,9.60610344360075 50.33053490078808,9.605662013788226 50.33044455994736,9.603940626272422 50.33011568219006,9.603102879385526 50.32993379534113,9.60260542902694 50.32980279296368,9.602144334605477 50.32965956240397,9.601649695221441 50.329479972647945,9.601313512486872 50.32934097808101,9.60095083129462 50.329173732762875);LINESTRING (543208.925611346 5575585.980189902,543168.88066797 5575568.813092471,543139.7647218249 5575558.211573494,543108.4281660814 5575547.910952641,542986.2067239033 5575510.347987896,542926.7443277444 5575489.640761854,542891.4563141718 5575474.787994037,542858.7667505044 5575458.596739857,542823.7220947815 5575438.343629427,542799.9189824157 5575422.695584229,542774.2550431306 5575403.891233478)
3825;Streckenachse;22,1 + 80;23,2 + 72;102210080;102320072;22,1;80;23,2;72;1092;Flieden - Gemünden;Sterbfritz-Tunnel;Hessen;Landkreis Main-Kinzig-Kreis;LINESTRING (3544809.431826127 5574869.075734031,3544815.952520171 5574846.567231027,3544833.281013607 5574799.495745568,3544854.1425059563 5574753.939759545,3544879.010997085 5574710.567772743,3544907.5159871117 5574669.482285131,3544939.0834762226 5574630.826796678,3544973.9474643553 5574595.156807205,3545012.099951524 5574562.9383165585,3545053.0059378985 5574534.251824735,3545095.9824236934 5574508.93783179,3545140.973408935 5574487.429337595,3545187.871393666 5574470.084842033,3545235.8103781496 5574456.38634529,3545334.062846561 5574437.7018489875,3545433.5358147332 5574425.566850581,3545680.1837356547 5574388.585856712,3545699.4363259496 5574384.620576142);LINESTRING (9.627977726830036 50.308121581512985,9.628066588307219 50.30791874781637,9.628304242085452 50.30749428619246,9.628591662600265 50.30708317930234,9.628935581430522 50.30669140021486,9.629330809309153 50.30631989802147,9.629769305798934 50.305970005859024,9.630254421070932 50.30564669906357,9.630786098172766 50.30535416674635,9.6313568376223 50.305093172725584,9.631957034364554 50.30486233475215,9.632585954797321 50.304665549077356,9.633242133908887 50.30450604617133,9.633913356029296 50.30437923535537,9.635290161820668 50.304203740382015,9.636684874860476 50.304087011571106,9.640142268845324 50.30373555250675,9.6404120099886 50.30369841785325);LINESTRING (544717.6730042667 5573078.989354026,544724.1909077958 5573056.48978701,544741.5120910101 5573009.43695862,544762.3648746639 5572963.898995148,544787.2230748459 5572920.544125451,544815.7163404914 5572879.474811624,544847.2709022175 5572840.834501073,544882.1206711021 5572805.17846981,544920.2576542082 5572772.972531629,544961.1470660415 5572744.297158789,545004.1061782734 5572718.992920713,545049.079016879 5572697.49264478,545095.9581278017 5572680.154688583,545143.8778528838 5572666.461266357,545242.0909262361 5572647.783419615,545341.5240660765 5572635.6524447445,545588.0731735968 5572598.684179897,545607.3180418803 5572594.720323731)
3825;Streckenachse;30,4 + 56;30,6 + 64;103040056;103060064;30,4;56;30,6;64;208;Flieden - Gemünden;Ziegenberg-Tunnel;Hessen;Landkreis Main-Kinzig-Kreis;LINESTRING (3543813.3988990043 5568683.616694583,3543632.3433528263 5568581.344976286);LINESTRING (9.613280773993788 50.25259186818996,9.610730506247528 50.251685864477764);LINESTRING (543721.986746358 5566896.009087376,543541.0026688151 5566793.779713497)
3825;Richtungsgleis;34,0 + 9;34,3 + 30;103400009;103430030;34;9;34,3;30;321;Flieden - Gemünden;Ruppertsberg-Tunnel  länge=321m;Hessen;Landkreis Main-Kinzig-Kreis;LINESTRING (3543703.796376771 5565896.042751174,3543720.421166774 5565859.367108999,3543734.034661621 5565821.765620647,3543744.7136573796 5565783.2276326595,3543752.393654075 5565743.982144961,3543757.029151727 5565704.261657481,3543758.59365035 5565664.302170143,3543757.0766499513 5565624.340682875,3543752.564732318 5565585.129076462);LINESTRING (9.611423067637375 50.22754076708252,9.61165181218615 50.22720983954841,9.611838249637387 50.22687081091285,9.61198345570995 50.22652357993289,9.612086553785776 50.226170210149164,9.612146933969981 50.22581279512065,9.61216425306336 50.2254534584211,9.612138392208278 50.22509433138488,9.612070652203922 50.224742166717824);LINESTRING (543612.4049872726 5564109.549470928,543629.0228345804 5564072.888340836,543642.6305818218 5564035.30175923,543653.3049943052 5563996.779076272,543660.9815997091 5563957.549200952,543665.6149181459 5563917.844540703,543667.1784621627 5563877.901001409,543665.6617379183 5563837.955488414,543661.1512988224 5563798.759581464)
3825;Richtungsgleis;49,2 + 91;49,7 + 13;104920091;104970013;49,2;91;49,7;13;422;Flieden - Gemünden;Rieneck Tunnel;Bayern;Landkreis Main-Spessart;LINESTRING (3547405.743178781 5551783.004779031,3547345.9417008916 5551469.586111624,3547338.156202213 5551415.148629153,3547334.7869429365 5551366.970154813);LINESTRING (9.66154459625228 50.10038461241564,9.660670053502377 50.09757182885669,9.66055451960484 50.09708307250029,9.660501478277395 50.09665023095534);LINESTRING (547312.7567969284 5550002.11849033,547252.9766274786 5549688.825519465,547245.1937907379 5549634.409847753,547241.8254808171 5549586.250647488)
3903;Streckenachse;25,7 + 7;26,6 + 7;102570007;102660007;25,7;7;26,6;7;900;Volkmarsen - Obervellmar;Zierenberger Tunnel;Hessen;Landkreis Kassel;LINESTRING (3522648.4227784676 5693115.260639656,3522680.4984983867 5693142.907329176,3522718.6119875484 5693173.605818618,3522780.5184697974 5693218.430803023,3523311.1738169906 5693579.955676293,3523356.6578038237 5693608.559666164,3523388.799404489 5693626.052411939);LINESTRING (9.324187825004998 51.37230575479785,9.324650209591931 51.3725529714961,9.325199500287416 51.37282737554736,9.326091386842165 51.37322779684889,9.333735686412929 51.37645575714588,9.334390794083843 51.37671098787746,9.33485355654294 51.37686689418877);LINESTRING (522566.4998348318 5691278.157362246,522598.5629922424 5691305.792750136,522636.66153598094 5691336.478669267,522698.54370024113 5691381.285245933,523228.99040469417 5691742.661389873,523274.45648802456 5691771.253582538,523306.58541400987 5691788.739077106)
4000;Richtungsgleis;255,2 + 77;255,5 + 20;125520077;125550020;255,2;77;255,5;20;243;Mannheim --Basel-- - Konstanz;TO  Klotztunnel;Baden-Württemberg;Landkreis Lörrach;LINESTRING (3389597.580088794 5281664.507867818,3389614.669601268 5281645.28781091,3389631.893095761 5281628.8093163995,3389650.339589847 5281613.7133214455,3389671.2430831273 5281599.232826312,3389697.3270747215 5281584.148831404,3389739.424061132 5281563.529838412,3389773.2045502127 5281549.110843338,3389802.725971573 5281538.1409431165);LINESTRING (7.529078836645209 47.6638799666833,7.529311147387943 47.663710073120875,7.5295445474101195 47.663564851694225,7.5297938745684245 47.663432268660536,7.530075746509686 47.663305638189726,7.530426719154554 47.66317446426171,7.530992210745691 47.662996252965186,7.53144544711139 47.66287236683399,7.531841126058721 47.66277876466843);LINESTRING (389565.57725704217 5279992.803276989,389582.6597969468 5279973.590781581,389599.87628518813 5279957.118751332,389618.3152940419 5279942.028658951,389639.2103241395 5279927.55380244,389665.2837767821 5279912.475649891,389707.36378138507 5279891.864596339,389741.13065893465 5279877.451121866,389770.6401967468 5279866.485393957)
4000;Richtungsgleis;255,9 + 53;256,0 + 82;125590053;125600082;255,9;53;256;82;129;Mannheim --Basel-- - Konstanz;TO  Kirchberg Tunnel;Baden-Württemberg;Landkreis Lörrach;LINESTRING (3390226.1612352706 5281447.563354087,3390352.761896344 5281422.800552163);LINESTRING (7.537499552664983 47.66203636227599,7.539190723897929 47.66183518688929);LINESTRING (390193.90549502434 5279775.94095149,390320.455355767 5279751.18713273)
4000;Richtungsgleis;256,8 + 14;257,1 + 21;125680014;125710021;256,8;14;257,1;21;307;Mannheim --Basel-- - Konstanz;TO  Hartberg Tunnel;Baden-Württemberg;Landkreis Lörrach;LINESTRING (3390801.0610278444 5280931.47147612,3390823.0972121 5280900.960561798,3390848.5607039826 5280872.46957127,3390876.8586949217 5280846.792079832,3390907.6821850166 5280824.208087411,3390940.6951743746 5280804.96509391,3390975.535663114 5280789.273099264,3391011.8241513553 5280777.303103408,3391030.3876453293 5280772.756605014,3391051.12473656 5280768.876006299);LINESTRING (7.545279991734173 47.657493376043064,7.545580872579633 47.6572227647896,7.545926856477819 47.65697089248647,7.546309856002473 47.65674479395096,7.5467256892425265 47.65654693425647,7.547169823331491 47.656379481743,7.547637388983634 47.65624426324809,7.548123293954213 47.656142752068384,7.5483714664498995 47.65610500018571,7.548648398385388 47.65607360102816);LINESTRING (390768.5716713256 5279260.051271855,390790.59882307576 5279229.552398092,390816.05192670843 5279201.072615539,390844.3384164428 5279175.4051864715,390875.1494179629 5279152.830001081,390908.14906751947 5279133.594462751,390942.9755114992 5279117.908490065,390979.24940300605 5279105.94301733,390997.8054414142 5279101.398202238,391018.5342128013 5279097.51900477)
4000;Richtungsgleis;311,3 + 89;311,7 + 26;131130089;131170026;311,3;89;311,7;26;337;Mannheim --Basel-- - Konstanz;Rappensteintunnel  337m Länge;Baden-Württemberg;Landkreis Waldshut;LINESTRING (3429336.2710718587 5270011.64615942,3429363.7001410807 5270028.408849149,3429392.620131483 5270043.082844456,3429643.3395831445 5270149.117418094);LINESTRING (8.059952902353256 47.56464926206058,8.060314659001039 47.56480299660501,8.060696563791742 47.56493810854634,8.064010932454462 47.56591892082732);LINESTRING (429288.29202963546 5268344.312119415,429315.7102514314 5268361.067903704,429344.6187828276 5268375.735818067,429595.2387365271 5268481.726144918)
4000;Streckenachse;326,7 + 83;327,1 + 35;132670083;132710035;326,7;83;327,1;35;352;Mannheim --Basel-- - Konstanz;Aarberg-Tunnel;Baden-Württemberg;Landkreis Waldshut;LINESTRING (3442112.462711982 5275250.465275695,3442126.694411445 5275241.279684728,3442172.0338965654 5275220.264691834,3442219.923880819 5275205.996196724,3442269.2748645665 5275198.15969949,3442319.239848085 5275197.507199892,3442368.86883169 5275203.412198129,3442417.1033157283 5275216.459693999,3442449.530019894 5275230.047019152);LINESTRING (8.229026212826561 47.61302989386535,8.229216708888018 47.61294855591047,8.229822499635743 47.61276360903132,8.230461317164105 47.612639560380416,8.231118714699875 47.61257348389854,8.23178333026135 47.6125720668957,8.232442613848406 47.6126295903746,8.233082412714802 47.612751221483094,8.233511900335566 47.6128762996513);LINESTRING (442059.4122488724 5273580.942022824,442073.63818861137 5273571.760001205,442118.95938505506 5273550.75308027,442166.8301101839 5273536.489939837,442216.1612978012 5273528.656213817,442266.1062924877 5273528.0036074035,442315.71546991135 5273533.905878384,442363.9307580872 5273546.947800352,442396.3445928565 5273560.529452043)
4080;Streckenachse;5,5 + 51;10,9 + 11;100550051;101090011;5,5;51;10,9;11;5360;;;Baden-Württemberg;Stadtkreis Mannheim;LINESTRING (3466035.12080289 5479302.482397217,3466079.9334135563 5479278.286937495,3466166.940885313 5479229.00595221,3466209.8228713763 5479203.2984599145,3466252.0383576397 5479176.492467978,3466293.30134419 5479148.262976502,3466333.6368310205 5479118.728485455,3466372.9938181476 5479087.885494837,3466411.326805586 5479055.782004626,3466448.599293349 5479022.463514817,3466519.481269989 5478951.4690366285,3466585.888748039 5478879.112558923,3466617.27973761 5478840.199070962,3466647.395227576 5478800.291083334,3466676.196217949 5478759.422596027,3466703.6577087385 5478717.639609024,3466729.7441999554 5478674.986122313,3466754.438191606 5478631.512135882,3466777.7076837025 5478587.258649714,3466799.525176252 5478542.274663796,3466819.8891692567 5478496.6111781085,3466838.814662713 5478450.335192636,3466856.273156629 5478403.484207358,3466872.261651008 5478356.1137222685,3466886.7586458563 5478308.266737346,3466899.7621411746 5478259.983752577,3466911.248636972 5478211.318767949,3466921.208133253 5478162.323283443,3466929.634130018 5478113.040299043,3466936.4166273037 5478063.4983147485,3466941.8911250043 5478013.811330513,3466949.8606213513 5477914.137862174,3466967.719112318 5477614.668957363,3466975.870108609 5477514.990489023,3466987.6816037395 5477415.70152052,3466995.1271008174 5477366.260536189,3467003.6015975694 5477316.983551792,3467013.1140939924 5477267.902067322,3467023.6280901 5477219.026082775,3467047.5490813996 5477121.937113436,3467155.4210427566 5476736.756734956,3467208.5575236888 5476543.950295796,3467232.8980148584 5476446.961326429,3467254.6330068517 5476349.343857294,3467273.587499724 5476251.16588837,3467289.7134934915 5476152.477419639,3467303.026988152 5476053.369451071,3467313.5029837126 5475953.931482645,3467321.132980177 5475854.222014333,3467326.0004775203 5475754.335046112,3467328.533475607 5475654.37507794,3467328.956974919 5475604.372093873,3467328.838974403 5475554.377109807,3467325.391473844 5475404.405157641,3467317.714474636 5475254.621205464,3467310.528475825 5475154.89073733,3467301.8059775056 5475055.265769178,3467291.487979697 5474955.799800998,3467220.9232216203 5474349.1493599815);LINESTRING (8.530549418444577 49.44966161697019,8.531169484435424 49.44944657827141,8.532373576484593 49.44900834236679,8.532967131457111 49.448779591614425,8.533551583391045 49.44854092406441,8.534123015748909 49.44828940188205,8.534681762951777 49.44802609208621,8.535227121804079 49.44775096056627,8.53575846061704 49.44746443656502,8.536275272075489 49.44716692735165,8.537258733136037 49.44653252136901,8.538180582551218 49.44588561490309,8.538616732064938 49.44553746637805,8.539035370905763 49.44518030450296,8.539435958579523 49.44481443302415,8.5398181466756 49.44444026434768,8.540181442209 49.444058192318586,8.54052559993664 49.443668665710774,8.540850175471228 49.44327205157903,8.541154785844748 49.44286878914821,8.541439406464603 49.4424593370394,8.541704238934473 49.442044298622086,8.541948887555325 49.441624009643164,8.542173306755041 49.44119896907306,8.542377196950016 49.44076956247492,8.542560527659598 49.440336153988106,8.542722970852694 49.43989922795025,8.542864384869132 49.43945924694707,8.54298467703414 49.439016597319885,8.543082328892806 49.438571529395716,8.543161957187548 49.43812508647316,8.543280155643117 49.43722934544918,8.543551354443052 49.43453775938459,8.543672039357151 49.43364198227383,8.543843150455007 49.43274990579241,8.543949913272009 49.43230578071908,8.544070845872152 49.43186318592315,8.544206069331143 49.43142240506809,8.544355079282239 49.430983526033735,8.544692916351158 49.43011188524818,8.546211882052429 49.42665452065499,8.546960282202344 49.42492384242748,8.547303804797139 49.42405311461222,8.547611454977176 49.423176594338415,8.547880816914113 49.422294883870194,8.54811122687907 49.4214084304518,8.548302899916784 49.4205180533731,8.548455486143183 49.419624556192964,8.548568865684333 49.41872846459483,8.548644183683276 49.417830628353045,8.548687332057652 49.416932010119965,8.548697289855854 49.416482448849635,8.548699784268551 49.41603293037547,8.548664635038573 49.41468432539932,8.54857118761698 49.41333718312928,8.54848038425991 49.412440105296,8.548368402525197 49.4115438932113,8.548234426148555 49.41064902467036,8.547312207573832 49.40519073648821);LINESTRING (465974.05784711253 5477551.2054320825,466018.8523657944 5477527.0192876095,466105.8246923551 5477477.757308934,466148.6893458302 5477452.059751102,466190.88775714964 5477425.2641377235,466232.13403810875 5477397.045600984,466272.4531796423 5477367.522593318,466311.79420211364 5477336.69161652,466350.1116240916 5477304.600651752,466387.368960527 5477271.295181115,466458.22206368763 5477200.328510897,466524.60244509723 5477128.000420398,466555.9805890853 5477089.102233041,466586.08373522485 5477049.209953342,466614.8728993756 5477008.357568011,466642.3230918951 5476966.591058852,466668.39882732276 5476923.954408552,466693.08261304843 5476880.497597259,466716.34246218955 5476836.26160883,466738.1508861254 5476791.295423889,466758.5063858578 5476745.650022053,466777.4239559154 5476699.392376422,466794.8751079882 5476652.559972218,466810.8568437134 5476605.208287282,466825.3476720243 5476557.380304585,466838.3455940387 5476509.116507946,466849.82711957814 5476460.470875965,466859.78225304553 5476411.494888123,466868.2044973774 5476362.231527279,466874.9838967791 5476312.709282907,466880.4558180065 5476263.042106783,466888.4213493785 5476163.408397695,466906.27035897446 5475864.0589974355,466914.41731780703 5475764.420289049,466926.2233161753 5475665.170896231,466933.6654513399 5475615.749606386,466942.1361763802 5475566.492242896,466951.6444879441 5475517.430293102,466962.153900704 5475468.573753289,466986.06457475136 5475371.523385891,467093.8904228908 5474986.496051322,467147.00416494056 5474793.766226988,467171.33417207946 5474696.8158165645,467193.0597160308 5474599.237177923,467212.0058672995 5474501.098285246,467228.1246454717 5474402.449118917,467241.4320448686 5474303.380642421,467251.9030761904 5474203.982320172,467259.5292432963 5474104.312628839,467264.3940135415 5474004.465530184,467266.9252166243 5473904.545479063,467267.3481550452 5473854.562469323,467267.22981003876 5473804.587460641,467263.7825120156 5473654.675453701,467256.1074065813 5473504.951404829,467248.92349748063 5473405.26083832,467240.2037035659 5473305.675741704,467229.8890488474 5473206.249594053,467159.34773115395 5472599.842081746)
4080;Streckenachse;40,7 + 47;42,4 + 73;104070047;104240073;40,7;47;42,4;73;1726;;;Baden-Württemberg;Landkreis Karlsruhe;LINESTRING (3468834.218680481 5447860.362202097,3469169.2101025456 5447749.052979686,3469358.7020412097 5447685.089498427,3469452.892510704 5447651.511508315,3469546.6364803286 5447616.714018598,3469639.8564501074 5447580.527029326,3469732.5509200413 5447543.009540494,3469824.696890137 5447504.169552086,3469916.2783604013 5447464.015064109,3470007.2793308385 5447422.559076549,3470097.6798014552 5447379.808589412,3470187.466772255 5447335.770602696,3470276.616243246 5447290.452116394,3470365.0977144395 5447243.870130505,3470429.1999906446 5447208.94152173);LINESTRING (8.571608416714424 49.167105894239775,8.57621037882567 49.16612199240836,8.57881353017891 49.16555636277569,8.580107588323779 49.165259145479894,8.581395601311014 49.16495092628469,8.582676518607087 49.164630172991124,8.583950314365884 49.16429741625788,8.585216671845917 49.16395272711703,8.586475370309948 49.16359617695674,8.587726188671937 49.16322788213092,8.588968851478029 49.16284790485728,8.590203179275893 49.162456307704,8.591428841819134 49.162053152711856,8.59264541903394 49.16163859153508,8.593526868442058 49.1613276241174);LINESTRING (468771.79184153926 5446121.626483615,469106.6485393878 5446010.359134912,469296.06426171085 5445946.41973961,469390.2168325344 5445912.854434663,469483.9230723815 5445878.070120907,469577.10551092087 5445841.896866928,469669.76264921087 5445804.393649151,469761.87149651244 5445765.568464553,469853.4160592857 5445725.429310064,469944.380344031 5445683.989180606,470034.7443588004 5445641.25507354,470124.49510884716 5445597.23398617,470213.60860382376 5445551.932915883,470302.054356061 5445505.368856121,470366.1307456956 5445470.453706374)
4080;Streckenachse;45,1 + 80;48,4 + 83;104510080;104840083;45,1;80;48,4;83;3303;Mannheim - Stg-Zuffenhausen;Tunnel Rollenberg;Baden-Württemberg;Landkreis Karlsruhe;LINESTRING (3472498.4056828306 5445488.53320758,3474289.766919338 5443441.730314193,3474422.0268754526 5443291.70836115,3474489.2748531597 5443217.702884292,3474557.397330593 5443144.505407169,3474626.545807705 5443072.2659297325,3474684.5810318324 5443013.232759082);LINESTRING (8.62201448039124 49.14595472704503,8.646698283356955 49.127628324781924,8.648519948937443 49.12628490630176,8.649445998492771 49.12562227368605,8.650383953422471 49.12496693503777,8.651335879823474 49.12432024508174,8.65213469711041 49.12379183549593);LINESTRING (472434.4961994761 5443750.716791954,474225.12566320127 5441704.717911051,474357.33159883687 5441554.754881933,474424.55212733214 5441480.778456541,474492.64681236015 5441407.609701189,474561.76709449955 5441335.39855471,474619.77866744105 5441276.388523872)
4080;Streckenachse;50,0 + 63;50,2 + 83;105000063;105020083;50;63;50,2;83;220;Mannheim - Stg-Zuffenhausen;- Tunnel Altenberg -;Baden-Württemberg;Landkreis Karlsruhe;LINESTRING (3475906.6709486702 5442016.48158803,3476022.2088486967 5441942.414279744,3476092.504821001 5441898.753461486);LINESTRING (8.668937290824497 49.11487856448536,8.67052431584531 49.11421709957203,8.671489795187352 49.113827257612265);LINESTRING (475841.3724582018 5440280.026175399,475956.86361050734 5440205.987567613,476027.1311512999 5440162.343650536)
4080;Streckenachse;50,8 + 78;51,6 + 39;105080078;105160039;50,8;78;51,6;39;761;Mannheim - Stg-Zuffenhausen;- Tunnel Neuenberg -;Baden-Württemberg;Landkreis Karlsruhe;LINESTRING (3476601.1209605536 5441590.019501893,3477251.8865706385 5441195.5608069375);LINESTRING (8.67847451168695 49.11107081883699,8.687410177035444 49.10754842732012);LINESTRING (476535.54163397854 5439853.729112668,477186.0441122606 5439459.422991835)
4080;Streckenachse;53,0 + 8;53,4 + 27;105300008;105340027;53;8;53,4;27;419;Mannheim - Stg-Zuffenhausen;-Tunnel Simonsweingarten-;Baden-Württemberg;Landkreis Karlsruhe;LINESTRING (3478422.5892550224 5440485.964186197,3478780.4896859284 5440268.113265437);LINESTRING (8.703481916979394 49.101210201342234,8.708394507886462 49.099263819094844);LINESTRING (478356.2734277403 5438750.10083921,478714.02913464705 5438532.334194021)
4080;Streckenachse;60,4 + 25;61,4 + 31;106040025;106140031;60,4;25;61,4;31;1006;Mannheim - Stg-Zuffenhausen;Wilfenbergtunnel  km 60,425... 61,431;Baden-Württemberg;Landkreis Karlsruhe;LINESTRING (3483920.4870576104 5435622.4309020005,3483971.5872300994 5435566.884757166,3484040.3207072564 5435494.2752799215,3484110.090184088 5435422.604802369,3484180.8776606 5435351.943324479,3484252.6891367915 5435282.327846243,3484325.4936126717 5435213.753867663,3484399.2290882617 5435146.254388732,3484473.9195635533 5435079.812909445,3484549.5480385525 5435014.44042981,3484649.799491841 5434930.822317899);LINESTRING (8.778964899806985 49.05764684812753,8.779666267698742 49.05714872033869,8.780609553609606 49.05649761545654,8.781566952144546 49.05585497292958,8.782538214237285 49.05522142137651,8.783523420537925 49.05459729330341,8.78452214714227 49.05398254710147,8.785533544618335 49.05337747757958,8.78655794207136 49.052781936648415,8.787595106632601 49.052196022447866,8.788969796215689 49.0514466521864);LINESTRING (483851.9361547203 5433888.4684756445,483903.0154719501 5433832.944132813,483971.72091363545 5433760.363139901,484041.46194825036 5433688.720763332,484112.2205835401 5433618.086975241,484184.0028173921 5433548.498760779,484256.77766217006 5433479.95162199,484330.48314292915 5433412.47854616,484405.14324993995 5433346.063039691,484480.74099008786 5433280.716098321,484580.95172557054 5433197.130625097)
4080;Streckenachse;62,0 + 86;68,9 + 10;106200086;106890010;62;86;68,9;10;6824;Mannheim - Stg-Zuffenhausen;Freudensteintunnel  km 62,098 ... 68,901;Baden-Württemberg;Landkreis Enzkreis;LINESTRING (3485164.224791633 5434540.270891267,3488078.416875356 5432403.74423861,3488238.382322574 5432283.686275847,3488395.9222705415 5432160.4758141255,3488550.9642192833 5432034.157353438,3488703.456168814 5431904.747393772,3488853.3256191607 5431772.317935108,3489000.514570342 5431636.9169774335,3489144.965522375 5431498.5975207295,3489286.6364752767 5431357.436564973,3490126.4851958193 5430500.309333866,3490265.3846495715 5430356.41937904,3490408.4090986894 5430202.1405815305);LINESTRING (8.7960217443201 49.04794750018961,8.835949746178379 49.028799523593634,8.838140662261392 49.02772305590374,8.840298408871393 49.026618153325124,8.842421991933213 49.02548521648898,8.844510698726536 49.02432439467282,8.846563534914527 49.023136335855625,8.848579705383177 49.02192147250783,8.850558421985292 49.02068028208981,8.85249910812146 49.019413458158354,8.864002289000528 49.011720285412544,8.865904467093005 49.010428649596236,8.867863178010914 49.00904363020943);LINESTRING (485095.1683875837 5432806.731282807,488008.1791166896 5430671.035843152,488168.0796942515 5430551.024618841,488325.5557172442 5430427.862174575,488480.5347150185 5430301.592993135,488632.96470850514 5430172.233568324,488782.773227272 5430039.855871919,488929.9022948974 5429904.50788518,489074.29443479865 5429766.2425873615,489215.90766438376 5429625.136947998,490055.41403101344 5428768.345757995,490194.2568471209 5428624.512232572,490337.2229287653 5428470.293984823)
4080;Streckenachse;71,7 + 40;72,8 + 55;107170040;107280055;71,7;40;72,8;55;1115;Mannheim - Stg-Zuffenhausen;Burgbergtunnel  km 71,739 ... 72,856;Baden-Württemberg;Landkreis Enzkreis;LINESTRING (3492217.0455045677 5428025.804747959,3492572.9533773228 5427593.87425022,3492700.933834468 5427440.181298719,3492766.230312628 5427364.440322602,3492832.5087904786 5427289.559846196,3492899.890267981 5427215.673369459,3492937.7339644604 5427175.351128116);LINESTRING (8.892627326282811 48.989499631141825,8.897498263577262 48.98562011714903,8.89924958340339 48.984239643187436,8.900143033132752 48.98355935221934,8.901049859105246 48.98288680338064,8.901971711905672 48.982223198198504,8.902489424020082 48.981861056590276);LINESTRING (492145.1194722849 5426294.813938429,492500.88172241364 5425863.053312314,492628.80982780893 5425709.420795644,492694.0796165876 5425633.709584903,492760.3310192493 5425558.858522284,492827.68498843344 5425485.001053434,492865.5132444749 5425444.694634284)
4080;Streckenachse;73,2 + 45;73,6 + 48;107320045;107360048;73,2;45;73,6;48;403;Mannheim - Stg-Zuffenhausen;Saubuckeltunnel  km 73,245 ... 73,649;Baden-Württemberg;Landkreis Enzkreis;LINESTRING (3493212.6273084097 5426898.797751468,3493252.2756506205 5426861.117480825,3493325.7401262093 5426793.2720020795,3493400.1666014967 5426726.485522982,3493512.393941019 5426629.556916843);LINESTRING (8.906249539686904 48.979377385822715,8.90679179987301 48.97903900142994,8.907796502551442 48.97842973715913,8.90881430469987 48.977829997014155,8.910348936856685 48.97695961022057);LINESTRING (493140.29455769766 5425168.2496559555,493179.92675871274 5425130.584137439,493253.361341622 5425062.765204563,493327.7575479567 5424996.004840546,493439.93927449104 5424899.11410295)
4080;Streckenachse;79,0 + 93;81,8 + 79;107900093;108180079;79;93;81,8;79;2786;Mannheim - Stg-Zuffenhausen;Marksteintunnel  km 79,093...81,879;Baden-Württemberg;Landkreis Ludwigsburg;LINESTRING (3497496.846756716 5422936.097351542,3498017.926065601 5422458.552361305,3498166.484016177 5422324.6524033,3498317.615965943 5422193.671944317,3498777.22131328 5421807.962064996,3498928.922262856 5421677.633105811,3499078.1152132144 5421544.432647585,3499581.4169773757 5421088.464099728);LINESTRING (8.96480059070918 48.94377711403106,8.971916309736514 48.93948492000853,8.973944743201308 48.938281349828124,8.976008199902065 48.937104003491584,8.982282714257641 48.9336367810746,8.984353547414488 48.932465144052024,8.986390062148443 48.93126764471803,8.993259525082696 48.92716811449175);LINESTRING (497422.7706635096 5421207.099823944,497943.63796185167 5420729.741659737,498092.13548621297 5420595.894067357,498243.2060035654 5420464.964786944,498702.62462734804 5420079.405504535,498854.2639216822 5419949.12745932,499003.3961967654 5419815.979082577,499506.49322064186 5419360.188877199)
4080;Streckenachse;84,1 + 66;86,0 + 44;108410066;108600044;84,1;66;86;44;1878;Mannheim - Stg-Zuffenhausen;Pulverdinger Tunnel  km 84,163...86,045;Baden-Württemberg;Landkreis Ludwigsburg;LINESTRING (3501277.372398665 5419554.255067605,3501378.2639472797 5419466.205799895,3501454.5854218947 5419401.586320139,3501531.548896308 5419337.735840129,3501609.142870524 5419274.660359864,3501687.364344543 5419212.366379337,3501845.6562920003 5419090.127417507,3502006.347238707 5418971.057954627,3502654.6870237626 5418502.3746005995,3502772.435844935 5418419.405660402);LINESTRING (9.016398993549913 48.91337129005381,9.0177751575091 48.91257933183486,9.018816162712143 48.91199809699013,9.019865904869075 48.911423766144985,9.020924227251605 48.91085639304435,9.021991089109157 48.91029603591076,9.024149974926809 48.90919640916351,9.026341506713887 48.90812523496242,9.035182802737646 48.90390838766977,9.03678837732637 48.903161813966044);LINESTRING (501201.7587448184 5417826.579905623,501302.6092764659 5417738.565048292,501378.8997384386 5417673.970804604,501455.8319495566 5417610.145248253,501533.3944144669 5417547.094376931,501611.5841344193 5417484.824688053,501769.8118528869 5417362.633356101,501930.43763626576 5417243.610237393,502578.5145971198 5416775.1091810595,502696.21570181655 5416692.172489054)
4080;Streckenachse;94,1 + 8;97,3 + 12;109410008;109730012;94,1;8;97,3;12;3204;Mannheim - Stg-Zuffenhausen;Tunnel Langes Feld (Los Langes Feld)  km 94,108 ... 96,873;Baden-Württemberg;Landkreis Ludwigsburg;LINESTRING (3509972.0132083124 5414880.3455358185,3510056.658082646 5414845.643217566,3510149.7120520095 5414809.033728563,3510243.2720212205 5414773.738739131,3510431.8254592125 5414707.044258985,3510715.7558658663 5414610.160287723,3510809.6983349584 5414575.906297949,3510856.18231965 5414557.504303479,3510902.267304461 5414538.092809345,3510947.8102894365 5414517.472315607,3510992.823774572 5414495.719822244,3511037.2897598753 5414472.845829254,3511081.169745358 5414448.867336628,3511124.430231031 5414423.802844361,3511167.050216902 5414397.663352451,3511208.9922029823 5414370.450360895,3511250.2656892706 5414342.229869679,3511290.811675785 5414312.9673788035,3511330.80866247 5414282.965388179,3511645.337557649 5414035.846465541,3511685.589544252 5414006.11747482,3511803.71250489 5413914.062503634,3511907.3249703418 5413831.383529535,3511959.3069529952 5413788.5460429685,3512033.491428172 5413720.675564341,3512103.094904805 5413649.2790869055,3512149.614389138 5413596.570603614,3512186.6188766398 5413551.0881180605,3512226.4418631527 5413498.378134836,3512250.2303550774 5413465.060645452,3512284.2918434707 5413412.868662119,3512310.2678345884 5413369.979175831,3512334.952326119 5413326.292189814,3512357.850818227 5413282.2207039455,3512380.3898104453 5413237.475718298,3512398.6813040953 5413197.689731079,3512422.2297958955 5413143.89524837,3512458.5836570943 5413037.775623139);LINESTRING (9.134905157736657 48.871264769899476,9.136058134616462 48.87095136340681,9.137325675935571 48.87062065918268,9.138600130498261 48.87030175295089,9.141168629403468 48.86969890333631,9.145036341045278 48.86882289783336,9.146315941765785 48.868513260624894,9.146949061131663 48.86834698013436,9.147576711027 48.86817162552567,9.14819693671733 48.86798540545431,9.14880991031642 48.86778901221746,9.149415386472453 48.867582540666206,9.150012840605417 48.86736614446821,9.150601816352578 48.86713999069957,9.151182027550687 48.86690417877897,9.151752962901865 48.86665872299921,9.15231475350046 48.86640421681012,9.152866594070993 48.86614035118082,9.153410925709151 48.865869843149326,9.157690928104902 48.86364191633505,9.158238689798011 48.86337383557173,9.15984597254726 48.86254383783895,9.161255713383644 48.86179840531639,9.161962919853787 48.86141220891426,9.162971972082888 48.86080047918482,9.163918464858508 48.86015712297242,9.164550892649391 48.85968225464124,9.165053851328448 48.859272546186126,9.165594997743579 48.85879778928408,9.165918194937777 48.85849772562174,9.166380823467822 48.858027735865384,9.166733535465019 48.85764155358471,9.167068618261572 48.85724822445575,9.167379345774101 48.856851472196055,9.167685149141402 48.85644866996524,9.167933215421662 48.85609054356428,9.168252493472375 48.85560634488545,9.16874468131926 48.85465137188538);LINESTRING (509892.8873787091 5413154.470922907,509977.4981438109 5413119.781816189,510070.51462735544 5413083.186235415,510164.036918714 5413047.9046247285,510352.5144583061 5412981.235333477,510636.3306019669 5412884.387874473,510730.23524823657 5412850.146844237,510776.70050631644 5412831.751843075,510822.7669161169 5412812.347748958,510868.29153328884 5412791.735142819,510913.2868534335 5412769.990993758,510957.7348838357 5412747.125797714,511001.5971400318 5412723.156548189,511044.8401355691 5412698.101738042,511087.4428789364 5412671.972363035,511129.36788514897 5412644.769922864,511170.6246509235 5412616.560391052,511211.15419959446 5412587.309281857,511251.13496211544 5412557.318972854,511565.5361856663 5412310.296385647,511605.7718482299 5412280.578965446,511723.84686685516 5412188.55987303,511827.41726442764 5412105.9131427985,511879.3781311421 5412063.092375694,511953.53241863725 5411995.2484508585,512023.1075113204 5411923.879972749,512069.6079861817 5411871.192198051,512106.5973245489 5411825.72760663,512146.4039786221 5411773.038385009,512170.18269994156 5411739.73402967,512204.2301632157 5411687.562645941,512230.1954343357 5411644.690103434,512254.8697159305 5411601.020390149,512277.7587090842 5411556.96634471,512300.2883407948 5411512.239071576,512318.5722107624 5411472.46884752,512342.11086768506 5411418.695687395,512378.44936542556 5411312.618203972)
4080;Streckenachse;97,3 + 12;97,9 + 64;109730012;109790064;97,3;12;97,9;64;767;Mannheim - Stg-Zuffenhausen;Tunnel Langes Feld (Los Lechler)  km 97,312 ... 97,964;Baden-Württemberg;Landkreis Ludwigsburg;LINESTRING (3512458.5836570943 5413037.775623139,3512467.2407799396 5413012.504790725,3512485.5712733595 5412950.719810672,3512553.8157486757 5412701.607391155,3512585.9647371727 5412596.94192494,3512597.2447332097 5412567.600934389,3512613.6002275185 5412530.6434462685,3512641.039718075 5412479.252462742,3512676.1890617087 5412425.825715503);LINESTRING (9.16874468131926 48.85465137188538,9.168861885662896 48.854423958740156,9.169109798575349 48.853868009631135,9.170032149529945 48.85162657239522,9.170467014705988 48.850684752078976,9.170619815989305 48.85042068442851,9.170841539146247 48.85008802493682,9.171213841273465 48.84962535171956,9.171691122977366 48.849144214750325);LINESTRING (512378.44936542556 5411312.618203972,512387.10282969516 5411287.357407017,512405.42551174 5411225.59698498,512473.6407559913 5410976.583625982,512505.7760734176 5410871.959753275,512517.0513304872 5410842.630404946,512533.3999971963 5410805.687564415,512560.82811615075 5410754.316912261,512595.9629900503 5410700.911249995)
4080;Streckenachse;97,8 + 17;98,4 + 94;109780017;109840094;97,8;17;98,4;94;1442;;;Baden-Württemberg;Stadtkreis Stuttgart;LINESTRING (3512603.479873136 5412553.51177845,3512613.6002275185 5412530.6434462685,3512641.039718075 5412479.252462742,3512669.944708221 5412434.527977029,3512755.392679216 5412315.278515041,3512783.7321695792 5412274.0540281935,3512809.8801606433 5412231.522041798,3512832.128652957 5412186.784556155,3512850.396146549 5412140.314571117,3512865.2456412395 5412092.404586583,3512873.6066380315 5412043.187602537,3512878.692135885 5411993.401118711,3512878.8473147075 5411948.939386921);LINESTRING (9.170704342971046 48.850293866028274,9.170841539146247 48.85008802493682,9.171213841273465 48.84962535171956,9.171606309310949 48.84922259403135,9.172766874601855 48.84814853832499,9.17315172230391 48.847777259554704,9.173506664908063 48.84739426715108,9.173808403905857 48.84699152150237,9.174055844564494 48.84657327801171,9.174256667718451 48.846142155641374,9.174369045003365 48.84569941392436,9.17443677636143 48.84525161858863,9.174437501641158 48.84485180619954);LINESTRING (512523.28386755456 5410828.5468330495,512533.3999971963 5410805.687564415,512560.82811615075 5410754.316912261,512589.7212009684 5410709.610081215,512675.1340792085 5410590.4076266,512703.4619176778 5410549.199399579,512729.5991227237 5410506.684212898,512751.83837068774 5410461.964439237,512770.09819788416 5410415.512889979,512784.941381349 5410367.621943682,512793.2986506383 5410318.424571171,512798.3817260045 5410268.657952195,512798.53649501794 5410224.213994991)
4100;Streckenachse;19,3 + 63;21,8 + 50;101930063;102180050;19,3;63;21,8;50;2487;Heidelberg Hbf - HD-Altstadt;Königstuhltunnel 2487 m;Baden-Württemberg;Stadtkreis Heidelberg;LINESTRING (3477767.374060657 5473692.790780134,3479225.4851689176 5474636.904766926,3479267.75915573 5474663.622757892,3479350.7736298707 5474719.442239078,3479389.977117712 5474750.304728753,3479425.485106785 5474785.480217095,3479457.132597133 5474824.142204369,3479484.6350888405 5474865.874190709,3479507.560582042 5474910.289676244,3479525.1045769895 5474956.975661118,3479539.2910730257 5475004.946645622,3479550.9015698927 5475053.620629932,3479563.5640664194 5475101.9356143465,3479581.3520612908 5475148.661599203,3479603.5095547433 5475193.405084646,3479630.9705717936 5475236.179823258);LINESTRING (8.692661824951488 49.399766327485246,8.712700551059312 49.40830678213722,8.713281657723517 49.40854845695929,8.714422633009324 49.409053176461086,8.714961231024052 49.409332002868986,8.715448688265361 49.409649481049705,8.715882774113027 49.409998174743876,8.716259589464237 49.41037433005261,8.716573200686511 49.41077445780673,8.716812541961652 49.41119481797098,8.717005553797229 49.41162661828907,8.717163034516222 49.41206465237503,8.717335033610249 49.41249949375494,8.717577750114849 49.412920220093135,8.71788078770589 49.41332326746888,8.718257018457262 49.41370879040974);LINESTRING (477701.57988555357 5471943.663010871,479159.1158516208 5472887.388307383,479201.3731586732 5472914.095290516,479284.35490473994 5472969.8918157285,479323.54297220195 5473000.741665738,479359.03705130244 5473035.902820186,479390.67220150965 5473074.549110874,479418.1640333002 5473116.264206591,479441.0807163678 5473160.6617653,479458.6180691399 5473207.328958484,479472.7992745514 5473255.280664285,479484.40551553 5473303.93510927,479497.0633330429 5473352.2306895275,479514.84458860103 5473398.937864805,479536.99358139274 5473443.663298411,479564.44396336965 5473486.420730089)
4104;Streckenachse;1,5 + 45;1,6 + 77;100150045;100160077;1,5;45;1,6;77;132;Weinheim - Fürth;4104/1,545/1310  Weinheim-Tal-Tunnel 1;Baden-Württemberg;Landkreis Rhein-Neckar-Kreis;LINESTRING (3476748.9244000893 5490944.973824754,3476768.364651446 5490921.522603358,3476789.4636444757 5490901.294609529,3476827.852631997 5490880.480115667,3476855.3895082925 5490872.198354908);LINESTRING (8.67761430269059 49.55484564145952,8.677884361653717 49.55463553761868,8.678177152264475 49.55445447702959,8.678708927704136 49.55426880536006,8.679089982506168 49.554195398383015);LINESTRING (476683.67297005403 5489188.9612991335,476703.10527029133 5489165.519293199,476724.19567499746 5489145.299214047,476762.56916250306 5489124.492732721,476790.09497292165 5489116.214063249)
4104;Streckenachse;2,1 + 26;2,2 + 63;100210026;100220063;2,1;26;2,2;63;137;;;Baden-Württemberg;Landkreis Rhein-Neckar-Kreis;LINESTRING (3477291.1860164017 5490961.560791732,3477321.924475896 5490968.431081399,3477366.1744620125 5490983.969575891,3477407.492949103 5491002.731569392,3477418.7835424403 5491009.8438448);LINESTRING (8.685107638021842 49.55501538752202,8.685532062112799 49.555078312551096,8.68614272444713 49.55521967837686,8.686712689950728 49.55538991410242,8.68686832399459 49.555454282830524);LINESTRING (477225.71809281793 5489205.537359583,477256.44432702404 5489212.40466189,477300.6767586371 5489227.936599358,477341.9788877574 5489246.69077116,477353.26502682664 5489253.800116042)
4104;Streckenachse;2,4 + 33;2,5 + 18;100240033;100250018;2,4;33;2,5;18;85;Weinheim - Fürth;4104/2,433/1310  Weinheim-Tal-Tunnel 3;Baden-Württemberg;Landkreis Rhein-Neckar-Kreis;LINESTRING (3477554.5729539003 5491111.658897737,3477565.6289003 5491122.023029406,3477594.928891474 5491161.057016605,3477601.094661966 5491181.248770844);LINESTRING (8.688739201749607 49.55637476494577,8.688891412903708 49.556468359868,8.689294139551444 49.55682040340385,8.689378205641798 49.557002177138955);LINESTRING (477489.00099633867 5489355.573421257,477500.0526078845 5489365.933325106,477529.34120234067 5489404.951486667,477535.5046691152 5489425.1351254955)
4111;Streckenachse;0,8 + 30;0,9 + 77;100080030;100090077;0,8;30;0,9;77;147;Neckargemünd - Friedrichshall;Reichensteintunnel;Baden-Württemberg;Landkreis Rhein-Neckar-Kreis;LINESTRING (3485483.781803469 5472823.671223225,3485502.740140484 5472817.097274161,3485551.5221247463 5472806.278777035,3485601.373108755 5472802.896277517,3485628.239954487 5472804.985105965);LINESTRING (8.799002484749215 49.39218531786033,8.799263874347147 49.39212666241575,8.799936234391097 49.39203055311414,8.80062304648802 49.392001325047936,8.800993056731901 49.3920207435463);LINESTRING (485414.8977541484 5471074.830005847,485433.8484645256 5471068.258534203,485482.61087259965 5471057.443975541,485532.44191187806 5471054.06243482,485559.2980393523 5471056.150216945)
4111;Streckenachse;4,1 + 24;4,2 + 63;100410024;100420063;4,1;24;4,2;63;139;Neckargemünd - Friedrichshall;Hinterburgtunnel;Baden-Württemberg;Landkreis Bergstraße;LINESTRING (3487544.1164590167 5474677.503833225,3487559.596005333 5474698.5306468895,3487592.1694953768 5474736.297634399,3487629.1479839594 5474769.925123178,3487639.68371043 5474777.512561069);LINESTRING (8.827324922497322 49.408899638121845,8.827537561445961 49.40908901597016,8.82798522492932 49.40942926077549,8.828493724374713 49.40973237401917,8.82863866706265 49.409800810480974);LINESTRING (487474.4238137741 5472927.905629386,487489.8973410815 5472948.923919177,487522.4581142644 5472986.675559031,487559.4220933168 5473020.289319437,487569.9536700792 5473027.8736424735)
4111;Streckenachse;13,6 + 32;13,9 + 73;101360032;101390073;13,6;32;13,9;73;341;Neckargemünd - Friedrichshall;Schloßbergtunnel;Baden-Württemberg;Landkreis Bergstraße;LINESTRING (3492576.407366774 5479091.630771482,3492587.361452265 5479107.9916719245,3492619.9579423247 5479145.872159378,3492656.7399309915 5479179.646148089,3492697.12641845 5479209.107638135,3492740.9754047263 5479232.916129946,3492785.653890722 5479255.45112215,3492828.9268771997 5479280.559613556,3492846.5673577497 5479292.779773031);LINESTRING (8.896584727606573 49.448671296338304,8.896735484216787 49.44881853715962,8.897184305040033 49.44915953246338,8.897690931376982 49.44946365412085,8.89824735436468 49.449729042132816,8.898851639961098 49.449943641215924,8.899467394089443 49.45014679661152,8.900063722602592 49.45037307116393,8.900306784705355 49.45048315602185);LINESTRING (492504.73893860145 5477340.229046623,492515.68877683487 5477356.583323039,492548.27254268504 5477394.448416606,492585.0401023453 5477428.208619155,492625.4106865059 5477457.658017665,492669.24234132154 5477481.456649319,492713.90315435594 5477503.982283649,492757.15904980537 5477529.080399992,492774.79257880425 5477541.295537047)
4111;Streckenachse;15,3 + 15;16,2 + 80;101530015;101620080;15,3;15;16,2;80;965;Neckargemünd - Friedrichshall;Feuerbergtunnel  Länge = 966m;Baden-Württemberg;Landkreis Bergstraße;LINESTRING (3493830.383874746 5479407.070906609,3493847.672052405 5479375.944569776,3493874.62154323 5479333.847082903,3493904.5455331295 5479293.793095336,3493937.498022092 5479256.231606938,3493973.5500101014 5479221.603617555,3494012.407497253 5479190.156127118,3494053.7154836636 5479162.013635593,3494097.2564694053 5479137.462642886,3494142.6539546004 5479116.549148993,3494189.652939334 5479099.540653823,3494237.889923722 5479086.421157399,3494287.0629078634 5479077.429659635,3494336.808891875 5479072.514660562,3494386.7908758656 5479071.838160127,3494436.6598599465 5479075.275658375,3494486.057844233 5479082.931155278,3494534.6463288316 5479094.64815089,3494582.090313849 5479110.394645228,3494627.9062994434 5479130.351138242,3494654.3647994 5479143.8583899895);LINESTRING (8.913873119801442 49.45152165760768,8.914112041033867 49.451241967613264,8.914484374890847 49.45086373032733,8.91489769348865 49.450503895691085,8.915352734164058 49.45016650091437,8.915850469062944 49.449855511390794,8.91638683982464 49.449573144505955,8.916956949024978 49.449320515639904,8.917557793328692 49.449100198178215,8.91818418055155 49.44891260158289,8.918832591015184 49.448760128158696,8.919498013181729 49.44864263019679,8.920176280041588 49.448562253464196,8.920862387763194 49.448518531267126,8.921551688044502 49.44851291691674,8.922239371275879 49.44854428770908,8.922920500432213 49.448613575488295,8.923590411053016 49.448719370151274,8.924244485059246 49.448861381150856,8.924876053366098 49.44904122736779,8.92524075585388 49.449162911174234);LINESTRING (493758.21691597335 5477655.533216672,493775.4979397237 5477624.419180265,493802.4363296003 5477582.338301131,493832.3480462562 5477542.300081236,493865.28707165696 5477504.753340604,493901.3243809075 5477470.138902305,493940.1660935263 5477438.703669901,493981.45735245536 5477410.572096421,494024.9807469364 5477386.030569011,494070.35992788733 5477365.125072263,494117.3399993967 5477348.12300122,494165.55760669126 5477335.008365167,494214.71087242884 5477326.020070917,494264.43694135686 5477321.106641943,494314.3989495179 5477320.43001613,494364.24803548283 5477323.865746035,494413.62634323287 5477331.517792902,494462.1955068866 5477343.229722,494509.6206601498 5477358.969548784,494555.41849779536 5477378.917704906,494581.86653310125 5477392.41934999)
4111;Streckenachse;21,5 + 60;22,1 + 29;102150060;102210029;21,5;60;22,1;29;569;Neckargemünd - Friedrichshall;Scheuerbergtunnel;Baden-Württemberg;Landkreis Rhein-Neckar-Kreis;LINESTRING (3499247.832844055 5480776.203844731,3499275.8183325143 5480747.680058416,3499306.153822259 5480707.81857078,3499330.2898139386 5480664.202584435,3499348.4083075062 5480617.643099109,3499359.6298032547 5480568.945114567,3499363.2963014105 5480519.292130431,3499362.0383011396 5480469.256146482,3499353.2223026208 5480369.649178523,3499351.055802641 5480319.6631945735,3499352.7613014244 5480269.840210517,3499357.438771881 5480240.927839146);LINESTRING (8.98858573717565 49.463863307463605,8.988971857488467 49.46360687820423,8.98939041399686 49.463248509906094,8.989723450470606 49.462856374885575,8.989973477413734 49.462437766026284,8.990128362761533 49.461999920845706,8.990179029999707 49.46155348016988,8.990161766868676 49.461103590164754,8.990040338073397 49.46020798373722,8.990010544795004 49.459758542115985,8.990034161423864 49.459310570530334,8.990098734123526 49.45905061601301);LINESTRING (499173.5121655464 5479024.076146676,499201.4862458379 5478995.563535908,499231.8092984907 5478955.717735516,499255.9353003534 5478912.118985839,499274.04618509737 5478865.577961105,499285.2628108185 5478816.899346388,499288.9274500477 5478767.266173628,499287.6695554487 5478717.250193174,499278.85628921114 5478617.683096396,499276.690258319 5478567.717103188,499278.39468039013 5478517.914014031,499283.07005254424 5478489.013158455)
4111;Streckenachse;36,3 + 62;37,2 + 15;103630062;103720015;36,3;62;37,2;15;853;Neckargemünd - Friedrichshall;Binauer Tunnel;Baden-Württemberg;Landkreis Neckar-Odenwald-Kreis;LINESTRING (3505790.481336588 5471559.056532795,3505784.824620479 5471524.292431767,3505782.1911206613 5471474.385447849,3505785.287619002 5471424.503463845,3505793.9851155523 5471375.32847954,3505807.7971104747 5471327.2754948065,3505826.4596038605 5471280.944009455,3505933.369566495 5471054.913080706,3506018.4335367493 5470873.898637783,3506060.171522126 5470782.995166461,3506068.373883478 5470766.69239203);LINESTRING (9.078709459080331 49.38096228177264,9.078631056227985 49.38064975663805,9.078594071710322 49.380201047208125,9.078635998981339 49.37975250875591,9.078755069188446 49.37931027454925,9.078944586563502 49.37887808037108,9.07920092245766 49.378461318723566,9.080669865072485 49.37642796091781,9.081838539715465 49.374799559588716,9.082411908814981 49.37398179928659,9.082524608781728 49.37383513346679);LINESTRING (505713.4732297406 5469810.560117899,505707.81849828304 5469775.809954237,505705.18565492675 5469725.922935132,505708.28052022937 5469676.060860509,505716.9741511975 5469626.90545863,505730.78024568764 5469578.871567386,505749.4349140384 5469532.55844911,505856.3003625425 5469306.616999539,505941.3289053671 5469125.674219598,505983.04949115845 5469034.806744469,505991.24844552367 5469018.510419971)
4111;Streckenachse;49,1 + 38;49,9 + 4;104910038;104990004;49,1;38;49,9;4;766;Neckargemünd - Friedrichshall;Böttinger Tunnel;Baden-Württemberg;Landkreis Heilbronn;LINESTRING (3510992.722238473 5461828.116245993,3510985.1003189944 5461818.664988464,3510956.490327685 5461777.789002019,3510932.7058347794 5461733.820016508,3510913.8483402566 5461687.559531667,3510900.1608440443 5461639.49154735,3510892.033346024 5461590.182563354,3510889.2793462626 5461540.281579481,3510892.247844658 5461490.393595533,3510900.611341322 5461441.114111314,3510914.53583621 5461393.1061266195,3510933.502829496 5461346.868141284,3510957.5993211595 5461303.08865509,3510986.2808113825 5461262.16166792,3511019.4278002107 5461224.762179552,3511056.48428783 5461191.256189876,3511100.5814461093 5461159.834905226);LINESTRING (9.150087238218473 49.29339583200605,9.149982198533214 49.29331098689729,9.14958777278429 49.29294395938681,9.149259605698624 49.29254903385411,9.148999113322713 49.29213341577767,9.148809647896478 49.291701453210045,9.148696584337006 49.29125823329779,9.148657374487387 49.29080959508074,9.14869683027638 49.29036097233598,9.148810463751248 49.289917725257986,9.149000572829387 49.289485812079164,9.149260041793488 49.28906972393448,9.149590083804638 49.28867564949119,9.14998322369747 49.28830714055116,9.150437836530172 49.28797026791266,9.150946289319675 49.2876683317627,9.151551572435146 49.28738501100349);LINESTRING (510913.55806192616 5460083.467465047,510905.93911354215 5460074.020045221,510877.3402318846 5460033.160622038,510853.5648956754 5459989.209397694,510834.71457068244 5459942.967550796,510821.0321635566 5459894.918885831,510812.90752281033 5459845.629673111,510810.154228185 5459795.748654533,510813.12114489643 5459745.88058534,510821.48090865527 5459696.620729935,510835.39945832867 5459648.631821825,510854.35850524966 5459602.412165727,510878.4450200836 5459558.649985558,510907.1147237342 5459517.739128055,510940.24816935183 5459480.354324166,510977.28958221874 5459446.861431912,511021.3688685292 5459415.452355713)
4113;Streckenachse;19,0 + 36;22,1 + 36;101900036;102210036;19;36;22,1;36;3100;Eberbach - Hanau;Krähberg-Tunnel;Hessen;Landkreis Odenwaldkreis;LINESTRING (3503046.02103539 5493554.267308673,3502984.1423256537 5493565.689902601,3502886.8243571017 5493588.50489672,3502789.2813885985 5493609.6853913665,3502671.8774264366 5493630.496386418,3501989.0631468766 5493778.61384897,3501911.942671848 5493800.6438430445,3501814.515703322 5493823.46633716,3501716.461734955 5493843.556332163,3500934.371987399 5494014.993788673,3500738.4860505885 5494055.867278439,3500151.1857400527 5494180.542747063,3500052.601771812 5494198.648742695,3500018.1385485283 5494207.706036878);LINESTRING (9.041078572237279 49.57874673933137,9.040223030278083 49.57884974398444,9.038877528657606 49.57905533966978,9.037528893189489 49.579246224747195,9.035905613334762 49.57943385812813,9.026464602322875 49.58076816854223,9.025398279622824 49.58096648455968,9.024051150219119 49.58117197563304,9.022695327725033 49.5813528845206,9.011880797107269 49.582895942658276,9.00917202769296 49.58326369445852,9.001050419475533 49.58438504610583,8.999687093531948 49.58454784713246,8.99921049627693 49.58462928129935);LINESTRING (502970.2844355534 5491797.003704048,502908.430539338 5491808.422227349,502811.1516341822 5491831.228881488,502713.64780590753 5491852.401690995,502596.2909160609 5491873.2053068485,501913.75062120135 5492021.269031264,501836.6611335307 5492043.29083787,501739.2732716609 5492066.104989696,501641.258638647 5492086.187739155,500859.4827224945 5492257.562929892,500663.67537262605 5492298.421649391,500076.6106957079 5492423.051982881,499978.0662582334 5492441.151529593,499943.61687593104 5492450.20547948)
4113;Streckenachse;49,5 + 46;50,7 + 51;104950046;105070051;49,5;46;50,7;51;1205;Eberbach - Hanau;Frau-Nauses-Tunnel;Hessen;Landkreis Darmstadt-Dieburg;LINESTRING (3498413.3880116646 5519573.500196236,3497583.581130649 5520447.992647143);LINESTRING (8.976912681970834 49.81268953416098,8.96537783792211 49.820549067161295);LINESTRING (498339.7100824333 5517805.878661418,497510.2416710587 5518680.028433126)
4120;Streckenachse;60,3 + 7;60,6 + 77;106030007;106060077;60,3;7;60,6;77;370;Neckarelz - WÜ-Heidingsf. West;Dallauer Tunnel;Baden-Württemberg;Landkreis Neckar-Odenwald-Kreis;LINESTRING (3514494.472229752 5473393.869292569,3514551.8673275933 5473464.9046877725,3514613.428808888 5473543.800161513,3514678.6482889624 5473619.568636203,3514713.5387782357 5473655.293124211,3514734.6232390087 5473674.498511335);LINESTRING (9.198645568005125 49.39731576713783,9.19943884897043 49.39795310718243,9.200289837001772 49.398661014726905,9.20119113046212 49.39934071206138,9.201673128757887 49.399661084106754,9.20196431731745 49.39983325830756);LINESTRING (514414.0005370008 5471644.570466576,514471.3732645425 5471715.577016593,514532.9107732029 5471794.440470798,514598.1047939966 5471870.178146476,514632.98162502865 5471905.888079923,514654.05781310116 5471925.085624019)
4120;Streckenachse;66,0 + 5;66,5 + 48;106600005;106650048;66;5;66,5;48;543;Neckarelz - WÜ-Heidingsf. West;Schefflenzer Tunnel;Baden-Württemberg;Landkreis Neckar-Odenwald-Kreis;LINESTRING (3518995.277094842 5475241.196431658,3519040.3339080424 5475244.746550838,3519089.4988923343 5475253.282047382,3519186.5583614265 5475277.179538281,3519282.1828310634 5475306.857527342,3519520.4888748145 5475373.9239741005);LINESTRING (9.260737830954819 49.4138022959248,9.261358922077882 49.41383281255638,9.262036866970178 49.41390802233448,9.263375582966335 49.41411984882432,9.264694814431824 49.414383679176495,9.267982198893687 49.41497911869195);LINESTRING (518913.0215337722 5473491.123476371,518958.0603697978 5473494.67181734,519007.2057749862 5473503.203510533,519104.2266480402 5473527.0906767,519199.8131412041 5473556.756042318,519438.0244886458 5473623.793785189)
4120;Streckenachse;70,2 + 22;70,5 + 85;107020022;107050085;70,2;22;70,5;85;363;Neckarelz - WÜ-Heidingsf. West;Eicholzheimer Tunnel;Baden-Württemberg;Landkreis Neckar-Odenwald-Kreis;LINESTRING (3521828.4283070806 5477609.5250382,3521907.2165192096 5477596.96325128,3522187.4478645436 5477557.156019649);LINESTRING (9.299910849858797 49.43500176300392,9.300996391571188 49.434885992319884,9.304857640885395 49.43451794669494);LINESTRING (521745.059478802 5475858.482984153,521823.81610542064 5475845.92558785,522103.93514722533 5475806.132025425)
4120;Streckenachse;75,3 + 17;75,5 + 65;107530017;107550065;75,3;17;75,5;65;248;Neckarelz - WÜ-Heidingsf. West;Seckacher Tunnel;Baden-Württemberg;Landkreis Neckar-Odenwald-Kreis;LINESTRING (3525820.9454688122 5477720.60652525,3525847.263251659 5477714.864154619,3525895.6262358837 5477702.303657947,3525943.119720343 5477686.711162259,3525989.7127050534 5477668.590167404,3526035.149690096 5477647.761673436,3526053.7838084954 5477638.398114082);LINESTRING (9.35496166983669 49.43584455422647,9.355324137439151 49.435791808834196,9.355990094732183 49.435676823766876,9.356643863418485 49.435534610636445,9.357285048040014 49.43536969802395,9.35791011361103 49.4351804876265,9.358166403422455 49.43509550256107);LINESTRING (525735.9820334185 5475969.488152666,525762.2892530494 5475963.747866367,525810.6328096621 5475951.192002467,525858.1071897114 5475935.605358241,525904.6814096326 5475917.491232565,525950.1000701771 5475896.670699073,525968.7266669568 5475887.310732738)
4120;Streckenachse;76,3 + 87;76,5 + 61;107630087;107650061;76,3;87;76,5;61;174;Neckarelz - WÜ-Heidingsf. West;Zimmerner Tunnel;Baden-Württemberg;Landkreis Neckar-Odenwald-Kreis;LINESTRING (3526784.811589871 5477264.53959177,3526939.545719117 5477185.383674863);LINESTRING (9.368219667699925 49.4317024134822,9.370347427442171 49.430983895210474);LINESTRING (526699.4593171928 5475513.595772613,526854.1309765576 5475434.470252054)
4120;Streckenachse;79,2 + 82;79,5 + 40;107920082;107950040;79,2;82;79,5;40;258;Neckarelz - WÜ-Heidingsf. West;Adelsheimer Tunnel;Baden-Württemberg;Landkreis Neckar-Odenwald-Kreis;LINESTRING (3529181.641487177 5476165.3905553995,3529437.458403104 5476134.199430121);LINESTRING (9.401180954833963 49.42170984258746,9.404704536937652 49.42141710808719);LINESTRING (529095.3225614416 5474414.866828929,529351.036993443 5474383.686120839)
4120;Streckenachse;95,9 + 48;96,2 + 20;109590048;109620020;95,9;48;96,2;20;272;Neckarelz - WÜ-Heidingsf. West;Eubigheimer Tunnel  TL=268m;Baden-Württemberg;Landkreis Main-Tauber-Kreis;LINESTRING (3541059.2216197876 5487063.816131014,3541088.6589855053 5487107.12038332,3541146.9794680406 5487188.337856133,3541177.1359589742 5487228.204842763,3541209.673449108 5487266.1243299795,3541223.799252982 5487279.778107286);LINESTRING (9.566014045469117 49.519011839690236,9.566425072002094 49.51939918755324,9.567238929246146 49.52012544687957,9.567659548168118 49.52048183793048,9.56811285275956 49.520820556458325,9.568309359220706 49.520942355854);LINESTRING (540968.2435857096 5485308.8413018035,540997.6695365873 5485352.128009869,541055.9673674783 5485433.312553219,541086.1121284849 5485473.163363521,541118.6369214621 5485511.067433528,541132.7571903461 5485524.715640074)
4120;Richtungsgleis;131,1 + 2;131,2 + 40;113110002;113120040;131,1;2;131,2;40;138;Neckarelz - WÜ-Heidingsf. West;Wittighauser Tunnel  TL=138;Baden-Württemberg;Landkreis Main-Tauber-Kreis;LINESTRING (3561015.0199423395 5497809.09806015,3561018.3206834975 5497946.921876653);LINESTRING (9.84325193149006 49.61393645505628,9.843318992421521 49.61517516550459);LINESTRING (560916.153871885 5496049.6669625845,560919.4544169307 5496187.435668101)
4130;Streckenachse;0,2 + 52;0,6 + 77;100020052;100060077;0,2;52;0,6;77;424;;;Baden-Württemberg;Landkreis Karlsruhe;LINESTRING (3469903.705925498 5442173.081134241,3469944.4303024067 5442147.236269942,3469990.276287514 5442127.364775908,3470038.920271798 5442115.933279139,3470088.7482557725 5442112.1992798885,3470138.4512398667 5442117.343777789,3470186.7427244843 5442130.15027324,3470232.008710147 5442151.297766039,3470273.4436971014 5442179.219756701,3470292.265912384 5442197.493835897);LINESTRING (8.586698735867255 49.116021725653134,8.587258506031196 49.11579133325089,8.58788798121157 49.11561489867849,8.5885551508565 49.115514486398034,8.589237964603546 49.11548334087612,8.589918407255185 49.11553201728406,8.590578949754178 49.11564951490907,8.59119743604663 49.11584186115936,8.59176295025454 49.116094932348105,8.592019429855188 49.116260156815954);LINESTRING (469840.8075005395 5440436.60984032,469881.51540296804 5440410.774987831,469927.3429133935 5440390.911078681,469975.96737048926 5440379.483772195,470025.7754139599 5440375.750877888,470075.4585764985 5440380.892933604,470123.73086314887 5440393.693935886,470168.97892467695 5440414.832625732,470210.3975710382 5440442.743135926,470229.2124069121 5440461.009765991)
4130;Streckenachse;1,6 + 98;1,8 + 18;100160098;100180018;1,6;98;1,8;18;120;;;Baden-Württemberg;Landkreis Karlsruhe;LINESTRING (3471042.3729610955 5442661.848994375,3471158.843664346 5442633.075378046);LINESTRING (8.602261073751682 49.12047129802791,8.603858694893109 49.12021805914566);LINESTRING (470979.02331917395 5440925.173523584,471095.44725639495 5440896.4105003355)
4131;Streckenachse;-0,1 + -14;0,6 + 65;99989986;100060065;-0,1;-14;0,6;65;779;Bruchsal - Abzw Bruchsal Ost;Güterzug-Tunnel;Baden-Württemberg;Landkreis Karlsruhe;LINESTRING (3469647.346226719 5441917.128793303,3469861.6618269347 5441921.653843116,3469960.8207951365 5441924.677841252,3470010.2547793253 5441930.765838852,3470059.015763771 5441941.268335042,3470106.7192486087 5441957.71582933,3470152.193234211 5441979.564321903,3470194.810720773 5442006.195312967,3470234.0807084525 5442037.567802542,3470269.7371973293 5442073.018790834,3470301.137187606 5442112.3062779335,3470327.5296795145 5442154.088264283,3470334.4814008996 5442168.073077472);LINESTRING (8.583206404780523 49.11370768350036,8.586141622596895 49.11375892628075,8.587499614164065 49.11379097534479,8.588176277097784 49.11384813241328,8.588843395231457 49.11394494619347,8.589495589884233 49.11409515980393,8.59011684982252 49.11429382509372,8.590698633849483 49.114535350813355,8.591234220362317 49.1148193450999,8.591720015252676 49.11513983427077,8.592147228739071 49.11549461187909,8.592505672113202 49.115871575528715,8.592599866781173 49.115997657536084);LINESTRING (469584.5482551457 5440180.761777094,469798.778249081 5440185.283353168,469897.8976163985 5440188.305372241,469947.311893842 5440194.390552734,469996.05347477965 5440204.888472879,470043.738024892 5440221.329023548,470089.1940086636 5440243.168431431,470131.7946720383 5440269.788448774,470171.04921106336 5440301.148095802,470206.691726962 5440336.584639747,470238.07947500545 5440375.856182404,470264.46174509666 5440417.621266355,470271.4107972395 5440431.600436787)
4200;Streckenachse;19,4 + 59;19,6 + 39;101940059;101960039;19,4;59;19,6;39;180;Karlsruhe - Mühlacker;Ersinger Tunnel  km 19,459 ... 19,640;Baden-Württemberg;Landkreis Enzkreis;LINESTRING (3473305.458057142 5421616.552033874,3473443.861502349 5421589.626356826,3473481.413689812 5421579.188772548);LINESTRING (8.634651180324148 48.931338666567704,8.636541794057356 48.9311025189784,8.637054964104209 48.93101027828885);LINESTRING (473241.0407616041 5419888.2699494,473379.3886832663 5419861.353963272,473416.9257816082 5419850.920260194)
4200;Streckenachse;24,4 + 69;25,3 + 78;102440069;102530078;24,4;69;25,3;78;909;Karlsruhe - Mühlacker;Pforzheimer Tunnel;Baden-Württemberg;Stadtkreis Pforzheim;LINESTRING (3477172.7285674494 5418617.812628389,3477577.548733776 5417804.937428739);LINESTRING (8.687597990411325 48.90452899801971,8.693164568019201 48.89723439865742);LINESTRING (477106.7424140091 5416890.6991999475,477511.39448741457 5416078.145778329)
4250;Richtungsgleis;42,1 + 31;42,1 + 84;104210031;104210084;42,1;31;42,1;84;53;Offenburg - Singen;Rebberg-Tunel;Baden-Württemberg;Landkreis Ortenaukreis;LINESTRING (3442813.006000272 5342248.866805641,3442843.603484276 5342205.454756853);LINESTRING (8.229448322823208 48.21560472288983,8.229865875483855 48.215217100598785);LINESTRING (442760.17314056243 5340552.545090725,442790.7580660442 5340509.150169952)
4250;Richtungsgleis;47,1 + 74;47,1 + 97;104710074;104710097;47,1;74;47,1;97;23;Offenburg - Singen;4250/47,174/1320;Baden-Württemberg;Landkreis Ortenaukreis;LINESTRING (3443100.2762434403 5337463.454528491,3443101.7396531724 5337440.590454358);LINESTRING (8.233955438742651 48.17259773506266,8.233978175630087 48.1723922602103);LINESTRING (443047.2926719556 5335769.044040805,443048.75532536954 5335746.189097731)
4250;Richtungsgleis;47,2 + 48;47,2 + 92;104720048;104720092;47,2;48;47,2;92;44;Offenburg - Singen;2. Glasträgertunnel;Baden-Württemberg;Landkreis Ortenaukreis;LINESTRING (3443101.1210932415 5337389.824929473,3443098.9504906465 5337368.3613028675,3443095.1367085236 5337346.521595805);LINESTRING (8.23397666005572 48.17193569398689,8.233950354053212 48.17174248703858,8.233902008147085 48.17154575090556);LINESTRING (443048.1366325872 5335695.443875679,443045.96673710627 5335673.9888473945,443042.1543162552 5335652.157901332)
4250;Richtungsgleis;47,4 + 69;47,4 + 87;104740069;104740087;47,4;69;47,4;87;18;Offenburg - Singen;3. Glasträgertunnel;Baden-Württemberg;Landkreis Ortenaukreis;LINESTRING (3443011.3632468116 5337194.685410029,3442998.1824678844 5337182.589720376);LINESTRING (8.23279614990016 48.17017284552584,8.232620578792043 48.17006289154698);LINESTRING (442958.41321168 5335500.3830534555,442945.2376120916 5335488.292298876)
4250;Richtungsgleis;47,6 + 45;48,2 + 3;104760045;104820003;47,6;45;48,2;3;558;Offenburg - Singen;Niederwassertunnel;Baden-Württemberg;Landkreis Ortenaukreis;LINESTRING (3442858.340720576 5337115.179945444,3442840.7595747053 5337112.417886441,3442823.842580219 5337110.764386987,3442806.8585857553 5337110.078387215,3442788.864591621 5337110.408387114,3442770.92309747 5337111.82438666,3442754.085602959 5337114.153885904,3442720.9461137643 5337121.670383468,3442704.7511190455 5337126.83338179,3442687.954624523 5337133.296879687,3442657.4241344803 5337148.217874834,3442642.846639235 5337156.959371987,3442627.9816440847 5337167.104868686,3442614.5286484733 5337177.494365301,3442600.9546529027 5337189.311861452,3442588.119157091 5337201.926857345,3442576.7161608124 5337214.532853237,3442556.157667524 5337241.589844424,3442538.8126731887 5337270.811334901,3442531.417675605 5337286.116329912,3442524.552677849 5337302.752324487,3442518.7041797615 5337319.772818941,3442514.1336812577 5337336.1448136065,3442507.826683326 5337369.535802717,3442506.0401839153 5337387.44429688,3442505.348684147 5337404.427791342,3442505.6266840636 5337421.423285801,3442506.9609547993 5337439.223450743);LINESTRING (8.23074970577877 48.16944413852715,8.2305137309556 48.16941771835615,8.230286535477404 48.16940132625892,8.230058309206413 48.169393627950946,8.229816368598854 48.16939497460633,8.22957498745377 48.16940609136946,8.229348324365404 48.16942552182343,8.228901811234039 48.16949012583578,8.228683402633568 48.1695350932528,8.228456732122348 48.16959170074607,8.22804429036502 48.16972312203042,8.227847141344006 48.16980041365694,8.227645937179313 48.16989030447008,8.227463681296575 48.16998251670441,8.227279605173402 48.170087559030456,8.227105348438565 48.17019983936176,8.226950349812642 48.170312168032055,8.226670315182412 48.17055361924851,8.226433185857672 48.170814824868664,8.226331700502811 48.170951786161446,8.22623715961749 48.17110076437425,8.22615623160064 48.17125329214416,8.226092571871957 48.17140010390263,8.226003263316873 48.171699802058086,8.225976822115449 48.17186068280234,8.225965226941648 48.172013344606434,8.225966663900644 48.17216620210095,8.225982192361508 48.17232639124746);LINESTRING (442805.45127125573 5335420.910524382,442787.8771339578 5335418.149701412,442770.9668908041 5335416.496989766,442753.98968170444 5335415.811391459,442736.0028843561 5335416.141394145,442718.0685741308 5335417.556961852,442701.2378289866 5335419.885655738,442668.1116458145 5335427.399396022,442651.92316479154 5335432.56045122,442635.133434191 5335439.021490503,442604.6152624788 5335453.936748204,442590.0436610142 5335462.67485929,442575.1846851022 5335472.816410692,442561.7371460138 5335483.201853882,442548.16866603424 5335495.014726539,442535.33839651913 5335507.624774532,442523.9400537318 5335520.225815401,442503.3899826485 5335547.272142006,442486.05214191123 5335576.482078388,442478.6602155583 5335591.7810092,442471.7980870954 5335608.410403417,442465.95205476624 5335625.424136165,442461.3835062001 5335641.789618851,442455.0792799099 5335675.167304098,442453.29362885276 5335693.068651083,442452.6025327149 5335710.045360024,442452.88054873026 5335727.034056905,442454.2144192762 5335744.827094622)
4250;Richtungsgleis;48,3 + 63;48,6 + 76;104830063;104860076;48,3;63;48,6;76;313;Offenburg - Singen;4. Bauertunnel;Baden-Württemberg;Landkreis Ortenaukreis;LINESTRING (3442564.0299757333 5337585.654724833,3442587.180657559 5337613.680223075,3442660.7411336172 5337693.960696869,3442674.9306289996 5337711.445191165,3442687.005625071 5337728.621185559,3442702.5691200104 5337755.415676816,3442715.1156159323 5337783.192167751,3442724.962112736 5337812.57265817,3442731.8094273913 5337842.989254702);LINESTRING (8.226729622504916 48.173648342173394,8.227037078028088 48.17390245578172,8.228015211231089 48.17463102694147,8.228203622268039 48.17478953790619,8.2283636474806 48.17494508349989,8.228569277628127 48.17518743823096,8.228734214490995 48.17543835103768,8.22886263566791 48.175703444034895,8.22895059479737 48.175977583561625);LINESTRING (442511.2617194904 5335891.199392187,442534.40335515095 5335919.213511341,442607.93502169295 5335999.461334891,442622.1189748161 5336016.938731915,442634.1892717294 5336034.107768224,442649.746744781 5336060.891429404,442662.28843241604 5336088.656720216,442672.1312124488 5336118.025389383,442678.9760172159 5336148.429772851)
4250;Richtungsgleis;48,9 + 61;49,0 + 2;104890061;104900002;48,9;61;49;2;41;Offenburg - Singen;Hohenackertunnel;Baden-Württemberg;Landkreis Ortenaukreis;LINESTRING (3442655.221552336 5338111.6876451755,3442644.498639099 5338130.512554538,3442636.0213362286 5338147.699927723);LINESTRING (8.22788459499467 48.178386945078614,8.227737877216343 48.17855525964048,8.227621573263923 48.17870905136013);LINESTRING (442602.4207753757 5336417.02130054,442591.7022902967 5336435.838763267,442583.2285054924 5336453.01932775)
4250;Richtungsgleis;49,2 + 33;49,3 + 22;104920033;104930022;49,2;33;49,3;22;89;Offenburg - Singen;3. Bauerntunnel;Baden-Württemberg;Landkreis Ortenaukreis;LINESTRING (3442621.76322327 5338372.597700082,3442633.7536427374 5338432.429956108,3442638.160858008 5338460.207862912);LINESTRING (8.227399472274046 48.18073015848492,8.227552612377112 48.181269284287566,8.22760811981235 48.18151947562827);LINESTRING (442568.9777774281 5336677.827283955,442580.96385106666 5336737.635526914,442585.369512315 5336765.402294023)
4250;Richtungsgleis;49,4 + 52;49,5 + 82;104940052;104950082;49,4;52;49,5;82;130;Offenburg - Singen;Letschenbergtunnel;Baden-Württemberg;Landkreis Ortenaukreis;LINESTRING (3442626.058016512 5338589.385108293,3442614.489149103 5338619.722395054,3442599.4636540134 5338649.084885493,3442581.3186599393 5338676.628876521,3442560.7731935573 5338701.492779825);LINESTRING (8.227427923353467 48.18268000913567,8.227268260169167 48.18295177156421,8.227062246616596 48.183214455310086,8.22681452953188 48.18346050361633,8.226534893816982 48.18368223344641);LINESTRING (442573.2724772007 5336894.527980015,442561.70846240333 5336924.85322342,442546.68919463037 5336954.204086156,442528.5516614693 5336981.737199959,442508.0145956663 5337006.591315622)
4250;Richtungsgleis;49,7 + 77;49,9 + 39;104970077;104990039;49,7;77;49,9;39;162;Offenburg - Singen;Röllerwaldtunnel;Baden-Württemberg;Landkreis Ortenaukreis;LINESTRING (3442413.062238345 5338828.704814403,3442395.1677206717 5338837.733324085,3442376.7542266753 5338845.5308215525,3442356.907233145 5338852.379319332,3442337.6037394376 5338857.59681764,3442317.0087461495 5338861.679816317,3442297.174252613 5338864.220315496,3442277.214759117 5338865.43531511,3442256.28777581 5338865.280604972);LINESTRING (8.224531384095524 48.184812803294484,8.224289528116262 48.18489236831887,8.224040859719587 48.184960815841094,8.223773042941266 48.185020598759024,8.223512755685906 48.18506576367209,8.223235255033913 48.18510060863943,8.22296819033824 48.185121651157885,8.22269962477758 48.185130762141114,8.222418235378992 48.18512746737272);LINESTRING (442360.36365000455 5337133.753592433,442342.4763544069 5337142.778626214,442324.0702807579 5337150.573143872,442304.2312735976 5337157.4190520225,442284.9355367446 5337162.634608765,442264.34880817065 5337166.716129167,442244.5222637374 5337169.255761123,442224.5707593924 5337170.47042443,442203.652141791 5337170.315932892)
4250;Richtungsgleis;50,5 + 26;51,3 + 18;105050026;105130018;50,5;26;51,3;18;792;Offenburg - Singen;Eisenbergtunnel;Baden-Württemberg;Landkreis Ortenaukreis;LINESTRING (3441848.715881341 5338528.720285138,3441850.5393979736 5338495.468935892,3441913.179162052 5337739.2282752795);LINESTRING (8.21698362264394 48.182063743623,8.217012696826483 48.181764898360036,8.21795842323211 48.17497014388253);LINESTRING (441796.2406791777 5336833.893234661,441798.0632177666 5336800.65516688,441860.67227561324 5336044.716411023)
4250;Richtungsgleis;51,5 + 2;51,5 + 82;105150002;105150082;51,5;2;51,5;82;80;Offenburg - Singen;Spärletunnel;Baden-Württemberg;Landkreis Ortenaukreis;LINESTRING (3441908.5342542976 5337556.827144126,3441898.224382053 5337507.041758101,3441893.601482324 5337478.111047395);LINESTRING (8.217920922167401 48.173329476646344,8.217789124855944 48.17288083814066,8.217730932122988 48.17262025562498);LINESTRING (441856.0278594716 5335862.388245774,441845.72173657565 5335812.622843096,441841.10046858 5335783.703734642)
4250;Richtungsgleis;51,8 + 62;52,0 + 37;105180062;105200037;51,8;62;52;37;175;Offenburg - Singen;Obergießtunnel;Baden-Württemberg;Landkreis Ortenaukreis;LINESTRING (3441985.70984148 5337222.704108453,3441999.9273488047 5337210.095854889,3442017.1948431726 5337196.467359321,3442125.3727953723 5337117.469187452);LINESTRING (8.219004115748445 48.17033192918266,8.219196968408294 48.17021984808268,8.219430961416007 48.1700988706142,8.220895993888567 48.169398346874985);LINESTRING (441933.1700895189 5335528.398228076,441947.38181808137 5335515.794909373,441964.64230661606 5335502.171733768,442072.7764161915 5335423.20433876)
4250;Richtungsgleis;52,2 + 69;52,5 + 34;105220069;105250034;52,2;69;52,5;34;265;Offenburg - Singen;Hippensbachtunnel;Baden-Württemberg;Landkreis Ortenaukreis;LINESTRING (3442312.5352810356 5336979.937580289,3442479.0261925254 5336857.868969584,3442504.5701841926 5336841.305474971,3442529.7635696693 5336828.0963990735);LINESTRING (8.22343072013787 48.16817862093065,8.22568535521142 48.1670960177296,8.2260309729317 48.16694938313587,8.226371421957495 48.16683288047014);LINESTRING (442259.8630416701 5335285.7263212865,442426.2864734322 5335163.705272327,442451.8201281682 5335147.14820927,442477.0033420008 5335133.944226308)
4250;Richtungsgleis;52,7 + 17;53,0 + 41;105270017;105300041;52,7;17;53;41;324;Offenburg - Singen;Kurzenbergtunnel;Baden-Württemberg;Landkreis Ortenaukreis;LINESTRING (3442709.577795579 5336803.158763211,3442755.637102337 5336804.726986816,3442774.2675962634 5336803.876987087,3442793.151590107 5336801.807987756,3442811.863084006 5336798.52998882,3442831.2890776712 5336793.788490358,3442849.407071763 5336788.077992218,3442868.0405656854 5336780.822494572,3442886.141059782 5336772.323497341,3442903.6250540786 5336762.620500497,3442920.413548602 5336751.758004033,3442936.429043376 5336739.785007936,3442951.598038426 5336726.756512177,3442965.8520337734 5336712.732516746,3442979.125029441 5336697.777021619,3442991.6179424347 5336681.594398901);LINESTRING (8.228791934836195 48.16662487443053,8.229410872827883 48.166643130058794,8.229661426635726 48.166637165433286,8.229915552174118 48.16662026119792,8.230167521458212 48.16659246889289,8.230429291997137 48.16655157977797,8.230673609795662 48.16650185859345,8.230925064423333 48.166438289793696,8.231169520800124 48.1663634902883,8.231405851051404 48.16627780781904,8.231632987145032 48.16618163550278,8.231849880633714 48.16607540706404,8.232055536061315 48.16595961054722,8.23224902454078 48.16583477941272,8.23242945028357 48.16570148331824,8.232599553723587 48.16555708191301);LINESTRING (442656.7454882701 5335109.015215373,442702.78639141965 5335110.582467092,442721.40943017066 5335109.732667741,442740.2858583582 5335107.6643543,442758.9898465176 5335104.387525953,442778.4080378153 5335099.647777904,442796.5187452461 5335093.939427414,442815.14473483333 5335086.6866913205,442833.23792838654 5335078.190956832,442850.71485961275 5335068.491708761,442867.496560457 5335057.633429895,442883.5055622968 5335045.665101209,442898.66839495563 5335032.641701236,442912.9165862918 5335018.623206486,442926.18416319485 5335003.673591841,442938.67196012806 5334987.497346103)
4250;Richtungsgleis;53,4 + 41;53,5 + 5;105340041;105350005;53,4;41;53,5;5;64;Offenburg - Singen;Mühlhaldetunnel;Baden-Württemberg;Landkreis Schwarzwald-Baar-Kreis;LINESTRING (3443151.6457331805 5336324.618669405,3443153.492670445 5336260.638438278);LINESTRING (8.234798430012647 48.16236130421794,8.234831813243758 48.161786123889826);LINESTRING (443098.6330960644 5334630.663153189,443100.47881590144 5334566.708490413)
4250;Richtungsgleis;53,7 + 82;53,9 + 67;105370082;105390067;53,7;82;53,9;67;185;Offenburg - Singen;Losbachtunnel;Baden-Württemberg;Landkreis Schwarzwald-Baar-Kreis;LINESTRING (3443258.0600756146 5336012.355978974,3443305.958422617 5335967.444759735,3443319.85641808 5335953.06476442,3443331.7984141815 5335939.332768901,3443343.9304102203 5335923.437774079,3443354.9564066185 5335906.756279517,3443364.8254033946 5335889.365285186,3443373.678857445 5335870.917494346);LINESTRING (8.236270470286644 48.15956277935077,8.236920243778343 48.159163189237276,8.23710895745198 48.15903511647813,8.237271294296157 48.15891269609181,8.23743647234547 48.15877084150757,8.237586889244014 48.15862181540636,8.237721849339968 48.1584663057262,8.237843300207464 48.158301202042566);LINESTRING (443205.00255414477 5334318.524522869,443252.8814141579 5334273.630902608,443266.77374525403 5334259.256553029,443278.71086388885 5334245.529958789,443290.8378903021 5334229.641228696,443301.8593533889 5334212.966321622,443311.724274135 5334195.582207133,443320.57405027957 5334177.141726295)
4250;Richtungsgleis;54,2 + 40;54,3 + 4;105420040;105430004;54,2;40;54,3;4;64;Offenburg - Singen;Forellentunnel;Baden-Württemberg;Landkreis Schwarzwald-Baar-Kreis;LINESTRING (3443382.3412735863 5335603.258773374,3443374.2193445796 5335539.776497571);LINESTRING (8.237995373699857 48.15589503514003,8.237894673151914 48.15532344249341);LINESTRING (443329.23099933774 5333909.589962964,443321.11184246157 5333846.133131173)
4250;Richtungsgleis;55,1 + 39;55,5 + 31;105510039;105550031;55,1;39;55,5;31;392;Offenburg - Singen;Großhaldentunnel;Baden-Württemberg;Landkreis Schwarzwald-Baar-Kreis;LINESTRING (3443322.852116995 5334726.180071523,3443280.5024415734 5334336.424802633);LINESTRING (8.237312763300764 48.14800253570993,8.236795657601359 48.14449385097014);LINESTRING (443269.7590632739 5333032.862404703,443227.4234036673 5332643.263296232)
4250;Richtungsgleis;56,4 + 64;56,5 + 55;105640064;105650055;56,4;64;56,5;55;91;Offenburg - Singen;Kleiner Triberger Tunnel;Baden-Württemberg;Landkreis Schwarzwald-Baar-Kreis;LINESTRING (3443532.2729765424 5333517.841936605,3443554.9943407197 5333513.358060472,3443577.8268332696 5333510.632561352,3443600.800325774 5333509.643061675,3443623.1607010756 5333510.352562342);LINESTRING (8.240287257926095 48.137155085152116,8.240593109065912 48.13711678137235,8.240900219614671 48.13709429902828,8.241208994137391 48.13708743952897,8.241509306430979 48.137095803263726);LINESTRING (443479.0871492429 5331825.005857673,443501.79939524096 5331820.523604422,443524.622738334 5331817.799024262,443547.5870379932 5331816.809748344,443569.9384783015 5331817.518798006)
4250;Streckenachse;56,6 + 78;57,5 + 12;105660078;105750012;56,6;78;57,5;12;834;Offenburg - Singen;Großer Triberger Tunnel;Baden-Württemberg;Landkreis Schwarzwald-Baar-Kreis;LINESTRING (3443742.1522995634 5333546.873714284,3443761.7262732806 5333556.913546211,3443802.0672601247 5333586.39303658,3443836.536748887 5333622.570024762,3443864.9532396253 5333663.665511346,3443885.6702328767 5333709.1364965,3443899.1207284997 5333757.263480786,3443903.881226959 5333807.004464553,3443900.8337279647 5333856.868448276,3443889.108731803 5333905.443432424,3443868.834238428 5333950.792917626,3443843.3797467435 5333993.920903555,3443814.752756093 5334035.037390142,3443787.968264842 5334077.066376431,3443768.760271119 5334123.233361365,3443757.1687749135 5334171.715845549,3443753.6642760695 5334221.560829281,3443759.015774336 5334271.242813068,3443762.189431712 5334282.761419661);LINESTRING (8.243103102803785 48.13743476560909,8.243364749548514 48.137526781910104,8.243902832921332 48.13779544717332,8.24436115425864 48.13812381916235,8.244737509808033 48.13849588494627,8.24500984920873 48.13890661698165,8.245184214780721 48.13934059142204,8.245241616244089 48.13978831277494,8.245194097361807 48.1402364510713,8.245030159257306 48.14067223185323,8.244751774362133 48.14107825174166,8.244404080232925 48.14146383619041,8.244014020779288 48.14183105048152,8.243648591189201 48.14220663210551,8.243384408655288 48.14262009425929,8.243222253408673 48.14305505217435,8.24316857566583 48.14350297798469,8.243233912603577 48.143950221700614,8.24327503289118 48.144054084740354);LINESTRING (443688.8827738733 5331854.024456498,443708.4489964879 5331864.060127505,443748.7740744517 5331893.527528546,443783.230052043 5331929.689793319,443811.6354885791 5331970.768635107,443832.3445388523 5332016.221283526,443845.79001672857 5332064.328923452,443850.54898402875 5332114.049982527,443847.5030766556 5332163.894050819,443835.7831319744 5332212.449699894,443815.5170842675 5332257.781203734,443790.0730927291 5332300.892135348,443761.4578556202 5332341.992395671,443734.6843880545 5332384.004777051,443715.48441969446 5332430.153445793,443703.8979209007 5332478.616630935,443700.39519627165 5332528.441710313,443705.74492667674 5332578.103788646,443708.9174013434 5332589.61776576)
4250;Richtungsgleis;58,0 + 3;58,3 + 42;105800003;105830042;58;3;58,3;42;339;Offenburg - Singen;Gummambs Tunnel;Baden-Württemberg;Landkreis Schwarzwald-Baar-Kreis;LINESTRING (3443918.7528005177 5334726.713672015,3443911.0597248753 5334749.856156824,3443899.923728516 5334776.627148091,3443779.8656726563 5335036.071436821);LINESTRING (8.245320177421357 48.148060204136115,8.245213748667883 48.148267636138726,8.245060575334362 48.14850739376785,8.243412967462914 48.150829859021556);LINESTRING (443865.4214948067 5333033.391331607,443857.7316682774 5333056.524620475,443846.60032475844 5333083.284990713,443726.5922131298 5333342.626439425)
4250;Richtungsgleis;59,0 + 46;59,0 + 95;105900046;105900095;59;46;59;95;49;Offenburg - Singen;1. Seelenwaldtunnel;Baden-Württemberg;Landkreis Schwarzwald-Baar-Kreis;LINESTRING (3443730.981603236 5335714.205916937,3443725.4329128084 5335762.934263159);LINESTRING (8.242666299962083 48.15692371137852,8.242585275256136 48.157361413237886);LINESTRING (443677.7327652655 5334020.490134478,443672.18665814603 5334069.199038334)
4250;Richtungsgleis;59,2 + 45;59,3 + 14;105920045;105930014;59,2;45;59,3;14;69;Offenburg - Singen;2.Seelenwaldtunnel;Baden-Württemberg;Landkreis Schwarzwald-Baar-Kreis;LINESTRING (3443729.1998460097 5335911.15699453,3443734.180282963 5335928.118772416,3443739.9117810996 5335944.120767194,3443754.0246620225 5335974.928166539);LINESTRING (8.242616281798277 48.15869465091733,8.242680975652085 48.15884762211967,8.242755891548425 48.15899202888313,8.242941498864454 48.15927031647536);LINESTRING (443675.95319497347 5334217.362475043,443680.93176763086 5334234.317433522,443686.661093996 5334250.312987033,443700.76856293605 5334281.10796246)
4250;Richtungsgleis;59,6 + 37;59,8 + 32;105960037;105980032;59,6;37;59,8;32;195;Offenburg - Singen;3.Seelenwaldtunnel;Baden-Württemberg;Landkreis Schwarzwald-Baar-Kreis;LINESTRING (3444013.7153602396 5336141.391030842,3444037.0976842614 5336142.294202426,3444061.0706764427 5336141.300202743,3444083.897168997 5336138.530203635,3444107.411661327 5336133.760705182,3444128.5636544265 5336127.729707139,3444150.1856473717 5336119.743209737,3444172.0326402425 5336109.817212969,3444199.172884295 5336095.832945593);LINESTRING (8.246409961667082 48.16079018850327,8.246724123750944 48.16080037088282,8.24704647482337 48.160793543960615,8.247353649413778 48.16077064439018,8.247670334065377 48.16072982387965,8.247955429840475 48.16067745055255,8.248247099241288 48.160607532853405,8.248542046821099 48.16052019307769,8.248908672163918 48.160396823234755);LINESTRING (443960.35667744814 5334447.502322465,443983.7296594561 5334448.404957815,444007.6930592536 5334447.411176051,444030.51040452067 5334444.642113578,444054.01545950974 5334439.874346099,444075.1589504017 5334433.845601131,444096.7722385772 5334425.862135186,444118.6104221924 5334415.93994369,444145.7397102342 5334401.961064636)
4250;Richtungsgleis;60,9 + 8;61,8 + 20;106090008;106180020;60,9;8;61,8;20;912;Offenburg - Singen;-Gremmelsbachtunnel-;Baden-Württemberg;Landkreis Schwarzwald-Baar-Kreis;LINESTRING (3444856.984612702 5335381.966512892,3444842.9399211043 5335354.919459042,3444825.9004266527 5335329.038967494,3444806.262433049 5335305.07097532,3444783.6279404243 5335282.607982664,3444210.908127077 5334793.957142338,3444185.401049172 5334771.375045869);LINESTRING (8.257842851614928 48.1540347525391,8.257657610556814 48.153790309730645,8.257431972392473 48.15355609698539,8.257171166655828 48.153338856418785,8.256869897740039 48.15313488871683,8.24923723648242 48.14869061497579,8.248897440777661 48.14848530320965);LINESTRING (444803.28308358125 5333688.3751444165,444789.2438048692 5333661.339010534,444772.21092944156 5333635.468994929,444752.5806081339 5333611.510733444,444729.9549971562 5333589.056892136,444157.4605134823 5333100.60572752,444131.96346492297 5333078.032851473)
4250;Richtungsgleis;62,0 + 47;62,1 + 1;106200047;106210001;62;47;62,1;1;54;Offenburg - Singen;Gaislochtunnel;Baden-Württemberg;Landkreis Schwarzwald-Baar-Kreis;LINESTRING (3444065.20219998 5334579.744235273,3444046.2355067176 5334529.11249739);LINESTRING (8.24730744005814 48.14675147470876,8.247059239489968 48.14629449392594);LINESTRING (444011.8112399151 5332886.479564437,443992.8517510501 5332835.868213684)
4250;Richtungsgleis;62,4 + 27;62,7 + 54;106240027;106270054;62,4;27;62,7;54;327;Offenburg - Singen;Hohnentunnel;Baden-Württemberg;Landkreis Schwarzwald-Baar-Kreis;LINESTRING (3443956.233566146 5334217.7415583255,3443960.157208696 5334183.424341674,3443968.3337060185 5334148.140853187,3444044.442310228 5333903.042363437);LINESTRING (8.245890890266999 48.143486528133074,8.24594813063824 48.14317827297014,8.246062640130178 48.14286170341167,8.247117492251201 48.14066433386621);LINESTRING (443902.8834651577 5332524.622450392,443906.8052820946 5332490.3189261705,443914.9782461672 5332455.049484655,443991.0545857691 5332210.048428459)
4250;Richtungsgleis;63,2 + 45;63,6 + 26;106320045;106360026;63,2;45;63,6;26;381;Offenburg - Singen;Grundwaldtunnel;Baden-Württemberg;Landkreis Schwarzwald-Baar-Kreis;LINESTRING (3444247.628947577 5333462.568237047,3444302.380096834 5333385.932101911,3444322.1160903876 5333360.872110087,3444335.6680859625 5333346.168614883,3444349.417581472 5333333.060619158,3444364.7515764656 5333320.226123346,3444380.0760714617 5333308.999127007,3444398.6600653953 5333297.2341308445,3444418.0520590646 5333286.854134228,3444439.076552202 5333277.542637265,3444459.7955454383 5333270.158639669,3444480.996538519 5333264.303141578,3444502.568531478 5333260.007142973,3444524.475524328 5333257.284643856,3444549.257793756 5333255.8723093765);LINESTRING (8.249905161938177 48.13672117312503,8.25065075663068 48.13603681277904,8.250919178646521 48.13581318657051,8.251103165475358 48.13568215035439,8.25128959603131 48.13556547885738,8.251497276732637 48.135451405208414,8.251704618810903 48.13535178599108,8.251955819506263 48.13524761345884,8.252217693213863 48.13515596580484,8.252501357939128 48.13507406885273,8.252780666074594 48.13500947779413,8.25306624942882 48.13495867337996,8.253356612972103 48.13492192464591,8.253651271475958 48.13489935431239,8.253984386138463 48.134888815858154);LINESTRING (444194.1566869806 5331769.748906479,444248.88537162106 5331693.143004881,444268.6132866072 5331668.092885706,444282.1597536596 5331653.395168341,444295.9036536203 5331640.292311012,444311.2314215796 5331627.462832374,444326.54970536905 5331616.240210519,444345.1261808229 5331604.479779567,444364.510343313 5331594.103788313,444385.52636054304 5331584.7958572535,444406.23701444356 5331577.414657128,444427.42948690674 5331571.561341721,444448.99282258097 5331567.266899449,444470.89103597746 5331564.545324985,444495.6633861316 5331563.133369761)
4250;Streckenachse;63,8 + 45;64,0 + 70;106380045;106400070;63,8;45;64;70;225;Offenburg - Singen;Krähenlochtunnel;Baden-Württemberg;Landkreis Schwarzwald-Baar-Kreis;LINESTRING (3444759.6700207195 5333212.793074936,3444767.187945109 5333208.719659654,3444854.0464167465 5333147.663679566,3444891.7654044307 5333128.415685845,3444938.7893890794 5333112.495191033,3444956.586825893 5333109.425805128);LINESTRING (8.256816704124825 48.13451973860775,8.256918229573134 48.134483761078585,8.258093008480085 48.13394224711383,8.258602217199307 48.13377242758694,8.259235994575432 48.133633334782566,8.259475480754496 48.13360727408914);LINESTRING (444705.9911614347 5331520.069785997,444713.50604943954 5331515.997943228,444800.3293354059 5331454.965726637,444838.0330978009 5331435.725147029,444885.0381616278 5331419.810666167,444902.8284594913 5331416.742374366)
4250;Streckenachse;64,2 + 11;64,2 + 63;106420011;106420063;64,2;11;64,2;63;52;Offenburg - Singen;Sommerbergtunnel;Baden-Württemberg;Landkreis Schwarzwald-Baar-Kreis;LINESTRING (3445095.962319736 5333115.578349177,3445134.6448251624 5333128.945685607,3445144.259443141 5333134.332143274);LINESTRING (8.261347045247293 48.133674654054936,8.261864980293513 48.133798201442474,8.261993448515762 48.13384746967678);LINESTRING (445042.1482726416 5331422.89141506,445080.81541162106 5331436.253116926,445090.42622568563 5331441.637348815)
4250;Richtungsgleis;64,6 + 60;64,9 + 72;106460060;106490072;64,6;60;64,9;72;312;Offenburg - Singen;Farrenhaldetunnel;Baden-Württemberg;Landkreis Schwarzwald-Baar-Kreis;LINESTRING (3445422.125355142 5333408.355497297,3445697.035172618 5333547.958575524);LINESTRING (8.265691154901797 48.13633558326494,8.269366656845484 48.13761453039078);LINESTRING (445368.1830892378 5331715.549052701,445642.984034142 5331855.094251461)
4250;Richtungsgleis;65,2 + 20;65,2 + 83;106520020;106520083;65,2;20;65,2;83;63;Offenburg - Singen;Steinbistunnel;Baden-Württemberg;Landkreis Schwarzwald-Baar-Kreis;LINESTRING (3445915.6990091214 5333659.198392943,3445945.071060823 5333671.9620080395,3445974.2619228773 5333681.293497939);LINESTRING (8.27229026444566 48.13863351570141,8.272683264102193 48.13875079318998,8.27307426699649 48.13883718999419);LINESTRING (445861.56127471896 5331966.287951553,445890.9216780997 5331979.046243086,445920.1009385799 5331988.373783132)
4250;Richtungsgleis;65,6 + 32;65,8 + 0;106560032;106580000;65,6;32;65,8;0;168;Offenburg - Singen;Tannenwald-Tunnel;Baden-Württemberg;Landkreis Schwarzwald-Baar-Kreis;LINESTRING (3446284.714797468 5333576.712343873,3446295.605446363 5333561.840543879,3446305.3299431824 5333546.697048818,3446314.581940156 5333530.105554232,3446322.3534376128 5333513.8725595325,3446334.4144336637 5333482.2440698575,3446351.9791039447 5333424.805014843);LINESTRING (8.277258503692805 48.13792303858869,8.277406697463348 48.13779022162666,8.27753925747651 48.13765486269167,8.277665651445263 48.13750644230307,8.277772109036084 48.13736112061718,8.277938136595015 48.13707771432274,8.278181356942895 48.136562666256985);LINESTRING (446230.42890083167 5331883.832121753,446241.3150839165 5331868.9661868075,446251.0355791573 5331853.828674168,446260.2837526295 5331837.243744541,446268.0520212222 5331821.017182533,446280.1079580362 5331789.40124945,446297.66517524654 5331731.985030381)
4250;Richtungsgleis;65,9 + 55;65,9 + 80;106590055;106590080;65,9;55;65,9;80;25;Offenburg - Singen;Tannenbühl-Tunnel;Baden-Württemberg;Landkreis Schwarzwald-Baar-Kreis;LINESTRING (3446426.038931627 5333289.506882573,3446444.008712012 5333271.92052191);LINESTRING (8.279193363889588 48.13535221993132,8.279436990628064 48.13519558565064);LINESTRING (446371.69437814795 5331596.740443631,446389.6568419096 5331579.160980464)
4250;Richtungsgleis;66,2 + 12;66,3 + 5;106620012;106630005;66,2;12;66,3;5;93;Offenburg - Singen;Schieferhalde-Tunnel;Baden-Württemberg;Landkreis Schwarzwald-Baar-Kreis;LINESTRING (3446658.2138475827 5333195.050576829,3446679.7938208035 5333196.773662966,3446700.5518140285 5333199.924161931,3446721.796807094 5333204.634160385,3446749.745222378 5333212.343031639);LINESTRING (8.282324340290701 48.134522329374846,8.282614034421181 48.134539635023216,8.282892507326574 48.13456970730022,8.283177327807897 48.13461384381348,8.283551829036075 48.13468550913038);LINESTRING (446603.77575524006 5331502.3201683955,446625.34711293975 5331504.042403927,446646.09682998783 5331507.191487675,446667.3333638357 5331511.899443682,446695.2706620973 5331519.605023158)
4250;Richtungsgleis;66,5 + 56;68,2 + 53;106650056;106820053;66,5;56;68,2;53;1697;Offenburg - Singen;Sommerautunnel;Baden-Württemberg;Landkreis Schwarzwald-Baar-Kreis;LINESTRING (3446992.953434173 5333206.138225093,3447018.840710108 5333193.172664012,3448492.196036985 5332411.194671066);LINESTRING (8.28681992620659 48.13465003821659,8.287169316725786 48.13453560102363,8.307057406738071 48.12762457348559);LINESTRING (446938.3815842159 5331513.400876139,446964.25841239357 5331500.440305581,448437.0187784715 5330718.76395985)
4250;Richtungsgleis;122,0 + 87;122,2 + 67;112200087;112220067;122;87;122,2;67;180;Offenburg - Singen;Möhringer Tunnel;Baden-Württemberg;Landkreis Tuttlingen;LINESTRING (3482513.661282414 5310420.7955939835,3482533.3800291866 5310430.857114592,3482553.585022524 5310439.5511116935,3482574.4585156376 5310446.957109218,3482596.5805083388 5310453.237107119,3482619.0615009195 5310458.075605496,3482640.814993738 5310461.336104392,3482662.7284865025 5310463.247603734,3482685.400064631 5310463.796828929);LINESTRING (8.764977711117266 47.93170183542582,8.765241187654023 47.93179286563359,8.765511227960486 47.931871609512626,8.765790267660105 47.93193878720788,8.76608606192366 47.93199587145473,8.766386719604544 47.932040000383424,8.766677705821362 47.932069916745625,8.766970888120966 47.93208770429126,8.767274270779017 47.93209325985717);LINESTRING (482444.71364858415 5308736.903948347,482464.4245843053 5308746.961296045,482484.6215618179 5308755.651663574,482505.4867620376 5308763.054541677,482527.5999540144 5308769.331861141,482550.07199143455 5308774.168254961,482571.81680818845 5308777.42728596,482593.721550739 5308779.337855781,482616.38406519237 5308779.886690644)
4250;Richtungsgleis;124,1 + 66;125,0 + 66;112410066;112500066;124,1;66;125;66;900;Offenburg - Singen;Hattinger-Tunnel;Baden-Württemberg;Landkreis Tuttlingen;LINESTRING (3483234.2201766474 5308817.776014226,3482995.0322218556 5307950.332157272);LINESTRING (8.774683241460634 47.91730416793798,8.77151755293299 47.909496321967175);LINESTRING (483164.9722801142 5307134.520139892,482925.87346704915 5306267.425055496)
4251;Streckenachse;4,9 + 24;5,2 + 9;100490024;100520009;4,9;24;5,2;9;285;Hausach - Schiltach;Wolfacher Tunnel;Baden-Württemberg;Landkreis Ortenaukreis;LINESTRING (3442425.38094563 5351385.983137157,3442442.7062163595 5351405.316732349,3442481.4302038145 5351436.952222012,3442524.0926899817 5351463.043713472,3442570.360674968 5351481.826707303,3442618.9996591737 5351493.281203519,3442668.860642972 5351496.119702531,3442677.7278125263 5351495.061300387);LINESTRING (8.22298847339786 48.29773412492334,8.223219325162441 48.29790955645368,8.223736889925386 48.29819755746142,8.224308295171017 48.29843606083764,8.224929292377345 48.29860916857872,8.225583244938202 48.298716587974965,8.226254840350743 48.2987466366342,8.226374487939143 48.29873792325534);LINESTRING (442372.77164268965 5349686.011146241,442390.0901323814 5349705.336881523,442428.79887642944 5349736.959432069,442471.44450298726 5349763.040171332,442517.6941320249 5349781.815307845,442566.31375731993 5349793.264858896,442616.15482891386 5349796.101848285,442625.01844557584 5349795.04380265)
4251;Streckenachse;10,9 + 7;10,9 + 94;101090007;101090094;10,9;7;10,9;94;87;Hausach - Schiltach;Tunnel an der Schmelze;Baden-Württemberg;Landkreis Ortenaukreis;LINESTRING (3447619.912874155 5350504.211112548,3447660.1170182545 5350520.634012749,3447697.4311701627 5350543.094890737);LINESTRING (8.293104625460105 48.290256589902285,8.293644342249065 48.29040760197149,8.294144370799074 48.29061266885029);LINESTRING (447565.220226035 5348804.552597315,447605.40842032834 5348820.968628727,447642.70782327914 5348843.420245568)
4280;Streckenachse;245,4 + 30;254,8 + 15;124540030;125480015;245,4;30;254,8;15;9385;Abzw Bashaide - Weil am Rhein;Katzenbergtunnel Weströhre;Baden-Württemberg;Landkreis Lörrach;LINESTRING (3392091.3450516053 5290332.32160783,3392083.908242545 5290242.751523466,3392077.4422452855 5290135.76355829,3392073.4792472394 5290024.181594625,3392072.3407482533 5289916.1221298305,3392073.643748422 5289816.4981623,3392078.891747496 5289685.049205164,3392084.522246166 5289600.731232677,3392093.126743945 5289503.309764471,3392113.557238418 5289314.808826026,3393013.0919943526 5281400.728913004,3393027.466490464 5281276.557953637,3393051.3049838743 5281092.377513921,3393065.1443143464 5280996.384801191);LINESTRING (7.560125300465868 47.742235094198186,7.560048382667242 47.74142850929349,7.5599887268527235 47.74046547932474,7.5599635748101965 47.739461562455325,7.5599751970356 47.738489789386385,7.5600172684354 47.73759426971966,7.560119809154158 47.736413265295184,7.560215758252426 47.73565608816638,7.5603545896878295 47.73478159216017,7.560673600342612 47.733090159907846,7.57460338789444 47.66208219947335,7.5748250995519575 47.660968114951935,7.575187441050273 47.65931602916711,7.575395111085825 47.658455214332065);LINESTRING (392058.4081040567 5288657.132972373,392050.9736166474 5288567.598757072,392044.5094261547 5288460.653618517,392040.54720070015 5288349.116300212,392039.4083706442 5288241.100051763,392040.7101249596 5288141.5159098655,392045.9550693182 5288010.119475062,392051.58270327246 5287925.835176585,392060.1830519188 5287828.45260028,392080.60400625324 5287640.026886374,392979.72156661504 5279729.105005,392994.08941333037 5279604.983594209,393017.91703740094 5279420.876630751,393031.7501371333 5279324.922202757)
4280;Streckenachse;245,4 + 30;254,8 + 15;124540030;125480015;245,4;30;254,8;15;9385;Abzw Bashaide - Weil am Rhein;Katzenbergtunnel Oströhre;Baden-Württemberg;Landkreis Lörrach;LINESTRING (3392091.3450516053 5290332.32160783,3392083.908242545 5290242.751523466,3392077.4422452855 5290135.76355829,3392073.4792472394 5290024.181594625,3392072.3407482533 5289916.1221298305,3392073.643748422 5289816.4981623,3392078.891747496 5289685.049205164,3392084.522246166 5289600.731232677,3392093.126743945 5289503.309764471,3392113.557238418 5289314.808826026,3393013.0919943526 5281400.728913004,3393027.466490464 5281276.557953637,3393051.3049838743 5281092.377513921,3393065.1443143464 5280996.384801191);LINESTRING (7.560125300465868 47.742235094198186,7.560048382667242 47.74142850929349,7.5599887268527235 47.74046547932474,7.5599635748101965 47.739461562455325,7.5599751970356 47.738489789386385,7.5600172684354 47.73759426971966,7.560119809154158 47.736413265295184,7.560215758252426 47.73565608816638,7.5603545896878295 47.73478159216017,7.560673600342612 47.733090159907846,7.57460338789444 47.66208219947335,7.5748250995519575 47.660968114951935,7.575187441050273 47.65931602916711,7.575395111085825 47.658455214332065);LINESTRING (392058.4081040567 5288657.132972373,392050.9736166474 5288567.598757072,392044.5094261547 5288460.653618517,392040.54720070015 5288349.116300212,392039.4083706442 5288241.100051763,392040.7101249596 5288141.5159098655,392045.9550693182 5288010.119475062,392051.58270327246 5287925.835176585,392060.1830519188 5287828.45260028,392080.60400625324 5287640.026886374,392979.72156661504 5279729.105005,392994.08941333037 5279604.983594209,393017.91703740094 5279420.876630751,393031.7501371333 5279324.922202757)
4300;Richtungsgleis;0,9 + 48;1,4 + 62;100090048;100140062;0,9;48;1,4;62;514;Freiburg - Donaueschingen;Loretto Tunnel;Baden-Württemberg;Stadtkreis Freiburg im Breisgau;LINESTRING (3413139.597144945 5316383.790097975,3413425.051277664 5316241.15580092,3413467.6442862046 5316221.30316959,3413474.5378453503 5316218.45348454,3413597.04348106 5316186.204808536,3413611.0826738607 5316184.513957568);LINESTRING (7.835483364372387 47.97966637331527,7.839335006189994 47.97842255523075,7.839909411194449 47.97824981059142,7.840002303467387 47.97822511974491,7.841649379947914 47.97795171171834,7.84183773120441 47.97793840470139);LINESTRING (413098.4355740052 5314698.030732891,413383.77452762565 5314555.451360199,413426.3503606541 5314535.606352436,413433.24114267086 5314532.757755935,413555.6975615919 5314500.521070357,413569.7311289158 5314498.830791885)
4300;Richtungsgleis;1,9 + 29;2,2 + 31;100190029;100220031;1,9;29;2,2;31;302;Freiburg - Donaueschingen;Sternwald Tunnel;Baden-Württemberg;Stadtkreis Freiburg im Breisgau;LINESTRING (3414035.52806094 5316343.20862215,3414144.4779461655 5316436.2425887445,3414177.367935389 5316462.349580338,3414198.9764283155 5316477.336575522,3414220.645421226 5316490.717071229,3414245.158413211 5316504.24456689,3414277.6965201464 5316520.742078221);LINESTRING (7.847490095456404 47.97942254461775,7.848930584854554 47.980273720563325,7.849365847090697 47.980512883485524,7.849652246121293 47.98065054277301,7.849939777836579 47.980773764217076,7.850265370343558 47.98089868816141,7.850697849632847 47.98105139278129);LINESTRING (413994.00798920466 5314657.458873389,414102.9150015506 5314750.454837847,414135.792033643 5314776.55114826,414157.39199785213 5314791.531991668,414179.05242600455 5314804.906977487,414203.5557172571 5314818.428883498,414236.0809368526 5314834.919558439)
4300;Streckenachse;16,9 + 20;16,9 + 92;101690020;101690092;16,9;20;16,9;92;72;Freiburg - Donaueschingen;Falkensteintunnel;Baden-Württemberg;Landkreis Breisgau-Hochschwarzwald;LINESTRING (3426550.850946528 5311833.774636335,3426564.318409284 5311824.028124879,3426578.7509045927 5311815.052127844,3426593.9313996537 5311807.009630507,3426613.1607300704 5311798.110021173);LINESTRING (8.015876705039082 47.940432379381484,8.016058602691364 47.94034627962918,8.016253283217937 47.94026721896063,8.016457814312462 47.940196638058005,8.016716676075458 47.940118813283625);LINESTRING (426504.29358748265 5310149.735527214,426517.7555932322 5310139.992813454,426532.1822513692 5310131.020298872,426547.3566170802 5310122.980905174,426566.57819289615 5310114.084712259)
4300;Streckenachse;17,2 + 61;17,3 + 80;101720061;101730080;17,2;61;17,3;80;119;Freiburg - Donaueschingen;Unterer Hirschsprungtunnel;Baden-Württemberg;Landkreis Breisgau-Hochschwarzwald;LINESTRING (3426820.320709404 5311631.479849623,3426831.9883223474 5311619.915692183,3426843.9378184685 5311609.550695596,3426892.438302714 5311573.241707574,3426912.3399503957 5311556.286368397);LINESTRING (8.019517408730257 47.93864411737362,8.019675516679268 47.93854146116811,8.019837192449248 47.9384496202382,8.020492415914429 47.93812865408568,8.020761626632357 47.93797845661776);LINESTRING (426773.6541074008 5309947.519638525,426785.31696953665 5309935.960018935,426797.2616110124 5309925.5990786,426845.74243388476 5309889.304250654,426865.6359985187 5309872.355544185)
4300;Streckenachse;17,4 + 97;17,5 + 66;101740097;101750066;17,4;97;17,5;66;69;Freiburg - Donaueschingen;Oberer Hirschsprungtunnel;Baden-Württemberg;Landkreis Breisgau-Hochschwarzwald;LINESTRING (3426980.8095620787 5311461.818540849,3426995.73276928 5311442.894250401,3427025.1791600212 5311409.007901124);LINESTRING (8.021693937613552 47.93713677550085,8.021896851766288 47.93696830214831,8.022296651200254 47.936666938655094);LINESTRING (426934.07753393805 5309777.9249850605,426948.99463413085 5309759.008151494,426978.4290001136 5309725.135134549)
4300;Streckenachse;19,0 + 75;19,2 + 78;101900075;101920078;19;75;19,2;78;203;Freiburg - Donaueschingen;Kehre-Tunnel;Baden-Württemberg;Landkreis Breisgau-Hochschwarzwald;LINESTRING (3427706.102422147 5310319.266955689,3427710.177038575 5310293.719627621,3427716.7015365004 5310269.598135522,3427726.1090334826 5310245.373143462,3427737.5745297885 5310223.170150748,3427751.2860253574 5310202.279657608,3427767.769520019 5310182.188664215,3427785.579014241 5310164.659669986,3427805.2101054043 5310149.009185739);LINESTRING (8.03159178280316 47.92694474990481,8.031650587902128 47.926715477178796,8.031741931117525 47.92649930251017,8.031871863619848 47.92628252223185,8.032028990339336 47.9260841565687,8.032215945467833 47.92589784648147,8.032439852330086 47.925719038004104,8.032681068820171 47.92556341711172,8.032946340359118 47.925424893306705);LINESTRING (427659.0719336646 5308635.824910499,427663.144731859 5308610.287768056,427669.66644251056 5308586.175873299,427679.069998684 5308561.960498641,427690.53074624535 5308539.766299556,427704.23660471226 5308518.884058591,427720.71335979743 5308498.800977166,427738.5156031918 5308481.278860612,427758.1387290536 5308465.634489395)
4300;Streckenachse;22,7 + 51;22,7 + 99;102270051;102270099;22,7;51;22,7;99;48;Freiburg - Donaueschingen;Ravennatunnel;Baden-Württemberg;Landkreis Breisgau-Hochschwarzwald;LINESTRING (3431055.446248212 5309150.259219933,3431093.623247207 5309121.1676101815);LINESTRING (8.076592012799637 47.91680154083368,8.077107362810183 47.91654403803666);LINESTRING (431007.0678540531 5307467.259849642,431045.2293721993 5307438.17959055)
4300;Streckenachse;23,0 + 84;23,3 + 32;102300084;102330032;23;84;23,3;32;248;Freiburg - Donaueschingen;Finsterranktunnel;Baden-Württemberg;Landkreis Breisgau-Hochschwarzwald;LINESTRING (3431237.4740289454 5308880.046480316,3431258.810881882 5308857.77360531,3431282.942374033 5308838.348111719,3431309.3748654244 5308822.193117065,3431323.77436073 5308815.224619376,3431337.6678561987 5308809.577121257,3431366.375846829 5308800.936124143,3431396.9323368464 5308795.839625879,3431426.8908270514 5308794.69462632,3431459.904915153 5308797.3695797715);LINESTRING (8.07907014012729 47.91439118738407,8.079359105335607 47.91419318538682,8.079684996412583 47.91402108752737,8.080041142936794 47.913878645514025,8.080234866261895 47.91381752362227,8.080421610224965 47.91376822639309,8.08080699394543 47.91369359592546,8.081216538331216 47.91365103618051,8.08161745422287 47.913643945176574,8.082058635005861 47.9136715307397);LINESTRING (431189.020848533 5307197.153816639,431210.3490047937 5307174.889690286,431234.4707038775 5307155.471786029,431260.8925063291 5307139.323055842,431275.28619223856 5307132.357238152,431289.1740904195 5307126.711895529,431317.87053784804 5307118.074141288,431348.4147717585 5307112.979454811,431378.3612742257 5307111.83469131,431411.3621810509 5307114.508330641)
4300;Streckenachse;23,7 + 83;23,8 + 65;102370083;102380065;23,7;83;23,8;65;82;Freiburg - Donaueschingen;Löffeltaltunnel;Baden-Württemberg;Landkreis Breisgau-Hochschwarzwald;LINESTRING (3431882.888536512 5308663.50778774,3431901.3516721665 5308658.861171811,3431920.0856660455 5308655.727172877,3431940.2526594526 5308654.033673475,3431963.959299947 5308653.54195954);LINESTRING (8.087737759991882 47.91251285269492,8.087985457704557 47.91247302915079,8.08823653907882 47.912446836196985,8.088506560511709 47.91243374867467,8.088823738425111 47.91243184337884);LINESTRING (431834.1756759623 5306980.696936341,431852.6313944828 5306976.052041824,431871.35787412024 5306972.919157416,431891.5167909472 5306971.226185891,431915.21394838346 5306970.73449304)
4300;Streckenachse;41,5 + 51;41,7 + 18;104150051;104170018;41,5;51;41,7;18;167;Freiburg - Donaueschingen;Finsterbühltunnel;Baden-Württemberg;Landkreis Breisgau-Hochschwarzwald;LINESTRING (3445110.138299731 5303654.186815458,3445129.4343471522 5303647.54234018,3445148.7388408235 5303642.328341923,3445169.336334069 5303638.259343297,3445189.1733275605 5303635.741844153,3445208.1353213377 5303634.587844563,3445227.239815066 5303634.641844577,3445274.541988971 5303638.590281397);LINESTRING (8.265309545345554 47.868733395889315,8.265568287864953 47.868675292267085,8.265826961001567 47.86863005314712,8.26610276964556 47.86859522099538,8.266368216697424 47.868574275941484,8.266621795908929 47.86856551758526,8.266877126377523 47.868567634450656,8.267508833919642 47.86860717945711);LINESTRING (445056.0989537095 5301973.281147155,445075.3872352772 5301966.639185899,445094.68397033773 5301961.427129515,445115.2731963997 5301957.359605244,445135.102238353 5301954.842965616,445154.0566406281 5301953.689286739,445173.1534948371 5301953.743123293,445220.4367818368 5301957.6896297755)
4300;Streckenachse;42,3 + 71;42,5 + 91;104230071;104250091;42,3;71;42,5;91;220;Freiburg - Donaueschingen;Hörnle-Tunnel;Baden-Württemberg;Landkreis Breisgau-Hochschwarzwald;LINESTRING (3445890.972693707 5303472.485648398,3445917.375088758 5303468.91140015,3445945.0765796653 5303467.55390064,3445973.049570478 5303468.566900353,3446000.836561349 5303471.9468992865,3446028.2370523433 5303477.669397453,3446054.1080438364 5303485.368394965,3446079.264035561 5303495.155391789,3446104.068121334 5303507.253530973);LINESTRING (8.275768448080003 47.867165670731794,8.276121762872702 47.867135753271356,8.27649216216576 47.867125879580335,8.276865893363 47.867137345658755,8.277236842891504 47.86717008149658,8.277602334583255 47.867223849926404,8.277947138382892 47.8672952634308,8.278282126446454 47.8673853933778,8.278612124005162 47.867496277100436);LINESTRING (445836.6197408275 5301791.646848855,445863.01155092433 5301788.073833959,445890.70195382484 5301786.716671618,445918.663765661 5301787.729058446,445946.43966951454 5301791.107499245,445973.82924544974 5301796.827505311,445999.68994821544 5301804.523231621,446024.8359526505 5301814.306127499,446049.630209027 5301826.399244057)
4300;Streckenachse;42,8 + 92;42,9 + 97;104280092;104290097;42,8;92;42,9;97;105;Freiburg - Donaueschingen;Setze-Tunnel;Baden-Württemberg;Landkreis Breisgau-Hochschwarzwald;LINESTRING (3446272.9581193477 5303744.29924875,3446276.1489704777 5303770.2663017325,3446277.2659700704 5303796.235293203,3446276.3289703373 5303822.211784667,3446273.2152643017 5303848.8537182445);LINESTRING (8.280839857329639 47.86964221604148,8.280879274250406 47.869876007302835,8.28089097271201 47.87010964231324,8.280875216989136 47.87034317275669,8.280830284759306 47.870582505275195);LINESTRING (446218.45442794304 5302063.348905889,446221.64419592085 5302089.305550196,446222.76094171795 5302115.264147622,446221.8245096477 5302141.2302573,446218.7122466913 5302167.861559133)
4300;Streckenachse;43,7 + 51;43,9 + 55;104370051;104390055;43,7;51;43,9;55;204;Freiburg - Donaueschingen;Kapf-Tunnel;Baden-Württemberg;Landkreis Breisgau-Hochschwarzwald;LINESTRING (3446415.468127394 5304502.662338542,3446425.2409203686 5304521.706555133,3446434.3919173325 5304542.804048217,3446443.354414353 5304567.207040216,3446451.430911663 5304592.921531778,3446458.119409429 5304618.044023538,3446463.9069074895 5304644.414514887,3446468.501905941 5304671.018006154,3446471.8574795444 5304697.438837228);LINESTRING (8.282650465630207 47.87647416138153,8.282778738537063 47.876646244000206,8.282898445636551 47.876836739831255,8.283015223680776 47.87705694642179,8.283119996315056 47.87728887334202,8.28320628901489 47.877515360388244,8.283280383354263 47.87775299551922,8.283338508395023 47.877992626450556,8.283380088184673 47.87823051122315);LINESTRING (446360.9130795566 5302821.407646203,446370.68210586463 5302840.444173877,446379.82960007637 5302861.533161502,446388.78869428777 5302885.926327484,446396.8621528477 5302911.630475107,446403.5481625317 5302936.742870001,446409.3335420957 5302963.102772067,446413.92690066725 5302989.695589734,446417.28132868384 5303016.105829469)
4300;Streckenachse;63,1 + 43;63,6 + 78;106310043;106360078;63,1;43;63,6;78;535;Freiburg - Donaueschingen;Dögginger Tunnel;Baden-Württemberg;Landkreis Schwarzwald-Baar-Kreis;LINESTRING (3457460.5934809716 5306477.666775283,3457490.103782284 5306484.692922023,3457587.1232503564 5306511.014913427,3457624.338738111 5306518.616910948,3457649.194729934 5306521.230410106,3457674.181721715 5306521.765409949,3457699.126713512 5306520.218910476,3457724.8382050567 5306516.413411745,3457750.124196744 5306510.39741374,3457773.859688942 5306502.56891633,3457796.860681383 5306492.791919567,3457819.4486739608 5306480.854423507,3457836.3856683974 5306470.222927018,3457854.351162496 5306457.528931207,3457950.9982026047 5306383.773234368);LINESTRING (8.43010338026494 47.89506382796284,8.430497314903977 47.895128974977084,8.431792123081795 47.89537212689521,8.432289044271066 47.89544295659613,8.432621177682813 47.895468104089595,8.4329552673484 47.89547456663529,8.433288999735748 47.895462305812856,8.433633203668224 47.895429778652414,8.433971933805582 47.89537734263367,8.434290106604399 47.89530850300952,8.43459864718672 47.895222090604044,8.4349018753094 47.89511622007055,8.435129406284174 47.89502172218407,8.435370891727601 47.89490874273475,8.436670500393285 47.89425178233491);LINESTRING (457401.6360677605 5304795.539976069,457431.1346197199 5304802.563092589,457528.11548409436 5304828.873832862,457565.31614532735 5304836.4725123625,457590.1622162282 5304839.084780827,457615.1392191909 5304839.619380288,457640.0742234362 5304838.073313228,457665.7754040372 5304834.26914467,457691.0512384533 5304828.255364092,457714.7771799337 5304820.429820579,457737.7689008602 5304810.656562482,457760.34777097136 5304798.723672259,457777.2779126346 5304788.096301432,457795.23612725345 5304775.407248503,457891.84396591334 5304701.680328936)
4330;Streckenachse;4,7 + 55;5,0 + 20;100470055;100500020;4,7;55;5;20;265;Radolfzell - Mengen;Brandbühl Tunnel  km 4,759... 5,018;Baden-Württemberg;Landkreis Konstanz;LINESTRING (3496856.7717475994 5292430.685533402,3496856.3077644445 5292474.804551973,3496861.9542626147 5292524.457535456,3496874.1642586016 5292572.915019328,3496892.2667526286 5292619.490003826,3496916.4102446446 5292663.242989251,3496928.8985615345 5292680.044095767);LINESTRING (8.957060723933491 47.77013476918412,8.95705420611619 47.77053157088553,8.957129169098286 47.77097817554097,8.957291708809269 47.77141406082873,8.957532880204857 47.771833044194786,8.957854673030907 47.77222667607691,8.958021165893555 47.77237784599517);LINESTRING (496781.95151803433 5290753.882469688,496781.48805230897 5290797.983841422,496787.1326651223 5290847.6169181885,496799.338141133 5290896.054924258,496817.43374382204 5290942.611139748,496841.5679066668 5290986.346439703,496854.0513541554 5291003.140730812)
4331;Streckenachse;17,8 + 66;18,8 + 14;101780066;101880014;17,8;66;18,8;14;948;Stahringen - Friedrichshafen;Überlinger West-Tunnel  km 17,866...18,814;Baden-Württemberg;Landkreis Bodenseekreis;LINESTRING (3511334.971599816 5292382.515054854,3511454.879405088 5292441.895542751,3511545.6913748938 5292483.656528655,3511592.431859346 5292501.258522697,3511640.2638434283 5292515.861017738,3511689.1138271643 5292526.452514116,3511738.6398106674 5292533.212011768,3511788.536794039 5292536.208010673,3511838.5152773773 5292535.31451088,3511888.2872607755 5292530.634012344,3511937.543744339 5292522.094515102,3511986.0087281587 5292509.848519092,3512033.3707123394 5292493.861024336,3512079.3816969628 5292474.321530768,3512123.7206821367 5292451.238038384,3512166.0871679615 5292424.741047143,3512206.400154465 5292395.174556927,3512217.2751486376 5292385.830425629);LINESTRING (9.15021530043469 47.76961176791449,9.151816541222047 47.77014372926011,9.153029175310396 47.77051771738293,9.153653216090945 47.77067519631522,9.154291743013387 47.770805675090806,9.154943747635127 47.77090005746078,9.155604670733457 47.7709599592835,9.156270443762576 47.7709860020216,9.156937199713761 47.770977057634376,9.15760109772442 47.770934053248915,9.158258012078225 47.77085634703069,9.158904263475424 47.770745315759804,9.15953569399062 47.77060065059735,9.160148999135108 47.770424060740595,9.160739895684873 47.770215624418135,9.161304377457814 47.76997652130347,9.161841372783902 47.76970984720665,9.16198619573205 47.76962560263572);LINESTRING (511254.35897353815 5290705.6221335605,511374.21925610426 5290764.9779578885,511464.9952104199 5290806.721549434,511511.71712846763 5290824.3161479095,511559.5300868091 5290838.91243921,511608.36060722865 5290849.499328926,511657.8668280144 5290856.255747962,511707.7438718036 5290859.250171197,511757.70235356095 5290858.356651275,511807.4543893736 5290853.677649325,511856.69110242237 5290845.141196519,511905.13660436845 5290832.899733878,511952.4795196732 5290816.918277773,511998.47194906755 5290797.386254202,512042.793021141 5290774.311662382,512085.14235720225 5290747.824952339,512125.4389922842 5290718.269986932,512136.30956509174 5290708.929512007)
4331;Streckenachse;18,9 + 72;19,5 + 88;101890072;101950088;18,9;72;19,5;88;616;Stahringen - Friedrichshafen;Überlinger Ost-Tunnel  km 18,972...19,587;Baden-Württemberg;Landkreis Bodenseekreis;LINESTRING (3512333.3831370194 5292278.73947261,3512462.6705685672 5292156.850635942,3512497.3880569227 5292120.913147866,3512529.398046176 5292082.503160618,3512558.6725363373 5292041.9866740815,3512584.8905275143 5291999.428688229,3512608.0460197083 5291955.120702964,3512627.555513115 5291909.14221827,3512645.204507141 5291862.343233848,3512663.623000899 5291809.374751488,3512675.6380661437 5291779.422932782);LINESTRING (9.163532177399153 47.76866024368342,9.165253501356469 47.76756152043787,9.165715623599207 47.767237635313975,9.1661415495981 47.76689156314004,9.166530917575997 47.76652659658458,9.166879447587544 47.766143326835994,9.167187068514579 47.765744376101516,9.167445999509036 47.76533047106026,9.167680084138212 47.76490922211578,9.167924251572552 47.76443246977045,9.168083661717342 47.76416285159009);LINESTRING (512252.37029291753 5290601.880528302,512381.6050793168 5290480.039481994,512416.30840665323 5290444.116110057,512448.30529939226 5290405.721248653,512477.56777151243 5290365.220751437,512503.7749520373 5290322.679594808,512526.9208455733 5290278.389162087,512546.4221863597 5290232.428925851,512564.06376589905 5290185.648532238,512582.47449069895 5290132.70110328,512594.4845227339 5290102.761177451)
4410;Streckenachse;2,9 + 42;3,8 + 6;100290042;100380006;2,9;42;3,8;6;864;Weil am Rhein - Lörrach Hbf;Tüllinger Tunnel;Baden-Württemberg;Landkreis Lörrach;LINESTRING (3397735.363923761 5273635.911236593,3398068.840391232 5273950.378381301,3398104.6408792916 5273985.324370103,3398141.538366999 5274019.044859309,3398179.982354212 5274051.035849094,3398220.818840666 5274079.620340008,3398265.0138260555 5274102.96283266,3398311.589810701 5274121.1048270315,3398359.827294836 5274134.180323067,3398409.2392786224 5274141.647820949,3398415.113832535 5274141.806751689);LINESTRING (7.6392693740691815 47.59302764848676,7.643628961133403 47.59590774300409,7.644096739020124 47.59622759336792,7.6445793899208425 47.596536594898154,7.64508300616626 47.59683028619132,7.6456192231011775 47.59709372072557,7.646201307599223 47.597310545384275,7.646816254721712 47.597480979306376,7.6474544674470035 47.597606114045504,7.64810959581446 47.59768100389077,7.648187652524466 47.597683353423555);LINESTRING (397700.04885814944 5271967.358105311,398033.3942588307 5272281.697073011,398069.1806848047 5272316.6288269125,398106.06366287166 5272350.335563329,398144.49250948423 5272382.31348072,398185.3128739071 5272410.88624413,398229.4903562259 5272434.219081172,398276.04784793966 5272452.353482328,398324.2661379633 5272465.423399182,398373.6584172655 5272472.887551998,398379.5306232345 5272473.0463765245)
4540;Streckenachse;86,2 + 69;86,3 + 64;108620069;108630064;86,2;69;86,3;64;95;Ulm - Sigmaringen;Schloßbergtunnel  km 86,269...86,364;Baden-Württemberg;Landkreis Sigmaringen;LINESTRING (3522038.33149673 5325676.719766563,3522015.8780019796 5325697.985440732,3521976.113015321 5325728.254930869,3521964.0367801315 5325735.462739926);LINESTRING (9.294701681151079 48.06877103724195,9.294401491763187 48.06896305920731,9.293869474523994 48.06923664903143,9.293707803462263 48.06930188560913);LINESTRING (521953.6902454212 5323986.425571165,521931.24589513 5324007.682910084,521891.4970466675 5324037.9405955905,521879.42569729796 5324045.1456136685)
4600;Streckenachse;68,7 + 59;69,2 + 52;106870059;106920052;68,7;59;69,2;52;493;Plochingen - Immendingen;Sulzauer Tunnel  km 68,759 ... 69,241;Baden-Württemberg;Landkreis Tübingen;LINESTRING (3487498.3328523627 5367112.6582464,3487176.5441857413 5367223.838928097,3487082.866716552 5367259.096417054,3487032.8703738614 5367275.020855614);LINESTRING (8.830008232658681 48.44166463638958,8.825655510450996 48.442657956500646,8.82438824677158 48.44297309531008,8.823711982634276 48.44311526750199);LINESTRING (487427.82229707896 5365406.056228546,487106.16314473515 5365517.194918148,487012.5234011512 5365552.439026517,486962.5471707214 5365568.35748045)
4600;Streckenachse;94,7 + 0;94,9 + 96;109470000;109490096;94,7;0;94,9;96;296;Plochingen - Immendingen;Sulzer Tunnel  km 94,700 ... 94,996;Baden-Württemberg;Landkreis Rottweil;LINESTRING (3472905.3586738487 5358606.615547479,3472860.364324718 5358584.868316079,3472632.6221326734 5358491.969222911);LINESTRING (8.633321782415123 48.36471113495544,8.632715970646174 48.364513627433276,8.629648562355891 48.363668341702294);LINESTRING (472840.6179324235 5356903.52610153,472795.64140785456 5356881.7879079785,472567.9895667718 5356788.927692552)
4600;Streckenachse;117,3 + 83;117,4 + 86;111730083;111740086;117,3;83;117,4;86;103;Plochingen - Immendingen;Hohensteintunnel  km 117,391 ... 117,494;Baden-Württemberg;Landkreis Rottweil;LINESTRING (3471164.4518583664 5341353.1557715805,3471202.960573768 5341257.681068277);LINESTRING (8.61100740735034 48.20947427588004,8.611532016297046 48.20861741615068);LINESTRING (471100.2763467526 5339656.978687162,471138.76894160756 5339561.541871973)
4600;Streckenachse;120,0 + 28;120,6 + 82;112000028;112060082;120;28;120,6;82;654;Plochingen - Immendingen;Tiersteintunnel  km 120,026 ... 120,682;Baden-Württemberg;Landkreis Rottweil;LINESTRING (3471878.5677546933 5338916.091988837,3471870.018587217 5338343.221944626,3471868.5605875785 5338293.231961027,3471868.686939506 5338262.4906117935);LINESTRING (8.620777270066759 48.187589624941815,8.620700302170034 48.182437356860866,8.620684012111322 48.18198772604094,8.62068775056636 48.18171127087932);LINESTRING (471814.08825858304 5337220.884070732,471805.53817840805 5336648.24318101,471804.0803838607 5336598.273199386,471804.20645286137 5336567.544142643)
4600;Streckenachse;120,8 + 4;121,0 + 73;112080004;112100073;120,8;4;121;73;269;Plochingen - Immendingen;Bernburgtunnel  km 120,805 ... 121,074;Baden-Württemberg;Landkreis Rottweil;LINESTRING (3471876.181282399 5338140.893355261,3471885.5780815366 5338094.588526133,3471899.887576734 5338046.697541805,3471918.3340705796 5338000.239557001,3471940.889063082 5337955.629071577,3471967.2225543507 5337913.144085451,3471980.2466341606 5337895.811248294);LINESTRING (8.6207965934309 48.18061806413353,8.62092602203503 48.18020205585946,8.621121613633234 48.179772000740556,8.621372735946306 48.17935501570965,8.621678977168752 48.17895482679168,8.622035880607996 48.178573919040964,8.622212153706425 48.178418618476485);LINESTRING (471811.6968797078 5336445.995456135,471821.08957125386 5336399.709073258,471835.39298240625 5336351.8371323515,471853.8317487565 5336305.3975866465,471876.37738484197 5336260.804770456,471902.70002482936 5336218.336575019,471915.71876560117 5336201.010570814)
4600;Streckenachse;122,3 + 8;122,4 + 22;112230008;112240022;122,3;8;122,4;22;114;Plochingen - Immendingen;Autunnel  km 122,308 ... 122,422;Baden-Württemberg;Landkreis Rottweil;LINESTRING (3472495.0940575963 5336852.149480011,3472552.9263596986 5336779.185956089,3472562.8960035504 5336760.8831728);LINESTRING (8.629202690111919 48.16905536823002,8.629984907245888 48.168401702365564,8.6301201208949 48.168237534123925);LINESTRING (472430.35242417443 5335157.76227346,472488.1610488362 5335084.827490827,472498.12656769063 5335066.531951544)
4615;Streckenachse;0,2 + 86;0,4 + 58;100020086;100040058;0,2;86;0,4;58;172;Wendlingen - Abzw Rübholz;TU Unterführung BAB;Baden-Württemberg;Landkreis Esslingen;LINESTRING (3527241.541116774 5392067.063288479,3527244.1432481757 5392057.1699990695,3527253.5017448626 5392031.418007431,3527266.7867402425 5392003.606516433,3527289.7367323753 5391967.655528008,3527330.420210048 5391920.83156377);LINESTRING (9.368803521165104 48.66560746264766,9.368838197100944 48.66551838576487,9.3689635525223 48.665286408377774,9.369142075189714 48.66503574037485,9.369451266192712 48.66471145834583,9.370000472810098 48.664288629199866);LINESTRING (527155.3323819917 5390350.175213455,527157.9333955881 5390340.285859879,527167.2879489318 5390314.54409292,527180.567414822 5390286.7436194755,527203.5079492049 5390250.806827939,527244.174793231 5390204.001269946)
4615;Streckenachse;0,7 + 77;0,9 + 74;100070077;100090074;0,7;77;0,9;74;197;Wendlingen - Abzw Rübholz;Abzweig Albvorlandtunnel;Baden-Württemberg;Landkreis Esslingen;LINESTRING (3527556.5801369813 5391692.855947209,3527575.704635798 5391673.426621854,3527684.3089848263 5391541.277550348);LINESTRING (9.373055496674745 48.66222869566597,9.373313813638502 48.66205313974052,9.374779257381958 48.660860024448915);LINESTRING (527470.2425059483 5389976.115050054,527489.3592057667 5389956.693344754,527597.9190952744 5389824.596269098)
4630;Streckenachse;78,7 + 15;78,8 + 40;107870015;107880040;78,7;15;78,8;40;125;Tübingen - Sigmaringen;Wendenbühltunnel  km 78,716 ... 78,840;Baden-Württemberg;Landkreis Sigmaringen;LINESTRING (3510851.036981499 5329064.954558804,3510866.7992120893 5329034.770884179,3510884.9457058874 5328988.4993994245,3510892.4297906794 5328947.995786031);LINESTRING (9.144675220534857 48.09952967096498,9.1448860826217 48.099257950183,9.145128546262951 48.09884150424498,9.145228000886503 48.098477111511585);LINESTRING (510770.8965148163 5327373.390506612,510786.65221039235 5327343.218785302,510804.79109269974 5327296.965670876,510812.271874794 5327256.478202036)
4630;Streckenachse;80,4 + 34;80,7 + 60;108040034;108070060;80,4;34;80,7;60;326;Tübingen - Sigmaringen;Hönbergtunnel  80,435 ... 80,761;Baden-Württemberg;Landkreis Sigmaringen;LINESTRING (3511423.391127581 5327630.306672944,3511414.3765246468 5327565.918868339,3511381.605018511 5327307.152351702);LINESTRING (9.152321580044406 48.086617352909066,9.15219887116592 48.08603844561416,9.151752147908395 48.083711826599355);LINESTRING (511343.0107779229 5325939.312122468,511333.99928927224 5325874.950142456,511301.2389163978 5325616.287385308)
4660;Streckenachse;14,3 + 82;15,0 + 66;101430082;101500066;14,3;82;15;66;684;Tuttlingen - Abzw Inzigkofen;Schanztunnel  km 14,382 ... 15,066;Baden-Württemberg;Landkreis Tuttlingen;LINESTRING (3495959.5202060505 5321664.789948015,3496364.653982338 5321736.465350033,3496414.0909660226 5321744.22884733,3496463.070949864 5321754.126843916,3496511.533433884 5321766.822339582,3496557.8334186347 5321785.011833439,3496600.4564046226 5321811.095824692,3496616.935108577 5321825.6195063675);LINESTRING (8.944810834919089 48.0330538279519,8.950242593786644 48.033700934254874,8.950905429029483 48.03377104191124,8.951562120182691 48.03386033987725,8.95221185119422 48.03397479064108,8.95283254287555 48.03413863633203,8.953403869098228 48.03437345816015,8.953624718274162 48.034504167379765);LINESTRING (495885.2796447643 5319976.299245001,496290.25192476576 5320047.942905398,496339.66919418564 5320055.702922452,496388.62966273125 5320065.596588476,496437.0728596515 5320078.286638517,496483.3544638953 5320096.468505587,496525.9605999272 5320122.541740201,496542.4328230977 5320137.059487541)
4660;Streckenachse;19,2 + 59;19,4 + 40;101920059;101940040;19,2;59;19,4;40;181;Tuttlingen - Abzw Inzigkofen;Käpfletunnel  km 19,260 ... 19,441;Baden-Württemberg;Landkreis Sigmaringen;LINESTRING (3499197.5094251544 5324313.181238032,3499231.125042818 5324330.9364836225,3499270.577029877 5324361.606473357,3499304.079518923 5324398.651961002,3499327.248717474 5324434.706780993);LINESTRING (8.988223175054694 48.056884947431044,8.988674095149218 48.057044675471445,8.989203289557969 48.05732055817485,8.98965266437679 48.05765376928789,8.98996342225015 48.057978056822066);LINESTRING (499121.9938766564 5322623.606628537,499155.5961840655 5322641.354516842,499195.0326246192 5322672.011939163,499228.5219951954 5322709.042354436,499251.68220072665 5322745.082576804)
4660;Streckenachse;31,0 + 35;31,3 + 10;103100035;103130010;31;35;31,3;10;275;Tuttlingen - Abzw Inzigkofen;Thiergartener Tunnel  km 31,036 ... 31,311;Baden-Württemberg;Landkreis Sigmaringen;LINESTRING (3507612.204697735 5327639.305430087,3507627.921278092 5327636.693860222,3507675.111262416 5327620.439365417,3507719.164247749 5327596.857373048,3507758.3687346564 5327565.884883147,3507792.1177233453 5327529.106395188,3507819.191214222 5327487.088408992,3507822.812006112 5327478.635283665);LINESTRING (9.101165183056795 48.08675464224991,9.101376097057361 48.08673096957561,9.102009228293046 48.08658422581593,9.102600117843284 48.08637161661612,9.10312579005638 48.086092596624255,9.103578125118785 48.08576142418184,9.10394075799601 48.08538320972787,9.103989204507272 48.085307143030214);LINESTRING (507533.34881941526 5325948.3363506235,507549.0590935937 5325945.725705579,507596.2300790938 5325929.477352866,507640.2652644625 5325905.904457516,507679.45383434696 5325874.944057815,507713.189043821 5325838.180024062,507740.2513855854 5325796.178638781,507743.8706647975 5325787.728867126)
4660;Streckenachse;34,2 + 11;34,2 + 85;103420011;103420085;34,2;11;34,2;85;74;Tuttlingen - Abzw Inzigkofen;Dietfurter Tunnel  km 34,211 ... 34,285;Baden-Württemberg;Landkreis Sigmaringen;LINESTRING (3509896.8929276667 5326916.926973828,3509928.81001388 5326940.036081728,3509959.7404049393 5326955.454983427);LINESTRING (9.131815420284456 48.0802269185588,9.132244314301891 48.08043425756134,9.132659791326128 48.080572448730834);LINESTRING (509817.1177107573 5325226.2294286275,509849.02220691374 5325249.329049252,509879.94034392445 5325264.741547343)
4700;Streckenachse;2,3 + 18;2,6 + 49;100230018;100260049;2,3;18;2,6;49;331;Stuttgart - Neu-Ulm;Rosensteintunnel (Ferngleise)  km 2,318 ... 2,649;Baden-Württemberg;Stadtkreis Stuttgart;LINESTRING (3515056.92168602 5406816.323964982,3515327.5712334276 5407006.828450767);LINESTRING (9.203924445623127 48.79864938194111,9.207615483810425 48.80035586694769);LINESTRING (514975.69997184054 5405093.633609803,515246.24280413054 5405284.059812824)
4701;Streckenachse;2,3 + 56;2,6 + 87;100230056;100260087;2,3;56;2,6;87;331;Stuttgart - Plochingen;Rosensteintunnel (S-Bahn)  km 2,356 ... 2,687;Baden-Württemberg;Stadtkreis Stuttgart;LINESTRING (3515049.7535983236 5406825.62637031,3515320.7959971414 5407015.6319585005);LINESTRING (9.203827215544173 48.79873320455305,9.207523585700203 48.800435196636755);LINESTRING (514968.53482261684 5405102.932351886,515239.47034536797 5405292.8598537175)
4710;Streckenachse;92,1 + 79;92,7 + 53;109210079;109270053;92,1;79;92,7;53;574;Stg-Bad Cannstatt - Nördlingen;Bildwasentunnel  km 92,179...92,753;Baden-Württemberg;Landkreis Ostalbkreis;LINESTRING (3594066.8093964565 5415547.528524267,3594183.2554888907 5415515.751937877,3594280.1214564797 5415492.263944164,3594622.3665576875 5415404.142748588);LINESTRING (10.281219633770052 48.87022348644743,10.282799216779399 48.869920166734424,10.284113859754449 48.869694312470195,10.288757450164413 48.86885005599173);LINESTRING (593954.0629983624 5413820.720066729,594070.4622620222 5413788.955253556,594167.2892986386 5413765.4758753,594509.3968080576 5413677.387173032)
4720;Streckenachse;6,6 + 32;6,9 + 4;100660032;100690004;6,6;32;6,9;4;272;Untertürkheim - Kornwestheim;Schnarrenbergtunnel  6,632 ... 6,904;Baden-Württemberg;Stadtkreis Stuttgart;LINESTRING (3514987.5927890204 5410025.378123139,3515004.272924519 5410091.318217862,3515025.9559184145 5410188.946185811,3515036.2784155323 5410237.909669739,3515044.2839997527 5410291.190464208);LINESTRING (9.203097322608192 48.82750765456142,9.20332689558017 48.82810020182676,9.20362576638407 48.828977572505835,9.203768142437909 48.829417614341786,9.203879122113962 48.82989653402598);LINESTRING (514906.42388556706 5408301.405285134,514923.0978684441 5408367.318885881,514944.77295757073 5408464.90765161,514955.09171097487 5408513.851478722,514963.0945115349 5408567.110908406)
4760;Streckenachse;16,5 + 11;16,7 + 71;101650011;101670071;16,5;11;16,7;71;260;Aalen - Ulm;Brunnenkopftunnel  km 16,511 ... 16,769;Baden-Württemberg;Landkreis Heidenheim;LINESTRING (3584392.3873189986 5399470.791792171,3584436.631981626 5399393.274919409,3584516.401736648 5399242.305838469);LINESTRING (10.146076092003469 48.72707529652659,10.146661512886915 48.726372387211164,10.147714646976691 48.72500428429729);LINESTRING (584283.3815212023 5397750.491340844,584327.6078685028 5397673.005121557,584407.3445128875 5397522.095791368)
4800;Streckenachse;3,6 + 13;4,2 + 93;100360013;100420093;3,6;13;4,2;93;680;Stuttgart - Bretten;Pragtunnel  km 3,613...4,294;Baden-Württemberg;Stadtkreis Stuttgart;LINESTRING (3513321.1434387644 5407812.78858694,3512791.0495160627 5408239.890939455);LINESTRING (9.180329865634418 48.80764927993268,9.173126370977128 48.811500972506465);LINESTRING (513240.62346122926 5406089.713395035,512710.7448004363 5406516.649129313)
4801;Streckenachse;3,6 + 13;4,2 + 93;100360013;100420093;3,6;13;4,2;93;680;Stuttgart - Bietigheim;Pragtunnel  km 3,613...4,294;Baden-Württemberg;Stadtkreis Stuttgart;LINESTRING (3513308.2246626513 5407796.355509732,3513087.204028883 5407976.097426326,3512778.965034077 5408223.782700846);LINESTRING (9.180153459509057 48.80750178462198,9.177150180045848 48.80912273963114,9.172961341411497 48.81135637023707);LINESTRING (513227.7097214848 5406073.286988909,513006.77885350387 5406252.958769584,512698.66502379614 5406500.547425353)
4812;Streckenachse;10,2 + 31;10,3 + 63;101020031;101030063;10,2;31;10,3;63;132;;;Baden-Württemberg;Landkreis Ludwigsburg;LINESTRING (3512712.2244799496 5412455.251949935,3512679.9292057864 5412517.404949926,3512654.5442241826 5412574.076177936);LINESTRING (9.1721830235155 48.84940808862141,9.171744900565587 48.849967637866364,9.171400756913005 48.85047775214633);LINESTRING (512631.98423242714 5410730.325437991,512599.70235528366 5410792.453841951,512574.3279652564 5410849.102611492)
4813;Richtungsgleis;30,1 + 68;38,3 + 42;103010068;103830042;30,1;68;38,3;42;8174;Stuttgart-Feuerbach - Ulm Hbf;Albvorlandtunnel S-U;Baden-Württemberg;Landkreis Esslingen;LINESTRING (3527523.61122554 5391664.165558075,3528171.729434145 5391025.489828876,3528252.6884068423 5390947.204853813,3528321.1263837833 5390883.269874152,3528381.8833633303 5390828.472891567,3528436.425344982 5390780.709906731,3528514.798318632 5390713.683927994,3528587.309794265 5390653.034447217,3528719.4152499004 5390545.790981181,3528868.539199863 5390429.574517925,3528959.1696694754 5390361.3520394685,3529050.6496388176 5390294.272560632,3529127.522113067 5390239.254577968,3529220.5220819293 5390174.299598416,3529314.3310505357 5390110.517618472,3529408.933518891 5390047.919138136,3529504.3144870014 5389986.5131573975,3529584.3829602436 5389936.260173144,3529664.9729333213 5389886.848188609,3529762.356900802 5389828.670706795,3529860.4638680555 5389771.721224571,3529959.142335133 5389716.083741909,3530041.8458075514 5389670.698256031,3530141.70827426 5389617.379772598,3530242.231740763 5389565.317288749,3530343.399707064 5389514.518304474,3530513.4016504693 5389432.684329743,3530616.2106162608 5389385.294844334,3530702.3330876157 5389346.790356168,3530806.203553079 5389301.775869971,3530893.188024169 5389265.260381137,3530998.065489322 5389222.643894145,3531085.8659601603 5389188.136904646,3531231.6634117537 5389133.000421375,3533201.2347577373 5388400.556643278,3533335.4357131734 5388352.073657929,3533446.0696764616 5388315.010169049,3533518.4841524498 5388292.643675705,3533591.309128316 5388271.65318191,3533664.518604069 5388252.046187649,3533738.087079716 5388233.830192933,3533811.9870552677 5388217.010697753,3533886.1965307305 5388201.594202106,3533960.705006108 5388187.582705995,3534035.465981416 5388174.986209419,3534097.939460792 5388165.572711912,3534173.092935995 5388155.5807144735,3534235.8564152964 5388148.343716248,3534308.8963912204 5388141.1767179,3534460.882341154 5388129.749720191,3534708.0297785313 5388115.364974552);LINESTRING (9.37260605456102 48.66197215004936,9.381360617715469 48.6562001759331,9.382454145577235 48.65549256835588,9.383378679087384 48.654914556045405,9.384199565852663 48.65441905597629,9.384936565975881 48.653987084014474,9.38599567128808 48.653380804763906,9.386975637569327 48.65283212263951,9.388761164970935 48.65186171686515,9.390776967235961 48.65080981198734,9.392002203221345 48.650192153791636,9.393239017895205 48.64958472145572,9.394278410039712 48.64908641550906,9.395535947439965 48.6484979921398,9.396804517024648 48.64792006524492,9.398083909600903 48.64735272960829,9.399373922687195 48.64679606650783,9.400456906856295 48.646340402958224,9.401547008369942 48.64589226712205,9.40286435798607 48.64536450197262,9.404191579337732 48.644847729935705,9.405526623224038 48.644342713264,9.406645607128128 48.64393063589318,9.407996836707271 48.64344638712883,9.409357101119141 48.642973385028824,9.41072617766898 48.64251169751471,9.413026966980857 48.64176757193773,9.414418495008231 48.64133642010525,9.415584239781547 48.64098596532091,9.4169903036223 48.64057608727789,9.41816785695026 48.64024344978142,9.419587721433393 48.63985505407385,9.420776462846767 48.63954041070322,9.422750562387426 48.6390373628482,9.44941570937059 48.632349838975244,9.45123245252945 48.63190674775571,9.452730367655896 48.631567572499975,9.453710956384567 48.6313625810009,9.45469721720759 48.63116993258592,9.45568879866923 48.63098969594623,9.45668535611528 48.63082193975749,9.45768651761454 48.63066671482955,9.458691985945734 48.63052408067971,9.45970161954273 48.63039405574723,9.460714789132112 48.630276732367264,9.46156152474251 48.630188690593755,9.46258022449296 48.63009474990625,9.463431067056275 48.630026250320824,9.4644213218414 48.629957811926225,9.466482183477263 48.629846725751875,9.469833722946667 48.629703747535686);LINESTRING (527437.2865532964 5389947.43639144,528085.1406119443 5389309.010995609,528166.0666001684 5389230.756693155,528234.4767114659 5389166.84674557,528295.2089681298 5389112.071200917,528349.7287670203 5389064.326889768,528428.0698781343 5388997.327101574,528500.5518848537 5388936.701307266,528632.6036777195 5388829.499694494,528781.667089547 5388713.328539777,528872.2607857193 5388645.132634636,528963.7036508273 5388578.079265417,529040.5449561581 5388523.082683248,529133.5072295155 5388458.152951895,529227.2781882498 5388394.395744765,529321.842338646 5388331.821557782,529417.1846867763 5388270.439387453,529497.2207501923 5388220.205873279,529577.7781114558 5388170.813018443,529675.1226831375 5388112.658040352,529773.1899750408 5388055.730565137,529871.8285484539 5388000.114560365,529954.4985952656 5387954.746577515,530054.3207129093 5387901.448635368,530154.8035758055 5387849.406185371,530255.9306906156 5387798.626724646,530425.8640149449 5387716.8241462065,530528.63149959 5387669.452808075,530614.719231726 5387630.963044532,530718.547810063 5387585.965747552,530805.4972127246 5387549.464181205,530910.3324067452 5387506.863916593,530998.0974984937 5387472.370039999,531143.8362180418 5387417.254465924,533112.6142442732 5386685.088192355,533246.7611557633 5386636.62354597,533357.3505884244 5386599.574013652,533429.7359320713 5386577.215898389,533502.5316221894 5386556.233229182,533575.7116692425 5386536.633503226,533649.2505834951 5386518.424217722,533723.1208759977 5386501.610870685,533797.3005556054 5386486.1999596795,533871.7791265367 5386472.193483992,533946.5101074802 5386459.601439979,534008.9585309712 5386450.191218252,534084.0818752019 5386440.202628725,534146.820199655 5386432.9680335885,534219.83091184 5386425.803329924,534371.7559952696 5386414.379712796,534618.8044891027 5386399.9987858785)
4813;Gegenrichtungsgleis;30,1 + 69;38,3 + 23;103010069;103830023;30,1;69;38,3;23;8154;Stuttgart-Feuerbach - Ulm Hbf;Albvorlandtunnel U-S;Baden-Württemberg;Landkreis Esslingen;LINESTRING (3527537.848988261 5391678.865984999,3527599.626627457 5391621.182638773,3527662.095106398 5391561.125657894,3528105.770956733 5391125.711296607,3528202.0399242854 5391034.446325653,3528299.6438914123 5390944.609854221,3528441.3513437263 5390818.789894183,3528585.676795207 5390695.980933134,3528658.8007706422 5390635.722952227,3528747.3812408997 5390564.434474793,3528896.994190701 5390448.125511565,3528987.925660213 5390379.861533118,3529064.3556345995 5390323.856050787,3529141.371108801 5390268.658068182,3529234.550577601 5390203.4955887,3529328.5455461442 5390139.515608819,3529423.341514435 5390076.728128537,3529502.9384878213 5390025.323144663,3529599.163455662 5389964.748163649,3529679.9299286804 5389915.200679159,3529777.5313960877 5389856.870197388,3529859.4238687526 5389809.206712266,3529957.966335873 5389753.367229676,3530040.293808415 5389707.959743808,3530139.7067752704 5389654.609760388,3530239.7807419198 5389602.51027655,3530340.499708369 5389551.669792296,3530424.91418026 5389510.269305095,3530526.7746463534 5389461.756320067,3530629.2361122617 5389414.524334609,3530715.067083713 5389376.147846399,3530818.5860492946 5389331.282860157,3530905.276520481 5389294.88937129,3531009.7994857524 5389252.414884251,3531097.303456689 5389218.022894714,3531242.7514083986 5389163.018411405,3533193.438760654 5388437.565631184,3533317.921719314 5388392.178644909,3533421.1816850416 5388356.7221555775,3533480.454665381 5388337.708161258,3533551.9651416736 5388316.122667667,3533623.869117849 5388295.886173628,3533684.0710979127 5388280.059178255,3533756.6305738967 5388262.316183388,3533817.3430538117 5388248.576187326,3533888.1700303927 5388233.804691496,3533956.279507883 5388220.857695097,3534036.419481411 5388206.983698889,3534136.356948412 5388191.101703147,3534319.608387931 5388165.124209924,3534503.3758273157 5388143.096215392,3534595.4272969672 5388133.566217637,3534693.1542794397 5388124.546981373);LINESTRING (9.372800300715378 48.66210371612983,9.373635070909009 48.66158229150382,9.374479043386696 48.66103948580913,9.380472148217752 48.657104361366656,9.381772629484 48.65627935334366,9.383091285297038 48.65546711592182,9.38500603134239 48.65432928885093,9.386956430323469 48.653218386514645,9.387944722866472 48.65267318874016,9.389142004139037 48.6520280841632,9.391164435106392 48.650975318329785,9.392393752422432 48.65035726893648,9.39342709439837 48.64985011120435,9.394468418158596 48.649350178309724,9.395728381257248 48.64875987860562,9.396999465368525 48.648180160426634,9.398281474837788 48.64761111401032,9.39935800600717 48.64714512374457,9.400659512293098 48.64659587919653,9.401752002958498 48.64614651464006,9.40307229755555 48.645617361004945,9.40418016075689 48.64518486153451,9.405513353571042 48.64467803504811,9.406627241176777 48.64426577798974,9.407972378047523 48.64378126778901,9.409326549507702 48.64330795493877,9.41068953971059 48.64284591633022,9.411831956950435 48.642469540306465,9.413210561675774 48.64202834617759,9.414597391666446 48.64159862539356,9.415759195346112 48.64124933409494,9.417160506720283 48.64084081554351,9.418334084944847 48.64050928785935,9.419749156117032 48.64012218454101,9.420933888325429 48.63980858832263,9.422903264509506 48.639306742165246,9.449312900770016 48.63268304766712,9.450998066456947 48.63226831447261,9.452396084906637 48.63194398580728,9.453198671005833 48.63176984538076,9.454167060887473 48.6315719212342,9.45514089055733 48.631386098474195,9.455956319444395 48.63124054751399,9.456939231140119 48.63107709666144,9.457761745054258 48.630950272384645,9.458721384304988 48.630813620345094,9.459644301791123 48.63069351386934,9.460730344191383 48.63056441148544,9.462084787335936 48.63041616528438,9.464568615689108 48.63017256875009,9.467059747518046 48.629964405345376,9.46830770476609 48.62987363875016,9.469632692559399 48.629787137675656);LINESTRING (527451.518737765 5389962.13082861,527513.2712236423 5389904.470066359,527575.7142544548 5389844.436613254,528019.209292245 5389409.192901377,528115.4390519819 5389317.963673906,528213.0032885903 5389228.162364317,528354.6530936337 5389102.391610918,528498.9198744246 5388979.630632047,528572.014139064 5388919.396176265,528660.5586317432 5388848.135514174,528810.1108471353 5388731.871892636,528901.0054225137 5388663.634501739,528977.4043972314 5388607.6508182315,529054.3886439239 5388552.474306975,529147.5303438187 5388487.337157251,529241.4872265642 5388423.382027899,529336.2447980407 5388360.618915026,529415.8095411691 5388309.233865577,529511.9955579969 5388248.682356058,529592.7293475627 5388199.1540540615,529690.2913310011 5388140.846135489,529772.1506846194 5388093.201070674,529870.6533108841 5388037.383147798,529952.9475080039 5387991.993176686,530052.3203052965 5387938.663750648,530152.3538477994 5387886.584318963,530253.0321419823 5387835.763378351,530337.4125351022 5387794.378787219,530439.2318905899 5387745.884406151,530541.6520155387 5387698.67050769,530627.4483653359 5387660.308695188,530730.9255855156 5387615.460841113,530817.5811067921 5387579.081228233,530922.0619437979 5387536.622909549,531009.5306551079 5387502.243989235,531154.9200155633 5387447.26036505,533104.8216541697 5386722.082441093,533229.2544791774 5386676.712631674,533332.4728756029 5386641.269513923,533391.722004908 5386622.262659785,533463.2037164598 5386600.685239008,533535.0787810748 5386580.456275222,533595.2565635009 5386564.635138243,533667.7868852738 5386546.898671321,533728.47497971 5386533.16369504,533799.273518096 5386518.397552368,533867.3556583371 5386505.455200744,533947.4634765302 5386491.586125894,534047.3608557344 5386475.709699629,534230.5388123501 5386449.74116129,534414.2325932969 5386427.720538098,534506.2471782241 5386418.193631207,534603.9350103831 5386409.177237119)
4813;Streckenachse;43,3 + 20;43,5 + 72;104330020;104350072;43,3;20;43,5;72;253;Stuttgart-Feuerbach - Ulm Hbf;Tunnel Aichelberg;Baden-Württemberg;Landkreis Göppingen;LINESTRING (3539640.3337644213 5388302.666047668,3539731.305109816 5388321.565105252,3539888.0155369574 5388348.65798044);LINESTRING (9.536761230014246 48.631095594366265,9.537997147440635 48.63125977920068,9.54012567625243 48.631493451508405);LINESTRING (539549.137551167 5386587.186326003,539640.0726654638 5386606.077112374,539796.7206367962 5386633.1579241175)
4813;Richtungsgleis;45,3 + 67;54,1 + 75;104530067;105410075;45,3;67;54,1;75;8808;Stuttgart-Feuerbach - Ulm Hbf;Verbindungsbauwerk;Baden-Württemberg;Landkreis Göppingen;LINESTRING (3541657.498670367 5388261.560023332,3541727.106452128 5388234.624113767,3541797.381928692 5388204.745122895,3541866.629405571 5388172.554132794,3541926.3173856176 5388142.518642083,3541993.432863154 5388106.0911533935,3542059.304841077 5388067.460165453,3542123.8608194105 5388026.6686782325,3542184.280799105 5387985.819691075,3542252.1502762674 5387937.216706393,3542319.108753706 5387886.378722459,3542377.713733934 5387839.381237343,3542443.2257118006 5387783.892254956,3542507.1221901802 5387726.551773194,3542565.25067048 5387671.410790769,3542629.3036487387 5387607.278811246,3542691.9146274566 5387541.736832201,3542801.1465902836 5387423.268870117,3546914.149189007 5382915.681314695,3546989.486163315 5382832.650341334,3547050.35714254 5382764.027363364,3547094.952627304 5382712.155380033,3547134.756613689 5382664.323395414,3547212.0910871886 5382566.817426815,3547249.603074311 5382517.167442824,3547293.583059191 5382456.820962296,3547364.3355348115 5382354.438995374,3547431.8450114797 5382249.8895291975,3547491.161990915 5382151.655561026,3547551.572969906 5382045.311595518,3547642.345396141 5381879.180206802);LINESTRING (9.564121727236763 48.63059515661638,9.565063303099306 48.630348314873174,9.566013631410435 48.6300749562823,9.566949771158914 48.629780868673926,9.567756438781165 48.62950679551457,9.568663208439279 48.6291747413589,9.569552874795633 48.62882294931507,9.570424458059465 48.62845181131221,9.571239917687825 48.62808042802249,9.572155629090215 48.62763881179577,9.573058739415275 48.62717715235623,9.57384891236806 48.626750584942585,9.57473189536352 48.62624718771732,9.575592758175954 48.62572724431748,9.576375589899769 48.62522746436956,9.577237844845333 48.62464642790771,9.578080376009394 48.62405280426834,9.579549795647264 48.62298007521273,9.634828552983775 48.58215317117617,9.635840198727307 48.58140091324791,9.636657395776664 48.58077928901947,9.637255899944385 48.58030950685531,9.637789915853896 48.57987640944341,9.63882690172494 48.57899381474332,9.639329623913953 48.578544534934046,9.639918774160144 48.57799858174982,9.640865936246653 48.57707261903505,9.641768871317307 48.57612740316329,9.642561478378935 48.57523958951683,9.643367956642418 48.57427876163467,9.644578974007045 48.572778010626564);LINESTRING (541565.4954703774 5386546.080924861,541635.0752045314 5386519.155241727,541705.3223433708 5386489.287649061,541774.5418754696 5386457.108989862,541834.2057504995 5386427.085042986,541901.2941025808 5386390.671596219,541967.1394350241 5386352.055541192,542031.669277185 5386311.279861257,542092.0647742397 5386270.446736831,542159.906728831 5386221.8626574995,542226.8380304571 5386171.04447991,542285.4192055846 5386124.065330749,542350.9045495761 5386068.598026146,542414.7750255815 5386011.279975325,542472.8798273983 5385956.160589453,542536.9066873807 5385892.053755797,542599.4921134058 5385826.537497854,542708.67946427 5385708.11605793,546820.0018392681 5381202.299011009,546895.3080328103 5381119.300655112,546956.1541296401 5381050.7046455955,547000.7313724442 5380998.853058797,547040.5190648139 5380951.0398925,547117.8218450483 5380853.572315124,547155.3184405082 5380803.941894581,547199.2803630587 5380743.619204883,547270.003739443 5380641.277631091,547337.4853968234 5380536.76945043,547396.7778829288 5380438.574306168,547457.1638674305 5380332.272399672,547547.8986876354 5380166.206744232)
4813;Richtungsgleis;54,6 + 52;59,4 + 98;105460052;105940098;54,6;52;59,4;98;4846;Stuttgart-Feuerbach - Ulm Hbf;Steinbühltunnel Weströhre;Baden-Württemberg;Landkreis Göppingen;LINESTRING (3547870.179558966 5381460.110053858,3548678.2975771315 5379973.721268235,3548729.763559199 5379880.183298615,3548779.2955419654 5379792.650827033,3548831.449523846 5379703.16735607,3548886.3180048116 5379611.8063857,3548932.9679886485 5379536.236410199,3548990.050968896 5379446.242439356,3549048.3279487556 5379357.017468253,3549107.787928233 5379268.576496876,3549158.23491084 5379195.486020518,3549219.8368896237 5379108.523548632,3549314.3983571013 5378979.637090274,3549422.463319997 5378838.678635768,3549522.3762857453 5378713.895176001,3549624.7622506972 5378591.132715546,3549717.815218883 5378483.7472501015,3549812.76118646 5378378.031284089,3550128.270078837 5378039.528892813,3550211.5840504253 5377951.143921196,3550282.175026376 5377878.603944466,3550347.2540042344 5377814.862964884,3550410.477982761 5377756.606983511,3550468.1389632113 5377706.9819993405,3550534.924440607 5377653.463516364,3550603.6504173866 5377602.461532537,3550671.8162309444 5377555.638962192);LINESTRING (9.647618011860922 48.56899236261621,9.65839371434811 48.55556449615162,9.659079917270239 48.55471940347137,9.659740603640222 48.553928458888024,9.660436555582011 48.55311976313987,9.661169032166582 48.5522939693132,9.661792022826479 48.55161080513415,9.662554609780331 48.550797122217354,9.663333434224608 48.54999025597276,9.664128348477043 48.549190341816725,9.66480297839818 48.54852916050526,9.665627030890276 48.5477423632564,9.666892477636948 48.546575989792906,9.668339310631765 48.545299988062474,9.669677593113052 48.54417005774712,9.671049545874608 48.54305808968513,9.672296884783076 48.54208511509681,9.673570009258443 48.54112698932201,9.67780183943165 48.538058061084094,9.678919340831087 48.53725664579657,9.679866442092617 48.536598717162256,9.680739946491055 48.53602034363535,9.681588976423667 48.535491433869666,9.68236370945292 48.53504057519596,9.683261501138354 48.53455396725781,9.684185854150451 48.53408982475125,9.685103112985693 48.53366330166562);LINESTRING (547775.6384447133 5379747.302414437,548583.4216083746 5378261.5017885,548634.8662735568 5378168.000827103,548684.3777600103 5378080.502976963,548736.510181623 5377991.054887247,548791.3560019446 5377899.730027806,548837.9867358807 5377824.189911861,548895.0461805091 5377734.231487896,548953.2991532348 5377645.041746768,549012.7346585786 5377556.635682553,549063.1608920989 5377483.574044377,549124.7375516337 5377396.6458715685,549219.2601891373 5377267.810222114,549327.2808266993 5377126.907299118,549427.1528542484 5377002.172965382,549529.4969077337 5376879.458803294,549622.5118176795 5376772.115559136,549717.4189829652 5376666.441131867,550032.799033932 5376328.071657832,550116.078991137 5376239.721384462,550186.6411654709 5376167.209868216,550251.693615208 5376103.493873,550314.8918505098 5376045.2606967,550372.5293803196 5375995.65510907,550439.2877271831 5375942.157508392,550507.9858170401 5375891.175385125,550576.1240004653 5375844.371008081)
4813;Streckenachse;59,9 + 62;60,3 + 40;105990062;106030040;59,9;62;60,3;40;378;Stuttgart-Feuerbach - Ulm Hbf;Tunnel unter BAB;Baden-Württemberg;Landkreis Alb-Donau-Kreis;LINESTRING (3551085.6551441047 5377344.2382885,3551133.087239638 5377324.518119131,3551278.8431909704 5377275.270133955,3551434.2516391696 5377231.815646762,3551445.3916491806 5377229.340292552);LINESTRING (9.690680428633335 48.53172887906089,9.691320196756568 48.53154769799432,9.693287530131407 48.53109298557799,9.695386223416927 48.53068954569285,9.695536739715902 48.530666375732466);LINESTRING (550989.7957403288 5375633.051644148,551037.2087106353 5375613.338990401,551182.9059802766 5375564.109560178,551338.2519315982 5375520.671234953,551349.3874667119 5375518.196783459)
4813;Streckenachse;61,2 + 25;62,1 + 87;106120025;106210087;61,2;25;62,1;87;962;Stuttgart-Feuerbach - Ulm Hbf;Tunnel Widderstall;Baden-Württemberg;Landkreis Alb-Donau-Kreis;LINESTRING (3552309.3213467626 5377037.371702616,3552981.5796241825 5376888.045744874,3553143.7460701903 5376851.351255372,3553247.5654321155 5376825.080777016);LINESTRING (9.707209150423946 48.5288689018129,9.716291346965166 48.52746987071345,9.718482050917734 48.52712622770945,9.719884175097107 48.526881219732275);LINESTRING (552212.9701259793 5375326.298200349,552884.9583576885 5375177.026696012,553047.0596560339 5375140.345611256,553150.8372884138 5375114.084826012)
4813;Streckenachse;65,0 + 12;65,4 + 6;106500012;106540006;65;12;65,4;6;394;Stuttgart-Feuerbach - Ulm Hbf;Tunnel AS Merklingen;Baden-Württemberg;Landkreis Alb-Donau-Kreis;LINESTRING (3555891.8252164917 5375852.883532959,3556020.254108377 5375840.306060688,3556234.5440373938 5375833.54806073,3556285.104403347 5375833.391818456);LINESTRING (9.755550860189715 48.517909768048646,9.757287472724512 48.5177852459851,9.760186990940742 48.517705355460706,9.760871306326932 48.51769942798402);LINESTRING (555794.0318366507 5374142.255693823,555922.4092624502 5374129.682244116,556136.6134293923 5374122.92526479,556187.1535715982 5374122.768688015)
4813;Streckenachse;72,7 + 21;73,2 + 20;107270021;107320020;72,7;21;73,2;20;499;Stuttgart-Feuerbach - Ulm Hbf;Tunnel Imberg;Baden-Württemberg;Landkreis Alb-Donau-Kreis;LINESTRING (3562408.2477639923 5373622.35777562,3562435.7129599196 5373562.391748954,3562472.19144706 5373489.402772776,3562521.4104298 5373399.616302042,3562574.1029114183 5373312.725830308,3562636.6383897127 5373220.042360391,3562657.3209698284 5373191.032344716);LINESTRING (9.843416955166918 48.49724045255002,9.843779586936078 48.496698523816605,9.844262206525304 48.496038599131985,9.844914666160788 48.4952263666846,9.845614529724482 48.49443982560007,9.846446663567662 48.49360021120415,9.846722118321745 48.49333729947916);LINESTRING (562307.8304370564 5371912.570952995,562335.2841757358 5371852.628697532,562371.7474980197 5371779.668631051,562420.9460877744 5371689.917689082,562473.6168098068 5371603.061560402,562536.1265458622 5371510.414673467,562556.8006250736 5371481.41609959)
4813;Streckenachse;81,9 + 77;87,8 + 74;108190077;108780074;81,9;77;87,8;74;5897;Stuttgart-Feuerbach - Ulm Hbf;Albabstiegstunnel Weströhre;Baden-Württemberg;Stadtkreis Ulm;LINESTRING (3570131.710661515 5368782.94212785,3570184.544336686 5368716.901775861,3570223.769823095 5368664.980792708,3570256.697311664 5368619.326307533,3570290.677799844 5368570.040823558,3570334.240284653 5368503.276845293,3570378.9187690215 5368430.0573691605,3570418.145255248 5368361.185891642,3570462.6747395475 5368276.85791921,3570543.0842109984 5368106.117475126,3570607.272188084 5367958.2750236085,3571018.109041279 5366998.420338483,3571086.5970168356 5366841.211890047,3571162.0294899577 5366672.190945475,3571255.117956848 5366469.193512021,3571353.33242198 5366261.25858016,3571477.1933780974 5366007.483663287,3571594.3538366724 5365775.458739253,3571677.976807152 5365614.288791999,3571793.2567665153 5365397.782862831,3571871.954738811 5365253.5554100005,3571951.09571098 5365111.289456512,3572046.566677443 5364943.20201145,3572129.1166484756 5364800.842057966,3572223.262115472 5364641.700609948,3572286.9825931536 5364535.855144505,3572353.7130697975 5364426.570680183,3572606.802481259 5364016.883313909,3572669.2229594057 5363914.345847392,3572699.921448629 5363861.136364789,3572738.9789348757 5363789.5503882095,3572775.632421922 5363717.832911705,3572793.1899156943 5363681.348923668,3572806.043911112 5363652.396933176,3572819.9874060964 5363616.836444868,3572830.6534022144 5363585.3014552565,3572838.567424921 5363557.560030692);LINESTRING (9.94709717241832 48.452913079033564,9.947800277830096 48.45231338805613,9.948321792014923 48.451842165120375,9.948759218249824 48.451427987848085,9.949210261726579 48.4509810429305,9.949787880681471 48.45037586713601,9.950379486712306 48.44971251846361,9.950898117762206 48.44908887138547,9.951485814222723 48.44832565029049,9.952543901797226 48.446781424007625,9.953386545552444 48.44544489501597,9.95877657498662 48.43676810773265,9.959675410517832 48.4353468331756,9.960666028131577 48.4338185546955,9.961889380371911 48.43198276983547,9.963181063825846 48.430101996187226,9.964811346628325 48.42780612734589,9.966354670049292 48.42570656362181,9.967456893487421 48.42424789090759,9.96897725170256 48.42228804689468,9.970015697138857 48.42098225068463,9.971060409995939 48.41969403176092,9.972321225923743 48.41817176263327,9.973411854839032 48.41688228826449,9.9746561663869 48.4154405843174,9.975498635251425 48.41448156881609,9.976381135342898 48.41349128009148,9.979728722648664 48.40977847346613,9.980554018995063 48.40884931521134,9.980959408972932 48.40836734237178,9.981474500146016 48.40771917098566,9.98195708985005 48.40707009202482,9.98218788329914 48.40674001848241,9.982356459045699 48.40647821159221,9.982538601541806 48.40615685781081,9.982677178086854 48.40587207748342,9.982779246466658 48.405621724686604);LINESTRING (570028.1658548824 5367075.030447959,570080.9778758092 5367009.016099109,570120.1872626243 5366957.115577861,570153.101220234 5366911.479097302,570187.06772765 5366862.213062219,570230.6122611339 5366795.475449609,570275.2722969372 5366722.284912851,570314.4825497199 5366653.440678248,570358.9935576096 5366569.146090302,570439.3695197944 5366398.473317252,570503.5306567581 5366250.689504297,570914.1956119935 5365291.215573736,570982.6549535787 5365134.069477571,571058.0559217951 5364965.115556326,571151.1055535609 5364762.198599733,571249.2790941622 5364554.346079831,571373.0885057398 5364300.671711742,571490.2002712482 5364068.738688312,571573.7885220626 5363907.632559883,571689.0206626347 5363691.212338051,571767.6860186509 5363547.041965106,571846.794212734 5363404.832303401,571942.2256654304 5363236.81135182,572024.7414938735 5363094.5077011045,572118.8480476548 5362935.429178303,572182.5422023643 5362829.625555998,572249.2451248633 5362720.384286988,572502.2300689801 5362310.858829435,572564.6247701192 5362208.361893172,572595.310560285 5362155.173456158,572634.3518590188 5362083.615811162,572670.9901192005 5362011.926737773,572688.5403023503 5361975.457207494,572701.3889279631 5361946.516698492,572715.3265653225 5361910.970326919,572725.9880466015 5361879.4478693735,572733.8986852004 5361851.7174808625)
4813;Streckenachse;81,9 + 82;87,8 + 89;108190082;108780089;81,9;82;87,8;89;5907;Stuttgart-Feuerbach - Ulm Hbf;Albabstiegstunnel Oströhre;Baden-Württemberg;Stadtkreis Ulm;LINESTRING (3570134.9150436847 5368779.104775474,3570184.544336686 5368716.901775861,3570223.769823095 5368664.980792708,3570256.697311664 5368619.326307533,3570290.677799844 5368570.040823558,3570334.240284653 5368503.276845293,3570378.9187690215 5368430.0573691605,3570418.145255248 5368361.185891642,3570462.6747395475 5368276.85791921,3570543.0842109984 5368106.117475126,3570607.272188084 5367958.2750236085,3571018.109041279 5366998.420338483,3571086.5970168356 5366841.211890047,3571162.0294899577 5366672.190945475,3571255.117956848 5366469.193512021,3571353.33242198 5366261.25858016,3571477.1933780974 5366007.483663287,3571594.3538366724 5365775.458739253,3571677.976807152 5365614.288791999,3571793.2567665153 5365397.782862831,3571871.954738811 5365253.5554100005,3571951.09571098 5365111.289456512,3572046.566677443 5364943.20201145,3572129.1166484756 5364800.842057966,3572223.262115472 5364641.700609948,3572286.9825931536 5364535.855144505,3572353.7130697975 5364426.570680183,3572606.802481259 5364016.883313909,3572669.2229594057 5363914.345847392,3572699.921448629 5363861.136364789,3572738.9789348757 5363789.5503882095,3572775.632421922 5363717.832911705,3572793.1899156943 5363681.348923668,3572806.043911112 5363652.396933176,3572819.9874060964 5363616.836444868,3572830.6534022144 5363585.3014552565,3572842.60692538 5363543.125337291);LINESTRING (9.947139844601532 48.45287821844298,9.947800277830096 48.45231338805613,9.948321792014923 48.451842165120375,9.948759218249824 48.451427987848085,9.949210261726579 48.4509810429305,9.949787880681471 48.45037586713601,9.950379486712306 48.44971251846361,9.950898117762206 48.44908887138547,9.951485814222723 48.44832565029049,9.952543901797226 48.446781424007625,9.953386545552444 48.44544489501597,9.95877657498662 48.43676810773265,9.959675410517832 48.4353468331756,9.960666028131577 48.4338185546955,9.961889380371911 48.43198276983547,9.963181063825846 48.430101996187226,9.964811346628325 48.42780612734589,9.966354670049292 48.42570656362181,9.967456893487421 48.42424789090759,9.96897725170256 48.42228804689468,9.970015697138857 48.42098225068463,9.971060409995939 48.41969403176092,9.972321225923743 48.41817176263327,9.973411854839032 48.41688228826449,9.9746561663869 48.4154405843174,9.975498635251425 48.41448156881609,9.976381135342898 48.41349128009148,9.979728722648664 48.40977847346613,9.980554018995063 48.40884931521134,9.980959408972932 48.40836734237178,9.981474500146016 48.40771917098566,9.98195708985005 48.40707009202482,9.98218788329914 48.40674001848241,9.982356459045699 48.40647821159221,9.982538601541806 48.40615685781081,9.982677178086854 48.40587207748342,9.982831296528513 48.40549146764201);LINESTRING (570031.3689250369 5367071.194605467,570080.9778758092 5367009.016099109,570120.1872626243 5366957.115577861,570153.101220234 5366911.479097302,570187.06772765 5366862.213062219,570230.6122611339 5366795.475449609,570275.2722969372 5366722.284912851,570314.4825497199 5366653.440678248,570358.9935576096 5366569.146090302,570439.3695197944 5366398.473317252,570503.5306567581 5366250.689504297,570914.1956119935 5365291.215573736,570982.6549535787 5365134.069477571,571058.0559217951 5364965.115556326,571151.1055535609 5364762.198599733,571249.2790941622 5364554.346079831,571373.0885057398 5364300.671711742,571490.2002712482 5364068.738688312,571573.7885220626 5363907.632559883,571689.0206626347 5363691.212338051,571767.6860186509 5363547.041965106,571846.794212734 5363404.832303401,571942.2256654304 5363236.81135182,572024.7414938735 5363094.5077011045,572118.8480476548 5362935.429178303,572182.5422023643 5362829.625555998,572249.2451248633 5362720.384286988,572502.2300689801 5362310.858829435,572564.6247701192 5362208.361893172,572595.310560285 5362155.173456158,572634.3518590188 5362083.615811162,572670.9901192005 5362011.926737773,572688.5403023503 5361975.457207494,572701.3889279631 5361946.516698492,572715.3265653225 5361910.970326919,572725.9880466015 5361879.4478693735,572737.9364561711 5361837.288530464)
4842;Streckenachse;136,8 + 33;137,5 + 58;113680033;113750058;136,8;33;137,5;58;725;Sersheim - Illingen;Nebenwegtunnel Röhre III  km 136,833 ... 137,558;Baden-Württemberg;Landkreis Ludwigsburg;LINESTRING (3498709.8785693673 5422973.90132093,3498647.456366318 5422950.365695822,3498583.911886697 5422928.227203609,3498515.4389086827 5422907.049711135,3498281.3819837766 5422828.703738782,3498245.6539952536 5422818.191742531,3498207.04900767 5422808.453246061,3498178.6220168234 5422802.367248307,3498133.048031518 5422794.731751219,3498105.08504055 5422791.681752476,3498052.6325575165 5422788.534253998,3498013.116421092 5422788.985082856);LINESTRING (8.981359715656923 48.94412090086738,8.980507658354309 48.94390912586758,8.979640282865388 48.94370990504972,8.978705631428012 48.94351930677931,8.975510850365808 48.9428141799015,8.975023179426572 48.94271955072282,8.974496233430074 48.94263186623658,8.97410821005862 48.942577054164005,8.973486124972156 48.94250825416117,8.973104423010641 48.942480740204985,8.972388421651871 48.9424522690225,8.971848993904722 48.94245619303093);LINESTRING (498635.3179041525 5421244.879211973,498572.92046850605 5421221.353482391,498509.4012157899 5421199.224335966,498440.95544218307 5421178.055843591,498206.9914619028 5421099.743016539,498171.27767235646 5421089.235501267,498132.6880397691 5421079.501199029,498104.2723641259 5421073.417856001,498058.716535849 5421065.78576689,498030.7646983145 5421062.737205638,497978.3331567805 5421059.591374791,497938.832819083 5421060.0423319)
4842;Streckenachse;137,5 + 58;137,9 + 0;113750058;113790000;137,5;58;137,9;0;342;Sersheim - Illingen;Nebenwegtunnel Röhre I  km 137,558 ... 137,900;Baden-Württemberg;Landkreis Ludwigsburg;LINESTRING (3498013.116421092 5422788.985082856,3497971.655583785 5422791.523753805,3497933.019596346 5422795.928252746,3497872.933615924 5422807.153749682,3497823.784131975 5422820.227245917,3497777.0511472714 5422836.286241159,3497732.306161946 5422854.759735598,3497685.150867209 5422876.173437145);LINESTRING (8.971848993904722 48.94245619303093,8.971283008686413 48.942478882045314,8.970755574588843 48.94251835576489,8.969935293537684 48.94261908657041,8.969264291353571 48.94273646869792,8.968626256582194 48.94288070180653,8.968015342330382 48.943046650330956,8.967371503787799 48.943239025010506);LINESTRING (497938.832819083 5421060.0423319,497897.3885741235 5421062.580311686,497858.76806445746 5421066.983351566,497798.7061889304 5421078.204830253,497749.5764528109 5421091.273484149,497702.86227332096 5421107.326424772,497658.1353174158 5421125.792883907,497610.99903847504 5421147.1983936485)
4842;Streckenachse;137,5 + 59;137,9 + 35;113750059;113790035;137,5;59;137,9;35;376;Sersheim - Illingen;Nebenwegtunnel Röhre II  km 137,559 ... 137,935;Baden-Württemberg;Landkreis Ludwigsburg;LINESTRING (3498012.11821714 5422789.04620346,3497971.655583785 5422791.523753805,3497933.019596346 5422795.928252746,3497872.933615924 5422807.153749682,3497823.784131975 5422820.227245917,3497777.0511472714 5422836.286241159,3497732.306161946 5422854.759735598,3497688.028176484 5422874.72122955,3497653.9027134753 5422891.944701836);LINESTRING (8.971835367348458 48.942456739320335,8.971283008686413 48.942478882045314,8.970755574588843 48.94251835576489,8.969935293537684 48.94261908657041,8.969264291353571 48.94273646869792,8.968626256582194 48.94288070180653,8.968015342330382 48.943046650330956,8.967410790348579 48.943225977666785,8.96694484256796 48.943380720907264);LINESTRING (497937.8350146051 5421060.103435864,497897.3885741235 5421062.580311686,497858.76806445746 5421066.983351566,497798.7061889304 5421078.204830253,497749.5764528109 5421091.273484149,497702.86227332096 5421107.326424772,497658.1353174158 5421125.792883907,497613.8751863132 5421145.746744099,497579.7634981769 5421162.963597871)
4850;Streckenachse;3,6 + 14;4,0 + 20;100360014;100400020;3,6;14;4;20;406;Pforzheim - Hochdorf;Brötzinger Tunnel  km 3,614 ... 4,020;Baden-Württemberg;Stadtkreis Pforzheim;LINESTRING (3475809.7151209344 5416179.5798433935,3476047.362479725 5415850.807334275);LINESTRING (8.66915087360549 48.88255245289809,8.672410321496978 48.87960535506935);LINESTRING (475744.25487618346 5414453.451541347,475981.8047081113 5414124.808608073)
4850;Streckenachse;5,1 + 56;5,5 + 27;100510056;100550027;5,1;56;5,5;27;371;Pforzheim - Hochdorf;Weißensteiner Tunnel  km 5,157 ... 5,528;Baden-Württemberg;Stadtkreis Pforzheim;LINESTRING (3476402.439851978 5414779.763290674,3476433.2149835955 5414689.644062031,3476446.5914789042 5414641.513077486,3476455.139475765 5414592.249093348,3476458.568974276 5414542.434109427,3476456.4314745846 5414492.48712559,3476448.4329767926 5414443.165141597,3476441.471627038 5414418.507318158);LINESTRING (8.6773131942801 48.86998808327852,8.67773788886566 48.86917889563086,8.677922996340513 48.86874660657946,8.678042351698359 48.86830394546555,8.678091970262331 48.86785613486039,8.678065716601976 48.86740692548127,8.677959541856888 48.86696311310669,8.677866081703437 48.866741122614165);LINESTRING (476336.7318780888 5413054.189928414,476367.49401239026 5412964.106483772,476380.8647891013 5412915.994634462,476389.40898851433 5412866.750275773,476392.8367311396 5412816.955177128,476390.69969962887 5412767.028174377,476382.704017447 5412717.725966969,476375.74525945133 5412693.078053457)
4850;Streckenachse;7,4 + 2;7,9 + 62;100740002;100790062;7,4;2;7,9;62;560;Pforzheim - Hochdorf;Zelgenbergtunnel  km 7,402 ... 7,962;Baden-Württemberg;Stadtkreis Pforzheim;LINESTRING (3476484.417637229 5412919.5179313095,3476527.1469396027 5412895.542641435,3476568.974925874 5412868.134149983,3476608.16441297 5412837.107159723,3476644.6024009325 5412802.888670513,3476678.1318898136 5412765.8126822505,3476708.418879722 5412726.043194891,3476735.3493706975 5412683.934208305,3476758.634362836 5412639.706722436,3476778.257856145 5412593.7277371595,3476793.887350734 5412546.249252398,3476805.7348465375 5412497.652268026,3476807.24177235 5412487.131444596);LINESTRING (8.678537758877756 48.853263681311354,8.67912137868116 48.85304971403957,8.67969290895259 48.852804837926115,8.680228688394289 48.852527321301814,8.68072715239717 48.852221000032046,8.681186142443801 48.85188887205049,8.681601098229114 48.851532399968136,8.68197044659055 48.85115476318427,8.682290237710049 48.85075793854575,8.682560233522915 48.85034522597176,8.682775890241402 48.84991887936472,8.682940075997935 48.84948233296968,8.682961205521146 48.84938778482007);LINESTRING (476418.6625177553 5411194.68750662,476461.3745561218 5411170.721469909,476503.1856120975 5411143.323610905,476542.3591955241 5411112.308719872,476578.7823549077 5411078.103626864,476612.2981556366 5411041.042199489,476642.5727325871 5411001.288374722,476669.4921341015 5410959.196011825,476692.7674774978 5410914.986024636,476712.3827720173 5410869.025266454,476728.0056526175 5410821.565639044,476739.8480374443 5410772.987988348,476741.35427963664 5410762.471358668)
4850;Streckenachse;27,6 + 45;28,1 + 23;102760045;102810023;27,6;45;28,1;23;478;Pforzheim - Hochdorf;Rudersbergtunnel  km 27,645 ... 28,123;Baden-Württemberg;Landkreis Calw;LINESTRING (3480459.9922735686 5395909.296500347,3480331.2345345668 5395449.761107516);LINESTRING (8.733521105273919 48.700441285060556,8.731793875445046 48.69630490043136);LINESTRING (480392.5167875615 5394191.235167284,480263.80697995564 5393731.884475888)
4850;Streckenachse;31,0 + 72;31,3 + 52;103100072;103130052;31;72;31,3;52;280;Pforzheim - Hochdorf;Schloßbergtunnel (Teinach)  km 31,072...31,352;Baden-Württemberg;Landkreis Calw;LINESTRING (3480131.1770115905 5392746.963048392,3480177.8401141427 5392523.603720386,3480189.328606571 5392473.151308388);LINESTRING (8.729206625090672 48.671993844936885,8.729850925858358 48.66998678643351,8.730009327278077 48.66953346155784);LINESTRING (480063.80862358 5391030.168472003,480110.4513535174 5390806.898079538,480121.93486512435 5390756.465749029)
4850;Streckenachse;34,9 + 40;35,1 + 66;103490040;103510066;34,9;40;35,1;66;226;Pforzheim - Hochdorf;Kengeltunnel  km 34,940...35,166;Baden-Württemberg;Landkreis Calw;LINESTRING (3481014.0380955203 5389502.083317856,3481023.61682003 5389498.018698634,3481067.102805739 5389473.533206327,3481107.286292488 5389443.8312157355,3481143.6792804413 5389409.546726663,3481176.2227696218 5389371.613238794,3481185.007779582 5389358.622882449);LINESTRING (8.741342912106933 48.642841906716676,8.741473078306734 48.642805647430365,8.742064287764942 48.642586784552584,8.742610917622084 48.64232090916442,8.7431063162494 48.64201370836698,8.743549640220897 48.6416735755256,8.743669438386755 48.64155702509567);LINESTRING (480946.29181162314 5387786.579203551,480955.8666756243 5387782.516135656,480999.3350887983 5387758.04009797,481039.50228311407 5387728.3496729005,481075.88045869756 5387694.078610544,481108.4106463402 5387656.160037843,481117.19204443967 5387643.174807359)
4850;Streckenachse;37,2 + 16;37,4 + 69;103720016;103740069;37,2;16;37,4;69;253;Pforzheim - Hochdorf;Wildberger Tunnel  km 37,216...37,469;Baden-Württemberg;Landkreis Calw;LINESTRING (3481126.843397143 5387420.042127325,3481135.390269578 5387232.10293506,3481136.6865883763 5387166.998262049);LINESTRING (8.742968747269709 48.62412255769637,8.743093258845402 48.62243276829108,8.743113813028385 48.62184735193255);LINESTRING (481059.0360093498 5385705.369530853,481067.57802043 5385517.505410209,481068.8733205991 5385452.426755836)
4850;Streckenachse;40,1 + 75;40,3 + 41;104010075;104030041;40,1;75;40,3;41;166;Pforzheim - Hochdorf;Bettenberg Tunnel  km 40,175...40,341;Baden-Württemberg;Landkreis Calw;LINESTRING (3480746.852045313 5384732.594165946,3480713.130891075 5384611.388790533,3480703.142777483 5384572.264106998);LINESTRING (8.737939411744529 48.59994395687054,8.737487864489466 48.59885296913394,8.737354271522594 48.59850082948318);LINESTRING (480679.1759203588 5383018.998927237,480645.4673162747 5382897.842268932,480635.48289525445 5382858.733304225)
4850;Streckenachse;53,8 + 32;55,3 + 89;105380032;105530089;53,8;32;55,3;89;1557;Pforzheim - Hochdorf;Hochdorfer Tunnel  km 53,832... 55,389;Baden-Württemberg;Landkreis Calw;LINESTRING (3477779.3441213104 5373021.587103117,3477824.72876795 5372970.706598966,3477895.700244464 5372900.107621635,3478859.2824279657 5371900.450462689);LINESTRING (8.698332320227202 48.49453287055788,8.698949080322873 48.49407692644121,8.699913057662554 48.493444560266425,8.71300072711194 48.484488200848986);LINESTRING (477712.76462511736 5371312.696826579,477758.1307378055 5371261.83631866,477829.07329990144 5371191.265025845,478792.2625942719 5370192.000188605)
4860;Streckenachse;4,4 + 85;5,0 + 64;100440085;100500064;4,4;85;5;64;579;Stuttgart - Horb;Kriegsbergtunnel  km 4,485...5,064;Baden-Württemberg;Stadtkreis Stuttgart;LINESTRING (3512806.8001699965 5405993.0884093745,3512696.5121370787 5405959.861587715,3512599.750668393 5405934.468596912,3512407.14923069 5405880.552116313,3512310.1997620696 5405855.692625333,3512249.6669013985 5405836.826134549);LINESTRING (9.173271196895051 48.79129676011705,9.171769199023847 48.7910002230218,9.170451546638716 48.79077383822218,9.16782872441522 48.7902928546273,9.166508565472643 48.790071225796325,9.165684197568305 48.78990276068775);LINESTRING (512726.4716077541 5404270.74477617,512616.22740763694 5404237.532100258,512519.5044251057 5404212.15001746,512326.97956684564 5404158.256597201,512230.0686636875 5404133.407802296,512169.55985622515 5404114.549327176)
4860;Streckenachse;8,9 + 23;9,1 + 81;100890023;100910081;8,9;23;9,1;81;258;Stuttgart - Horb;Hasenbergtunnel  km 8,923...9,181;Baden-Württemberg;Stadtkreis Stuttgart;LINESTRING (3510952.6038730075 5403175.027576954,3510958.833177677 5403148.078021251,3510963.6231756597 5403098.325037443,3510962.4216755955 5403048.366053756,3510954.774177639 5402998.978069945,3510941.2526816097 5402950.866085768,3510929.3484692597 5402922.99386644);LINESTRING (9.14796172971321 48.765990980169526,9.148045753332385 48.7657485310552,9.148109594593576 48.76530105028072,9.148091929866624 48.76485182181681,9.147986599583094 48.7644078406334,9.147801405130535 48.76397543612353,9.14763874598379 48.76372500651417);LINESTRING (510872.9946170538 5401453.825121106,510879.2212211392 5401426.886291776,510884.0089161602 5401377.15316281,510882.8075069058 5401327.214163051,510875.162681299 5401277.845985137,510861.64621597464 5401229.753342492,510849.7465455606 5401201.892359837)
4860;Streckenachse;17,6 + 2;17,8 + 2;101760002;101780002;17,6;2;17,8;2;200;Stuttgart - Horb;Berghautunnel  km 17,617...17,817;Baden-Württemberg;Stadtkreis Stuttgart;LINESTRING (3507994.3059357135 5397100.248145139,3507823.4751162753 5396996.108636224);LINESTRING (9.107603796000305 48.711408668006264,9.105280571582389 48.71047434308776);LINESTRING (507915.8321025168 5395381.497565488,507745.0687721866 5395277.401022884)
4860;Richtungsgleis;63,2 + 79;63,5 + 88;106320079;106350088;63,2;79;63,5;88;309;Stuttgart - Horb;Mühlener Tunnel  km 63,280...63,589;Baden-Württemberg;Landkreis Freudenstadt;LINESTRING (3480253.950500706 5368507.532153622,3480236.8469589967 5368472.638054896,3480216.0174656324 5368438.969065996,3480191.9409733377 5368407.540076375,3480167.6929811253 5368381.427085021,3480138.130990647 5368355.091593765,3480109.400999922 5368334.009600785,3480075.410010918 5368313.710107579,3480040.2459558635 5368297.174851767);LINESTRING (8.732027525482525 48.45402205097178,8.731797952110448 48.45370771740605,8.731517952195492 48.4534042829564,8.731193953223805 48.453120889059,8.730867386688578 48.452885294387784,8.73046899468033 48.452647529598075,8.730081603577336 48.45245703333981,8.72962305596337 48.452273405480085,8.729148473288175 48.452123589391555);LINESTRING (480186.3471193975 5366800.427827257,480169.25014924875 5366765.547811403,480148.42872651655 5366731.892444004,480124.36162019026 5366700.476205062,480100.12312315335 5366674.373840132,480070.5727507842 5366648.0491048815,480041.85408567975 5366626.975760977,480007.8765317201 5366606.684644178,479972.726409495 5366590.156268632)
4861;Streckenachse;-0,0 + -8;2,6 + 20;99999992;100260020;0;-8;2,6;20;2628;Stuttgart - Filderstadt;S-Bahn-Tunnel (Los 4) Hst Stg Hbf  km -0,008...0,068;Baden-Württemberg;Stadtkreis Stuttgart;LINESTRING (3513375.9604700482 5405214.694730665,3513318.994426166 5405122.976354924,3513114.28698971 5404779.364968979,3513035.908014078 5404651.463511455,3513008.571522603 5404609.61052537,3512979.5750316805 5404568.878038934,3512949.020041277 5404529.312052133,3512882.9210621375 5404454.294577233,3512819.2125822 5404377.249102968,3512696.87762063 5404219.04315574,3512668.293129572 5404177.961169411,3512638.4316389402 5404137.926682759,3512604.774649576 5404100.949695141,3512567.84516131 5404067.349206445,3512527.3366742525 5404038.156216349,3512484.1846880945 5404012.894724995,3512438.9537026524 5403991.693232333,3512115.4863069276 5403857.909278992,3512023.8578364453 5403817.895292896,3511839.530395901 5403745.333818277,3511799.970408655 5403729.062823952,3511712.283936975 5403698.589334704,3511486.9110096693 5403609.855365731,3511445.791713701 5403594.385464906);LINESTRING (9.18099207073371 48.78428528198526,9.180213939753159 48.78346173668892,9.177417492388297 48.78037619695462,9.176346986646292 48.77922770313343,9.175973720975955 48.77885191625895,9.175577909819864 48.778486238491325,9.175160935883117 48.77813108114618,9.174259254085014 48.77745786353907,9.173390057978295 48.77676635333662,9.171720753342715 48.775346206346725,9.171330595266546 48.774977362501126,9.17092310116661 48.774617962569245,9.170464068157141 48.77428613170332,9.169960621565842 48.773984727345166,9.169408622580711 48.77372302615614,9.168820783594407 48.773496728429755,9.16820478759322 48.773306977919475,9.163800173591987 48.77211028954459,9.162552455901313 48.771752235508025,9.160042723827102 48.77110324839323,9.159504078671752 48.770957680310524,9.158310316911738 48.77068529746202,9.155241865153055 48.76989154275352,9.154682056351492 48.769753184377436);LINESTRING (513295.39828322304 5403492.65786851,513238.45429794316 5403400.976608301,513033.82601991645 5403057.504202975,512955.47738141683 5402929.654494798,512928.15149225056 5402887.818455744,512899.1662760523 5402847.102481299,512868.6231925684 5402807.5525522595,512802.5500539879 5402732.565586754,512738.86644309666 5402655.5514140455,512616.5791558319 5402497.409675472,512588.0057721325 5402456.344337622,512558.15590758173 5402416.326090597,512524.51208559296 5402379.364149771,512487.597099392 5402345.777383411,512447.1045796697 5402316.596381366,512403.9696483909 5402291.34532679,512358.7565806887 5402270.152663853,512035.4174620994 5402136.424723827,511943.8253121166 5402096.427450968,511759.5709988102 5402023.89642582,511720.02670054144 5402007.632245555,511632.3750478007 5401977.171624204,511407.0915313866 5401888.474890695,511365.9885540521 5401873.011495743)
4861;Streckenachse;2,6 + 20;5,0 + 0;100260020;100500000;2,6;20;5;0;2380;;;Baden-Württemberg;Stadtkreis Stuttgart;LINESTRING (3511445.791713701 5403594.385464906,3511353.7595526604 5403562.200382506,3511272.924578796 5403537.190891409,3511162.924114309 5403497.452905382,3511089.8671378493 5403466.0504163,3510951.8101822557 5403398.247439685,3510899.3091991097 5403368.790949779,3510290.4158944124 5403008.928572737,3509710.6900803577 5402664.628690313,3509555.134130244 5402571.258722176,3509462.0636600456 5402510.196742937,3509391.7846825714 5402466.484257829,3509366.2668689354 5402448.967729316);LINESTRING (9.154682056351492 48.769753184377436,9.153429184514456 48.76946543896411,9.152328845081465 48.7692420040632,9.150831361989551 48.76888663490547,9.149836683885344 48.76860554943482,9.147956831202608 48.767998268130626,9.147241866834234 48.767734299814734,9.13894998298694 48.76450857463938,9.131056247711943 48.76142174327843,9.128938289097213 48.76058451303404,9.127671011286928 48.76003683056212,9.126714142321985 48.759644806757066,9.126366676349914 48.75948767273045);LINESTRING (511365.9885540521 5401873.011495743,511273.9929359858 5401840.83999934,511193.19008448 5401815.8411379475,511083.23328769486 5401776.119897778,511010.2052741318 5401744.7305337265,510872.20298422175 5401676.955742569,510819.7227609836 5401647.5114392955,510211.0700826691 5401287.797688952,509631.57335591107 5400943.639982184,509476.0788684697 5400850.308557196,509383.04513143655 5400789.271716823,509312.7939104383 5400745.577256332,509287.28616217483 5400728.067930059)
4861;Streckenachse;2,6 + 21;5,0 + 0;100260021;100500000;2,6;21;5;0;2379;;;Baden-Württemberg;Stadtkreis Stuttgart;LINESTRING (3511444.8518522 5403594.031870228,3511353.7595526604 5403562.200382506,3511272.924578796 5403537.190891409,3511162.924114309 5403497.452905382,3511089.8671378493 5403466.0504163,3510951.8101822557 5403398.247439685,3510899.3091991097 5403368.790949779,3510290.4158944124 5403008.928572737,3509710.6900803577 5402664.628690313,3509555.134130244 5402571.258722176,3509462.0636600456 5402510.196742937,3509391.7846825714 5402466.484257829,3509366.2668689354 5402448.967729316);LINESTRING (9.15466926086819 48.76975002189574,9.153429184514456 48.76946543896411,9.152328845081465 48.7692420040632,9.150831361989551 48.76888663490547,9.149836683885344 48.76860554943482,9.147956831202608 48.767998268130626,9.147241866834234 48.767734299814734,9.13894998298694 48.76450857463938,9.131056247711943 48.76142174327843,9.128938289097213 48.76058451303404,9.127671011286928 48.76003683056212,9.126714142321985 48.759644806757066,9.126366676349914 48.75948767273045);LINESTRING (511365.0490655447 5401872.65804977,511273.9929359858 5401840.83999934,511193.19008448 5401815.8411379475,511083.23328769486 5401776.119897778,511010.2052741318 5401744.7305337265,510872.20298422175 5401676.955742569,510819.7227609836 5401647.5114392955,510211.0700826691 5401287.797688952,509631.57335591107 5400943.639982184,509476.0788684697 5400850.308557196,509383.04513143655 5400789.271716823,509312.7939104383 5400745.577256332,509287.28616217483 5400728.067930059)
4861;Streckenachse;5,0 + 0;7,3 + 51;100500000;100730051;5;0;7,3;51;2351;;;Baden-Württemberg;Stadtkreis Stuttgart;LINESTRING (3509366.2668689354 5402448.967729316,3508032.8136185114 5401658.721533456,3507991.229631826 5401631.008542863,3507951.8571443916 5401600.183053264,3507915.3806559844 5401566.092564711,3507882.610666336 5401528.34457731,3507853.85817535 5401487.456590902,3507829.2456829916 5401443.959105308,3507809.202689123 5401398.178120421,3507793.718193753 5401350.655136059,3507783.164696764 5401301.800152088,3507777.610198138 5401252.153168336,3507776.789197966 5401202.1601846535,3507780.6886962554 5401152.36720086,3507795.386690592 5401053.384233024,3507805.4536868786 5401004.423248906,3507818.879621182 5400955.246827827);LINESTRING (9.126366676349914 48.75948767273045,9.108215001505833 48.7523999381185,9.107648961236942 48.75215126180731,9.107112941297986 48.75187456589557,9.106616247663778 48.751568470840084,9.106169894919459 48.75122943746734,9.105778121909063 48.750862116039144,9.105442603919771 48.750471276050256,9.105169186804828 48.75005984417713,9.104957729942232 48.74963269038,9.104813304993376 48.74919349727242,9.104736845081701 48.74874712016161,9.104724746486635 48.74829757307758,9.104776840926117 48.747849766054756,9.104974848863794 48.746959488781584,9.105110818391768 48.746519086712,9.105292454547245 48.74607670540207);LINESTRING (509287.28616217483 5400728.067930059,507954.3598618359 5399938.148074323,507912.7922843376 5399910.446487629,507873.43529771845 5399879.633629131,507836.9731269111 5399845.557054522,507804.21594456077 5399807.824414533,507775.4746302665 5399766.952999676,507750.871639149 5399723.473096721,507730.8363018992 5399677.710571874,507715.3576271395 5399630.206708549,507704.8079690195 5399581.371339782,507699.25530453894 5399531.744248977,507698.4342434046 5399481.771259732,507702.33179507067 5399431.998153676,507717.02314269077 5399333.054646536,507727.0857331141 5399284.113159518,507740.50591699686 5399234.956295532)
4861;Streckenachse;7,3 + 51;8,2 + 11;100730051;100820011;7,3;51;8,2;11;860;;;Baden-Württemberg;Stadtkreis Stuttgart;LINESTRING (3507818.879621182 5400955.246827827,3507834.7346764896 5400908.895779814,3507846.985672231 5400878.82878952,3507860.566667542 5400849.27679904,3507876.5951620415 5400818.169309045,3507902.1786533208 5400775.1483228635,3507930.125643843 5400733.781836111,3507989.47762378 5400653.311361847,3508083.271092161 5400536.153899253,3508116.354581042 5400498.703411182,3508152.8025688548 5400464.548922007,3508191.8750558374 5400433.407931825,3508233.762041936 5400406.202440337,3508303.93851867 5400363.278953728,3508359.973500062 5400325.617465526,3508368.9612832954 5400318.6977209);LINESTRING (9.105292454547245 48.74607670540207,9.105507170320973 48.74565970043324,9.105673184387367 48.74538917296032,9.105857290682525 48.745123259705,9.106074644570766 48.74484332780341,9.106421689617472 48.744456144420646,9.106800897188387 48.74408380811307,9.10760635644309 48.74335943309834,9.108879364683622 48.74230470596129,9.109328451938888 48.74196750945656,9.109823342395853 48.74165990656308,9.110353969340347 48.74137936598043,9.110922934541156 48.74113417573567,9.111876206140625 48.74074726689962,9.112637302210864 48.740407856458695,9.112759360287416 48.740345511644826);LINESTRING (507740.50591699686 5399234.956295532,507756.3542727304 5399188.623656082,507768.6001365406 5399158.5685917465,507782.1754722034 5399129.028310971,507798.1973164489 5399097.933133555,507823.7702446979 5399054.929148805,507851.705740151 5399013.578983602,507911.0333650588 5398933.140220946,508004.7884232555 5398816.028870066,508037.8583939738 5398778.5930979075,508074.29154416034 5398744.451980658,508113.34816770407 5398713.3231371185,508155.2181957645 5398686.128196876,508225.3662820545 5398643.221325678,508281.3785676681 5398605.574459117,508290.362703747 5398598.657411186)
4861;Streckenachse;22,1 + 10;22,6 + 3;102210010;102260003;22,1;10;22,6;3;493;;;Baden-Württemberg;Landkreis Esslingen;LINESTRING (3511904.235580368 5394992.471847769,3511994.3482670095 5394993.36917547,3512194.2672017245 5394998.339672116,3512294.243669058 5394998.842171083,3512396.7705470147 5394991.783631793);LINESTRING (9.16067195270345 48.69239268144454,9.161895976840167 48.692399036261484,9.164611616276352 48.69243988341678,9.165969609712791 48.69244245278886,9.16736201953254 48.69237696327816);LINESTRING (511824.18211562163 5393274.533615762,511914.2587805207 5393275.429883421,512114.09782255476 5393280.396836808,512214.03432128817 5393280.898356765,512316.52015206916 5393273.841841819)
4861;Streckenachse;22,3 + 78;22,6 + 2;102230078;102260002;22,3;78;22,6;2;224;;;Baden-Württemberg;Landkreis Esslingen;LINESTRING (3512172.1013927036 5394997.899283183,3512294.243669058 5394998.842171083,3512395.7893484635 5394991.975278425);LINESTRING (9.164310525542291 48.692436353239486,9.165969609712791 48.69244245278886,9.167348697666425 48.69237870602456);LINESTRING (512091.94087241916 5393279.956796471,512214.03432128817 5393280.898356765,512315.53934731224 5393274.033419458)
4861;Streckenachse;23,9 + 11;25,0 + 1;102390011;102500001;23,9;11;25;1;1090;;;Baden-Württemberg;Landkreis Esslingen;LINESTRING (3513675.582374136 5394729.388585238,3513714.0997025883 5394723.290748819,3513763.8226862885 5394718.129250069,3513813.766669942 5394715.827250383,3513863.7576536047 5394716.409749756,3513913.5861373493 5394720.271248054,3514062.477088837 5394738.782240698,3514161.003056778 5394755.876234241,3514212.656539993 5394767.5057299845,3514263.911523355 5394781.020225117,3514308.794508804 5394794.922220175,3514353.3329943754 5394809.961714863,3514447.3859639256 5394843.944202916,3514551.8814300653 5394878.279190769,3514735.0790587375 5394931.88208871);LINESTRING (9.184723421089194 48.68999083037119,9.185246373954923 48.68993515538648,9.185921554962077 48.68988765234423,9.18659983142667 48.68986585438572,9.187278841899854 48.68986999010989,9.187955755151238 48.68990361166695,9.189978659994656 48.6900667519555,9.19131745394196 48.690218253061275,9.192019428032017 48.69032166283777,9.19271605711177 48.690442028143565,9.193326155488155 48.69056601914465,9.19393161698713 48.69070024368983,9.19521027216809 48.6910036706341,9.196630791802049 48.691310011050334,9.199121002484052 48.691787755785896);LINESTRING (513594.81864033994 5393011.541757776,513633.320521197 5393005.446059667,513683.02358430653 5393000.286237587,513732.94758126605 5392997.98476948,513782.91858189733 5392998.5666467,513832.72717310913 5393002.426213006,513981.55873860244 5393020.928644712,514080.045446614 5393038.015036035,514131.6783680858 5393049.639479509,514182.9129637118 5393063.148171754,514227.7781121197 5393077.044258595,514272.2989072476 5393092.077392915,514366.3145367851 5393126.045560652,514470.7684904902 5393160.366005877,514653.8932897279 5393213.946043893)
4861;Streckenachse;25,0 + 1;25,3 + 94;102500001;102530094;25;1;25,3;94;404;;;Baden-Württemberg;Landkreis Esslingen;LINESTRING (3514735.0790587375 5394931.88208871,3514772.780858416 5394943.164667595,3514831.0148394955 5394956.657162671,3514869.623326917 5394961.762160659,3514908.7393141394 5394962.99265991,3514930.4473070377 5394962.582659853,3514964.6482958235 5394958.895160757,3514990.247287413 5394954.387162002,3515028.5402748026 5394944.2076649945,3515074.701759549 5394926.112170508,3515113.749225009 5394905.036404081);LINESTRING (9.199121002484052 48.691787755785896,9.199633498901765 48.691888326987645,9.20042496140184 48.692008283344,9.200949556887139 48.692053275725684,9.201480907519489 48.69206341246582,9.201775749175784 48.69205920925249,9.202240163135427 48.69202523466396,9.202587707392485 48.69198408553851,9.203107466060484 48.69189163077,9.203733811535127 48.69172780049995,9.204263416802196 48.691537338372605);LINESTRING (514653.8932897279 5393213.946043893,514691.5801031717 5393225.223817792,514749.79090595094 5393238.71046431,514788.3839964981 5393243.813120334,514827.48435375124 5393245.042822879,514849.1836640535 5393244.632817663,514883.3709496952 5393240.946526597,514908.9596710434 5393236.440130956,514947.2372686258 5393226.264405919,514993.3801558675 5393208.175787314,515032.4118449669 5393187.1081438465)
4861;Streckenachse;25,3 + 94;27,5 + 68;102530094;102750068;25,3;94;27,5;68;2174;Stuttgart - Filderstadt;S-Bahn-TU Los 601;Baden-Württemberg;Landkreis Esslingen;LINESTRING (3515113.749225009 5394905.036404081,3515119.031744842 5394902.185177943,3515160.4427310526 5394874.132686749,3515198.148218433 5394841.341197143,3515231.7202071263 5394804.314208958,3515259.9846975193 5394763.164722171,3515282.3731898027 5394718.512736581,3515298.496184111 5394671.187251921,3515308.6736803507 5394622.301267823,3515312.8571785404 5394572.479284087,3515311.070678683 5394522.573300428,3515293.2926831786 5394373.6093493225,3515278.8271870348 5394274.642381827,3515219.1747026104 5393828.572028302,3515215.5592033546 5393778.741044639,3515216.5347025963 5393728.757560985,3515222.1672003176 5393679.132577175,3515232.8296964015 5393630.301593059,3515248.4216908836 5393582.81360846,3515268.5781838894 5393537.072123252,3515293.300675422 5393493.62813725,3515322.1396656306 5393452.805650356,3515354.9971545525 5393415.141662394,3515391.371142354 5393380.867173292,3515431.053629107 5393350.485182884,3515473.5136149866 5393324.113691142,3515518.442600098 5393302.213197919,3515565.489584558 5393285.1897030715,3515613.68506868 5393272.27070688,3515672.1530494704 5393262.796209463,3515755.127022242 5393253.013211934,3515861.936987149 5393235.730716654,3515878.781720335 5393233.609027854);LINESTRING (9.204263416802196 48.691537338372605,9.204335063919329 48.69151157159743,9.204896512840783 48.69125831182993,9.205407452543401 48.690962523974626,9.205862087803533 48.690628746781705,9.206244477183136 48.690258025618284,9.20654692274543 48.689855950355835,9.206764166136056 48.68942998584353,9.206900596471561 48.688990133326676,9.206955580054132 48.68854201004618,9.206929476393912 48.68809327708364,9.20668253528179 48.686754161104325,9.20648243340602 48.68586455870353,9.205655942748065 48.68185474418675,9.205605019249148 48.68140672916586,9.205616436198877 48.680957231426014,9.205691106912981 48.680510844492524,9.205834110888125 48.68007147540431,9.206044101803974 48.67964406320959,9.206316136454785 48.67923224488277,9.206650254217935 48.67884097479461,9.207040362156889 48.678473176940685,9.207485148678476 48.678133682102946,9.207977805315712 48.67782457922251,9.208515526332798 48.677550396008456,9.209091106119363 48.67731220603652,9.209700373496363 48.67711415739568,9.210338578572246 48.67695990919549,9.210992529121834 48.676842538409176,9.211786093838615 48.6767558819498,9.212912403653648 48.676665831060795,9.214362084348638 48.676507728208946,9.214590732116193 48.67648822299471);LINESTRING (515032.4118449669 5393187.1081438465,515037.69223050046 5393184.258016621,515079.08644099534 5393156.2164196195,515116.7765972896 5393123.437747964,515150.33487457613 5393086.425303498,515178.5877435191 5393045.292050162,515200.96693644417 5393000.657744287,515217.0831156793 5392953.351057151,515227.25616185996 5392904.484540872,515231.4375992649 5392854.682445912,515229.65142494 5392804.79643113,515211.87937719916 5392655.89218193,515197.41889388114 5392556.9648992065,515137.78678596 5392111.073372491,515134.1723442047 5392061.2623420395,515135.1470641511 5392011.298836831,515140.77692337055 5391961.693651856,515151.4347759989 5391912.882109932,515167.0201665283 5391865.412992139,515187.1682441606 5391819.68963986,515211.88051258796 5391776.262832574,515240.707654204 5391735.456444128,515273.5517124086 5391697.807260391,515309.9108898796 5391663.546192832,515349.5772737698 5391633.176041776,515392.0200774816 5391606.814764144,515436.93092805287 5391584.922678053,515483.95896910393 5391567.905623756,515532.13508256664 5391554.991417962,515590.57961225073 5391545.520253642,515673.52033323754 5391535.74052171,515780.2874575473 5391518.464105087,515797.12543914956 5391516.343133467)
4861;Streckenachse;27,5 + 68;27,6 + 78;102750068;102760078;27,5;68;27,6;78;110;Stuttgart - Filderstadt;S-Bahn-Tunnel (Los602,Einf.Bauwerk) Bf Filderstadt  km 27,568 ... 27,678;Baden-Württemberg;Landkreis Esslingen;LINESTRING (3515878.781720335 5393233.609027854,3515916.449969263 5393229.691218154,3515955.146956588 5393227.98571837,3515988.503431571 5393228.067887021);LINESTRING (9.214590732116193 48.67648822299471,9.215102066041261 48.676452037950035,9.215627453023442 48.67643571857251,9.216080391592243 48.67643560842404);LINESTRING (515797.12543914956 5391516.343133467,515834.7785965994 5391512.4265969535,515873.4600983518 5391510.7214777395,515906.80323698855 5391510.803353738)
4861;Streckenachse;27,6 + 78;27,9 + 18;102760078;102790018;27,6;78;27,9;18;240;Stuttgart - Filderstadt;S-Bahn-Tunnel (Los 602, Stat.Ber.) Bf Filderstadt  km 27,678 ... 27,938;Baden-Württemberg;Landkreis Esslingen;LINESTRING (3515988.503431571 5393228.067887021,3516210.255373228 5393239.053712504,3516228.1572406334 5393238.7307820795);LINESTRING (9.216080391592243 48.67643560842404,9.219091908389673 48.67652870822814,9.219334979099921 48.67652534153267);LINESTRING (515906.80323698855 5391510.803353738,516128.4666006351 5391521.783059292,516146.36130777694 5391521.460118554)
4861;Streckenachse;27,9 + 6;28,0 + 50;102790006;102800050;27,9;6;28;50;154;;;Baden-Württemberg;Landkreis Esslingen;LINESTRING (3516216.1625218303 5393238.947153899,3516262.420356153 5393238.112712352,3516310.2233405258 5393239.463211489,3516330.227333995 5393241.070210784,3516359.7496223375 5393245.159899238);LINESTRING (9.219172115378218 48.67652759736328,9.219800201969225 48.67651889644649,9.22044935514903 48.676529799908906,9.220721045656452 48.676543730434474,9.221122079781399 48.676579737659104);LINESTRING (516134.37138653774 5391521.676497284,516180.61071897286 5391520.842029085,516228.3946006711 5391522.191615865,516248.39060840715 5391523.797816774,516277.90112462797 5391527.885639977)
4864;Streckenachse;0,0 + 68;1,4 + 35;100000068;100140035;0;68;1,4;35;1367;;;Baden-Württemberg;Stadtkreis Stuttgart;LINESTRING (3511345.444889406 5403564.973905861,3511313.703565718 5403561.388383136,3511288.7595738377 5403559.6658839295,3511272.0485792994 5403560.883883686,3511256.735584313 5403562.973883139,3511233.759591863 5403569.067381366,3511207.652600479 5403580.035378023,3511191.988105663 5403588.2193754995,3511131.7161257146 5403631.082862064,3511107.229133806 5403642.539358553,3511085.4001409886 5403649.399356511,3511064.7621477665 5403654.5533550205,3511036.846156894 5403657.033854469,3511009.5901657715 5403655.771855132,3510985.5721735577 5403650.7223569965,3510967.298179473 5403645.846358756,3510940.640188061 5403634.251362784,3510899.9967010445 5403604.573872837,3510870.4237103127 5403563.543886495,3510860.6112133423 5403544.865892681,3510849.9662165693 5403518.188401479,3510845.8172176746 5403491.065410369,3510843.931718086 5403468.89641762,3510845.1217174917 5403446.3194249775,3510849.0102159716 5403418.791933919,3510859.043212457 5403392.347942458,3510869.2132089604 5403372.658948789,3510880.1032052445 5403354.741954538,3510898.6276989966 5403332.212961719,3510920.655691648 5403314.176467401,3510938.951685574 5403302.603471012,3510961.5536780963 5403291.019474586,3510984.748670461 5403283.322976884,3511011.3296617437 5403278.135978335,3511034.439654196 5403277.061478473,3511092.607635265 5403281.618976456,3511132.51862236 5403293.892972084,3511155.0886151027 5403305.297968156,3511174.801608805 5403319.66046329,3511195.8151021143 5403337.507457271,3511210.8670973596 5403354.4484516075,3511293.7960714293 5403476.2699110955,3511331.0745596187 5403514.234398366,3511358.0786162163 5403533.619698372);LINESTRING (9.153316149835033 48.76949053007379,9.15288425059106 48.769458861656695,9.152544871797376 48.7694438221807,9.152317572780039 48.769455075685755,9.152109315390765 48.76947414496497,9.151796920791934 48.76952935217673,9.151442063908242 48.769628447779276,9.151229188327159 48.769702321164736,9.1504104107034 48.77008883846418,9.150077598628023 48.77019229384898,9.149780821585907 48.77025436790429,9.149500200599068 48.770301079212125,9.149120498051108 48.77032387698851,9.148749674361069 48.77031300803246,9.148422800104603 48.770268022590564,9.148174072146215 48.770224495907854,9.147811111762087 48.770120695458175,9.147257419932934 48.7698545329572,9.146854036906436 48.76948609015259,9.146720060589432 48.76931830100604,9.146574550702832 48.76907859174455,9.146517399423635 48.76883476382722,9.146491169868877 48.76863544486033,9.146506767334326 48.768432403794904,9.146558943925758 48.76818479934836,9.14669473411382 48.76794683167507,9.146832563803988 48.76776960484671,9.146980233375722 48.76760829981369,9.147231634420368 48.76740538913067,9.147530810407012 48.76724281504345,9.147779388242881 48.767138427436706,9.148086539683774 48.7670338650899,9.148401859493248 48.76696424933212,9.148763305048785 48.76691713956497,9.149077643224604 48.76690707086024,9.149869027976711 48.76694702679782,9.150412269799151 48.7670566913909,9.150719598731149 48.76715884794411,9.15098814444239 48.767287649523,9.1512744766181 48.76744776111357,9.15147969034264 48.76759983158014,9.152611114025454 48.76869380497377,9.153119271774203 48.76903452229224,9.153487156527365 48.7692083529666);LINESTRING (511265.68161852384 5401843.61247864,511233.9529568917 5401840.028637029,511209.0189240577 5401838.30702105,511192.314619988 5401839.524664156,511177.0077633576 5401841.6139474185,511154.0410041126 5401847.70518854,511127.94453570433 5401858.6690035965,511112.2863672964 5401866.849851123,511052.0388180419 5401909.696670139,511027.5617052415 5401921.14877708,511005.7414930294 5401928.00620253,510985.1117909515 5401933.158301327,510957.2069800722 5401935.638026734,510929.96187589027 5401934.376744526,510905.95344654616 5401929.329452575,510887.6867202674 5401924.455546353,510861.0392961346 5401912.865394153,510820.41182670003 5401883.200086742,510790.85033911007 5401842.186735528,510781.0416194636 5401823.516286021,510770.4006704653 5401796.849543965,510766.25311881234 5401769.7374294605,510764.36820016464 5401747.577314974,510765.5575477645 5401725.00933974,510769.4442769919 5401697.492824349,510779.47305613983 5401671.0593274385,510789.63883320626 5401651.378126485,510800.5243360194 5401633.46821086,510819.0412481057 5401610.948081099,510841.0602934403 5401592.91862634,510859.3488824817 5401581.350114386,510881.94174851576 5401569.770573215,510905.12740762584 5401562.07697185,510931.69773151504 5401556.891839888,510954.7984763292 5401555.817589426,511012.943237664 5401560.372811647,511052.8383642528 5401572.641588673,511075.399422559 5401584.041848808,511095.1046471037 5401598.398447816,511116.1098784971 5401616.238142362,511131.15598814125 5401633.172245985,511214.0527576676 5401754.9443522105,511251.3166381909 5401792.893369827,511278.31004989025 5401812.270708619)
4880;Streckenachse;36,1 + 78;36,5 + 58;103610078;103650058;36,1;78;36,5;58;380;Eutingen - Schiltach;Loßburger Tunnel;Baden-Württemberg;Landkreis Freudenstadt;LINESTRING (3459457.247727351 5364166.673232571,3459282.34792885 5363829.535538011);LINESTRING (8.451299782668064 48.41398838238584,8.448969976783992 48.41094536938823);LINESTRING (459397.9258456329 5362461.462837633,459223.0934131121 5362124.461260275)
4880;Streckenachse;39,0 + 50;39,4 + 20;103900050;103940020;39;50;39,4;20;370;Eutingen - Schiltach;Schwenkenhardt Tunnel;Baden-Württemberg;Landkreis Freudenstadt;LINESTRING (3458483.7110362677 5361607.707802777,3458488.043519897 5361556.430395193,3458500.1100158254 5361508.096910892,3458516.285510419 5361460.681926283,3458568.189493106 5361319.828471987,3458582.461988318 5361272.035487505,3458585.3401713506 5361253.831937888);LINESTRING (8.438402550020543 48.390913329285745,8.43846612108424 48.39045249991749,8.43863382246023 48.39001865359067,8.438856908370933 48.38959333732661,8.439571606891032 48.388330121034265,8.439769022040018 48.38790127844387,8.439809677711963 48.38773777115604);LINESTRING (458424.75896677864 5359903.527891321,458429.08932987356 5359852.270952342,458441.1506355938 5359803.956701037,458457.31930420233 5359756.560551075,458509.201469185 5359615.763018841,458523.4678963502 5359567.989034585,458526.3447908186 5359549.792741215)
4880;Streckenachse;44,8 + 65;44,9 + 55;104480065;104490055;44,8;65;44,9;55;90;Eutingen - Schiltach;Farbmühltunnel;Baden-Württemberg;Landkreis Freudenstadt;LINESTRING (3456568.8409569245 5356982.622953783,3456556.1761358795 5356948.95690098,3456532.031643627 5356905.180915303,3456529.635804019 5356901.988581482);LINESTRING (8.41302630195869 48.349192867332825,8.412858920020373 48.34888925016396,8.412537715686764 48.34849392716564,8.41250572406219 48.34846505469242);LINESTRING (456510.61943502014 5355280.306726369,456497.95942277525 5355246.654229747,456473.8242524262 5355202.89592922,456471.4293465303 5355199.70488988)
4880;Streckenachse;49,3 + 98;49,4 + 56;104930098;104940056;49,3;98;49,4;56;58;Eutingen - Schiltach;Daistunnel;Baden-Württemberg;Landkreis Rottweil;LINESTRING (3454691.804527654 5353589.860004574,3454657.1800437164 5353543.369837596);LINESTRING (8.38806867352217 48.3185511502498,8.387606843583523 48.31813059715387);LINESTRING (454634.30780955305 5351888.914467144,454599.6968175558 5351842.443149564)
4880;Streckenachse;49,7 + 98;49,8 + 76;104970098;104980076;49,7;98;49,8;76;78;Eutingen - Schiltach;Stocktunnel;Baden-Württemberg;Landkreis Rottweil;LINESTRING (3454445.572805683 5353274.94471861,3454412.599325059 5353235.1746159615,3454394.700289001 5353215.907687037);LINESTRING (8.384782841045064 48.31570152610254,8.384342595289148 48.315341509807595,8.384103367440536 48.315166957542274);LINESTRING (454388.1721541192 5351574.126951482,454355.21155615314 5351534.37299888,454337.31953073136 5351515.113908493)
4880;Streckenachse;51,8 + 21;51,9 + 21;105180021;105190021;51,8;21;51,9;21;100;Eutingen - Schiltach;Schenkenberg Tunnel;Baden-Württemberg;Landkreis Rottweil;LINESTRING (3453054.27112168 5351876.802049709,3453031.5172719657 5351858.288567487,3452988.6747858673 5351832.607075941,3452969.5355288843 5351824.8507710025);LINESTRING (8.366181070108341 48.303026710952075,8.365876441756752 48.30285853544589,8.365301849178842 48.30262440548552,8.365044745478407 48.30255323159124);LINESTRING (452997.4161660558 5350176.553795633,452974.6712737549 5350158.047887223,452931.84572249587 5350132.376986964,452912.71405893646 5350124.623927557)
4880;Streckenachse;54,4 + 11;54,5 + 28;105440011;105450028;54,4;11;54,5;28;117;Eutingen - Schiltach;Schiltacher Tunnel;Baden-Württemberg;Landkreis Rottweil;LINESTRING (3451102.1316832504 5350593.623442417,3451017.0349255493 5350567.254491937,3450989.533055272 5350562.955771447);LINESTRING (8.340017764164287 48.29133956425588,8.338874105716238 48.291095849791375,8.338504005968437 48.29105506107321);LINESTRING (451046.04752369685 5348893.902954138,450960.98458913097 5348867.545187863,450933.4936817537 5348863.248393336)
4900;Streckenachse;36,4 + 63;37,0 + 47;103640063;103700047;36,4;63;37;47;584;Bietigheim - Osterburken;Kirchheimer Tunnel (Nr. 20)  km 36,463 ... 37,048;Baden-Württemberg;Landkreis Ludwigsburg;LINESTRING (3510901.558950371 5434668.663010944,3510816.8690505032 5435199.219597708,3510810.334280942 5435245.33467499);LINESTRING (9.148102497017987 49.04918685087184,9.146958023605233 49.053959053856,9.146869842955965 49.05437383052061);LINESTRING (510822.21675526525 5432934.870521408,510737.5648806294 5433465.2156929085,510731.0330858804 5433511.312387881)
4900;Streckenachse;36,4 + 63;37,0 + 47;103640063;103700047;36,4;63;37;47;584;Bietigheim - Osterburken;Kirchheimer Tunnel (Nr. 19)  km 36,464 ... 37,048;Baden-Württemberg;Landkreis Ludwigsburg;LINESTRING (3510901.558950371 5434668.663010944,3510816.8690505032 5435199.219597708,3510810.334280942 5435245.33467499);LINESTRING (9.148102497017987 49.04918685087184,9.146958023605233 49.053959053856,9.146869842955965 49.05437383052061);LINESTRING (510822.21675526525 5432934.870521408,510737.5648806294 5433465.2156929085,510731.0330858804 5433511.312387881)
4920;Streckenachse;19,2 + 63;19,4 + 65;101920063;101940065;19,2;63;19,4;65;202;Lauda - Wertheim;Gamburger Tunnel;Baden-Württemberg;Landkreis Main-Tauber-Kreis;LINESTRING (3542807.5490181595 5506882.744612618,3542770.1707870313 5506864.096488306,3542733.415298595 5506850.141993462,3542696.1283103935 5506839.683997496,3542644.2383269244 5506831.359501111,3542614.980074871 5506831.729965543);LINESTRING (9.592313993110315 49.69707486517176,9.591793886295473 49.696909859869756,9.591282926401346 49.69678700597234,9.590764983594367 49.69669562250986,9.590044876235488 49.69662444970839,9.589639394452186 49.69662984669756);LINESTRING (542716.0327008103 5505119.835414118,542678.669253938 5505101.195044995,542641.9283390166 5505087.246424694,542604.6561650836 5505076.792910368,542552.786848264 5505068.472161578,542523.5402902324 5505068.842715409)
4920;Streckenachse;21,5 + 6;21,8 + 55;102150006;102180055;21,5;6;21,8;55;349;Lauda - Wertheim;Bronnebach Tunnel;Baden-Württemberg;Landkreis Main-Tauber-Kreis;LINESTRING (3540876.8984172395 5507378.7407738585,3540833.3729187646 5507376.692358381,3540799.5079296636 5507377.654358679,3540764.9209408816 5507383.487857427,3540734.153450923 5507392.138355199,3540705.4384603496 5507403.233352152,3540660.5714751645 5507425.453845814,3540605.0539936805 5507463.155334689,3540559.6408792534 5507495.762376831);LINESTRING (9.565606449892712 49.701667937189875,9.56500290361836 49.701652467383425,9.564533581486405 49.70166340647142,9.56405475851351 49.70171818944458,9.56362917211436 49.7017980387877,9.563232289608683 49.7018997253215,9.56261266747508 49.70210252227146,9.561847011693676 49.7024452139149,9.561220882975316 49.7027414200889);LINESTRING (540786.1575688293 5505615.649040012,540742.6494454178 5505613.601796123,540708.7979957039 5505614.563686695,540674.2248743129 5505620.395134934,540643.4697484177 5505629.042425554,540614.7663216069 5505640.133221893,540569.9174443391 5505662.3452002425,540514.4224519894 5505700.032074047,540469.0277479226 5505732.626454886)
4920;Streckenachse;28,2 + 43;28,7 + 85;102820043;102870085;28,2;43;28,7;85;542;Lauda - Wertheim;Reicholzheimer Tunnel;Baden-Württemberg;Landkreis Main-Tauber-Kreis;LINESTRING (3537471.8565351176 5511385.27318076,3537477.646569447 5511443.952612338,3537475.7350708647 5511488.546598056,3537468.4105740585 5511535.371583159,3537451.53408041 5511587.292566801,3537424.468590081 5511642.079049706,3537389.1246022996 5511690.815034703,3537351.232115145 5511729.038523115,3537322.893124639 5511751.335016474,3537217.0213208506 5511816.596997822);LINESTRING (9.518790847008615 49.73790969941356,9.518876796820257 49.7384368955909,9.518854558906709 49.73883793566855,9.518757443403825 49.739259369983536,9.51852830458585 49.739727213259435,9.518158087353086 49.740221451022734,9.517672437235813 49.7406618043561,9.517150417736802 49.741007801248145,9.516759404387058 49.74121001296876,9.515296867645528 49.741803296460276);LINESTRING (537382.5087200388 5509620.608106688,537388.2969168737 5509679.264044337,537386.3865437433 5509723.840226825,537379.065353279 5509770.646561152,537362.1960238537 5509822.546935256,537335.1417920506 5509877.311746291,537299.8123214211 5509926.028544213,537261.9352844049 5509964.2370667765,537233.6077977055 5509986.524880845,537127.7788247294 5510051.761643798)
4930;Streckenachse;5,9 + 9;6,2 + 18;100590009;100620018;5,9;9;6,2;18;309;Waiblingen - SHA Hessental;Schwaikheimer Tunnel (neu)  km 5,909...6,218;Baden-Württemberg;Landkreis Rems-Murr-Kreis;LINESTRING (3525417.3043556227 5414064.202668786,3525447.6210592706 5414091.739804611,3525482.3825483127 5414127.691792496,3525550.048027022 5414201.299267727,3525627.986525207 5414289.918299264);LINESTRING (9.34539225532485 48.86348719881583,9.34580714846945 48.863733575945886,9.34628314650945 48.86405543652341,9.347209950428159 48.8647145459071,9.348277731997387 48.86550820963974);LINESTRING (525331.9974036965 5412338.533263987,525362.3022032017 5412366.059151585,525397.050077226 5412401.99649186,525464.6890819354 5412475.574005361,525542.5971170117 5412564.156992445)
4930;Streckenachse;42,2 + 56;43,1 + 16;104220056;104310016;42,2;56;43,1;16;860;Waiblingen - SHA Hessental;Schanztunnel (bei Fichtenberg)  km 42,256...43,116;Baden-Württemberg;Landkreis Schwäbisch Hall;LINESTRING (3549535.9332940863 5427659.241166099,3550133.469159088 5427897.199493865,3550225.9901293265 5427935.21298019,3550335.2393362 5427976.243041367);LINESTRING (9.675741263191648 48.984273758094076,9.683933612965598 48.98636522829562,9.685202301056398 48.986699521408894,9.686699919086989 48.98705956342008);LINESTRING (549441.0910243355 5425927.945346533,550038.3898772782 5426165.803775382,550130.874158463 5426203.801326221,550240.080012041 5426244.814112616)
4930;Streckenachse;48,2 + 60;48,6 + 75;104820060;104860075;48,2;60;48,6;75;415;Waiblingen - SHA Hessental;Kappelesbergtunnel  km 48,260...48,675;Baden-Württemberg;Landkreis Schwäbisch Hall;LINESTRING (3555014.4176590233 5429016.172555195,3555104.6760503873 5429241.191986633,3555142.9425391303 5429333.61545584,3555168.325832544 5429401.431936447);LINESTRING (9.750766465153507 48.99601157483849,9.752030242966047 48.998026746501324,9.752565669364742 48.99885433823149,9.752921725272953 48.99946182869854);LINESTRING (554917.3957799145 5427284.290548615,555007.619877678 5427509.219286677,555045.8718034249 5427601.605495379,555071.2454886949 5427669.394657274)
4950;Streckenachse;58,6 + 99;58,8 + 43;105860099;105880043;58,6;99;58,8;43;144;Crailsheim - Eppingen;Hessentaler Tunnel  km 58,700...58,844;Baden-Württemberg;Landkreis Schwäbisch Hall;LINESTRING (3555738.3264123886 5439398.118848898,3555801.6139070163 5439268.875701688);LINESTRING (9.762083512579151 49.089292368871426,9.762932092242362 49.08812461012681);LINESTRING (555641.0980085854 5437662.079985888,555704.359167173 5437532.8880068995)
4950;Streckenachse;62,2 + 10;62,3 + 39;106220010;106230039;62,2;10;62,3;39;129;Crailsheim - Eppingen;Tullauer Tunnel  km 62,210 ... 62,339;Baden-Württemberg;Landkreis Schwäbisch Hall;LINESTRING (3554060.5568375457 5439263.212070102,3554065.368032261 5439354.888692376,3554066.5143196993 5439391.986232682);LINESTRING (9.73909715595093 49.088228793193124,9.739175258889784 49.08905264692084,9.73919590452043 49.08938609482965);LINESTRING (553963.9981235155 5437527.240560068,553968.8081275558 5437618.880489822,553969.9542532599 5437655.963188665)
4950;Richtungsgleis;66,3 + 98;66,4 + 70;106630098;106640070;66,3;98;66,4;70;72;Crailsheim - Eppingen;Haller Tunnel  km 66,399 ... 66,470;Baden-Württemberg;Landkreis Schwäbisch Hall;LINESTRING (3553385.7982216687 5443019.458849758,3553378.6658099103 5443054.706493721,3553368.613889006 5443089.63653178);LINESTRING (9.73035569692467 49.12206043404524,9.73026264627781 49.12237796702421,9.73012955803731 49.12269289729253);LINESTRING (553289.5393075413 5441281.990937911,553282.410029199 5441317.224546667,553272.3624063442 5441352.140699859)
4950;Streckenachse;66,4 + 95;66,7 + 82;106640095;106670082;66,4;95;66,7;82;287;Crailsheim - Eppingen;Gottwollshauser Tunnel  km 66,496 ... 66,782;Baden-Württemberg;Landkreis Schwäbisch Hall;LINESTRING (3553359.3325743815 5443113.401920418,3553320.052331305 5443210.484443713,3553276.6558467806 5443300.707914884,3553256.143354139 5443346.35690028,3553241.034749486 5443374.557046021);LINESTRING (9.730005550672288 49.122907378262006,9.729480255383224 49.12378365807469,9.728897646611875 49.12459862121947,9.728622650310854 49.12501082959961,9.728419382668509 49.12526568605604);LINESTRING (553263.084992372 5441375.896661176,553223.8212296006 5441472.940684451,553180.4428161056 5441563.128430865,553159.9388892319 5441608.759329613,553144.8365503614 5441636.948321633)
4950;Streckenachse;113,0 + 32;113,9 + 23;111300032;111390023;113;32;113,9;23;891;Crailsheim - Eppingen;Weinsberger Tunnel  km 113,032 ... 113,923;Baden-Württemberg;Stadtkreis Heilbronn;LINESTRING (3519568.8618680546 5445744.707796729,3518906.519958767 5445148.661638552);LINESTRING (9.267204360051837 49.14856702566202,9.258097672696737 49.143228210503956);LINESTRING (519486.14269203437 5444006.419503132,518824.06080491934 5443410.616839461)
4953;Streckenachse;37,7 + 61;38,0 + 33;103770061;103800033;37,7;61;38;33;272;Crailsheim - Bad Mergentheim;Niederstettener Tunnel;Baden-Württemberg;Landkreis Main-Tauber-Kreis;LINESTRING (3566551.180085351 5473676.9257270815,3566530.946515166 5473716.208289785,3566509.568522898 5473760.887275619,3566490.7120298278 5473806.58576108,3566476.0145354355 5473854.033745897,3566465.4960397026 5473902.553730294,3566461.83396679 5473932.015957275);LINESTRING (9.91578786798089 49.39640364269181,9.915515730899648 49.396759010635606,9.915228727921388 49.397163017969405,9.914976623453214 49.397575915227115,9.914782096417548 49.39800408700963,9.91464531047934 49.39844144052195,9.914599786577892 49.39870671254241);LINESTRING (566449.9051256026 5471927.095544355,566429.6799618716 5471966.362567796,566408.3108772682 5472011.023866426,566389.4622922101 5472056.7042366965,566374.7710575408 5472104.133373253,566364.2571597574 5472152.634046981,566360.5967895632 5472182.084526082)
5125;Streckenachse;0,4 + 6;1,5 + 19;100040006;100150019;0,4;6;1,5;19;1113;Abzw Weißenbrunn - Creidlitz;Tunnel Füllbach Nord;Bayern;Landkreis Coburg;LINESTRING (3643154.0662292796 5565793.000065797,3643213.733742354 5566117.477505506,3643219.9632481444 5566389.944916949,3643222.019751078 5566515.490376169,3643215.3867626027 5566842.191770397,3643194.1534383977 5566904.352084744);LINESTRING (11.004504680436336 50.21092450004208,11.005462323412056 50.21382537670136,11.005652228498462 50.21627188084796,11.005728342878896 50.21739935874846,11.005758608356048 50.22033624227609,11.005484698948448 50.22089986311133);LINESTRING (643022.941301243 5564005.712187727,643082.5877454542 5564330.059434561,643088.8170936885 5564602.417897211,643090.8738493525 5564727.913162876,643084.2463082547 5565054.484043441,643063.0220018779 5565116.619696396)
5200;Gegenrichtungsgleis;70,5 + 0;73,1 + 19;107050000;107310019;70,5;0;73,1;19;2619;Würzburg - Aschaffenburg;Tunnel Falkenberg Südröhre;Bayern;Landkreis Aschaffenburg;LINESTRING (3527286.9964511925 5543029.90043593,3527235.6169336042 5543054.217202254,3527186.88644948 5543073.550197049,3527137.0569656454 5543089.842692829,3527086.31798204 5543103.031689619,3527034.861998601 5543113.068187425,3526977.0865171207 5543120.475686191,3526924.763033826 5543123.744686164,3526872.3375505 5543123.782187169,3526831.6195634073 5543121.576188662,3526791.054076228 5543117.420190772,3526750.734588933 5543111.323193491,3526706.602102794 5543102.357697203,3526674.8231127495 5543094.540700308,3526632.746125907 5543082.984704796,3526369.3842081577 5543005.386734592,3526270.135739109 5542973.83624655,3526171.4907698324 5542940.445259078,3526073.483800317 5542905.225772181,3525976.1483305534 5542868.189785848,3525879.5188605306 5542829.34980007,3525783.628390237 5542788.720314847,3525688.509919665 5542746.313830176,3525594.1969488016 5542702.146346046,3525500.72097764 5542656.232862453,3525408.115506167 5542608.588379397,3525316.7575342683 5542559.420896798,3525226.4630620014 5542508.647914685,3525137.1230893983 5542456.212933085,3525048.7681164513 5542402.134951989,3524961.4291431503 5542346.431471386,3524868.64069643 5542284.794184814);LINESTRING (9.379731677026543 50.02295626546287,9.379016440364534 50.02317722583358,9.37833781023233 50.02335325586787,9.377643624764374 50.023501997121365,9.376936524908603 50.0236228743292,9.376219194568622 50.023715438012545,9.375413492070715 50.023784647649904,9.374683577076784 50.02381639967016,9.373952011948857 50.023819099755755,9.373383661664052 50.02380109938285,9.372817303998787 50.023765558422056,9.372254244930026 50.02371255362179,9.371637779828786 50.02363392823935,9.371193781502052 50.02356507282992,9.370605823741627 50.02346306086862,9.36692546241498 50.02277713069341,9.36553838027951 50.022497860832694,9.364159610143705 50.02220200132975,9.36278963550438 50.021889658851315,9.361428925862256 50.021560940128374,9.36007796466208 50.021215956363484,9.358737214506599 50.020854836824796,9.35740713781667 50.02047769281861,9.356088204174968 50.020084667113984,9.354780855138793 50.01967589359354,9.353485560119779 50.019251506071214,9.352207594034443 50.01881335893113,9.35094438477016 50.01836071881996,9.349694408514479 50.01789308285427,9.348458092844867 50.01741062099167,9.347235872158139 50.016913489696904,9.345937260319644 50.016363225900236);LINESTRING (527201.974769344 5541252.675539125,527150.615972946 5541276.983010651,527101.9051112509 5541296.308679877,527052.0956640355 5541312.5950736,527001.3770550324 5541325.779215467,526949.9417068888 5541335.812123488,526892.1893635154 5541343.217134145,526839.8868068524 5541346.485254734,526787.4822645566 5541346.5231680265,526746.7805237876 5541344.318382574,526706.2312061221 5541340.164375435,526665.9277742582 5541334.070142248,526621.812843226 5541325.108586962,526590.0464831967 5541317.294971616,526547.9862093035 5541305.743935149,526284.7288557756 5541228.179108186,526185.5197731582 5541196.642031936,526086.9139342558 5541163.265186503,525988.9458253782 5541128.060566813,525891.6489332331 5541091.040167791,525795.0577441343 5541052.216484157,525699.2052450097 5541011.604009848,525604.1244227726 5540969.215239598,525509.8487641631 5540925.066166734,525416.4097567147 5540879.171785005,525323.8408871598 5540831.5470881425,525232.519006491 5540782.399989917,525142.2601875924 5540731.648024809,525052.9554735775 5540679.234716299,524964.6353524113 5540625.179056545,524877.330811846 5540569.498538295,524784.5789262812 5540507.886628714)
5200;Richtungsgleis;70,5 + 52;73,1 + 75;107050052;107310075;70,5;52;73,1;75;2623;Würzburg - Aschaffenburg;Tunnel Falkenberg Nordröhre;Bayern;Landkreis Aschaffenburg;LINESTRING (3527252.888985782 5543072.610092257,3527213.835941243 5543090.785691037,3527176.6004533805 5543105.901186951,3527133.2129674735 5543120.959183003,3527094.6189799663 5543132.160680188,3527055.53049258 5543141.49217798,3527016.0385052855 5543148.932676379,3526970.5280198795 5543155.0976753,3526930.479532681 5543158.43217502,3526884.576047309 5543159.878675449,3526844.397560071 5543159.072176486,3526804.30407277 5543156.333678135,3526764.3890853734 5543151.669180395,3526724.7445978536 5543145.089183257,3526685.4626101824 5543136.610186714,3526643.4681233205 5543125.402691098,3526601.754136338 5543112.599695979,3526208.34825891 5542981.680745251,3526123.962785176 5542952.301256231,3526054.0048069293 5542926.7972656945,3525956.643837169 5542889.541779432,3525859.989867149 5542850.4887937205,3525750.4364010817 5542803.6733107325,3525655.408430471 5542760.814826202,3525547.7989637014 5542709.688344541,3525441.2964965366 5542656.294863582,3525336.3575288365 5542600.880883232,3525233.825060341 5542543.957403312,3525132.501591421 5542484.909424045,3525032.4306220626 5542423.762445425,3524933.6551522533 5542360.54346743,3524834.825169444 5542294.557666203);LINESTRING (9.379258762018903 50.023341793672124,9.378715090813666 50.023506978641414,9.378196562508169 50.023644567267056,9.377592179641264 50.02378191638166,9.377054412274061 50.02388437391819,9.37650961056487 50.02397003965463,9.375959043428015 50.02403872057693,9.375324400049847 50.0240962038793,9.374765776532566 50.02412799040571,9.374125316535876 50.02414306448006,9.373564588515915 50.02413762252958,9.373004912087723 50.02411480492004,9.37244759301927 50.02407466141321,9.371893916448993 50.02401728231888,9.371345167914667 50.02394281191239,9.370758380606658 50.02384393015063,9.370175399548057 50.02373068898774,9.364676728409433 50.022571101234256,9.363497210871655 50.022310671890594,9.362519288897378 50.02208444259844,9.361158204939008 50.02175374847373,9.359806884060093 50.021406847714076,9.358275067817132 50.020990700953824,9.356946223610212 50.02060948417386,9.355441296402423 50.02015445927771,9.353951693891656 50.01967898666434,9.35248380335793 50.01918526363968,9.351049421678281 50.018677849411866,9.349631800345888 50.01815126662193,9.348231549109098 50.01760574330417,9.3468492707426 50.01704152102092,9.345466085549015 50.016452409908034);LINESTRING (527167.8812759193 5541295.36841264,527128.8439788326 5541313.5370693095,527091.6234874703 5541328.646830687,527048.2534549331 5541343.699165312,527009.6749746476 5541354.896502515,526970.6021767578 5541364.224591344,526931.1260247142 5541371.662439442,526885.6337681747 5541377.8253466245,526845.6013050386 5541381.158840751,526799.7161670434 5541382.605137482,526759.5537220355 5541381.799288139,526719.4762272622 5541379.062210462,526679.5771453949 5541374.399901297,526639.9484397431 5541367.822855686,526600.6820736655 5541359.347566284,526558.7042696337 5541348.144889827,526517.0068404363 5541335.3473489145,526123.757037074 5541204.483900514,526039.4050306223 5541175.116834904,525969.4747883643 5541149.623602112,525872.1524046102 5541112.383791044,525775.5367235556 5541073.347192756,525666.0266357512 5541026.55130302,525571.0362736369 5540983.710712715,525463.4693735305 5540932.605530438,525357.009012402 5540879.234245364,525252.1115097796 5540823.843255218,525149.6195328442 5540766.94334884,525048.336055284 5540707.919781864,524948.3045599206 5540646.798043751,524849.5680297882 5540583.605123348,524750.7769859269 5540517.646485337)
5200;Gegenrichtungsgleis;73,2 + 99;73,8 + 4;107320099;107380004;73,2;99;73,8;4;505;Würzburg - Aschaffenburg;Tunnel Hirschberg linke Röhre;Bayern;Landkreis Aschaffenburg;LINESTRING (3524719.4006712376 5542184.161581441,3524401.56081393 5541969.778101944,3524301.678125594 5541900.404423528);LINESTRING (9.343848551861301 50.01546470864875,9.339400437433826 50.01355041489257,9.338002542742808 50.012930799069466);LINESTRING (524635.3976935627 5540407.295438869,524317.6830476068 5540193.000183904,524217.83969129244 5540123.655030345)
5200;Richtungsgleis;73,3 + 58;73,7 + 33;107330058;107370033;73,3;58;73,7;33;375;Würzburg - Aschaffenburg;Tunnel Hirschberg rechte Röhre;Bayern;Landkreis Aschaffenburg;LINESTRING (3524683.0983336484 5542192.247039594,3524372.246960532 5541982.480266725);LINESTRING (9.343342578139493 50.01553890109531,9.338992269265065 50.013665808239054);LINESTRING (524599.1099222576 5540415.377962777,524288.3810066095 5540205.697513326)
5200;Gegenrichtungsgleis;74,1 + 59;74,7 + 88;107410059;107470088;74,1;59;74,7;88;629;Würzburg - Aschaffenburg;Tunnel Metzberg linke Röhre;Bayern;Landkreis Aschaffenburg;LINESTRING (3524018.051295466 5541686.963099871,3523973.4939439637 5541652.9062109245,3523939.311954354 5541627.935219523,3523913.1239623367 5541609.987225735,3523884.6284710495 5541591.820232055,3523853.216980684 5541573.389238517,3523821.12149056 5541556.175744607,3523788.3905006615 5541540.204750311,3523749.464012712 5541523.174256471,3523709.8150250264 5541507.901262087,3523675.3150357725 5541496.232266457,3523640.393046678 5541485.893770411,3523605.101057727 5541476.901773944,3523562.470571109 5541467.919277615,3523523.379083411 5541461.276780475,3523484.0730958073 5541456.047282889,3523445.6162943067 5541452.320108151);LINESTRING (9.334032251198435 50.01102337457447,9.33340852013447 50.010718983487536,9.332930104604685 50.01049585810736,9.33256365058318 50.01033554952735,9.332164994684371 50.01017336311368,9.331725646119505 50.01000891795092,9.331276833796322 50.009855444073494,9.330819235635929 50.00971316419911,9.330275145471543 50.00956160360469,9.329721087867961 50.00942586957133,9.329239084901166 50.00932232990491,9.328751278693654 50.00923076652239,9.328258395306698 50.00915132114208,9.32766314057057 50.00907224852833,9.327117400427522 50.00901407083584,9.326568755467376 50.00896860230152,9.326032049301713 50.00893660418976);LINESTRING (523934.3244146562 5539910.301275824,523889.7845837894 5539876.258353772,523855.61604447314 5539851.297615389,523829.43836681684 5539833.357004173,523800.954109808 5539815.197499324,523769.5550163295 5539796.774123796,523737.4722062158 5539779.567767118,523704.7541602814 5539763.603418897,523665.84308237943 5539746.580044765,523626.20980763604 5539731.313473915,523591.72350395686 5539719.649420272,523556.81537982525 5539709.3153381655,523521.53741458437 5539700.327220774,523478.9238830096 5539691.34865943,523439.8479557905 5539684.709133742,523400.5576258406 5539679.482044918,523362.1161550193 5539675.756671916)
5200;Richtungsgleis;74,2 + 24;74,8 + 11;107420024;107480011;74,2;24;74,8;11;587;Würzburg - Aschaffenburg;Tunnel Metzberg rechte Röhre;Bayern;Landkreis Aschaffenburg;LINESTRING (3523977.841531925 5541690.0811643,3523912.7039630823 5541641.959215574,3523882.2239723806 5541621.431222684,3523855.453480571 5541604.663228529,3523828.1764889387 5541588.731734117,3523794.812999203 5541570.740740473,3523760.8040096955 5541554.001746449,3523726.196020404 5541538.538252029,3523696.93352948 5541526.6412563715,3523661.3535405425 5541513.569761208,3523625.312551777 5541501.829265631,3523588.859563168 5541491.435769632,3523552.0460747 5541482.404273206,3523515.630086134 5541474.895776292,3523479.1000976316 5541468.787778927,3523445.5184909864 5541464.413384334);LINESTRING (9.333471487590204 50.01105302277154,9.33255977736287 50.01062300404297,9.332133287671203 50.01043967087292,9.331758784304599 50.010289991164356,9.331377269106568 50.01014785082317,9.330910719346667 50.009987436150055,9.330435244966651 50.00983830111568,9.329951495855397 50.00970065503698,9.329542540570658 50.00959485883519,9.329045383748793 50.009478752310876,9.328541879910665 50.00937462796819,9.328032713264173 50.009282627636,9.32751860281166 50.0092028840653,9.327010132285183 50.00913681479665,9.326500158227988 50.009083338694275,9.326031421364357 50.009045330275995);LINESTRING (523894.13073771005 5539913.418421955,523829.01879551384 5539865.31622598,523798.5508125533 5539844.796681189,523771.79087737924 5539828.035602981,523744.5246515054 5539812.11069449,523711.1743419344 5539794.127158973,523677.17880061833 5539777.395128202,523642.58450915955 5539761.938092396,523613.3336099085 5539750.046087188,523577.7677265213 5539736.980103038,523541.74103827623 5539725.244590542,523505.3025257152 5539714.855542903,523468.50366837304 5539705.8279537065,523432.10216454923 5539698.322752404,523395.58671771747 5539692.21749214,523362.0184891594 5539687.845118151)
5200;Richtungsgleis;75,1 + 22;75,8 + 68;107510022;107580068;75,1;22;75,8;68;746;Würzburg - Aschaffenburg;Tunnel Hain;Bayern;Landkreis Aschaffenburg;LINESTRING (3523136.647974572 5541478.207558584,3523082.9312239764 5541489.545279879,3522857.224296686 5541539.850268183,3522793.4883171893 5541552.6027653385,3522729.4923377484 5541563.971762943,3522654.5398617927 5541575.479760709,3522568.5558893303 5541586.306758902,3522482.294916908 5541594.64575789,3522401.5782686546 5541600.174334889);LINESTRING (9.32172344350104 50.00918138456452,9.320974761368577 50.00928539185112,9.317829073125367 50.009746326437636,9.316940684756219 50.009863410193766,9.31604858323842 50.0099680589502,9.315003637258439 50.01007436603073,9.31380475132032 50.01017495808513,9.312601850729113 50.01025318028436,9.311476129257567 50.010305915596284);LINESTRING (523053.2714586329 5539701.636295081,522999.57625659404 5539712.969924446,522773.95989356586 5539763.256654207,522710.2494761003 5539776.004575766,522646.27915127575 5539787.369552523,522571.35670744255 5539798.873563031,522485.40716788906 5539809.69693571,522399.1807187604 5539818.033305258,522318.4963563384 5539823.56033034)
5216;Richtungsgleis;1,5 + 79;5,5 + 21;100150079;100550021;1,5;79;5,5;21;3942;Nantenbach - Rohrbach;Schönrain Tunnel;Bayern;Landkreis Main-Spessart;LINESTRING (3546991.0649574185 5544047.0798638,3547047.596639841 5544055.951484323,3547108.6681205104 5544064.130480441,3547169.9131010943 5544070.8859770065,3547231.2990816035 5544076.214974029,3547292.7920620483 5544080.113471504,3547354.359542439 5544082.579969432,3547415.967522787 5544083.613467819,3547477.5830031033 5544083.212966665,3547539.1719833966 5544081.3784659635,3547600.7019636794 5544078.111465726,3547662.1394439614 5544073.413465947,3547723.450924253 5544067.286966627,3547784.6029045666 5544059.735467764,3547845.562884911 5544050.762969359,3547906.297365297 5544040.373971415,3547966.7738457364 5544028.5749739185,3548026.9588262388 5544015.371476884,3548086.820806815 5544000.771480296,3548146.3267874755 5543984.781984163,3548205.4447682304 5543967.411988481,3548264.1422490915 5543948.6714932425,3548312.7127332296 5543932.013997552,3548370.5572143104 5543910.786503129,3548427.892195525 5543888.219009141,3548484.6866768845 5543864.323015589,3548540.9096583985 5543839.112022473,3548596.5306400773 5543812.599529782,3548651.5196219306 5543784.8000375135,3548705.8471039687 5543755.728045669,3548759.4830862004 5543725.400054244,3548812.3985686367 5543693.832063226,3548864.5655512856 5543661.041072614,3548915.9550341577 5543627.045082405,3548966.5395172616 5543591.862592591,3549016.2915006066 5543555.512103169,3549065.184484202 5543518.014114131,3549113.1909680567 5543479.388125473,3549160.286452179 5543439.656137186,3549206.443936578 5543398.838149268,3549251.6394212623 5543356.957661711,3549295.847906239 5543314.036674504,3549331.9173939503 5543277.491185435,3549374.254879486 5543232.723198855,3549415.539365337 5543186.982712617,3549455.747851513 5543140.293726698,3549494.8593380195 5543092.681741101,3549532.8518248647 5543044.172255812,3549569.705812055 5542994.791770826,3549605.4002995985 5542944.567286139,3549634.246289492 5542902.088299112,3549662.2632796387 5542859.057812286,3549694.774268155 5542806.715828339,3549720.930258872 5542762.5293419175,3549751.179248083 5542708.848858448,3549779.7177378433 5542655.351374953,3549806.8077280633 5542601.655391556,3549849.225712608 5542510.839419708,3549869.137705283 5542464.845433996,3549890.293697442 5542413.201450066,3549921.003685955 5542333.221474996,3550009.2497462337 5542094.491466229);LINESTRING (9.654801344050261 50.030873463071366,9.655591377972717 50.030948757189876,9.656444686357847 50.031017460527295,9.657300243749964 50.03107334686347,9.65815759553823 50.03111639175846,9.65901626604862 50.031146561914724,9.65987580084336 50.031163846404034,9.66073572460963 50.031168238925815,9.661595575989292 50.03115973311376,9.66245487979193 50.0311383316847,9.663313181948698 50.0311040507344,9.664170014438874 50.03105690645186,9.665024909371216 50.03099692402949,9.665877399843218 50.0309241381558,9.666727032479058 50.03083858765829,9.66757333844852 50.03074031504997,9.66841586435373 50.030629381454894,9.669254142730452 50.030505839100826,9.670087734353682 50.03036976254128,9.670916178957047 50.03022121747328,9.67173903049871 50.03006028750478,9.672555836104886 50.02988706528565,9.673231570300297 50.02973338384056,9.674036147967824 50.029537862814834,9.674833439981773 50.02933033133607,9.675623014680562 50.02911089545926,9.676404440681331 50.0288796792291,9.677177293606993 50.02863680665916,9.677941156213421 50.02838241072132,9.678695618264074 50.028116624355405,9.679440262829177 50.027839598529845,9.680174686902928 50.02755147964432,9.680898501593921 50.02725242301379,9.68161130421669 50.026942593031656,9.682312713116014 50.02662215846959,9.68300234667161 50.02629128810508,9.68367983750814 50.02595016861806,9.684344804204509 50.02559897778586,9.684996907558313 50.025237915617346,9.68563577326272 50.02486716435145,9.686261069358096 50.02448693744701,9.686872449776091 50.024097434963174,9.687371068944655 50.02376591687364,9.687956086905823 50.0233599594466,9.688526277035345 50.022945343825924,9.689081321571916 50.022522287889466,9.689620930890744 50.02209102283384,9.69014480145031 50.02165177993786,9.690652664757085 50.02120479926127,9.691144231488133 50.0207503254815,9.691541233361669 50.02036604977044,9.691926590994726 50.019976883899545,9.692373441947893 50.01950363425234,9.692732671230484 50.01910422864115,9.693147773183973 50.01861913182854,9.693539025465295 50.018135821431684,9.693910034849285 50.01765084621971,9.694490079862941 50.01683088946791,9.694761923843933 50.01641575045412,9.695050386080847 50.01594971466923,9.695468456769227 50.015228145110505,9.696668568900067 50.01307462973035);LINESTRING (546898.1806215082 5542269.287412091,546954.6897935084 5542278.155024129,547015.7369445027 5542286.33025117,547076.9575144049 5542293.082545914,547138.3190161831 5542298.408909828,547199.7874633964 5542302.305344796,547261.3303690254 5542304.770351678,547322.9137466542 5542305.802931162,547384.5046094675 5542305.402083916,547446.0689710563 5542303.567810219,547507.5743444271 5542300.301609744,547568.987242984 5542295.604982167,547630.2741801405 5542289.480426765,547691.4016693184 5542281.931442412,547752.3372235432 5542272.962027783,547813.0473562442 5542262.57668135,547873.4995804692 5542250.781900782,547933.6604096546 5542237.583184163,547993.4983564612 5542222.988528549,548052.9804341389 5542207.004931417,548112.0746555547 5542189.641389433,548170.7485337855 5542170.907898866,548219.2994779621 5542154.256658875,548277.1206767122 5542133.037169689,548334.4325681095 5542110.478220463,548391.2041646423 5542086.591306853,548447.404478816 5542061.3899237225,548503.0030229348 5542034.88756592,548557.9698091133 5542007.098727897,548612.2753492645 5541978.037904104,548665.8896555185 5541947.721588191,548718.7837396022 5541916.165773999,548770.9296128493 5541883.3874549605,548822.2982870034 5541849.404624124,548872.8622732116 5541814.235774316,548922.594082621 5541777.899398371,548971.4672259964 5541740.4159883065,549019.4542144928 5541701.805036557,549066.5305580872 5541662.088534527,549112.66926774 5541621.286474449,549157.8463532405 5541579.422347119,549202.0368247651 5541536.518143948,549238.091602835 5541499.986958736,549280.4118071604 5541455.236509478,549321.6794244596 5541409.5139577435,549361.8714641267 5541362.8432941185,549400.9669347686 5541315.250008588,549438.9438453921 5541266.7595911315,549475.7827040118 5541217.398531318,549511.4625192478 5541167.193818531,549540.2966363813 5541124.731565283,549568.302080408 5541081.718039384,549600.7996509703 5541029.396699496,549626.9448295075 5540985.227651151,549657.1812934005 5540931.568365099,549685.7079426703 5540878.092019978,549712.7866694255 5540824.417266174,549755.1869620613 5540733.6372278845,549775.0906221026 5540687.661453738,549796.2377382299 5540636.037928408,549826.934801113 5540556.089654053,549915.1436460217 5540317.454296128)
5216;Richtungsgleis;5,7 + 75;6,3 + 1;100570075;100630001;5,7;75;6,3;1;526;Nantenbach - Rohrbach;Harrbach Tunnel;Bayern;Landkreis Main-Spessart;LINESTRING (3550097.2423097976 5541856.219629435,3550147.0821008924 5541720.370166248,3550185.545586301 5541610.373700621,3550227.253570329 5541483.899240202,3550266.0488073598 5541358.317274168);LINESTRING (9.69786509840312 50.010925241853215,9.698542660855951 50.00969980140892,9.69906486901853 50.00870772605698,9.699630163306608 50.00756724205529,9.700154918695077 50.0064350239151);LINESTRING (550003.0990992368 5540079.276929457,550052.9178633709 5539943.481330735,550091.3650790143 5539833.528494428,550133.0553617221 5539707.104219957,550171.8340683964 5539581.572107305)
5216;Richtungsgleis;6,5 + 83;7,2 + 1;100650083;100720001;6,5;83;7,2;1;618;Nantenbach - Rohrbach;Ständelberg Tunnel;Bayern;Landkreis Main-Spessart;LINESTRING (3550341.263720381 5541086.650387105,3550377.410510948 5540938.34391156,3550409.731497566 5540792.051957683,3550438.9129851754 5540645.101504082,3550467.480906834 5540482.092264061);LINESTRING (9.701168540892008 50.00398646409661,9.701653308957788 50.002650174465856,9.702084955015104 50.00133231588403,9.702472705533168 50.00000880110855,9.702849771056364 49.998540971825754);LINESTRING (550247.0167012899 5539310.013138015,550283.1478328612 5539161.765616681,550315.4547054488 5539015.531843687,550344.6233278593 5538868.639859928,550373.178497536 5538705.695510681)
5216;Richtungsgleis;7,4 + 87;8,8 + 48;100740087;100880048;7,4;87;8,8;48;1361;Nantenbach - Rohrbach;Rammersberg Tunnel;Bayern;Landkreis Main-Spessart;LINESTRING (3550507.7257695934 5540199.054451501,3550518.851948309 5540101.741176247,3550528.7919430644 5540002.355707834,3550537.312438272 5539902.839239497,3550543.327434623 5539819.822265934,3550597.6255413326 5538841.432848698);LINESTRING (9.703373901949744 49.99599312284409,9.703516292837275 49.995117357157405,9.70364186518137 49.99422306305044,9.703747621041506 49.9933277112068,9.703820600885916 49.99258089804022,9.70444922142428 49.983780791728854);LINESTRING (550413.4049574283 5538422.770447017,550424.5258918701 5538325.495959105,550434.4610992263 5538226.1501156995,550442.9773730659 5538126.673336401,550448.9892845373 5538043.6894805655,550503.2576638239 5537065.690507454)
5240;Richtungsgleis;19,9 + 88;20,3 + 88;101990088;102030088;19,9;88;20,3;88;400;Schweinfurt - Meiningen;Rottershausen Tunnel;Bayern;Landkreis Bad Kissingen;LINESTRING (3584141.105291733 5560878.338364924,3584492.2247168766 5561069.9591988595);LINESTRING (10.176911730160736 50.178075046707704,10.181868739920176 50.17974747339269);LINESTRING (584033.5191145516 5559093.513624681,584384.499865078 5559285.054962224)
5323;Streckenachse;0,2 + 16;0,4 + 5;100020016;100040005;0,2;16;0,4;5;189;Eichstätt - Kinding;Schneckenbergtunnel;Bayern;Landkreis Eichstätt;LINESTRING (3658703.424208704 5417163.468125694,3658703.504535703 5417185.954751374,3658706.004035347 5417210.416743124,3658710.2330343453 5417231.515235968,3658717.355532422 5417255.050227939,3658726.8470296892 5417277.733720148,3658738.6085261735 5417299.328212678,3658752.516021914 5417319.606205606,3658766.6707263165 5417336.467888305);LINESTRING (11.162399329394267 48.871589916876914,11.162409138077596 48.871791956694,11.162452666017398 48.87201112836526,11.162518449861258 48.87219963417249,11.16262459368157 48.87240929412935,11.162762678891534 48.87261069691323,11.16293126515096 48.8728017335918,11.16312857535641 48.872980391468076,11.163327929900076 48.87312828750452);LINESTRING (658564.8342211654 5415435.487579626,658564.9147008958 5415457.965206942,658567.413401573 5415482.41739003,658571.6408819591 5415503.507405852,658578.7607237345 5415527.032922084,658588.2486098357 5415549.707259799,658600.0055779496 5415571.29301492,658613.9076758572 5415591.562779577,658628.0568554295 5415608.417598956)
5362;Streckenachse;100,7 + 84;100,9 + 44;110070084;110090044;100,7;84;100,9;44;160;Buchloe - Lindau Hbf;Oberstaufener Tunnel;Bayern;Landkreis Oberallgäu;LINESTRING (3577482.37823614 5268414.41436874,3577474.280626916 5268427.766913755,3577428.7166427732 5268516.70838377,3577411.7712241425 5268557.696580883);LINESTRING (10.028359472167542 47.54953140393489,10.02825426225712 47.54965244460426,10.027664681373047 47.550457698849605,10.027446799983856 47.55082831265952);LINESTRING (577375.1131360662 5266746.610540718,577367.0188702542 5266759.957802631,577321.4738045947 5266848.864017792,577304.5354823315 5266889.8359369105)
5501;Streckenachse;121,3 + 18;121,9 + 51;112130018;112190051;121,3;18;121,9;51;633;München - Treuchtlingen;Esslinger-Berg-Tunnel;Bayern;Landkreis Eichstätt;LINESTRING (3649819.1518174675 5418594.537162582,3649188.118198715 5418544.661807558);LINESTRING (11.04189643125027 48.886657649248626,11.03327918708096 48.88636147291104);LINESTRING (649684.1281675736 5416866.05695396,649053.3466066922 5416816.206728395)
5501;Streckenachse;128,8 + 80;128,9 + 88;112880080;112890088;128,8;80;128,9;88;108;München - Treuchtlingen;Kirchbergtunnel;Bayern;Landkreis Weißenburg-Gunzenhausen;LINESTRING (3645281.5128803337 5422373.331091814,3645265.142630889 5422384.854772671,3645221.945145791 5422410.028265091,3645187.5597826857 5422426.166752706);LINESTRING (10.981403541553268 48.921695797428306,10.981184400440286 48.921803194640894,10.980604269427047 48.92203954491458,10.980141092732804 48.92219263283353);LINESTRING (645148.335610401 5420643.376198495,645131.972004577 5420654.895403073,645088.7920076053 5420680.059178021,645054.4205331366 5420696.191490714)
5505;Richtungsgleis;1,9 + 49;2,2 + 14;100190049;100220014;1,9;49;2,2;14;265;München - Lenggries;Südstreckentunnel;Bayern;Kreisfreie Stadt München;LINESTRING (3688577.843939921 5336966.065451724,3688544.9079896463 5336960.948899677,3688515.876999464 5336953.721402626,3688487.564008997 5336944.055906396,3688460.174018175 5336932.021910963,3688442.511024069 5336922.718414437,3688415.1015331773 5336905.915420636,3688315.1717551015 5336835.3719965005);LINESTRING (11.533061145585327 48.1427569728105,11.532616744496945 48.142720754509,11.532223831256427 48.142664412831394,11.531839479360114 48.14258595307889,11.531466471941862 48.142485939090975,11.531225249101562 48.142407578112795,11.530849874496305 48.14226472071894,11.529477247021527 48.141660476628196);LINESTRING (688426.642550529 5335269.942759292,688393.7197463467 5335264.82852228,688364.700321652 5335257.604153959,688336.3985894746 5335247.942756883,688309.0194682253 5335235.913801536,688291.3634711081 5335226.614173115,688263.9648190385 5335209.818129163,688164.0744822011 5335139.303759903)
5540;Streckenachse;0,0 + 65;0,5 + 30;100000065;100050030;0;65;0,5;30;465;;;Bayern;Kreisfreie Stadt München;LINESTRING (3690465.273608844 5336913.549919481,3690432.5713428915 5336923.090881865,3690264.280401146 5336962.286371191,3690238.4034100855 5336967.207369925,3690200.226423229 5336971.7648689905,3690176.6264313203 5336972.493869127,3690154.577438856 5336971.673869767,3690136.536445005 5336970.032370624,3690109.2934542596 5336965.65737257,3690091.9814601243 5336961.828374164,3690059.9084709617 5336953.167877656,3690010.8361758813 5336938.509466607);LINESTRING (11.55837447712167 48.14172350382843,11.557939755664394 48.14181900173687,11.555698164660866 48.142221444157045,11.555352993199362 48.14227338605303,11.554842545727944 48.14232573449208,11.554526068537387 48.1423393315303,11.554229720554998 48.14233854786031,11.553986808890336 48.142329186245675,11.553619152071128 48.142298012206105,11.553385051171125 48.14226877842732,11.552950647312784 48.14220054134335,11.552285375655774 48.142083486913684);LINESTRING (690313.3160680893 5335217.432993283,690280.6269733923 5335226.970399715,690112.4037327862 5335266.1515553035,690086.5371427294 5335271.070792837,690048.3754788724 5335275.626775735,690024.7849423354 5335276.355674839,690002.744771688 5335275.53618216,689984.7109881989 5335273.895486229,689957.4788701949 5335269.522460374,689940.1737768312 5335265.695135215,689908.1135596789 5335257.038365994,689859.0607946318 5335242.386221426)
5550;Streckenachse;0,1 + 97;3,6 + 48;100010097;100360048;0,1;97;3,6;48;3451;;;Bayern;Kreisfreie Stadt München;LINESTRING (3690712.0672865207 5336826.157243186,3690763.4352277457 5336808.88841557,3690791.502217957 5336797.936418861,3690849.0301978868 5336775.134925734,3690893.4211823605 5336755.123431862,3690915.7156745344 5336743.373435521,3690940.5986657697 5336728.439940235,3691016.141139058 5336676.762456701,3691036.1461319947 5336663.718460842,3691058.441124149 5336650.77596491,3691085.712114584 5336636.935969207,3691111.789105459 5336624.986972875,3691139.5580957634 5336613.537476346,3691164.2425871687 5336604.8744789045,3691183.9495803285 5336599.198980526,3691225.255566037 5336590.236982922,3691269.5455507757 5336584.4624841735,3691355.0415213536 5336575.601985808,3691380.123512699 5336571.619486759,3691411.3755018865 5336564.848488571,3691435.2624935955 5336558.077490497,3691460.144484939 5336549.813992919,3691487.0174755673 5336539.457996029,3691580.079943056 5336500.3280079095,3691629.3469258673 5336481.011013721,3691681.699907667 5336464.483518523,3691772.968375989 5336438.796525829,3691807.207364067 5336426.848529362,3691827.312357047 5336418.683531828,3691845.824350565 5336410.022034493,3691908.7288284516 5336375.271545369,3691944.259816 5336358.044550693,3691962.274809709 5336350.677052922,3692008.457793653 5336336.140057143,3692064.9897740507 5336321.50356123,3692090.568765164 5336313.8380634375,3692124.907253188 5336300.795067344,3692146.7042455543 5336290.539070499,3692172.481236492 5336276.301574957,3692190.8942299895 5336264.35257875,3692206.0232246327 5336253.698582151,3692223.640218366 5336239.560086707,3692239.2657127967 5336226.318090992,3692345.068174964 5336129.238122527,3692396.8246564823 5336083.337137408,3692485.8041248065 5336010.4531609295,3692510.5861160094 5335991.734166938,3692532.1841083723 5335977.197171567,3692550.4981019194 5335966.244675021,3692570.404594925 5335955.590678347,3692594.9885863126 5335943.941681935,3692619.6725776964 5335934.184184871,3692643.459569414 5335926.019187281,3692708.3525468553 5335906.006693072,3692734.7275376725 5335897.046195711,3692755.2305305162 5335888.98119814,3692776.928022924 5335879.322201093,3692797.0330158668 5335868.967704313,3692824.4040062167 5335852.339709563,3692840.428000549 5335841.486713019,3692865.8079915233 5335821.373219499,3692891.187482453 5335798.472226929,3693110.0549039827 5335586.288796075,3693151.8578889985 5335545.964309216,3693172.4613816296 5335527.145315329,3693192.6653744173 5335509.521821037,3693417.604794325 5335325.717380355,3693440.6957861064 5335307.097886364,3693475.5317737525 5335281.707894495,3693504.395263584 5335264.7813998265,3693529.1782549135 5335253.928403136,3693556.6482453346 5335243.871406132,3693599.8852303415 5335233.063909128,3693641.907215858 5335228.00841017,3693672.8982052356 5335227.8904097,3693689.5807775673 5335229.35234249);LINESTRING (11.561648243998622 48.140864490122944,11.562330047922401 48.140693958698236,11.562701898947239 48.14058715580513,11.563463906450023 48.14036506538312,11.564050816362942 48.140171973534265,11.564344817437021 48.14005972599402,11.564672137147975 48.13991810028217,11.56566299767355 48.13943116487492,11.565925679291693 48.13930797434262,11.566219143538623 48.139185008240865,11.566578996240484 48.13905248526525,11.566923667834452 48.138937308690146,11.567291273127719 48.138826111016925,11.567618723659288 48.13874087256432,11.567880701015136 48.138683967682084,11.56843112113736 48.13859105155783,11.569023022355431 48.13852587412238,11.570166631091395 48.13842059080398,11.570501510319804 48.13837727561055,11.570917954666658 48.138307052831244,11.5712355404523 48.1382390420512,11.571565810633164 48.1381573223568,11.57192186427002 48.138056203688464,11.57315341640302 48.137676667962445,11.573806017184134 48.1374883003427,11.574501288289582 48.13732406196364,11.57571476938749 48.13706581402167,11.576168958710948 48.13694816196287,11.576435138835947 48.136868751831166,11.576679713247882 48.13678536019552,11.577508387085137 48.1364542069175,11.577977531692976 48.136288731028905,11.578216012537391 48.136217111508564,11.578829334341847 48.13607258971184,11.579581510994563 48.13592405061904,11.579921376624053 48.13584746973675,11.58037638712335 48.135719933672554,11.580664321596796 48.135621217717315,11.581003879378619 48.13548552993115,11.581245629114052 48.13537262316623,11.58144388457862 48.13527234125898,11.581673961743649 48.13514000293263,11.581877712667108 48.13501631944284,11.583253968535077 48.1341122004223,11.583927904832446 48.1336841899044,11.585089227140461 48.13300251090272,11.585413378931184 48.13282684864534,11.58569668392944 48.13268971944108,11.585937531256258 48.13258578577171,11.5861998852002 48.13248405203528,11.586524565047045 48.132371964516516,11.58685143976414 48.132276839376814,11.587166994027477 48.132196291798614,11.58802887040978 48.13199687175384,11.588378794451794 48.13190839122567,11.588650315420121 48.13182973149414,11.588937146133599 48.13173638900474,11.589202288977024 48.131637279255266,11.589562109109028 48.13147960799631,11.589772254524261 48.13137725347023,11.59010377469476 48.13118886901556,11.59043402515275 48.13097544055298,11.593275272131896 48.12900286327627,11.59381800794026 48.128627913300434,11.594085982025712 48.1284525956274,11.594349134487619 48.12828813897015,11.597284429724533 48.12656858535529,11.597585851969463 48.12639429714083,11.598041810084082 48.12615561563618,11.598421456924436 48.12599478270888,11.598749099754402 48.12588975256019,11.599113159296513 48.12579105668057,11.599688454470293 48.12568082724448,11.60025005354219 48.125622640489546,11.600665867800869 48.12561216240567,11.600890394661576 48.12562022614991);LINESTRING (690560.0102218117 5335130.073315196,690611.3574554197 5335112.810986997,690639.4131188972 5335101.863148745,690696.9178799266 5335079.070320639,690741.290928165 5335059.066480862,690763.5763984659 5335047.321009216,690788.4493056228 5335032.3932924485,690863.9611132548 5334980.735891011,690883.9579905621 5334967.6969565265,690906.2439509799 5334954.759462802,690933.5039100006 5334940.92478844,690959.5703628416 5334928.9803658975,690987.3281416642 5334917.535229452,691012.0026791806 5334908.875501254,691031.7017356369 5334903.202116096,691072.9911096976 5334894.243373003,691117.2633137641 5334888.470828251,691202.7249795818 5334879.6131862635,691227.7968957288 5334875.632079021,691259.0363166485 5334868.863539322,691282.9136890753 5334862.095059321,691307.7856506543 5334853.834669409,691334.6477973745 5334843.482601976,691427.6726854296 5334804.367529841,691476.9197851042 5334785.057872206,691529.2516706743 5334768.536571594,691620.4833865977 5334742.859126394,691654.7085684511 5334730.915637278,691674.8054451717 5334722.753746613,691693.3099562591 5334714.0955678485,691756.188965504 5334679.358485013,691791.7055867616 5334662.138101117,691809.7133075045 5334654.773407781,691855.8776817728 5334640.241859441,691912.3869078566 5334625.610767076,691937.9555948956 5334617.948131844,691972.280227948 5334604.910080772,691994.0684096144 5334594.658014412,692019.8349640028 5334580.4260114785,692038.2404880777 5334568.4816510705,692053.3633387189 5334557.8317982815,692070.9731640331 5334543.69882183,692086.5922947124 5334530.462002228,692192.3516069555 5334433.420051841,692244.0869932164 5334387.537028295,692333.030243445 5334314.681517162,692357.8021601973 5334295.969818399,692379.3913868564 5334281.438469403,692397.6979586531 5334270.49021044,692417.5963946697 5334259.84031894,692442.1704480936 5334248.1957882885,692466.8444767775 5334238.441998751,692490.6218778486 5334230.280078252,692555.4887094722 5334210.275072698,692581.8530669333 5334201.317950033,692602.3477848792 5334193.256016079,692624.0365111958 5334183.600711281,692644.1333700712 5334173.250198138,692671.4932661912 5334156.6286403695,692687.5107564968 5334145.779860104,692712.8804222466 5334125.674215398,692738.249565589 5334102.782187867,692957.0276326694 5333890.681952195,692998.8135528748 5333850.373274542,693019.408643292 5333831.5616497835,693039.604403504 5333813.945049133,693264.4522669954 5333630.212390779,693287.5338621201 5333611.600165923,693322.3556954426 5333586.220059333,693351.2074909185 5333569.300109154,693375.9804709351 5333558.451257903,693403.4393805686 5333548.3980658455,693446.658965367 5333537.594546739,693488.6640837267 5333532.540732173,693519.6426628836 5333532.422528184,693536.3185670895 5333533.883740566)
5556;Streckenachse;13,3 + 72;14,4 + 53;101330072;101440053;13,3;72;14,4;53;1081;;;Bayern;Landkreis München;LINESTRING (3698950.5383092454 5345417.533145832,3698977.982562038 5345490.733801754,3698993.9550573984 5345538.144785227,3699008.7520531667 5345585.926768598,3699022.3525493518 5345634.062751869,3699034.76204595 5345682.5197350485,3699045.9165429836 5345731.281218146,3699055.7575404723 5345780.329201168,3699064.293038413 5345829.619184136,3699071.3595368597 5345879.139167044,3699077.43103565 5345928.788149928,3699134.6761560235 5346478.879736955);LINESTRING (11.676246186168829 48.21552474650798,11.67664938790089 48.21617373893084,11.676886308998705 48.21659464559392,11.67710760692451 48.21701925277841,11.67731299109172 48.21744741444271,11.677502519612508 48.21787883250387,11.67767532408283 48.21831337887669,11.677830609291359 48.218750910276114,11.6779684614958 48.21919102451405,11.678086676765988 48.21963366510503,11.678191579138305 48.22007777623064,11.679219215422869 48.22500148926585);LINESTRING (698795.2522246474 5343717.942165319,698822.6860840808 5343791.113286377,698838.6525696533 5343838.505155217,698853.4440293361 5343886.267884952,698867.0394714081 5343934.384482572,698879.4443933951 5343982.821961252,698890.59482081 5344031.563828128,698900.4322769499 5344080.5920908945,698908.9647582464 5344129.862267322,698916.0288301217 5344179.362363544,698922.0983018 5344228.991416185,698979.3249770266 5344778.862265663)
5556;Streckenachse;14,6 + 96;15,0 + 41;101460096;101500041;14,6;96;15;41;345;;;Bayern;Landkreis München;LINESTRING (3699161.1423363895 5346720.512689602,3699170.0005187816 5346774.019358747,3699179.1245165225 5346823.204341741,3699230.361636157 5347058.570017008);LINESTRING (11.679688439475731 48.22716385750833,11.679832650917453 48.227641746890505,11.67997841029402 48.22808072952516,11.680777812883285 48.23017901927122);LINESTRING (699005.7825266762 5345020.398246681,699014.6375976953 5345073.8834182685,699023.758342467 5345123.048632059,699074.9768623337 5345358.319643853)
5556;Streckenachse;32,3 + 60;32,9 + 54;103230060;103290054;32,3;60;32,9;54;594;;;Bayern;Landkreis Erding;LINESTRING (3705802.3728731354 5360966.649572821,3706389.7511485755 5361056.188834694);LINESTRING (11.775905257525471 48.35301280497766,11.783864944523794 48.353625600579115);LINESTRING (705644.4702954211 5359260.776505169,706231.6141271814 5359350.275102342)
5556;Streckenachse;33,2 + 86;33,6 + 53;103320086;103360053;33,2;86;33,6;53;367;;;Bayern;Landkreis Erding;LINESTRING (3706718.049566465 5361106.237961673,3707029.5110932747 5361153.711791528,3707081.047864673 5361160.941118179);LINESTRING (11.788313860416734 48.35396789661084,11.792534656322857 48.35429240108458,11.79323275790108 48.3543404576174);LINESTRING (706559.7815091729 5359400.301498966,706871.118720043 5359447.75376728,706922.634916039 5359454.9797768425)
5634;Streckenachse;84,4 + 35;84,9 + 11;108440035;108490011;84,4;35;84,9;11;476;Landshut - Bayer. Eisenstein;Kuhberg-Tunnel  Länge 476m;Bayern;Landkreis Deggendorf;LINESTRING (3792266.526750018 5421268.902521347,3792264.9478108776 5421284.372088717,3792254.1483159885 5421333.221072232,3792238.0988228624 5421380.603056408,3792216.6683315216 5421425.807541497,3792190.2513418165 5421468.235527687,3792159.39385355 5421507.62401506,3792124.5428665536 5421543.49100376,3792004.224226498 5421650.055435147);LINESTRING (12.982489558267428 48.85996242844424,12.98247912000997 48.86010194049677,12.982367119704202 48.8605452188909,12.982182695037425 48.860977806920005,12.981923556721984 48.86139339237369,12.981594639711208 48.86178641594378,12.981203178672947 48.86215426107281,12.980754906681522 48.86249239319297,12.97919496086324 48.86350489209302);LINESTRING (792074.5074814849 5419538.156028721,792072.929307591 5419553.619414144,792062.1345573538 5419602.4489265755,792046.0918987596 5419649.812072294,792024.6703781849 5419694.998637235,791998.2643323416 5419737.409858093,791967.4195401124 5419776.782835589,791932.5828181738 5419812.635759065,791812.3132780499 5419919.158545373)
5634;Streckenachse;94,3 + 33;94,9 + 2;109430033;109490002;94,3;33;94,9;2;569;Landshut - Bayer. Eisenstein;Hochbuhl Tunnel;Bayern;Landkreis Deggendorf;LINESTRING (3791533.4564063554 5430619.607839493,3791529.1558357133 5430685.821879177,3791501.8858714653 5431188.189782084);LINESTRING (12.979187931848516 48.9441869775166,12.979176669829936 48.94478296418723,12.97916421182171 48.94930220979456);LINESTRING (791341.8111699377 5428885.122857527,791337.5128921003 5428951.310417615,791310.2581779867 5429453.477373309)
5801;Streckenachse;186,0 + 72;186,1 + 72;118600072;118610072;186;72;186,1;72;100;Furth im Wald Grenze - Furth;Klöpfelsberg Tunnel  Tunnellänge 100m;Bayern;Landkreis Cham;LINESTRING (3781792.5176529153 5471650.485279011,3781766.4514102293 5471639.661190988,3781717.9464263264 5471627.608196661,3781696.169952981 5471625.6903556455);LINESTRING (12.875148569272351 49.31679704823508,12.874783246824821 49.3167119592625,12.874109145712913 49.31662618386067,12.873808968240402 49.31661901230346);LINESTRING (781605.1279871542 5469899.6560284,781579.0720845435 5469888.836500526,781530.5864122862 5469876.788753711,781508.8186394005 5469874.871870091)
5900;Streckenachse;24,9 + 42;25,2 + 50;102490042;102520050;24,9;42;25,2;50;308;Eltersdorf - Leipzig Hbf;Burgberg Tunnel  länge=306,65;Bayern;Kreisfreie Stadt Erlangen;LINESTRING (3644652.4640700086 5498815.142961595,3644661.719990754 5498869.583433904,3644676.648488283 5498970.1184004685,3644687.405486925 5499059.865370691,3644693.1902277754 5499120.454602326);LINESTRING (11.000420060876912 49.60876377347134,11.000568078429803 49.609250738301945,11.000811501416898 49.61015053087897,11.000993279389876 49.6109543843111,11.001095573190113 49.61149742829545);LINESTRING (644520.1725248083 5497054.618068683,644529.4252014672 5497109.036694175,644544.3485736039 5497209.5313345045,644555.1020243077 5497299.242327313,644560.8849606683 5497359.807282587)
5903;Streckenachse;42,3 + 5;42,5 + 61;104230005;104250061;42,3;5;42,5;61;256;Nürnberg Hbf - Schirnding;Vogelherd-Tunnel  TL=256m;Bayern;Landkreis Nürnberger Land;LINESTRING (3679543.362792674 5496813.01594296,3679383.262705298 5497013.287877286);LINESTRING (11.481835497054778 49.58143298151388,11.479714934974941 49.58327939450968);LINESTRING (679397.1016055625 5495052.997298439,679237.0672492544 5495253.190489408)
5903;Streckenachse;43,6 + 52;43,9 + 20;104360052;104390020;43,6;52;43,9;20;268;Nürnberg Hbf - Schirnding;"Platte-Tunnel  w=8,20; hl=6,40m; TL=268m";Bayern;Landkreis Nürnberger Land;LINESTRING (3678991.7337421114 5497998.043839727,3678998.7106408966 5498045.764335269,3679009.389138654 5498094.615318803,3679023.4631352634 5498142.602302537,3679040.771630769 5498189.344786592,3679061.1971252104 5498234.819770983,3679070.475482895 5498252.486853626);LINESTRING (11.474753483703255 49.592240983465025,11.474871598191235 49.59266757790965,11.475041379566331 49.5931032324504,11.475257692041273 49.5935301215478,11.475518138761727 49.59394487464104,11.475821086458783 49.594347319574204,11.475957342493205 49.59450327236778);LINESTRING (678845.7032344505 5496237.555907884,678852.6777480314 5496285.257257815,678863.352389774 5496334.088612167,678877.4211650481 5496382.056283467,678894.7231350581 5496428.779925388,678915.1408466403 5496474.236548138,678924.4156435478 5496491.8964858595)
5903;Streckenachse;45,5 + 0;45,7 + 18;104550000;104570018;45,5;0;45,7;18;218;Nürnberg Hbf - Schirnding;"Rothenfels-Tunnel  w=8,20m; hl=6,40m; Tl=218m";Bayern;Landkreis Nürnberger Land;LINESTRING (3680300.7966615693 5499214.560116901,3680500.315908409 5499303.6443702355);LINESTRING (11.49339974369941 49.60277994275511,11.496198182922901 49.603520668144576);LINESTRING (680154.2529395606 5497453.5745084295,680353.6931476367 5497542.621436389)
5903;Streckenachse;46,1 + 37;46,2 + 17;104610037;104620017;46,1;37;46,2;17;80;Nürnberg Hbf - Schirnding;"Hufstätte-Tunnel  w=8,20m; hl=6,40m; TL=80m";Bayern;Landkreis Nürnberger Land;LINESTRING (3680874.182338533 5499494.136108273,3680944.094311481 5499533.4001008505);LINESTRING (11.501453061954045 49.60512012849158,11.5024374232963 49.60545191510895);LINESTRING (680727.4116723575 5497733.033808186,680797.2960183857 5497772.281502531)
5903;Streckenachse;46,4 + 39;46,6 + 24;104640039;104660024;46,4;39;46,6;24;185;Nürnberg Hbf - Schirnding;"Sonnenburg-Tunnel  w=8,20m; hl=6,60m; TL=185m";Bayern;Landkreis Nürnberger Land;LINESTRING (3681137.5742279696 5499642.293223933,3681298.626335294 5499732.812602453);LINESTRING (11.505161797490786 49.60637215624179,11.507429578736737 49.60713700761963);LINESTRING (680990.6994799528 5497881.12942814,681151.687945425 5497971.611233442)
5903;Streckenachse;46,9 + 22;47,2 + 40;104690022;104720040;46,9;22;47,2;40;318;Nürnberg Hbf - Schirnding;"Gotthard-Tunnel  w=8,20; hl=6,40m; TL=318m";Bayern;Landkreis Nürnberger Land;LINESTRING (3681558.489851735 5499878.824962999,3681835.9379164167 5500034.547531278);LINESTRING (11.51108885430066 49.60837063185995,11.514995868979664 49.60968607303391);LINESTRING (681411.4487730953 5498117.562985544,681688.7871988823 5498273.220911814)
5903;Streckenachse;47,7 + 31;47,9 + 1;104770031;104790001;47,7;31;47,9;1;170;Nürnberg Hbf - Schirnding;"Haidenhübel-Tunnel  w=8,20m; hl=6,40m; TL=170m";Bayern;Landkreis Nürnberger Land;LINESTRING (3682263.841347898 5500274.8710567625,3682323.715600125 5500308.362496956,3682367.981086096 5500331.866987979,3682414.676329962 5500353.340265953);LINESTRING (11.521022068729554 49.61171598386953,11.521865259119764 49.61199877335418,11.522488059605012 49.61219655605988,11.523143510009536 49.612375357730436);LINESTRING (682116.5215377009 5498513.444678184,682176.3721285574 5498546.922213839,682220.6201108189 5498570.416927469,682267.2968619381 5498591.881219789)
5903;Streckenachse;88,2 + 19;88,6 + 90;108820019;108860090;88,2;19;88,6;90;471;Nürnberg Hbf - Schirnding;"Katzenbühl-Tunnel  w=8,20m; h=6,40m, TL=471m";Bayern;Landkreis Neustadt a.d.Waldnaab;LINESTRING (3698371.374325813 5525363.047428911,3698671.7501407433 5525726.089930369);LINESTRING (11.756386035960215 49.8319527324834,11.760741991019824 49.835113598784254);LINESTRING (698217.8274960294 5523591.449178148,698518.0863170302 5523954.3438981315)
5903;Streckenachse;108,1 + 15;108,9 + 55;110810015;110890055;108,1;15;108,9;55;840;Nürnberg Hbf - Schirnding;ArmannsbergTunnel;Bayern;Landkreis Tirschenreuth;LINESTRING (3710767.6299889223 5534255.03174513,3711561.71134604 5534530.247401015);LINESTRING (11.933302672596731 49.907568437240236,11.94449315805579 49.90975944721434);LINESTRING (710609.2026342693 5532479.77005976,711402.9688130023 5532754.868752742)
5903;Streckenachse;116,4 + 88;117,2 + 49;111640088;111720049;116,4;88;117,2;49;761;Nürnberg Hbf - Schirnding;Langentheilentunnel;Bayern;Landkreis Tirschenreuth;LINESTRING (3716316.7874225653 5539397.267005947,3716789.1464553466 5539994.4100468345);LINESTRING (12.013327691777988 49.95175695498818,12.020236005883536 49.956947012343356);LINESTRING (716156.185579217 5537619.900492031,716628.3609104285 5538216.80059738)
5919;Streckenachse;24,9 + 42;25,2 + 50;102490042;102520050;24,9;42;25,2;50;308;Nürnberg Hbf - Bamberg;Burgbergtunnel Ost;Bayern;Kreisfreie Stadt Erlangen;LINESTRING (3644655.912035368 5498814.242742354,3644681.4084868496 5498975.501398584,3644696.5805758303 5499119.540584845);LINESTRING (11.000467406089843 49.608754860120825,11.000879302881962 49.610197761760844,11.001142119083534 49.61148840443639);LINESTRING (644523.6191039492 5497053.718180482,644549.1067140712 5497214.912140176,644564.2739454288 5497358.893602138)
5919;Streckenachse;87,3 + 65;91,1 + 21;108730065;109110021;87,3;65;91,1;21;3756;Eltersdorf - Leipzig Hbf;Tunnel Eierberge;Bayern;Landkreis Coburg;LINESTRING (3640095.8102823724 5554373.8858704,3640049.6104411217 5554469.571376123,3639989.0659640194 5554586.454839823,3639560.7226246228 5555363.2715993,3639514.734641986 5555451.0525720585,3639470.0321590025 5555541.403043948,3639433.473173038 5555619.580019566,3639399.16768632 5555696.9604953835,3639365.74019938 5555776.632470432,3639333.5617120806 5555857.975444902,3639291.2232290204 5555973.238408637,3639258.116742488 5556071.364377689,3639227.396255204 5556170.316846401,3639211.623261833 5556224.734329166,3639183.038274061 5556331.077795425,3639158.5427848212 5556432.339263215,3639144.532291128 5556495.750243014,3639121.2933019227 5556612.961705593,3639110.475807138 5556674.353685959,3639094.454315188 5556777.014653067,3639080.0768229207 5556887.466117603,3639072.402327375 5556958.201094849,3639063.4033331433 5557060.7280618055,3639059.1763362377 5557122.727541792,3639055.308339555 5557196.964517794,3639052.4288429045 5557283.880989654,3639051.316346087 5557385.409956721,3639052.354848242 5557475.046427591,3639055.9783499883 5557580.160393362,3639060.7743507763 5557664.446365866,3639066.3933510203 5557738.76634158,3639074.0123508004 5557819.732815082,3639084.6724726637 5557908.592733364);LINESTRING (10.957490071547962 50.10905601990971,10.956879649408583 50.10992664203892,10.956076547046083 50.11099110367595,10.950375406850776 50.11807156222939,10.949764818514371 50.118871076236765,10.94917311194859 50.11969337244417,10.948690746090223 50.12040437548343,10.948239567875829 50.121107691304346,10.947801482528776 50.12183138868779,10.947381448665553 50.12256980555347,10.946831777477204 50.12361537550308,10.946404861663238 50.12450480236779,10.946011578620595 50.1254010946475,10.945810963713601 50.12589373433561,10.945450198668185 50.12685593270441,10.945144726411565 50.12777150996957,10.944972003925859 50.12834454224181,10.944689886002458 50.12940313527055,10.944561047367223 50.129957278234706,10.944374496893408 50.130883443214735,10.944213756792983 50.13187922077492,10.944132242817787 50.13251657433082,10.944043790550438 50.133439890117685,10.944007282368085 50.1339979474535,10.943980248644028 50.134665875004075,10.943971650520481 50.13544749672082,10.943993075932735 50.13635999832246,10.944040241156234 50.13716514163889,10.944129183977815 50.13810874519489,10.944226935096056 50.138864933824024,10.944332564633154 50.13953138475311,10.944468579955759 50.140257085962325,10.944649993041523 50.14105299726021);LINESTRING (639965.8101094693 5552591.1880850755,639919.6295481569 5552686.835739535,639859.1102647115 5552803.673001548,639430.9447392406 5553580.182923814,639384.9758844009 5553667.929203312,639340.2920373254 5553758.243944027,639303.7483288563 5553836.389984727,639269.4572121948 5553913.739824808,639236.043763926 5553993.380240788,639203.8788303518 5554074.690977701,639161.5582506346 5554189.908233122,639128.4658317203 5554287.99526467,639097.7584655005 5554386.908445256,639081.9922397302 5554441.304312548,639053.4195825302 5554547.605518479,639028.9347461418 5554648.826722343,639014.930392293 5554712.212477151,638991.7016897049 5554829.3772902135,638980.8890414501 5554890.744825389,638964.8748275808 5554993.364897146,638950.5040227622 5555103.772338631,638942.8331972645 5555174.479109734,638933.8386734002 5555276.965175164,638929.613894282 5555338.939911093,638925.7480762205 5555413.147248888,638922.8704712124 5555500.029006375,638921.7592844085 5555601.517403694,638922.7981355637 5555691.118039718,638926.4210851461 5555796.189962586,638931.2158876522 5555880.442206759,638936.8332757587 5555954.7324303575,638944.4499207616 5556035.666478239,638955.1065397509 5556124.490790147)
5919;Streckenachse;92,6 + 93;94,0 + 24;109260093;109400024;92,6;93;94;24;1331;Eltersdorf - Leipzig Hbf;Tunnel Kulch  Notausgang 1;Bayern;Landkreis Lichtenfels;LINESTRING (3639560.6675302815 5559397.398246896,3639586.17722997 5559445.330773111,3639639.8317151866 5559539.088741182,3639693.121700363 5559627.1777111,3639733.666688994 5559690.946689269,3639791.6446726313 5559778.322159287,3639908.750139211 5559941.48210305,3639949.2426275467 5559994.036584862,3640003.24561193 5560061.896061322,3640085.8170879143 5560160.7485269215,3640181.116059995 5560267.54648959,3640357.6787879225 5560457.828647948);LINESTRING (10.951849302613784 50.154318181973004,10.952223586788874 50.15474285427478,10.953008255212382 50.15557264283036,10.953785776960071 50.15635157580421,10.954376169587011 50.156914990722576,10.955219038277054 50.157686398715384,10.956916681540354 50.159124779806206,10.957502295279195 50.15958742871412,10.958282500447332 50.1601844008882,10.95947368257102 50.161053092383284,10.960845845290581 50.161990153523185,10.963385434207806 50.163658074032114);LINESTRING (639430.9240589814 5557612.697202359,639456.4239724814 5557660.610353505,639510.0578142545 5557754.330391105,639563.3272533434 5557842.383699418,639603.8565820324 5557906.126844805,639661.8121399875 5557993.466898378,639778.8721970217 5558156.5606320435,639819.3489508131 5558209.093763647,639873.3309317464 5558276.925657591,639955.8702512878 5558375.737909765,640051.1320482002 5558482.492374747,640227.6258362273 5558672.696975319)
5919;Streckenachse;95,3 + 17;96,2 + 48;109530017;109620048;95,3;17;96,2;48;931;Eltersdorf - Leipzig Hbf;Tunnel Lichtholz;Bayern;Landkreis Coburg;LINESTRING (3641126.6964785885 5561493.039671107,3641185.8532716036 5561601.859028276,3641231.3552592834 5561688.323998931,3641557.69666024 5562318.34289678);LINESTRING (10.974525133349552 50.17277682413124,10.97539304966154 50.17374046544151,10.97606167882479 50.17450650201229,10.980861416604524 50.18008927162499);LINESTRING (640996.3450252283 5559707.4876862215,641055.4791054842 5559816.263045991,641100.9636467008 5559902.693070307,641427.180006792 5560532.457379317)
5919;Streckenachse;100,3 + 1;101,1 + 25;110030001;110110025;100,3;1;101,1;25;824;Eltersdorf - Leipzig Hbf;Tunnel Höhnberg Süd;Bayern;Landkreis Coburg;LINESTRING (3643168.75346794 5565978.783798717,3643188.3327501724 5566102.916510957,3643200.2067488893 5566192.482481565,3643213.5287480894 5566315.267941356,3643219.9632481444 5566389.944916949,3643224.8262485564 5566459.300394312,3643233.1857522633 5566682.978821526,3643232.421618363 5566799.152216641);LINESTRING (11.004780288202866 50.212590144202345,11.005101185870167 50.2137006941558,11.00530118667871 50.214502537743115,11.005533988251559 50.215602494420764,11.005652228498462 50.21627188084796,11.00574646181341 50.21689383564166,11.005947832051138 50.21890147341003,11.005980927902222 50.21994542871191);LINESTRING (643037.6242601366 5564191.421543671,643057.1967799927 5564315.504476892,643069.0667999018 5564405.034549549,643082.384525963 5564527.770822379,643088.8170936885 5564602.417897211,643093.6787442766 5564671.745614089,643102.036821804 5564895.334573699,643101.2739877488 5565011.461545175)
5919;Streckenachse;102,6 + 38;103,7 + 10;110260038;110370010;102,6;38;103,7;10;1072;Eltersdorf - Leipzig Hbf;Rennbergtunnel;Bayern;Landkreis Coburg;LINESTRING (3643288.1889802786 5568307.891230274,3643301.6252791034 5568387.895266684,3643350.6042697188 5568612.978192295,3643381.158763236 5568731.56415297,3643412.0267563593 5568839.939116942,3643460.894744972 5568994.126065545,3643510.1757330233 5569133.368018982,3643540.2112255646 5569212.117992584,3643589.8252823525 5569334.075376769);LINESTRING (11.007331084137613 50.23348731192976,11.007549488875883 50.23420285953236,11.00832055702378 50.23621326653121,11.008793359891257 50.237271305019334,11.009266717646696 50.23823752401367,11.010009572078427 50.239610976011384,11.010752604198714 50.24085004847054,11.011203169507928 50.24155029344243,11.011944389268214 50.24263398269196);LINESTRING (643157.0319811534 5566519.597098258,643170.4635955291 5566599.569045358,643219.4249401744 5566824.561595437,643249.9682387632 5566943.099900709,643280.8248242596 5567051.431287509,643329.6746043097 5567205.55619573,643378.9370908138 5567344.742078131,643408.9612547964 5567423.46032155,643458.5565289741 5567545.36853975)
5919;Streckenachse;105,0 + 58;106,1 + 1;110500058;110610001;105;58;106,1;1;1043;Eltersdorf - Leipzig Hbf;Feuerfelsentunnel;Bayern;Kreisfreie Stadt Coburg;LINESTRING (3643983.6092962385 5570618.260786015,3643997.895621583 5570742.680483201,3644006.1281217635 5570840.816951152,3644011.7596228183 5570939.998918846,3644013.8894109074 5571659.950154197);LINESTRING (11.01794867917551 50.25407601258792,11.018196124117207 50.255190378756005,11.018348761716359 50.25607007768462,11.018465352155737 50.25695980296294,11.01876871752396 50.26342765511314);LINESTRING (643852.1941793456 5568829.037344693,643866.4758620131 5568953.407194791,643874.705913536 5569051.50437173,643880.3360143644 5569150.646652894,643882.4711242764 5569870.310141069)
5919;Streckenachse;111,6 + 93;114,6 + 68;111160093;111460068;111,6;93;114,6;68;2975;Eltersdorf - Leipzig Hbf;Tunnel Reitersberg  Notausgang;Bayern;Landkreis Coburg;LINESTRING (3642954.495424422 5577130.49165917,3642943.955653619 5577278.4268972725,3642935.5336631825 5577511.0928222295,3642936.4976707716 5577779.7527352655,3642945.9901742567 5578002.526162902,3642964.5126751624 5578236.76258657,3642998.023172528 5578515.176995505,3643050.3846647525 5578825.765393478,3643112.2836533994 5579119.350796675,3643323.672023968 5580068.032537676);LINESTRING (11.005986433804459 50.31283478996494,11.00589449305027 50.31416645676379,11.005864304329675 50.31625886680237,11.005979434383613 50.318672387468446,11.006196901305659 50.32067157724833,11.006545447743164 50.32277156568571,11.007121091652724 50.32526483161456,11.007973555799344 50.32804258502599,11.00895354717593 50.33066525392026,11.012280639715549 50.33913721886114);LINESTRING (642823.5474301204 5575338.674489907,642813.0131412304 5575486.5506992135,642804.5965139989 5575719.123716465,642805.5624432936 5575987.676257195,642815.0530665687 5576210.360576991,642833.5701774164 5576444.503234506,642867.0696750673 5576722.806094069,642919.4129112792 5577033.269923436,642981.2896869672 5577326.737471113,643192.6017380405 5578275.038281292)
5919;Streckenachse;118,9 + 40;119,6 + 85;111890040;111960085;118,9;40;119,6;85;745;Eltersdorf - Leipzig Hbf;Tunnel Müss;Thüringen;Landkreis Sonneberg;LINESTRING (3644867.8153889016 5584030.615079963,3644899.075729351 5584279.566574773,3644905.47673125 5584411.867531813,3644907.2447326286 5584476.855510751,3644907.215236719 5584612.8749667825,3644905.9277386423 5584663.114450582,3644899.269733292 5584773.304764258);LINESTRING (11.035479645602367 50.37436046575031,11.036014562115428 50.376589395900154,11.03615538662802 50.37777643399424,11.036205228573921 50.37835986135213,11.03625714706124 50.37958188914499,11.036258387951465 50.380033565524144,11.036207239112619 50.38102517141761);LINESTRING (644736.1621535358 5582236.024027469,644767.4121459238 5582484.875769057,644773.8117291352 5582617.12380195,644775.5795835918 5582682.085795715,644775.5512706502 5582818.050897088,644774.2647196384 5582868.270315721,644767.6103235888 5582978.416653485)
5919;Streckenachse;121,3 + 63;122,6 + 80;112130063;112260080;121,3;63;122,6;80;1317;Eltersdorf - Leipzig Hbf;Tunnel Baumleite;Thüringen;Landkreis Sonneberg;LINESTRING (3644541.4271663735 5586409.337292691,3644196.481159861 5587680.4359814655);LINESTRING (11.031807608044467 50.39581153683614,11.027446843885944 50.407315968165655);LINESTRING (644409.9248360394 5584613.798492477,644065.1276140114 5585884.39221892)
5919;Streckenachse;124,7 + 45;133,0 + 71;112470045;113300071;124,7;45;133;71;8326;Eltersdorf - Leipzig Hbf;Tunnel Blessberg;Thüringen;Landkreis Hildburghausen;LINESTRING (3643655.620489142 5589673.464677547,3643575.1983281393 5589965.116777982,3643478.8078683894 5590267.2181833815,3643361.4559156615 5590577.864086672,3643306.5614373134 5590707.943546356,3643219.361971388 5590904.070985696,3642848.007115336 5591700.9707398135,3642775.0421436797 5591859.549690865,3642607.2252099514 5592259.977566775,3642469.3502660897 5592644.599446896,3642344.071819172 5593062.237315999,3642248.936361712 5593452.6046929965,3642189.564890007 5593753.536597759,3642175.015397273 5593838.181570907,3642137.8754167617 5594085.077492427,3641676.418099617 5597698.033416416);LINESTRING (11.02060531753615 50.425354117817555,11.019585806908044 50.42799402919655,11.01834558320491 50.4307317093905,11.016813638638924 50.43355125680679,11.016091153621204 50.434733308216806,11.014939410950108 50.43651661975898,11.01001895156009 50.44376655753594,11.00905275239528 50.445209007400415,11.006843884301775 50.44884731632777,11.005050015927978 50.45233631655063,11.003445694835548 50.456118860314014,11.002255008566074 50.4596490747643,11.001533594123783 50.462367104727676,11.001360928573877 50.46313110012168,11.000931841708695 50.46535826842023,10.995803955759655 50.49792954048825);LINESTRING (643524.5002330916 5587876.629169529,643444.1127203587 5588168.16542142,643347.7633794392 5588470.146940843,643230.4609947595 5588780.669724961,643175.5895718427 5588910.697679619,643088.4266387296 5589106.747500567,642717.227033387 5589903.332026568,642644.2925830646 5590061.848241171,642476.546155112 5590462.117560125,642338.7296170546 5590846.586941642,642213.504827633 5591264.059011741,642118.4107487448 5591654.271227211,642059.0655946888 5591955.083398848,642044.5226453447 5592039.694675445,642007.3996338536 5592286.492263943,641546.1578688654 5595898.0085487645)
5919;Streckenachse;133,1 + 80;134,3 + 43;113310080;113430043;133,1;80;134,3;43;1163;Eltersdorf - Leipzig Hbf;Tunnel Goldberg;Thüringen;Landkreis Sonneberg;LINESTRING (3641662.6174146505 5597806.1622602185,3641515.3679044475 5598959.867263446);LINESTRING (10.995650528354503 50.49890432905975,10.994013199498136 50.50930504181986);LINESTRING (641532.3636313623 5596006.094307601,641385.1829150314 5597159.33960886)
5919;Streckenachse;135,1 + 10;135,7 + 12;113510010;113570012;135,1;10;135,7;12;602;Eltersdorf - Leipzig Hbf;Tunnel Rehberg;Thüringen;Landkreis Hildburghausen;LINESTRING (3641418.256662586 5599720.737201149,3641342.036365865 5600317.92586154);LINESTRING (10.992933020562004 50.516164307736666,10.992085014195716 50.521547972114874);LINESTRING (641288.11704403 5597919.906375275,641211.9323584887 5598516.857085295)
5919;Streckenachse;135,9 + 72;137,0 + 23;113590072;113700023;135,9;72;137;23;1051;Eltersdorf - Leipzig Hbf;Tunnel Masserberg;Thüringen;Landkreis Saalfeld-Rudolstadt;LINESTRING (3641309.341899614 5600575.876351083,3641293.943891559 5600708.504384303,3641266.6659102878 5601031.008781322,3641253.557927137 5601440.109650038,3641258.237033975 5601624.622355568);LINESTRING (10.991721887346943 50.52387334177014,10.991555072005514 50.52506861442236,10.991292666915804 50.52797264078393,10.991262738075095 50.531651247664726,10.991398531846025 50.533307817522676);LINESTRING (641179.2531831772 5598774.704792671,641163.8624729482 5598907.279967226,641136.5981765108 5599229.655743159,641123.4989653958 5599638.593269235,641128.1777973037 5599823.032212626)
5919;Streckenachse;138,0 + 23;139,5 + 13;113800023;113950013;138;23;139,5;13;1490;Eltersdorf - Leipzig Hbf;Tunnel Fleckberg;Thüringen;Landkreis Saalfeld-Rudolstadt;LINESTRING (3641303.3807314523 5602623.60143326,3641378.8916690084 5604111.7687933);LINESTRING (10.992413231433405 50.54227193739594,10.994042121452498 50.555623636098844);LINESTRING (641173.3120931472 5600821.611761759,641248.8057299849 5602309.183882874)
5919;Streckenachse;140,1 + 14;147,5 + 21;114010014;114750021;140,1;14;147,5;21;7407;Eltersdorf - Leipzig Hbf;Tunnel Silberberg;Thüringen;Landkreis Ilm-Kreis;LINESTRING (3641409.338676615 5604712.030134267,3641415.546980288 5604834.426552796,3641423.495494637 5605377.165877974,3641419.619001503 5605557.461320108,3641411.562510297 5605756.421256369,3641404.5135164415 5605880.768216599,3641383.7370315813 5606151.887130057,3641379.190534571 5606200.872114445,3641355.6290490525 5606422.078044051,3641327.0295651644 5606643.601973714,3641296.392081353 5606846.569409408,3641284.061587647 5606921.140385815,3641245.72810667 5607135.535318082,3640406.208518764 5611672.922886456,3640359.4470420326 5611934.877803804,3640345.799455013 5612025.836556753);LINESTRING (10.99469928306325 50.561009109788024,10.994833302288127 50.562107234718844,10.995151458221237 50.566981352453894,10.995165234855268 50.568602086166194,10.995127134640693 50.570391514324314,10.995074912685176 50.571510366687065,10.994884759074276 50.57395115449449,10.9948392179491 50.574392340567,10.99459079860547 50.57638537670235,10.994271398442857 50.57838248683392,10.993916172760706 50.58021337480898,10.993770498453749 50.5808863090331,10.993310978904098 50.58282172086315,10.983178651648373 50.623788480994556,10.982617275604206 50.62615315606355,10.982458909363974 50.6269736200988);LINESTRING (641279.2457653258 5602909.205132541,641285.4526474429 5603031.552595333,641293.4026815741 5603574.0750072505,641289.529297095 5603754.298448406,641281.4777460916 5603953.1789628435,641274.4326443779 5604077.476303121,641253.6668061066 5604348.487075085,641249.1225493863 5604397.452527667,641225.5723913063 5604618.570282053,641196.9862504357 5604840.005953225,641166.3627633152 5605042.892562154,641154.0378412018 5605117.433851848,641115.7215305372 5605331.743458545,640276.5766260218 5609867.32551106,640229.8360999109 5610129.176179149,640216.1947531532 5610220.098711197)
5919;Streckenachse;147,7 + 53;149,2 + 46;114770053;114920046;147,7;53;149,2;46;1493;Eltersdorf - Leipzig Hbf;Tunnel Brandkopf;Thüringen;Landkreis Ilm-Kreis;LINESTRING (3640314.14523792 5612255.661033274,3640300.564074888 5612377.2726636045,3640284.9695854876 5612554.5106071895,3640277.362591511 5612667.975070998,3640265.9291051216 5612982.714970308,3640266.649612353 5613218.861394476,3640271.4666160243 5613383.8408413585,3640285.5969103584 5613746.490179515);LINESTRING (10.982098702792603 50.62904599612394,10.981952844989673 50.6301418315287,10.981799569857618 50.63173790241517,10.981735008459122 50.632759105999085,10.981692480181406 50.63558950485793,10.981791939786572 50.6377108901989,10.98192237399023 50.639191920051715,10.982259162119876 50.64244658977323);LINESTRING (640184.5551731597 5610449.831644404,640170.9804895314 5610571.394807214,640155.3937659331 5610748.562077488,640147.790794201 5610861.981277016,640136.3646031856 5611176.595533865,640137.0868694027 5611412.647609291,640141.9033787991 5611577.561103843,640156.0311720017 5611940.06543857)
5919;Streckenachse;149,5 + 38;150,2 + 26;114950038;115020026;149,5;38;150,2;26;688;Eltersdorf - Leipzig Hbf;Tunnel Lohmeberg;Thüringen;Landkreis Ilm-Kreis;LINESTRING (3640296.9664168158 5614038.284808263,3640323.754843013 5614725.8009198615);LINESTRING (10.982530186733502 50.64506535725119,10.983168900744658 50.651235595642994);LINESTRING (640167.3986662636 5612231.743395063,640194.1823523251 5612918.984608668)
5919;Streckenachse;150,7 + 43;151,2 + 43;115070043;115120043;150,7;43;151,2;43;500;Eltersdorf - Leipzig Hbf;Tunnel Tragberg;Thüringen;Landkreis Ilm-Kreis;LINESTRING (3640357.1355419573 5615241.636594472,3640372.0756479893 5615410.770687614,3640418.3070992604 5615737.753382729);LINESTRING (10.983835950576568 50.655861851609345,10.984111160117399 50.65737776147481,10.984888467960603 50.660304249568405);LINESTRING (640227.5541898868 5613434.613916138,640242.4897946107 5613603.680310384,640288.7056136389 5613930.53197468)
5919;Streckenachse;161,2 + 82;162,6 + 2;116120082;116260002;161,2;82;162,6;2;1320;Eltersdorf - Leipzig Hbf;Sandbergtunnel;Thüringen;Landkreis Ilm-Kreis;LINESTRING (3641639.6696985555 5625563.85880059,3641505.532133987 5626266.650671112,3641451.5341609027 5626562.30857819,3641409.504334847 5626863.435272502);LINESTRING (11.005916847569734 50.74828506394061,11.004287237204071 50.754631475603304,11.003636001427997 50.757300751590634,11.003156309426846 50.76001624036323);LINESTRING (641509.6656996184 5623752.7013908345,641375.5878333658 5624455.2136843875,641321.6140033434 5624750.753955507,641279.6035874346 5625051.760725439)
5919;Streckenachse;164,2 + 87;164,7 + 50;116420087;116470050;164,2;87;164,7;50;463;Eltersdorf - Leipzig Hbf;Behringer Tunnel;Thüringen;Landkreis Ilm-Kreis;LINESTRING (3641397.573529719 5628546.274162167,3641404.9367473605 5628753.235378302,3641411.158229229 5629009.093031203);LINESTRING (11.003633492762917 50.77513737175904,11.003817328226503 50.77699486561066,11.004003791658816 50.77929190957916);LINESTRING (641267.6922020096 5626733.927485688,641275.0542811737 5626940.805964812,641281.2755066801 5627196.561358627)
5919;Streckenachse;183,6 + 37;185,0 + 41;118360037;118500041;183,6;37;185;41;1404;Eltersdorf - Leipzig Hbf;Augustaburgtunnel;Thüringen;Kreisfreie Stadt Erfurt;LINESTRING (3637857.4597502016 5645607.40840498,3638971.7781094834 5646461.649151148);LINESTRING (10.959892538576973 50.929264025530685,10.97605848362845 50.93667107736747);LINESTRING (637729.1412424152 5643788.277909668,638843.0220391655 5644642.167733127)
5919;Richtungsgleis;228,9 + 91;235,9 + 56;122890091;123590056;228,9;91;235,9;56;6965;Eltersdorf - Leipzig Hbf;Finnetunnel Südröhre  (6966m);Sachsen-Anhalt;Landkreis Burgenlandkreis;LINESTRING (3673274.5837039617 5671889.670026317,3673360.653560599 5672014.229921792,3673447.5235378817 5672146.809876172,3673531.0335163195 5672281.531330002,3673612.75549551 5672421.001282375,3673694.088975015 5672565.450233176,3674933.4081638977 5674789.013476229,3674997.2686478333 5674902.300937634,3675049.9056344987 5674993.196906611,3675098.602622057 5675074.475378811,3675148.5156091982 5675155.012851197,3675199.6335959276 5675234.790823782,3675251.9455822473 5675313.790796568,3675305.439068161 5675391.996269564,3675360.1020536707 5675469.388242774,3675415.92253878 5675545.949716204,3675472.8875234933 5675621.663189862,3675570.3384971414 5675745.922646474,3675670.8719697148 5675867.701103763,3675774.4244412286 5675986.92256175,3675880.931911701 5676103.512520463,3675990.32738115 5676217.397479924,3676102.5413495954 5676328.505940167,3676217.5038170577 5676436.767901208,3676335.1432835544 5676542.1158630755,3676443.2457525954 5676634.382829482,3676553.401220889 5676724.188296593,3676678.1361848 5676821.030760898,3676792.4411515663 5676905.492229556,3676895.6221214393 5676978.3892023275,3676999.0720911254 5677048.633175935,3677444.3274597144 5677341.706629735);LINESTRING (11.475790493352797 51.15575095691799,11.477079506685886 51.156843506644286,11.47838386924202 51.15800782154943,11.479641345670641 51.15919237001329,11.480875641037278 51.16042008871909,11.482106855504698 51.16169262393481,11.500886916247717 51.18128338860271,11.50185443683398 51.18228120160074,11.502650739701345 51.18308136076271,11.503386092541946 51.1837963533801,11.50413848234359 51.184504314579044,11.504907743335663 51.185205081262815,11.505693709710572 51.185898490332164,11.506496195164724 51.186584397105385,11.507315019282673 51.18726263429594,11.508150002585667 51.18793305257623,11.50900095102344 51.18859549843419,11.510454169150652 51.18968146175285,11.511950293670521 51.19074418002108,11.513488380559208 51.19178298862058,11.515067479077082 51.192797236565156,11.516686595796736 51.19378628278326,11.518344702235813 51.19474950495076,11.520040763195686 51.1956862943903,11.521773722962823 51.196596065363714,11.523364023085264 51.197391284731914,11.524982510970608 51.198163743857336,11.526812895101408 51.19899486614002,11.528488181795135 51.19971799858422,11.529998829867994 51.20034069952773,11.531512056215332 51.200939473625134,11.53802094936193 51.20343324224844);LINESTRING (673132.3525697285 5670059.72967343,673218.3891638557 5670184.239051775,673305.2256307718 5670316.76527867,673388.703459975 5670451.43217967,673470.3940465213 5670590.845698625,673551.6963331101 5670735.236230864,674790.5404355724 5672957.900324316,674854.3764281458 5673071.1419688,674906.9932056835 5673162.001164154,674955.6714716977 5673243.246739093,675005.5652450719 5673323.751599291,675056.663530038 5673403.4972522445,675108.9553308246 5673482.465205441,675162.42815228 5673560.638965593,675217.0699990292 5673637.999540394,675272.868875715 5673714.529936748,675329.811787376 5673790.212661766,675427.22495327 5673914.421618864,675527.7193649333 5674036.150539915,675631.2315470597 5674155.323455856,675737.6975245553 5674271.865897033,675847.0503235352 5674385.7043934185,675959.2204711307 5674496.767474213,676074.1379946864 5674604.985168015,676191.7314221668 5674710.290002443,676299.7915439943 5674802.519151089,676409.9038231963 5674892.287765105,676534.5898384412 5674989.090435267,676648.8499112118 5675073.517147889,676751.9903262092 5675146.384082864,676855.3996098759 5675216.59907579,677300.4797806646 5675509.551493018)
5919;Richtungsgleis;237,3 + 1;243,7 + 68;123730001;124370068;237,3;1;243,7;68;6467;Eltersdorf - Leipzig Hbf;Bibratunnel RiGL;Sachsen-Anhalt;Landkreis Burgenlandkreis;LINESTRING (3678568.823317243 5678080.594265062,3678711.0975881973 5678176.3202500595,3678834.8320520837 5678263.733217377,3678956.73901669 5678354.717183623,3679028.7234958843 5678410.830662931,3679088.029978796 5678458.452145435,3679158.3664585953 5678516.6181241525,3679216.274942019 5678565.93010617,3679330.128909582 5678666.810069563,3679441.2988781165 5678770.640032116,3679506.6808597124 5678834.3245092565,3679560.3948446526 5678888.175489988,3679665.6828152975 5678997.965950858,3679727.4612981807 5679065.151927022,3679778.130284205 5679121.87690695,3679877.217257051 5679237.295366263,3679935.2047412735 5679307.779341513,3679982.6757284254 5679367.207320702,3680075.260703553 5679487.903778582,3680129.2816891633 5679561.471753002,3680173.410177481 5679623.42173151,3680225.287663836 5679698.517705524,3680267.611652779 5679761.71418371,3680349.7566315285 5679889.745139649,3680397.4226193363 5679967.581612948,3680451.477105646 5680059.325581562,3680503.838592534 5680152.04554993,3680554.4900800055 5680245.711018061,3680596.531069735 5680326.724490567,3680643.961058301 5680422.061458289,3680689.6335474625 5680518.253425806,3680733.5330372225 5680615.26689313,3680787.117524993 5680740.579351044,3680846.9505116716 5680889.035301328,3681457.400877895 5682455.000277709,3681507.438366857 5682581.181735485,3681551.2898570257 5682687.703199775,3681593.45834742 5682786.2286666855,3681636.9418373746 5682884.180633725,3681681.733826889 5682981.541600901,3681727.824815967 5683078.294568223,3681775.20780461 5683174.421535692,3681823.6872928636 5683269.546003439,3681873.240780738 5683363.65947147,3681927.213436518 5683462.836487139);LINESTRING (11.554461673947449 51.20971819025539,11.556543229517652 51.210533322459895,11.558355668520958 51.21127956809008,11.560143818809575 51.212058422735446,11.561200917509291 51.2125397618361,11.562072548863611 51.212948808026134,11.56310715093918 51.213449075980556,11.563959672969125 51.21387372555286,11.565637825504787 51.21474387884886,11.56727914143969 51.21564133905564,11.568245782103915 51.216192668186586,11.569040700538405 51.21665935415362,11.570601033297702 51.21761213533159,11.571517984770857 51.21819601029671,11.57227087201566 51.2186894375759,11.573745495346346 51.21969466121906,11.574609974981351 51.22030931781278,11.57531855754848 51.22082800250965,11.576702990935491 51.221882627462264,11.577512380687388 51.22252620348781,11.578174500185398 51.2230685692822,11.578954047405876 51.22372653090211,11.579591023301264 51.22428064996356,11.580830051124961 51.225404375038,11.581550827781077 51.226088255103974,11.582369981782326 51.22689499386654,11.583165444286884 51.22771102503744,11.583936956080061 51.228536080609466,11.5845789827279 51.22925024513041,11.585305315146883 51.23009131793848,11.58600696951313 51.2309406188903,11.586683706304484 51.23179785253704,11.587513254303675 51.23290612363238,11.588443886415808 51.234220223335456,11.597967821068185 51.24808786203305,11.59874763695561 51.24920497216735,11.599429020402379 51.25014751171082,11.600082298676977 51.251018784136384,11.600754126771259 51.251884484462906,11.601444403583539 51.25274445729306,11.602152985308258 51.25359855266834,11.602879763370709 51.25444661085026,11.603621749857824 51.25528531309532,11.604378618837908 51.256114589957726,11.605201325269768 51.25698791945313);LINESTRING (678424.533166057 5676248.133952717,678566.7514745768 5676343.820430986,678690.4373058532 5676431.197377728,678812.2963997596 5676522.143913473,678884.2526333631 5676578.234336522,678943.5358578156 5676625.836267981,679013.8447686268 5676683.9783854075,679071.7305671008 5676733.2701536985,679185.5399690032 5676834.108806154,679296.6664703074 5676937.896303559,679362.0229112011 5677001.554759655,679415.7159271571 5677055.383751322,679520.9628332724 5677165.129419079,679582.7172460813 5677232.288007968,679633.3665050609 5677288.989878224,679732.4149405156 5677404.361352142,679790.3798983605 5677474.816656861,679837.8324599854 5677534.220475456,679930.3815419502 5677654.867898174,679984.3816130584 5677728.406005863,680028.4930334603 5677790.330846455,680080.3504751303 5677865.396362675,680122.658128054 5677928.567221271,680204.7714491524 5678056.546306269,680252.4190989258 5678134.351264994,680306.4528206441 5678226.058107226,680358.7942278776 5678318.740574592,680409.4263271475 5678412.368179433,680451.451253957 5678493.348918953,680498.8631559755 5678588.647384709,680544.5182682 5678684.800524552,680588.4010965243 5678781.774852017,680641.9653090106 5678907.036780916,680701.7757327615 5679055.432902917,681311.9963663511 5680620.7669766,681362.0150055221 5680746.897590317,681405.8499398389 5680853.3761179745,681448.0024747371 5680951.861856832,681491.4694789306 5681049.774313061,681536.2444548587 5681147.095993712,681582.3179061656 5681243.809905664,681629.6828354864 5681339.898056175,681678.1438175609 5681434.984097488,681727.678361306 5681529.0595332105,681781.6303536608 5681628.196454583)
5919;Richtungsgleis;248,9 + 28;251,0 + 9;124890028;125100009;248,9;28;251;9;2081;Eltersdorf - Leipzig Hbf;Osterbergtunnel - Südröhre;Sachsen-Anhalt;Landkreis Saalekreis;LINESTRING (3685306.547416078 5687328.029282197,3685386.9868183336 5687385.912549522,3685478.1732917344 5687448.609025899,3685563.3137667943 5687504.470504697,3685656.5352393803 5687562.947982339,3685810.8776938324 5687655.708446611,3686439.9880078756 5688025.978303455,3686542.773477556 5688088.00227957,3686625.577453196 5688139.631259802,3686730.575922411 5688207.6982339,3686847.0568884015 5688286.748704036,3686961.743355067 5688368.381173418,3687062.7230664627 5688443.526404459);LINESTRING (11.655559420404536 51.290605635573634,11.656741311045208 51.29109920325631,11.658079622586545 51.29163247862618,11.659327836453727 51.29210633663271,11.660693156737363 51.29260103746305,11.662951607850548 51.29338361915891,11.672153930294286 51.29650270571968,11.673658342682288 51.297025960705724,11.674871190229817 51.29746240705632,11.676410516578716 51.29803915855985,11.678120077570934 51.29871074060084,11.679805339661486 51.29940606732021,11.681290941279398 51.30004762270974);LINESTRING (685159.6495393675 5685491.815176826,685240.0573389875 5685549.674602484,685331.2079612187 5685612.34521808,685416.3149380721 5685668.183620246,685509.4997088385 5685726.636903656,685663.7813612843 5685819.358931222,686292.6437722716 5686189.475242483,686395.388752853 5686251.473521349,686478.1601254798 5686303.081135883,686583.1172763419 5686371.119979247,686699.5524374078 5686450.137828533,686814.1938391199 5686531.73666198,686915.1339010154 5686606.850971432)
5934;Streckenachse;29,0 + 2;31,2 + 89;102900002;103120089;29;2;31,2;89;2287;N Reichswald - Ingolstadt Nord;Tunnel Göggelsbuch;Bayern;Landkreis Roth;LINESTRING (3661850.554525165 5457172.697523118,3662118.9847175907 5456146.923163452,3662257.614161861 5455720.526802288,3662514.333063945 5455165.699981255,3662602.297351109 5455022.67768022);LINESTRING (11.221236980059679 49.23026971184199,11.22450569141561 49.220982333257126,11.226235076082334 49.21711455429535,11.229531842815254 49.21206155208723,11.230680369237776 49.21075321047342);LINESTRING (661711.0366718746 5455428.6838261355,661979.3509409728 5454403.317576514,662117.9213787211 5453977.090635445,662374.5329665525 5453422.48362913,662462.4608748993 5453279.517810312)
5934;Streckenachse;40,5 + 37;41,8 + 70;104050037;104180070;40,5;37;41,8;70;1333;;;Bayern;Landkreis Roth;LINESTRING (3665728.3077238966 5446456.060652629,3665774.6877795053 5446283.327869971,3666005.737186985 5445584.656098107,3666124.107415819 5445182.926048873);LINESTRING (11.27002533358865 49.13294860375913,11.270589450011556 49.131384149124266,11.273465691180796 49.12504447761501,11.27492095158476 49.1214031008146);LINESTRING (665587.149428602 5444716.301911391,665633.5094932584 5444543.637849028,665864.4606587092 5443845.243677865,665982.7801926164 5443443.673367869)
5934;Streckenachse;49,1 + 54;56,8 + 54;104910054;105680054;49,1;54;56,8;54;7700;N Reichswald - Ingolstadt Nord;Tunnel Euerwang;Bayern;Landkreis Roth;LINESTRING (3668619.718331319 5438411.109009922,3668696.847624982 5438138.10302778,3668757.784598299 5437847.895623541,3668870.7470401214 5436907.77093565,3668919.0190162295 5436550.157554274,3668963.1689960817 5436301.569136512,3669019.6484717443 5436049.841719537,3669112.7669339245 5435741.325820788,3669204.4878980294 5435500.150899533,3669381.4278303394 5435106.924527348,3669504.132784318 5434876.937601696,3669635.879235773 5434670.208668069,3669780.540682736 5434455.726736765,3669943.838123354 5434236.378306692,3670103.0025658733 5434041.163868634,3670350.013477887 5433795.078945723,3670406.8979576617 5433740.183462882,3670496.504425906 5433658.597988274,3670648.285372294 5433528.668028521,3670805.098317124 5433404.777566643,3670965.685760768 5433284.6661034115,3671309.5726400004 5433023.986683328,3672457.616417835 5432183.654358898);LINESTRING (11.306260631086687 49.059882313397004,11.307201495235649 49.05740834878174,11.307913753467458 49.05478425691163,11.30906646373685 49.046306614310204,11.309577319445529 49.043080353834924,11.310077188109833 49.04083477572087,11.31074420135254 49.03855761627556,11.311888173317968 49.035760189219026,11.3130409997133 49.03356817258923,11.31529470438096 49.02998663693946,11.316875256942053 49.02788660404634,11.318588923261055 49.02599303241078,11.320475662146574 49.02402622792753,11.322614808607605 49.022010542411266,11.324707431257636 49.020212792586555,11.327978572480628 49.01793373270939,11.328732590640605 49.0174248266677,11.329922367194193 49.016667085515195,11.331941072684545 49.01545780347961,11.334030931818722 49.0143013672808,11.336173837723194 49.01317780321733,11.34076093369076 49.01074047181261,11.356084088734052 49.00287122367686);LINESTRING (668477.3364260407 5436674.544940787,668554.4325948483 5436401.6475491915,668615.3427788224 5436111.555752605,668728.2522217473 5435171.806277775,668776.5019167222 5434814.335580214,668820.6321696262 5434565.846258849,668877.0869595037 5434314.219092144,668970.1656058875 5434005.825861696,669061.8478721554 5433764.746676693,669238.713749672 5433371.676172065,669361.3677021753 5433141.780249823,669493.0597276166 5432935.132938944,669637.661516944 5432720.735625584,669800.8918032728 5432501.473606282,669959.9909451823 5432306.335957035,670206.9009872567 5432060.347448812,670263.7622522403 5432005.473458971,670353.3321922311 5431923.9198851995,670505.0513332825 5431794.040654299,670661.8005094557 5431670.198463075,670822.3227054866 5431550.1337271985,671166.069832241 5431289.555758798,672313.6472994483 5430449.550151153)
5934;Streckenachse;57,8 + 44;58,4 + 94;105780044;105840094;57,8;44;58,4;94;650;N Reichswald - Ingolstadt Nord;Tunnel Schellenberg;Bayern;Landkreis Eichstätt;LINESTRING (3673256.8015256664 5431598.675726287,3673781.519020664 5431214.598846313);LINESTRING (11.366748090911253 48.997392076211824,11.373748424307367 48.99379415759813);LINESTRING (673112.5077914705 5429864.798957186,673637.0121530683 5429480.871406524)
5934;Streckenachse;59,5 + 64;66,8 + 24;105950064;106680024;59,5;64;66,8;24;7260;N Reichswald - Ingolstadt Nord;Tunnel Irlahüll  --;Bayern;Landkreis Eichstätt;LINESTRING (3674644.6940605678 5430581.460435728,3675728.793089104 5429784.784173893,3676161.518436806 5429453.59677566,3676541.459802132 5429119.675379502,3676782.7737157284 5428867.949458771,3677060.0286160344 5428559.713556238,3677814.7778445217 5427717.20182279,3679792.990294726 5425497.793477918);LINESTRING (11.385261400065904 48.98786271541644,11.399716515370997 48.98039819442074,11.405479453793067 48.97729970198101,11.410520136558738 48.97419143049163,11.413704116117962 48.97186101320896,11.417353681790182 48.96901254186496,11.427285019162788 48.961227039978375,11.453295748587239 48.94071687769026);LINESTRING (674499.8365684513 5428847.97917707,675583.4952145573 5428051.612703903,676016.0446694955 5427720.554238214,676395.831238671 5427386.763307232,676637.0465064195 5427135.136112113,676914.1879104356 5426827.021249883,677668.6281463548 5425984.840388174,679646.0306137325 5423766.303751814)
5934;Streckenachse;67,5 + 79;69,5 + 4;106750079;106950004;67,5;79;69,5;4;1925;;;Bayern;Landkreis Eichstätt;LINESTRING (3680285.781726496 5424925.518112143,3680530.8503647507 5424588.6023152955,3680684.881806888 5424306.052406969,3680844.0482459674 5423961.85401927,3681003.2146830508 5423525.184662685,3681074.5833746037 5423189.146476505);LINESTRING (11.459763401118947 48.935432447803755,11.46295616511993 48.932334309503645,11.464931360842042 48.92975104773037,11.466949061478662 48.926612419547794,11.468925531485153 48.92264302022119,11.469749492702643 48.91960328658619);LINESTRING (680138.6201068274 5423194.253304172,680383.5878848485 5422857.470298091,680537.5553462742 5422575.032180672,680696.6552381674 5422230.970211876,680855.7543606824 5421794.474279502,680927.0917054166 5421458.569976259)
5934;Streckenachse;76,0 + 19;77,3 + 39;107600019;107730039;76;19;77,3;39;1320;N Reichswald - Ingolstadt Nord;Tunnel Stammham;Bayern;Landkreis Eichstätt;LINESTRING (3681072.90243462 5416716.205513341,3680981.0025268854 5415844.637248212,3680944.432034967 5415643.621316689,3680925.7455393947 5415555.034846921,3680895.8485468174 5415429.347889887,3680890.4847801332 5415409.865934618);LINESTRING (11.46686170295201 48.86145201776922,11.46522553543158 48.85364872470641,11.464638947046074 48.85185346760844,11.464345467802529 48.851063055949275,11.463883021655262 48.8499425991571,11.46380141045439 48.84976913626678);LINESTRING (680925.3577859286 5414988.219414489,680833.4874385591 5414117.000708943,680796.929917376 5413916.065526272,680778.2501664642 5413827.514663309,680748.3640976872 5413701.878253423,680743.0023162148 5413682.404139191)
5934;Streckenachse;78,1 + 12;81,4 + 1;107810012;108140001;78,1;12;81,4;1;3289;N Reichswald - Ingolstadt Nord;Tunnel Geisberg;Bayern;Landkreis Eichstätt;LINESTRING (3680632.4635153315 5414681.853505971,3680562.312640351 5414535.100698129,3680502.6566580464 5414420.925737842,3680426.040680994 5414284.791785307,3680399.7041889266 5414240.079800921,3680314.110214917 5414104.744348303,3680276.999726232 5414048.25486811,3680110.2257775376 5413816.038949825,3679878.8798494283 5413527.980051697,3679478.4079746534 5413065.619215801,3679350.0515144593 5412901.223273851,3679201.159060757 5412716.279339251,3679011.191118552 5412418.313943571,3678836.6281703208 5412079.251061421,3678790.440469145 5411973.3395773405);LINESTRING (11.459968337318438 48.843303765120005,11.458948903145846 48.842005726061245,11.458086697274688 48.840997307895044,11.456984038698069 48.839796526144674,11.456605931933504 48.83940247782843,11.455381506573595 48.83821145821559,11.454851618675336 48.837714719485845,11.452479942488939 48.83567682698488,11.449205246282025 48.833155870066115,11.44355322000199 48.829117707224356,11.441734785676099 48.82767778949201,11.439628059203272 48.826059152983596,11.43691331116587 48.823436898815494,11.434390543197308 48.820440920517974,11.433716042240272 48.8195026714617);LINESTRING (680485.0782811623 5412954.685195434,680414.9542648109 5412807.991698362,680355.3212109176 5412693.862924364,680278.7347676957 5412557.784086377,680252.4084450419 5412513.090213566,680166.8476043765 5412377.809630151,680129.7514992433 5412321.343063979,679963.0423692153 5412089.2214577515,679731.7866385712 5411801.279753789,679331.4712012676 5411339.107265498,679203.1647476377 5411174.778175805,679054.3303488749 5410989.909486405,678864.4359653672 5410692.064906566,678689.9400719875 5410353.139160156,678643.769979156 5410247.270443619)
5934;Streckenachse;85,0 + 23;86,2 + 81;108500023;108620081;85;23;86,2;81;1258;;;Bayern;Kreisfreie Stadt Ingolstadt;LINESTRING (3678450.7647598027 5408459.284206824,3678477.2552147475 5408344.427827559,3678486.9302094695 5408245.4018607475,3678489.355205935 5408111.95990569,3678477.1662066677 5407946.200961826,3678466.9917069105 5407789.598014838,3678465.698706571 5407751.497027708,3678466.5272049685 5407686.412049641,3678468.3007036066 5407648.822062278,3678471.9672015323 5407607.57507611,3678477.5241987333 5407562.005091363,3678500.226188951 5407457.116626268,3678511.576184327 5407417.752639312,3678527.064678215 5407373.846653804,3678548.58316988 5407320.5126713505,3678562.2971646474 5407290.468181203,3678595.9315660046 5407227.822254265);LINESTRING (11.427569288746149 48.78802915713513,11.427879648179331 48.7869896677223,11.427968239155389 48.78609722106415,11.427943331176808 48.78489765004885,11.42770572816629 48.78341192232536,11.427499497717285 48.78200787622519,11.427465399310393 48.781665937485734,11.427448443066174 48.78108095967799,11.42745625518768 48.780742733285415,11.427488216083889 48.78037110910282,11.427544002437207 48.779960104313446,11.42780714022923 48.779011254331934,11.427944363949594 48.77865434576828,11.428135874553352 48.77825544461973,11.428405263897076 48.77777011146619,11.42857865776268 48.777496253482475,11.429008697910797 48.77692378541873);LINESTRING (678304.2011893964 5406734.62422577,678330.68009551 5406619.813594783,678340.3504013757 5406520.827179492,678342.7733264258 5406387.438609485,678330.5878375337 5406221.746104923,678320.416117585 5406065.205916335,678319.1233203823 5406027.120188378,678319.9509503243 5405962.06125133,678321.7234291444 5405924.486293349,678325.3881195306 5405883.255784535,678330.9425169779 5405837.703991677,678353.634556893 5405732.8573171515,678364.9796854154 5405693.508990604,678380.4616188002 5405649.620449154,678401.9710590485 5405596.307634259,678415.6793177859 5405566.275055251,678449.2997422417 5405503.653922751)
6002;Streckenachse;0,0 + 72;0,2 + 7;100000072;100020007;0;72;0,2;7;401;;;Berlin;Kreisfreie Stadt Berlin;LINESTRING (3797431.2199199777 5831485.310411699,3797332.022066313 5831577.113169933);LINESTRING (13.38331070348541 52.535107419417294,13.381935162009396 52.535984066752754);LINESTRING (797240.911643944 5829590.484604591,797141.7542851618 5829682.251692047)
6002;Streckenachse;0,2 + 7;0,2 + 91;100020007;100020091;0,2;7;0,2;91;84;;;Berlin;Kreisfreie Stadt Berlin;LINESTRING (3797332.022066313 5831577.113169933,3797312.160705048 5831596.212698769,3797295.375711566 5831617.294693092,3797285.279715562 5831631.3076892495,3797278.9719706494 5831641.894907913);LINESTRING (13.381935162009396 52.535984066752754,13.381660387445429 52.53616602768319,13.381432587561447 52.536364074613566,13.381296758212695 52.53649513610604,13.381213532318442 52.53659343728586);LINESTRING (797141.7542851618 5829682.251692047,797121.9010388147 5829701.343791978,797105.1229517993 5829722.417535905,797095.0311230368 5829736.425037703,797088.7259997013 5829747.008092275)
6002;Streckenachse;0,2 + 8;0,3 + 49;100020008;100030049;0,2;8;0,3;49;141;;;Berlin;Kreisfreie Stadt Berlin;LINESTRING (3797331.2890604753 5831577.795152071,3797312.160705048 5831596.212698769,3797295.375711566 5831617.294693092,3797285.279715562 5831631.3076892495,3797266.3492235276 5831665.897179415,3797252.6908157533 5831693.658192364);LINESTRING (13.38192500070964 52.53599057698111,13.381660387445429 52.53616602768319,13.381432587561447 52.536364074613566,13.381296758212695 52.53649513610604,13.38104950009697 52.536815381378595,13.380873606883695 52.53707156870852);LINESTRING (797141.0215785899 5829682.933409154,797121.9010388147 5829701.343791978,797105.1229517993 5829722.417535905,797095.0311230368 5829736.425037703,797076.1085263807 5829771.000906913,797062.4558426684 5829798.750972832)
6018;Richtungsgleis;0,1 + 82;0,7 + 32;100010082;100070032;0,1;82;0,7;32;550;;;Berlin;Kreisfreie Stadt Berlin;LINESTRING (3798331.537328295 5833456.380875489,3798340.905982208 5833403.894564264,3798348.588478019 5833373.146073548,3798358.124973409 5833345.328581792,3798371.1189676775 5833317.030089981,3798388.904460349 5833287.356098322,3798407.735952968 5833262.556605052,3798431.5429439936 5833237.455111582,3798455.312435315 5833217.338616532,3798484.0044251215 5833198.008620941,3798511.575915561 5833183.536623871,3798543.781904637 5833170.901125945,3798573.83939465 5833162.764626723,3798604.5778846275 5833157.783626459,3798633.7498752857 5833156.027125268,3798665.423865312 5833157.076123034,3798714.931274013 5833162.735730386);LINESTRING (13.398308233090658 52.55227654337219,13.398398825472798 52.55180114146367,13.398484146568292 52.55152143214978,13.398599349869588 52.551266969786894,13.398764941360705 52.55100630538606,13.39899972509398 52.55073069397688,13.399254257461429 52.55049818489464,13.39958164881545 52.55026024596705,13.399912961975714 52.5500669920199,13.400317331630553 52.549878089318405,13.400709591463 52.54973332612445,13.40117161768989 52.54960247889416,13.401606103394057 52.549513117153246,13.402053431713894 52.5494516538875,13.402480631121565 52.549419938195065,13.402947125807376 52.54941198741496,13.403679883580319 52.54943557512662);LINESTRING (798140.8890535787 5831560.75946906,798150.2534525415 5831508.29401594,798157.9325799441 5831477.557723167,798167.4649957181 5831449.751241237,798180.4535256287 5831421.463917306,798198.2316279649 5831391.801595521,798217.0553606302 5831367.011816189,798240.8526028241 5831341.920108355,798264.6124092443 5831321.811409529,798293.292757116 5831302.488847901,798320.8531005692 5831288.022356704,798353.0461108891 5831275.391586103,798383.091523883 5831267.258039497,798413.8176960219 5831262.27872563,798442.9780257631 5831260.522639135,798474.6393837846 5831261.5709072035,798524.1270877661 5831267.227769401)
6018;Gegenrichtungsgleis;0,2 + 14;0,3 + 53;100020014;100030053;0,2;14;0,3;53;139;;;Berlin;Kreisfreie Stadt Berlin;LINESTRING (3798358.153367606 5833429.493331839,3798369.0034721335 5833383.338069093,3798378.849467295 5833353.21657805,3798391.774461549 5833324.293586443,3798406.027838212 5833299.824406729);LINESTRING (13.398675329696879 52.55202106645684,13.398793377759981 52.55160157946318,13.398911060139415 52.5513263037286,13.399075075016533 52.55106008120841,13.399262612621296 52.550833037339);LINESTRING (798167.4942053356 5831533.882396347,798178.3395257997 5831487.745450111,798188.181295176 5831457.635885502,798201.1008464752 5831428.724311721,798215.3482937254 5831404.264759039)
6020;Streckenachse;4,4 + 46;4,7 + 12;100440046;100470012;4,4;46;4,7;12;266;Bln-Moa - Bln-Moa, Ring S-Bahn;Bw43 Tunnel GSR-SAL;Berlin;Kreisfreie Stadt Berlin;LINESTRING (3798060.8494846867 5833114.3732870165,3798102.3920415617 5833120.130168495,3798152.470025998 5833125.37566383,3798202.615010379 5833130.03165935,3798325.901778317 5833139.125156163);LINESTRING (13.39402256426764 52.549360215048424,13.394638336316381 52.54938908471794,13.395379107313111 52.54940870162566,13.396120334589057 52.54942299531675,13.397940608752702 52.54943702842097);LINESTRING (797870.305892181 5831218.89105146,797911.8319244235 5831224.64522727,797961.8899723949 5831229.888137267,798012.0149877743 5831234.541782079,798135.2526366585 5831243.630438897)
6032;Streckenachse;0,1 + 94;0,4 + 36;100010094;100040036;0,1;94;0,4;36;242;;;Berlin;Kreisfreie Stadt Berlin;LINESTRING (3797626.787633051 5831304.753764894,3797804.7749365303 5831140.559374509);LINESTRING (13.386022796964678 52.533382941275164,13.38849102118887 52.53181460957201);LINESTRING (797436.3995257237 5829409.998110244,797614.3141753196 5829245.867513787)
6032;Streckenachse;0,4 + 36;1,1 + 84;100040036;100110084;0,4;36;1,1;84;748;;;Berlin;Kreisfreie Stadt Berlin;LINESTRING (3797804.7749365303 5831140.559374509,3797852.020005578 5831096.890324837,3797872.8699977165 5831074.834830582,3797917.9264804274 5831021.934344664,3797981.698955589 5830940.592866649,3798006.2744458495 5830906.313876048,3798021.0214400934 5830887.2918812,3798058.081925245 5830832.7503962815,3798071.4714196427 5830808.875403052,3798095.531909245 5830760.155917063,3798158.76388122 5830619.840457783,3798168.2183766635 5830592.415465915,3798171.2263750345 5830580.551469498,3798173.9763732045 5830563.700474677,3798175.3513715067 5830541.520481627,3798174.5788708995 5830526.560486418,3798171.7321307347 5830509.186666766);LINESTRING (13.38849102118887 52.53181460957201,13.3891460824121 52.53139753928244,13.389432675202839 52.531188536705834,13.390047297394977 52.53068994215205,13.390911412577113 52.52992628965011,13.391241775056374 52.529605724882096,13.391441399307809 52.529427231591036,13.391937030663522 52.52891829209482,13.392112358368315 52.52869705614102,13.39242220169669 52.528247381959446,13.39322545337636 52.526955599031595,13.39333977828707 52.526704703446676,13.393373339228333 52.52659675772737,13.393398641909773 52.52644426919715,13.393398970485316 52.52624478388255,13.393374219351994 52.52611116359907,13.393316834102706 52.525957048701684);LINESTRING (797614.3141753196 5829245.867513787,797661.5399581967 5829202.215431643,797682.3814117182 5829180.168536558,797727.4193911939 5829127.288724487,797791.1656135744 5829045.979089302,797815.7309582147 5829011.713540503,797830.471879573 5828992.698993856,797867.517036899 5828938.178916309,797880.9009526155 5828914.313321742,797904.9513604152 5828865.613046744,797968.1567164685 5828725.3529759925,797977.6071690237 5828697.9388384465,797980.613850326 5828686.079548202,797983.3625854638 5828669.235252717,797984.7368172626 5828647.064099636,797983.9644781789 5828632.110083494,797981.1187037762 5828614.743226773)
6032;Streckenachse;1,1 + 84;1,4 + 0;100110084;100140000;1,1;84;1,4;0;216;;;Berlin;Kreisfreie Stadt Berlin;LINESTRING (3798171.7321307347 5830509.186666766,3798168.647870926 5830493.976497107,3798156.702372501 5830455.118510141,3798140.8028742927 5830398.032529195,3798117.9950410826 5830299.941881696);LINESTRING (13.393316834102706 52.525957048701684,13.393257898317685 52.52582244997718,13.393047602961179 52.52548080702713,13.392762898056432 52.52497799985028,13.392339990993792 52.52411156104385);LINESTRING (797981.1187037762 5828614.743226773,797978.0355257698 5828599.539158721,797966.0944140144 5828560.696799647,797950.200701831 5828503.633761343,797927.4010097208 5828405.582491872)
6032;Streckenachse;1,4 + 0;1,8 + 62;100140000;100180062;1,4;0;1,8;62;462;;;Berlin;Kreisfreie Stadt Berlin;LINESTRING (3798117.9950410826 5830299.941881696,3798098.2643766324 5830202.104093872,3798094.170876973 5830185.282099446,3798087.608877815 5830163.518106745,3798081.1628788235 5830145.324612899,3798073.5663804584 5830131.736617657,3798057.450384355 5830110.43362538,3798035.9253900717 5830090.972632834,3798021.9963939497 5830081.530136662,3798008.989897673 5830074.506139663,3797992.4139025602 5830068.0581427,3797973.074908402 5830062.991145461,3797949.592915603 5830058.73064821,3797919.0879250425 5830054.700651314,3797897.101931749 5830050.09415408,3797872.740939037 5830042.466157953,3797857.7349433103 5830033.973161544,3797842.7699474646 5830023.608665721,3797830.223450858 5830013.360669723,3797824.7784060985 5830007.273064963);LINESTRING (13.392339990993792 52.52411156104385,13.391962530695414 52.52324570507259,13.39188733439235 52.52309721463991,13.391771451962443 52.522905791746126,13.391660471712154 52.52274629731837,13.391536715817784 52.52262869678921,13.39128090606771 52.52244662195467,13.390947292620655 52.522284004848736,13.3907342307331 52.522207005558656,13.390536885512708 52.52215117213139,13.390287622744259 52.52210244837762,13.38999900994747 52.52206760652034,13.38965026144871 52.52204225208259,13.389198556305997 52.52202279564033,13.38887147413418 52.52199352205322,13.388506801632323 52.521938470805274,13.388278774630168 52.52187056239476,13.388049676207759 52.52178586227818,13.387856208866312 52.52170088576517,13.387770779121908 52.52164931139345);LINESTRING (797927.4010097208 5828405.582491872,797907.6772606488 5828307.783950982,797903.5852298327 5828290.96871146,797897.025636323 5828269.213470541,797890.5820317167 5828251.027302128,797882.9884321496 5828237.444805248,797866.8786596886 5828216.15047444,797845.362066118 5828196.69746115,797831.4385370831 5828187.258870698,797818.4371634098 5828180.237804991,797801.8677213135 5828173.792544406,797782.5363965682 5828168.72775939,797759.0637347667 5828164.469193067,797728.5708806831 5828160.441103956,797706.5936178648 5828155.8366610855,797682.2422739589 5828148.2119486835,797667.2421845209 5828139.722489535,797652.2830602378 5828129.362277609,797639.7414709982 5828119.1184952855,797634.2985398918 5828113.033373881)
6032;Streckenachse;1,8 + 62;2,1 + 6;100180062;100210006;1,8;62;2,1;6;244;;;Berlin;Kreisfreie Stadt Berlin;LINESTRING (3797824.7784060985 5830007.273064963,3797799.7764585745 5829979.32068233,3797769.466965843 5829938.19219718,3797741.1134725376 5829897.850211665,3797707.0329800053 5829839.171732307,3797691.52798332 5829811.012742162,3797689.611194727 5829805.061951235);LINESTRING (13.387770779121908 52.52164931139345,13.387378514954916 52.52141249710629,13.386896507055525 52.5210605173913,13.38644394192146 52.52071451563346,13.385890864780892 52.52020733795696,13.385637937223688 52.519963485902295,13.385604461379142 52.519911211307104);LINESTRING (797634.2985398918 5828113.033373881,797609.3062976087 5828085.092394033,797579.0084993544 5828043.980623154,797550.6659275196 5828003.655018779,797516.598462506 5827945.000296009,797501.0993783742 5827916.852697987,797499.1832964874 5827910.904301205)
6032;Streckenachse;2,1 + 6;2,5 + 80;100210006;100250080;2,1;6;2,5;80;474;;;Berlin;Kreisfreie Stadt Berlin;LINESTRING (3797689.611194727 5829805.061951235,3797679.377485028 5829773.290754848,3797676.303485288 5829760.715259021,3797674.208484523 5829735.568267119,3797675.326982948 5829714.087273865,3797696.9789705127 5829615.982803689,3797700.888967629 5829587.036812637,3797700.749966706 5829570.009818043,3797699.0734665305 5829557.566822089,3797694.6064667557 5829536.609829003,3797687.202468032 5829517.748835427,3797681.1964692585 5829505.829839565,3797669.463971966 5829488.016345912,3797658.5689747054 5829475.442350551,3797645.8579780874 5829464.046354921,3797619.4594854354 5829446.102362184,3797588.730494403 5829432.478868337,3797576.8584979647 5829428.942870165,3797543.4374482064 5829422.945642483);LINESTRING (13.385604461379142 52.519911211307104,13.38542573567718 52.51963211771773,13.385369339735588 52.519521115729745,13.38531608487284 52.519296937106745,13.385313309392874 52.51910385385789,13.385543631986314 52.51821301303279,13.385575183626017 52.51795151971473,13.385557919285944 52.51779903085586,13.38552217053762 52.517688453906175,13.385437823812351 52.517503111988674,13.385312213371924 52.517338152220994,13.385213343179416 52.517234631384035,13.385025094726663 52.517081417549555,13.384853831943403 52.51697469351523,13.384656950020995 52.51687951451646,13.38425317900695 52.516733126831404,13.38378966675294 52.51662781102761,13.383612135183935 52.51660259986324,13.383115899756712 52.51656708170581);LINESTRING (797499.1832964874 5827910.904301205,797488.9533598847 5827879.145887124,797485.8804637631 5827866.575441144,797483.7860525273 5827841.4385076,797484.9038937814 5827819.966077856,797506.546276602 5827721.900555361,797510.4544290993 5827692.966080238,797510.3153166331 5827675.945883611,797508.6393635736 5827663.507870921,797504.1739412259 5827642.559286962,797496.7727127937 5827623.705894653,797490.7689943975 5827611.791715339,797479.041005394 5827593.985447266,797468.1502335309 5827581.416577838,797455.4441987219 5827570.025255729,797429.0560670146 5827552.088684442,797398.3392078244 5827538.4709298955,797386.4719154084 5827534.936459564,797353.0641468293 5827528.941953413)
6032;Streckenachse;2,5 + 80;2,7 + 60;100250080;100270060;2,5;80;2,7;60;180;;;Berlin;Kreisfreie Stadt Berlin;LINESTRING (3797543.4374482064 5829422.945642483,3797523.641514335 5829420.166376118,3797486.2075258065 5829413.22388055,3797365.8213591063 5829393.308720739);LINESTRING (13.383115899756712 52.51656708170581,13.382822660870639 52.51655296892427,13.382266641397273 52.516511164587264,13.380480665265013 52.51639831431526);LINESTRING (797353.0641468293 5827528.941953413,797333.2760872383 5827526.163990507,797295.856972378 5827519.224633123,797175.5186624228 5827499.318602903)
6032;Streckenachse;2,7 + 60;3,0 + 13;100270060;100300013;2,7;60;3;13;253;;;Berlin;Kreisfreie Stadt Berlin;LINESTRING (3797365.8213591063 5829393.308720739,3797326.4180749445 5829386.633398496,3797282.420088295 5829376.155404439,3797261.7470944533 5829369.212907872,3797231.717103198 5829355.5909139775,3797213.4191082916 5829343.147419012,3797194.982613154 5829325.856425595,3797180.1766167167 5829305.947432785,3797170.258618902 5829289.052438737,3797162.6759428773 5829269.163274815);LINESTRING (13.380480665265013 52.51639831431526,13.379895963580582 52.51635996542663,13.379240382787374 52.51629004303394,13.37893054829124 52.51623909459534,13.378477320849376 52.516133390320604,13.378197461744044 52.51603185637484,13.377911243729114 52.515886962290196,13.377676014282505 52.51571663307626,13.377515268191807 52.515570648690115,13.377386151287453 52.51539656424403);LINESTRING (797175.5186624228 5827499.318602903,797136.1310405837 5827492.646331473,797092.1505129323 5827482.172951159,797071.4857026113 5827475.23342844,797041.4675642072 5827461.6171663385,797023.1767508953 5827449.178817748,797004.7474450974 5827431.894907016,796989.9471632184 5827411.9940063255,796980.0329584805 5827395.105853395,796972.4531140309 5827375.224702873)
6032;Streckenachse;3,0 + 13;3,5 + 10;100300013;100350010;3;13;3,5;10;497;;;Berlin;Kreisfreie Stadt Berlin;LINESTRING (3797162.6759428773 5829269.163274815,3797156.7111206613 5829244.387953706,3797154.19762009 5829220.287961499,3797152.6616183775 5829181.5169738885,3797153.639115281 5829132.399989407,3797152.801612708 5829082.364005324,3797152.802607046 5828982.559036976,3797148.8915998465 5828833.768084401,3797143.5724953227 5828773.214894468);LINESTRING (13.377386151287453 52.51539656424403,13.377276437658287 52.5151778176774,13.37721801807932 52.51496324344246,13.377160866089316 52.51461668097996,13.377131400248793 52.51417604736027,13.377074458783408 52.51372816713112,13.376985432933852 52.51283388660354,13.376795261246585 52.51150280686844,13.37666313043564 52.510963128114696);LINESTRING (796972.4531140309 5827375.224702873,796966.490429712 5827350.459329695,796963.9776960699 5827326.3689820245,796962.4419272533 5827287.613485539,796963.4185523423 5827238.51609733,796962.5808934062 5827188.500094151,796962.5809086838 5827088.734964637,796958.6700036116 5826940.003442888,796953.3524284852 5826879.474475965)
6032;Streckenachse;3,5 + 10;3,7 + 60;100350010;100370060;3,5;10;3,7;60;250;;;Berlin;Kreisfreie Stadt Berlin;LINESTRING (3797143.5724953227 5828773.214894468,3797131.980095569 5828663.802139316,3797132.272593127 5828622.366152438,3797136.323089638 5828583.466164534,3797138.2780883196 5828571.152168325,3797144.286085183 5828549.411174864,3797150.2910824767 5828535.264178994,3797154.8337028925 5828527.327218129);LINESTRING (13.37666313043564 52.510963128114696,13.376395296504276 52.50998906735166,13.376362635238955 52.50961762978054,13.376387424000129 52.50926687040558,13.37640515112976 52.50915546954694,13.376473989659557 52.50895739444477,13.376549556664171 52.50882736534967,13.37660918682093 52.50875377575803);LINESTRING (796953.3524284852 5826879.474475965,796941.763583083 5826770.105508495,796942.0555576289 5826728.686058689,796946.1040559842 5826689.801558744,796948.0581535939 5826677.4924587365,796954.0635391979 5826655.760084725,796960.0660008839 5826641.618677051,796964.6067302874 5826633.684839859)
6032;Streckenachse;3,7 + 60;4,3 + 40;100370060;100430040;3,7;60;4,3;40;580;;;Berlin;Kreisfreie Stadt Berlin;LINESTRING (3797154.8337028925 5828527.327218129,3797159.5105786407 5828519.155683557,3797177.6675714594 5828494.005690454,3797207.559060625 5828470.036696282,3797223.9010548717 5828459.951198507,3797243.8750477084 5828445.28120197,3797256.027043143 5828432.708205241,3797319.7190185925 5828355.82372584,3797388.02249275 5828281.950745215,3797471.545961339 5828194.984767835,3797498.507451105 5828165.249775665,3797506.329448024 5828154.640778565,3797513.592445008 5828142.066782122,3797524.487939905 5828112.9887907,3797528.469467773 5828092.973815179);LINESTRING (13.37660918682093 52.50875377575803,13.376670579119883 52.508678011227964,13.376914783957272 52.50844277844582,13.377332360452193 52.508211740342595,13.377563344941667 52.50811247631695,13.37784357387491 52.507970156390826,13.378010807160718 52.50785088372279,13.378877505354623 52.50712730233389,13.379814579741128 52.50642818758069,13.380963427830697 52.50560345900934,13.381332784394171 52.50532233910049,13.381438170459251 52.50522301872986,13.381533593430381 52.50510639596497,13.381667619702048 52.50483991448934,13.38170821364084 52.504658406481006);LINESTRING (796964.6067302874 5826633.684839859,796969.2816591351 5826625.516521278,796987.4311579731 5826600.376389347,797017.310480882 5826576.416669942,797033.645853301 5826566.335037849,797053.611729637 5826551.670701393,797065.7587512999 5826539.102604335,797129.4245501034 5826462.248190752,797197.7000364123 5826388.404028686,797281.1893136213 5826301.471947096,797308.1397500534 5826271.748560067,797315.958520771 5826261.143721122,797323.2184954146 5826248.574672684,797334.1093562281 5826219.508181597,797338.0890986138 5826199.50115647)
6032;Streckenachse;4,3 + 40;4,6 + 31;100430040;100460031;4,3;40;4,6;31;291;;;Berlin;Kreisfreie Stadt Berlin;LINESTRING (3797528.469467773 5828092.973815179,3797530.2139362185 5828079.974800833,3797530.35243466 5828053.2538093,3797525.6044339156 5828013.566822171,3797518.340934496 5827983.179832246,3797505.2124361047 5827938.12084732,3797493.75943791 5827905.901358223,3797457.5913113886 5827813.130040133);LINESTRING (13.38170821364084 52.504658406481006,13.381722223086435 52.50454098188815,13.381700399907581 52.504301480152144,13.381595250387708 52.50394846222648,13.381461469214415 52.503680144714345,13.381228474865642 52.50328355739836,13.381031547339912 52.50300110183395,13.380417686399584 52.50218954792387);LINESTRING (797338.0890986138 5826199.50115647,797339.8327432977 5826186.507313865,797339.9709244731 5826159.796987241,797335.2244298138 5826120.125888569,797327.9635317379 5826089.751099453,797314.8398318957 5826044.710229465,797303.3910893511 5826012.503713718,797267.236490044 5825919.769781773)
6032;Streckenachse;4,6 + 31;4,8 + 36;100460031;100480036;4,6;31;4,8;36;205;;;Berlin;Kreisfreie Stadt Berlin;LINESTRING (3797457.5913113886 5827813.130040133,3797432.5819483493 5827747.809912016,3797390.889465153 5827618.949074006);LINESTRING (13.380417686399584 52.50218954792387,13.37999218543126 52.50161788328945,13.379265054170528 52.50048595919881);LINESTRING (797267.236490044 5825919.769781773,797242.2364692858 5825854.47597271,797200.5593646921 5825725.666980948)
6032;Streckenachse;4,8 + 36;5,4 + 78;100480036;100540078;4,8;36;5,4;78;642;;;Berlin;Kreisfreie Stadt Berlin;LINESTRING (3797390.889465153 5827618.949074006,3797374.875456958 5827576.784469703,3797366.564458705 5827561.095475174,3797350.612962259 5827534.544484546,3797336.671965593 5827515.368491457,3797307.046473111 5827482.246003728,3797286.671478577 5827464.679010511,3797218.3059973163 5827412.783531034,3797182.7830069857 5827384.621042076,3797137.33951898 5827341.977558303,3797112.6740252757 5827315.023568318,3797081.1720329947 5827274.928082909,3797055.3235392277 5827240.238095447,3796981.6539626406 5827134.40043436);LINESTRING (13.379265054170528 52.50048595919881,13.378992314479369 52.50011687200862,13.378856294408743 52.49998081914593,13.378598407008912 52.499751599115015,13.37837661891536 52.499587366058506,13.377912113783907 52.499306705370756,13.377597301884816 52.49916038984421,13.37654729315415 52.498732595278796,13.376000644321904 52.49849957794182,13.375295443278688 52.49814219820971,13.374909289868121 52.49791409677702,13.374411059256616 52.49757195912476,13.374000654109992 52.49727518024505,13.372824800000924 52.49636688779286);LINESTRING (797200.5593646921 5825725.666980948,797184.5513352714 5825683.519364521,797176.2435006166 5825667.836714043,797160.2981110527 5825641.29647814,797146.3624910599 5825622.128276178,797116.7484991194 5825589.019300301,797096.3814652084 5825571.459518971,797028.0427638183 5825519.585424531,796992.5336766937 5825491.434525279,796947.1079098061 5825448.808508814,796922.4519973269 5825421.865519761,796890.9621863174 5825381.786347985,796865.1236701768 5825347.110461042,796791.482462103 5825241.315769146)
6032;Streckenachse;5,4 + 78;5,5 + 89;100540078;100550089;5,4;78;5,5;89;111;;;Berlin;Kreisfreie Stadt Berlin;LINESTRING (3796981.6539626406 5827134.40043436,3796917.5262263953 5827043.770064717);LINESTRING (13.372824800000924 52.49636688779286,13.371802619749609 52.49558966027816);LINESTRING (796791.482462103 5825241.315769146,796727.3794347716 5825150.72220487)
6034;Streckenachse;5,4 + 79;5,5 + 90;100540079;100550090;5,4;79;5,5;90;111;;;Berlin;Kreisfreie Stadt Berlin;LINESTRING (3796996.2772235656 5827123.290995002,3796989.417552383 5827103.428642765,3796973.489053589 5827035.4711652715,3796969.27468178 5827013.201569083);LINESTRING (13.373029588987 52.49625939237153,13.37291118830251 52.49608514681748,13.372616809852623 52.49548487867257,13.372535103924427 52.495287624669004);LINESTRING (796806.099777184 5825230.210621157,796799.2426494451 5825210.356264641,796783.3198426814 5825142.426070016,796779.1069348447 5825120.165404551)
6053;Streckenachse;0,8 + 3;1,0 + 12;100080003;100100012;0,8;3;1;12;209;;;Sachsen-Anhalt;Kreisfreie Stadt Halle (Saale);LINESTRING (3708047.8196028667 5708313.518080473,3708077.7379384055 5708273.450449212,3708087.3769346983 5708258.594453541,3708109.9014262445 5708228.7954620905,3708130.4914186117 5708203.787969195,3708157.5759086865 5708173.596977674,3708179.5362797696 5708151.652256875);LINESTRING (11.993411941555289 51.471127634188285,11.993818359922745 51.4707570033049,11.993948151828262 51.47062011714073,11.994254339953368 51.47034437080543,11.994535541379873 51.470112342298954,11.994907026257758 51.46983140037656,11.995209717852463 51.469626357772775);LINESTRING (707892.0304145688 5706468.716673218,707921.936436084 5706428.66477005,707931.5714472812 5706413.814619222,707954.0866713654 5706384.027322534,707974.6682126035 5706359.029628532,708001.7416106111 5706328.8504466545,708023.6930113032 5706306.91428907)
6107;Streckenachse;193,4 + 3;194,3 + 71;119340003;119430071;193,4;3;194,3;71;968;Berlin Hbf-Le Bf - Lehrte;Elbeseitenkanal - Tunnel;Niedersachsen;Landkreis Gifhorn;LINESTRING (3609361.3086204818 5812192.903415759,3609298.5922171255 5812231.604697104,3609236.8387376885 5812271.384687594,3609175.8662580634 5812312.351677688,3609115.697778242 5812354.490667387,3609045.1853019767 5812405.903154697,3608573.4067656705 5812754.9774197815);LINESTRING (10.606896788064315 52.43203542950406,10.605987700422446 52.43239562254773,10.605093102485712 52.432765306688566,10.604210355618877 52.43314549135263,10.603339792655529 52.433536037471065,10.602320206997042 52.43401194478258,10.595499540051224 52.437241588520024);LINESTRING (609245.8436343184 5810307.546863539,609183.1525872285 5810346.233280657,609121.4240898578 5810385.997968091,609060.476291615 5810426.94917477,609000.3321831875 5810469.071906472,608929.8482865016 5810520.464531697,608458.2610130591 5810869.403876718)
6134;Streckenachse;1,4 + 50;1,7 + 88;100140050;100170088;1,4;50;1,7;88;338;;;Berlin;Kreisfreie Stadt Berlin;LINESTRING (3796101.911888936 5831020.290111724,3796258.0039943038 5830809.958010807,3796301.747092515 5830748.046124982);LINESTRING (13.36336374909978 52.53166383522378,13.365469944981413 52.529694438337344,13.366057506516949 52.529115930412914);LINESTRING (795912.1296312587 5829125.662955674,796068.1573711971 5828915.413280151,796111.8824025546 5828853.525678134)
6134;Richtungsgleis;1,7 + 88;2,0 + 49;100170088;100200049;1,7;88;2;49;261;;;Berlin;Kreisfreie Stadt Berlin;LINESTRING (3796301.2101704734 5830746.931058089,3796324.6919673 5830706.461539647,3796344.410958827 5830667.259050896,3796357.6989529077 5830637.14855965,3796387.462439297 5830563.513581226,3796412.4300060566 5830511.09481818);LINESTRING (13.366048625089396 52.52910623056348,13.366357586476003 52.52873085587038,13.366612388205269 52.5283688772006,13.366780799688486 52.52809185873286,13.367152499709272 52.52741589539986,13.36747262607033 52.52693264147259);LINESTRING (796111.3456838846 5828852.411061592,796134.8177112578 5828811.957466699,796154.528447646 5828772.770432649,796167.8108426321 5828742.671830002,796197.5617270104 5828669.065951857,796222.5188140802 5828616.667867492)
6134;Richtungsgleis;2,5 + 21;3,1 + 28;100250021;100310028;2,5;21;3,1;28;607;;;Berlin;Kreisfreie Stadt Berlin;LINESTRING (3796631.2617567778 5830092.3852995355,3796700.3178071165 5829981.253247202,3796724.020297244 5829939.631758986,3796738.345791084 5829911.0922671845,3796751.1432854403 5829883.0997752985,3796786.060769522 5829797.580300338,3796811.590257554 5829729.256320486,3796827.308249568 5829676.310336335,3796838.1802433697 5829627.804851069,3796854.2561442587 5829534.025172443);LINESTRING (13.37031441449179 52.52306194689083,13.37122980289877 52.52202862792041,13.371540887959739 52.52164279945681,13.371725885144977 52.52137928759792,13.371888922371962 52.52112150759422,13.372325603756632 52.52033623924044,13.372639700328369 52.519710151939414,13.372823379470338 52.519227191447776,13.372939832698046 52.518786654440774,13.373092359043724 52.517937616157084);LINESTRING (796441.2591132742 5828198.123336015,796510.2865104009 5828087.034966456,796533.9791316207 5828045.429859634,796548.2986276271 5828016.901619303,796561.0907394064 5827988.92017553,796595.9934476619 5827903.434494503,796621.512075675 5827835.137536831,796637.2232746966 5827782.2125327205,796648.0904533169 5827733.726302518,796664.1590179375 5827639.983899792)
6134;Richtungsgleis;3,1 + 28;3,8 + 31;100310028;100380031;3,1;28;3,8;31;703;;;Berlin;Kreisfreie Stadt Berlin;LINESTRING (3796854.2561442587 5829534.025172443,3796861.4977286183 5829498.052390824,3796869.9647239023 5829462.229401682,3796880.0372186145 5829425.289412796,3796891.387212943 5829388.721923716,3796908.2512048795 5829340.801437911,3796993.4631647905 5829110.193505973,3797008.3071576734 5829067.6630185805,3797019.6796520497 5829032.063529193,3797032.0561456825 5828988.9705421245,3797043.0481397333 5828945.503555254,3797052.643634208 5828901.707568575,3797060.025189562 5828862.3290847);LINESTRING (13.373092359043724 52.517937616157084,13.373166655697567 52.51761135034665,13.37325908386175 52.51728576023693,13.373374096494505 52.51694928821837,13.373508203328965 52.51661545901442,13.373713174483433 52.51617690421017,13.374759093505373 52.51406423403098,13.374939180642455 52.51367507244269,13.375074460571218 52.513349903148935,13.375217801531505 52.51295704351434,13.375340473192205 52.51256158588236,13.375442339992777 52.51216394004734,13.3755156302857 52.51180708088787);LINESTRING (796664.1590179375 5827639.983899792,796671.3973590878 5827604.025406246,796679.860623513 5827568.2166333785,796689.9287355833 5827531.291290908,796701.2738410117 5827494.738287039,796718.1306318224 5827446.836764128,796803.3063182514 5827216.320047817,796818.1439691373 5827173.806391684,796829.5115751242 5827138.221000967,796841.8827061466 5827095.145093887,796852.8698865441 5827051.695349874,796862.4611215539 5827007.916751073,796869.8393444533 5826968.55391346)
6134;Streckenachse;3,1 + 29;3,8 + 31;100310029;100380031;3,1;29;3,8;31;702;;;Berlin;Kreisfreie Stadt Berlin;LINESTRING (3796853.6157170157 5829535.7586200535,3796861.9812280484 5829490.7063931255,3796890.038213438 5829389.912923416,3796950.104185095 5829225.8744718665,3797011.748656207 5829061.046020473,3797058.7185332603 5828866.307025193);LINESTRING (13.373084497606298 52.51795349668872,13.373167208499702 52.51754526493667,13.373489451234258 52.51662686444684,13.374225422495421 52.51512435770312,13.374983824747318 52.513613909823746,13.37549998792897 52.51184343536342);LINESTRING (796663.5188633173 5827641.716661751,796671.8805934956 5827596.682336069,796699.9253916353 5827495.928824557,796759.9657795546 5827331.955262756,796821.5840291168 5827167.192001134,796868.5332487072 5826972.530278893)
6134;Richtungsgleis;3,8 + 31;4,0 + 29;100380031;100400029;3,8;31;4;29;198;;;Berlin;Kreisfreie Stadt Berlin;LINESTRING (3797060.025189562 5828862.3290847,3797067.6101244506 5828813.307095722,3797072.965120229 5828768.793109523,3797077.3076160294 5828719.001125056,3797080.675951862 5828665.5593746705);LINESTRING (13.3755156302857 52.51180708088787,13.375583306419774 52.51136370237746,13.375622252916479 52.51096193020387,13.375641622773784 52.51051341649558,13.375643431647946 52.51003272982719);LINESTRING (796869.8393444533 5826968.55391346,796877.4207711576 5826919.55141813,796882.7731930373 5826875.055147995,796887.1134673348 5826825.282996332,796890.4799347227 5826771.862545176)
6134;Richtungsgleis;4,0 + 29;4,8 + 57;100400029;100480057;4;29;4,8;57;828;;;Berlin;Kreisfreie Stadt Berlin;LINESTRING (3797080.675951862 5828665.5593746705,3797084.2376055876 5828573.577670769,3797084.1716015656 5828502.260693393,3797080.2680992642 5828439.826213424,3797072.4720982173 5828377.75773358,3797063.4525982873 5828328.52924973,3797051.9840991613 5828279.812765863,3797040.509600493 5828239.106279453,3796999.3911058665 5828103.88882479,3796982.0806075498 5828036.724347122,3796973.769607938 5827997.0733601935,3796965.769107836 5827950.4913754435,3796960.1681072665 5827909.080888911,3796953.883631557 5827852.049936308);LINESTRING (13.375643431647946 52.51003272982719,13.375613712378652 52.50920660847045,13.375549149199411 52.50856762289962,13.375436155168218 52.50801031491412,13.375266330335743 52.50745840386883,13.375089991025627 52.50702220836927,13.374878149630886 52.50659193240181,13.37467336490887 52.50623343130052,13.373949048597597 52.50504420419151,13.373635005612032 52.50445180249933,13.373477634288951 52.50410103605255,13.373318648792186 52.5036879964226,13.373199507344554 52.50331999013837,13.373056414544717 52.50281239062219);LINESTRING (796890.4799347227 5826771.862545176,796894.0392649941 5826679.917522553,796893.9725881214 5826608.629013326,796890.0700318124 5826546.219493511,796882.2765340589 5826484.175865875,796873.2601516743 5826434.967120901,796861.7957526484 5826386.270195538,796850.3254350073 5826345.580070351,796809.2220274484 5826210.416993288,796791.9177803046 5826143.279495276,796783.609709393 5826103.644417268,796775.6119461234 5826057.081105053,796770.0127753159 5826015.687203245,796763.7302490822 5825958.6790772965)
6134;Richtungsgleis;4,2 + 81;4,8 + 57;100420081;100480057;4,2;81;4,8;57;576;;;Berlin;Kreisfreie Stadt Berlin;LINESTRING (3797077.4998875633 5828414.000249902,3797072.4720982173 5828377.75773358,3797067.1230981667 5828346.93674367,3797053.5505990083 5828285.8702638475,3797040.509600493 5828239.106279453,3796999.3911058665 5828103.88882479,3796990.0246068896 5828069.5373362405,3796980.6026076446 5828030.135349302,3796972.5146079604 5827990.438362372,3796965.769107836 5827950.4913754435,3796960.1681072665 5827909.080888911,3796953.883631557 5827852.049936308);LINESTRING (13.375372476795015 52.507780412515416,13.375266330335743 52.50745840386883,13.375160302345341 52.50718514836784,13.374906553101676 52.506645357318725,13.37467336490887 52.50623343130052,13.373949048597597 52.50504420419151,13.37378089652175 52.50474149755069,13.373607431107812 52.50439356665439,13.373453293701592 52.50404226671906,13.373318648792186 52.5036879964226,13.373199507344554 52.50331999013837,13.373056414544717 52.50281239062219);LINESTRING (796887.3026718588 5826520.403866039,796882.2765340589 5826484.175865875,796876.9293669208 5826453.367231171,796863.3616866055 5826392.325260206,796850.3254350073 5826345.580070351,796809.2220274484 5826210.416993288,796799.8589304129 5826176.079308597,796790.4403057618 5826136.693142067,796782.3551453161 5826097.012080239,796775.6119461234 5826057.081105053,796770.0127753159 5826015.687203245,796763.7302490822 5825958.6790772965)
6134;Richtungsgleis;4,8 + 57;5,1 + 78;100480057;100510078;4,8;57;5,1;78;321;;;Berlin;Kreisfreie Stadt Berlin;LINESTRING (3796953.883631557 5827852.049936308,3796933.6371010346 5827650.502972517,3796929.497598681 5827585.756993301,3796927.876618427 5827531.688232813);LINESTRING (13.373056414544717 52.50281239062219,13.372579573372192 52.50101746839742,13.372461117760075 52.50043957223259,13.372389154267522 52.499955978360255);LINESTRING (796763.7302490822 5825958.6790772965,796743.489824641 5825757.212763603,796739.3513400276 5825692.4926697025,796737.7304768884 5825638.445507829)
6134;Richtungsgleis;5,1 + 78;5,3 + 68;100510078;100530068;5,1;78;5,3;68;190;;;Berlin;Kreisfreie Stadt Berlin;LINESTRING (3796927.876618427 5827531.688232813,3796928.421093565 5827489.34552395,3796931.477089924 5827442.141038744,3796936.8835856076 5827396.173053005,3796945.363271186 5827342.266136046);LINESTRING (13.372389154267522 52.499955978360255,13.372359431176415 52.49957627677327,13.372362252518036 52.49915164661866,13.372400685234785 52.49873681815197,13.372477164111135 52.49824918082105);LINESTRING (796737.7304768884 5825638.445507829,796738.2743197172 5825596.11969566,796741.3286336376 5825548.934023245,796746.732520791 5825502.984333706,796755.2082933586 5825449.098851858)
6134;Streckenachse;5,3 + 68;5,4 + 53;100530068;100540053;5,3;68;5,4;53;85;;;Berlin;Kreisfreie Stadt Berlin;LINESTRING (3796943.5563432775 5827349.224191755,3796957.8972167727 5827265.51182228);LINESTRING (13.372456833318603 52.49831251021687,13.372592811726934 52.49755461608167);LINESTRING (796753.4021548857 5825456.054147798,796767.7364837539 5825372.375053571)
6171;Richtungsgleis;3,1 + 32;3,8 + 31;100310032;100380031;3,1;32;3,8;31;699;;;Berlin;Kreisfreie Stadt Berlin;LINESTRING (3796869.67767106 5829536.012858068,3796884.6347199734 5829474.923396784,3796903.1882106317 5829413.905415028,3797001.9261640674 5829144.730494517,3797027.172151743 5829068.529017185,3797042.319143929 5829015.40253313,3797053.837137673 5828969.472547014,3797065.5526308976 5828915.485563436,3797074.2289762753 5828868.177766459);LINESTRING (13.373320647147898 52.517947039296075,13.373485875271559 52.5173915237541,13.373703987597263 52.51683469237603,13.374914187382226 52.51436909166325,13.375217020048785 52.51367256835535,13.375392102120644 52.513188298059376,13.375520301284194 52.51277048487912,13.375644213297779 52.51228037106789,13.37572944603962 52.51185175831983);LINESTRING (796679.5744087694 5827641.970640857,796694.5248885676 5827580.905417709,796713.0703753023 5827519.9116103295,796811.7662781784 5827250.843167424,796837.0014417447 5827174.671859726,796852.1418670905 5827121.566433542,796863.6548130738 5827075.654668272,796875.3651007075 5827021.689119701,796884.0375190646 5826974.400121419)
6171;Richtungsgleis;3,8 + 31;4,8 + 57;100310033;100480057;3,8;31;4,8;57;1026;;;Berlin;Kreisfreie Stadt Berlin;LINESTRING (3796869.899387402 5829535.035786554,3796884.6347199734 5829474.923396784,3796901.1742116134 5829419.95791323,3796918.0367035503 5829372.04342742,3797005.2691624723 5829135.293997313,3797024.8586529046 5829076.075014927,3797042.319143929 5829015.40253313,3797052.0121386866 5828977.151044686,3797062.3956327755 5828930.951058718,3797076.652623854 5828853.33408249,3797083.365119069 5828806.460096956,3797087.8986154087 5828767.260609121,3797094.3651087363 5828685.731134594,3797098.513102232 5828594.208663375,3797099.482597083 5828508.792690408,3797098.393095508 5828474.912201221,3797096.3600943717 5828443.506211306,3797093.3405935527 5828412.17922142,3797088.4195929905 5828374.735733588,3797079.668092955 5828325.150749834,3797068.752593704 5828277.317765658,3797018.465599524 5828098.673825312,3797001.5621010517 5828031.052847765,3796985.2441017386 5827951.847373859,3796969.866925965 5827857.552020939);LINESTRING (13.373323032686756 52.51793816384355,13.373485875271559 52.5173915237541,13.373679802400357 52.51689002007641,13.373884756262777 52.5164515195762,13.374954871194465 52.51428271907653,13.375189771457256 52.513741441453945,13.375392102120644 52.513188298059376,13.375500346195258 52.51284027947454,13.375611640975695 52.512420664229296,13.37575180210753 52.51171743578388,13.375808578747938 52.511293778654455,13.375840198301926 52.51094007292139,13.375862454485905 52.51020602625042,13.375841750949952 52.50938370088164,13.375779817856273 52.50861782090968,13.37573360618853 52.50831483443064,13.37567574655645 52.50803453351456,13.375603471606652 52.50775547714487,13.375497820863023 52.50742264957332,13.375325097054837 52.50698311431531,13.375122161769786 52.50656045440687,13.374224489830032 52.504987102015775,13.373916013068838 52.50439038939335,13.373605818926784 52.50368955640936,13.373296003842478 52.50285300035336);LINESTRING (796679.7960270328 5827640.993957181,796694.5248885676 5827580.905417709,796711.0572395176 5827525.961712326,796727.9125309817 5827478.066187026,796815.1078496989 5827241.410404188,796834.6889403295 5827182.214868035,796852.1418670905 5827121.566433542,796861.8306178252 5827083.330118827,796872.2095143427 5827037.148472608,796886.4600537017 5826959.562338812,796893.1694100247 5826912.706998069,796897.7007124735 5826873.523112974,796904.1638253262 5826792.026119028,796908.3092658217 5826700.540140029,796909.2775362652 5826615.15825294,796908.1881374033 5826581.291298462,796906.155639843 5826549.8978647655,796903.137037142 5826518.583409233,796898.2176337249 5826481.154915909,796889.4691407655 5826431.589810715,796878.5575295424 5826383.77602696,796828.28885634 5826205.203888599,796811.3914421082 5826137.610068947,796795.0791798015 5826058.436371397,796779.7072176221 5825964.178809076)
6200;Streckenachse;0,8 + 55;0,9 + 73;100080055;100090073;0,8;55;0,9;73;118;Kamenz (Sachs) - Pirna;Kamenz Tunnel;Sachsen;Landkreis Bautzen;LINESTRING (3855300.2721172487 5694218.929801238,3855298.2869930738 5694175.0577726625,3855300.8279896625 5694125.035789061,3855304.277739626 5694101.451810163);LINESTRING (14.091632800973308 51.27183584209656,14.091560888907008 51.271444299821916,14.091547468299328 51.2709948811114,14.09157327865734 51.270781591189646);LINESTRING (855085.5121089108 5692378.380108441,855083.5273565943 5692334.525640604,855086.0668562907 5692284.52363326,855089.5150002253 5692260.949050995)
6216;Streckenachse;49,6 + 22;49,7 + 69;104960022;104970069;49,6;22;49,7;69;147;Bautzen - Bad Schandau;Sebnitzer Tunnel;Sachsen;Landkreis Sächsische Schweiz-Osterzgebirge;LINESTRING (3869977.86741021 5661559.493577482,3869969.668961776 5661534.309250066,3869945.165967772 5661490.671266115,3869913.7054763287 5661451.750780997,3869897.977917225 5661438.660838);LINESTRING (14.267614270114834 50.97019868237124,14.267472474786803 50.96997851610424,14.267080810872677 50.96960362548053,14.266595314413413 50.9692754193799,14.266359073905504 50.96916833389593);LINESTRING (869756.9246762311 5659731.864362394,869748.7292661218 5659706.690186899,869724.2356553914 5659663.069891962,869692.7873751817 5659624.1652753195,869677.0659815453 5659611.080718439)
6216;Streckenachse;52,6 + 64;52,7 + 53;105260064;105270053;52,6;64;52,7;53;89;Bautzen - Bad Schandau;Amtshainersdorfer Tunnel 1;Sachsen;Landkreis Sächsische Schweiz-Osterzgebirge;LINESTRING (3867332.005049928 5660820.41876695,3867299.3243168085 5660805.170652477,3867252.309435738 5660780.691180038);LINESTRING (14.22935932843233 50.96527332051643,14.228880695165065 50.96515762699462,14.228189568827517 50.96496841851479);LINESTRING (867112.1135256924 5658993.11043109,867079.4457182378 5658977.868727464,867032.4494078855 5658953.399495055)
6216;Streckenachse;52,9 + 68;53,0 + 61;105290068;105300061;52,9;68;53;61;93;Bautzen - Bad Schandau;Amtshainersdorfer Tunnel  2;Sachsen;Landkreis Sächsische Schweiz-Osterzgebirge;LINESTRING (3867111.570357148 5660623.337832175,3867099.852372827 5660593.570734923,3867088.9348740354 5660544.745751873,3867088.339987017 5660533.698144494);LINESTRING (14.226036029375525 50.96364940631432,14.225839944704752 50.96339039848111,14.22563601510877 50.96296028380697,14.225616456250197 50.9628617691155);LINESTRING (866891.76511775 5658796.110429407,866880.051535965 5658766.355350463,866869.1379375242 5658717.55000105,866868.5431829288 5658706.506818279)
6216;Streckenachse;53,5 + 64;53,6 + 72;105350064;105360072;53,5;64;53,6;72;108;Bautzen - Bad Schandau;Ulbersdorfer Tunnel 1;Sachsen;Landkreis Sächsische Schweiz-Osterzgebirge;LINESTRING (3867203.111023403 5660054.116282789,3867194.9828124484 5660019.322921068,3867176.100316441 5659972.97943766,3867164.1293485947 5659954.134494287);LINESTRING (14.226760222483575 50.95849577704672,14.226609974836638 50.95818949363561,14.226295673625305 50.95778665894802,14.226107028104478 50.95762558165526);LINESTRING (866983.2637340205 5658227.115690451,866975.1384418618 5658192.33632332,866956.2630557802 5658146.011557021,866944.2966960375 5658127.174265639)
6216;Streckenachse;54,7 + 16;54,8 + 7;105470016;105480007;54,7;16;54,8;7;91;Bautzen - Bad Schandau;Ulbersdorfer Tunnel 2;Sachsen;Landkreis Sächsische Schweiz-Osterzgebirge;LINESTRING (3866288.766469726 5659478.226927877,3866278.277089874 5659446.050166515,3866264.891914307 5659390.394817136);LINESTRING (14.21322203693871 50.95392147763769,14.213041059194657 50.95364009449789,14.212795463731304 50.953150373899696);LINESTRING (866069.2793944563 5657651.465404243,866058.7939029392 5657619.301613288,866045.4135498579 5657563.668653155)
6216;Streckenachse;55,1 + 84;55,2 + 61;105510084;105520061;55,1;84;55,2;61;77;Bautzen - Bad Schandau;Ulbersdorfer Tunnel 3;Sachsen;Landkreis Sächsische Schweiz-Osterzgebirge;LINESTRING (3866126.4034124194 5659043.233743709,3866116.7116231266 5659030.309314833,3866082.8786325823 5658993.349829162,3866075.0083866166 5658985.937537165);LINESTRING (14.210484276465916 50.95013050340601,14.210333958411827 50.95002095183301,14.209817407746224 50.94971154876051,14.209698437980109 50.94965018493512);LINESTRING (865906.9771263248 5657216.647761252,865897.2890901464 5657203.728594413,865863.4692791776 5657166.784214676,865855.6021103628 5657159.374962542)
6216;Streckenachse;61,5 + 49;61,9 + 26;106150049;106190026;61,5;49;61,9;26;377;Bautzen - Bad Schandau;Rathmannsdorfer Tunnel;Sachsen;Landkreis Sächsische Schweiz-Osterzgebirge;LINESTRING (3860802.6260050414 5657405.2660169555,3860791.0098168566 5657357.047182288,3860764.0353210983 5657260.54421603,3860706.3102567694 5657040.329730776);LINESTRING (14.133412249509751 50.938817264382585,14.133199987513084 50.938392821988764,14.132722388429421 50.937545688062265,14.1316868577644 50.935610174525166);LINESTRING (860585.3134428405 5655579.385877688,860573.7014416587 5655531.186440101,860546.7368160218 5655434.722329709,860489.0327433769 5655214.596475059)
6258;Streckenachse;18,1 + 39;18,2 + 54;101810039;101820054;18,1;39;18,2;54;115;;;Sachsen;Landkreis Sächsische Schweiz-Osterzgebirge;LINESTRING (3822066.477004304 5655913.52129021,3822062.67459904 5655906.152237363,3822032.344607219 5655866.654251947,3821996.514117428 5655831.7237653015,3821990.7552304543 5655827.8332453845);LINESTRING (13.582853275855008 50.94835921589094,13.582792834781078 50.94829530928628,13.582327755988786 50.94795832017679,13.581788698099427 50.947665322376096,13.581703579953011 50.94763367455225);LINESTRING (821864.6411141695 5654088.603530954,821860.840160138 5654081.237460414,821830.5219250653 5654041.755553414,821794.7054342609 5654006.839370358,821788.9488134618 5654002.950460141)
6264;Streckenachse;13,3 + 26;13,6 + 73;101330026;101360073;13,3;26;13,6;73;347;Schwarzenberg - Zwickau Hbf;Niederschlemaer Tunnel;Sachsen;Landkreis Erzgebirgskreis;LINESTRING (3761206.0717474064 5615234.02079451,3761181.240405991 5615253.0468924595,3761140.854920418 5615281.886384606,3760921.539272736 5615433.4963115705);LINESTRING (12.689925569674573 50.614213727935635,12.68958883841561 50.61439551249843,12.689039696996318 50.614672285282275,12.686053925573404 50.61613037732127);LINESTRING (761028.1942751447 5613425.9296390405,761003.3730338778 5613444.948354876,760963.0039560187 5613473.7766822055,760743.7773658173 5613625.327979011)
6268;Streckenachse;25,5 + 22;25,7 + 23;102550022;102570023;25,5;22;25,7;23;201;;;Thüringen;Landkreis Greiz;LINESTRING (3722904.84574754 5641190.244580546,3722749.5663870918 5641318.0009717345);LINESTRING (12.165350173415236 50.86306353976269,12.163225688524859 50.86426997104077);LINESTRING (722742.5122057765 5639372.12403998,722587.2960481187 5639499.830774423)
6269;Streckenachse;12,0 + 54;12,1 + 14;101200054;101210014;12;54;12,1;14;60;Gera-Debschwitz - Weischlitz;Lochgut Tunnel;Thüringen;Landkreis Greiz;LINESTRING (3719054.779755428 5631246.878638271,3719039.4648019974 5631201.303335404,3719034.440854165 5631190.53837217);LINESTRING (12.104814998596314 50.77528230796414,12.104571080620579 50.77487900038785,12.104493556490608 50.77478426885962);LINESTRING (718893.8953939349 5629432.766515294,718878.5861520512 5629387.20956421,718873.5641153965 5629376.448948313)
6269;Streckenachse;21,9 + 51;22,2 + 16;102190051;102220016;21,9;51;22,2;16;265;Gera-Debschwitz - Weischlitz;Tunnel Rüßdorf;Thüringen;Landkreis Greiz;LINESTRING (3722990.844171706 5624904.513337541,3723153.732312171 5624695.423587656);LINESTRING (12.156697215647537 50.71685790415471,12.15887378971632 50.71491875618732);LINESTRING (722828.3298740985 5623092.900781737,722991.1510386567 5622883.8931422215)
6269;Streckenachse;26,0 + 75;26,1 + 91;102600075;102610091;26;75;26,1;91;116;;;Thüringen;Landkreis Greiz;LINESTRING (3724942.926971478 5621871.318465812,3724961.1215200084 5621854.238153072,3724991.39400864 5621814.589664853,3725011.9634937956 5621778.912738083);LINESTRING (12.182448989832224 50.688882594386634,12.182695672830318 50.68872226724789,12.183099275464723 50.68835471769444,12.183368196776083 50.68802656027088);LINESTRING (724779.6052816731 5620060.900764317,724797.7924050473 5620043.827115547,724828.0524388653 5620004.19420361,724848.6133829266 5619968.531352651)
6269;Streckenachse;29,9 + 51;30,2 + 21;102990051;103020021;29,9;51;30,2;21;270;Gera-Debschwitz - Weischlitz;Schloßbergtunnel;Thüringen;Landkreis Greiz;LINESTRING (3726059.2576122265 5618648.184745476,3726073.5895343507 5618600.871172364,3726083.6590292226 5618552.001187938,3726088.2645258433 5618502.212204016,3726084.6860251334 5618452.402220414,3726071.8004197534 5618382.816539298);LINESTRING (12.19625337441395 50.6595219770033,12.196426873744436 50.65909176722761,12.196539236115768 50.6586492401775,12.196573886394702 50.65820058274375,12.196492969750523 50.65775490912429,12.196268580531369 50.65713534945538);LINESTRING (725895.4608516583 5616839.045357786,725909.7866214737 5616791.750568296,725919.8516537701 5616742.900027802,725924.4548635243 5616693.130904104,725920.8773468798 5616643.340862432,725907.9962684255 5616573.783111296)
6269;Streckenachse;32,7 + 44;32,8 + 83;103270044;103280083;32,7;44;32,8;83;139;Gera-Debschwitz - Weischlitz;Rothenthaltunnel (139m lang);Thüringen;Landkreis Greiz;LINESTRING (3725806.21453418 5616031.657556247,3725779.8355317446 5615982.272038544,3725734.3126217765 5615912.8259603);LINESTRING (12.19108689680341 50.63613568010913,12.190684555367719 50.635702629325515,12.189999842295324 50.635096928870794);LINESTRING (725642.4954828104 5614223.566312128,725616.1265820931 5614174.200771066,725570.621246187 5614104.782859467)
6269;Streckenachse;36,2 + 81;36,6 + 36;103620081;103660036;36,2;81;36,6;36;355;Gera-Debschwitz - Weischlitz;Elsterbergtunnel;Sachsen;Landkreis Vogtlandkreis;LINESTRING (3724134.038836248 5613055.663545354,3724103.937965297 5612942.185094605,3724075.9799708356 5612845.634627196,3724066.662973001 5612822.07763524,3724046.0244782753 5612782.674648887,3724029.328982792 5612757.54715772,3724012.311987568 5612736.560165213,3724005.0311644864 5612728.924169366);LINESTRING (12.165690385584893 50.610068773582675,12.165197352035822 50.60906177722631,12.164744771107227 50.608205897266245,12.164599148946285 50.60799803116361,12.164284284140345 50.607652278416296,12.164033645682286 50.6074331448608,12.163780970757056 50.60725129775698,12.163673672661172 50.60718555125691);LINESTRING (723970.9615445379 5611248.776838087,723940.8716909408 5611135.344016941,723912.9240086472 5611038.832393394,723903.610524373 5611015.284901109,723882.9799269032 5610975.897849696,723866.2908802064 5610950.7805519,723849.2804992803 5610929.802100554,723842.0025181719 5610922.169222092)
6269;Streckenachse;39,7 + 48;39,8 + 36;103970048;103980036;39,7;48;39,8;36;88;Gera-Debschwitz - Weischlitz;Tunnel;Sachsen;Landkreis Vogtlandkreis;LINESTRING (3723861.1402710136 5610069.01518421,3723859.6959383544 5610064.493544116,3723851.2404392962 5610015.262560524,3723851.1032513697 5609981.843345963);LINESTRING (12.160042794174688 50.583366167770556,12.16001971194652 50.583326135803254,12.159870891202832 50.582887489769284,12.159848852917206 50.58258758097543);LINESTRING (723698.145379864 5608263.324777301,723696.7015841568 5608258.804957572,723688.2490253442 5608209.593728949,723688.1115938702 5608176.187874547)
6269;Streckenachse;44,9 + 94;45,2 + 0;104490094;104520000;44,9;94;45,2;0;206;Gera-Debschwitz - Weischlitz;Tunnel;Sachsen;Landkreis Vogtlandkreis;LINESTRING (3724756.547125612 5605321.932264461,3724756.6754701445 5605313.972064579,3724766.344465277 5605267.544579415,3724778.5029595066 5605218.692594952,3724800.3774506957 5605173.529608928,3724827.7434761664 5605131.502657608);LINESTRING (12.16980206052712 50.54041452290193,12.169799071746802 50.5403430253179,12.16990728180114 50.53992259518533,12.170049092682612 50.53947944781281,12.170329968577347 50.53906568191834,12.170690074294392 50.538677955190536);LINESTRING (724593.1519553917 5603518.131499971,724593.2801776269 5603510.174481079,724602.9448936566 5603463.765469355,724615.0980920224 5603414.932905353,724636.9634364172 5603369.787778469,724664.3181478963 5603327.777383684)
6298;Streckenachse;30,3 + 26;30,4 + 30;103030026;103040030;30,3;26;30,4;30;104;Neudietendorf - Ritschenhausen;Tunnel am Zwang;Thüringen;Landkreis Ilm-Kreis;LINESTRING (3626444.667603551 5621678.896295351,3626433.0298065874 5621658.333626103,3626413.458811403 5621612.377141399,3626405.4364743778 5621583.091856425);LINESTRING (10.789398105574252 50.71688436433522,10.789226360855071 50.71670213905273,10.78893365090478 50.71629347501103,10.788810092096137 50.71603209104033);LINESTRING (626320.6993762206 5619869.422550872,626309.066049945 5619848.868195892,626289.5024746687 5619802.930237496,626281.4830888312 5619773.656719763)
6298;Streckenachse;36,8 + 55;39,8 + 94;103680055;103980094;36,8;55;39,8;94;3039;;;Thüringen;Landkreis Schmalkalden-Meiningen;LINESTRING (3624043.956018665 5618338.629803096,3621721.065700413 5618072.099417825,3621323.5963259535 5618026.961944436,3621224.036357444 5618017.133450625,3621124.8818887076 5618004.187457802,3621075.522904222 5617996.143961885,3621028.986405639 5617985.622518717);LINESTRING (10.754300284328604 50.687388444984165,10.72135719391325 50.68548375044966,10.715720705654055 50.68516111214596,10.714309347253783 50.68509353150002,10.712902707098072 50.684997837497846,10.712201961901592 50.68493582720871,10.711540327841544 50.684850960852806);LINESTRING (623920.9178559089 5616530.511054874,621598.953067317 5616264.10716591,621201.6420632085 5616218.991148122,621102.1217767316 5616209.167438239,621003.0068011768 5616196.227471078,620953.6674625666 5616188.187613427,620907.1494611324 5616177.670774)
6298;Streckenachse;45,9 + 44;46,1 + 70;104590044;104610070;45,9;44;46,1;70;233;Neudietendorf - Ritschenhausen;Zellaer Tunnel;Thüringen;Landkreis Schmalkalden-Meiningen;LINESTRING (3618640.187158674 5613221.331013892,3618644.7170352475 5613216.941562771,3618665.1390282507 5613201.266067167,3618686.0550211286 5613186.688071193,3618707.0355140446 5613174.048074602,3618729.5835064817 5613162.142577724,3618749.443499868 5613153.21857998,3618775.8934911196 5613143.33708234,3618799.64248331 5613135.968083978,3618828.638473846 5613129.3245852245,3618841.6457047793 5613127.273578664);LINESTRING (10.676227839681063 50.64253261790424,10.676290447584888 50.64249225459922,10.676574016899403 50.64234724629941,10.67686491638222 50.64221199849805,10.677157345920591 50.642094150947685,10.677472159325307 50.64198258352294,10.677749942024304 50.641898353074026,10.67812053945684 50.64180417634374,10.67845377279573 50.641733124885135,10.678861381910897 50.6416675226092,10.679044527502773 50.641646443059535);LINESTRING (618519.2633590843 5611415.302924676,618523.7913885289 5611410.915187996,618544.2050895077 5611395.245778462,618565.1126024754 5611380.67342591,618586.0846063789 5611368.038298043,618608.623490004 5611356.137363016,618628.4754738909 5611347.216759256,618654.9148151358 5611337.338981422,618678.6542577925 5611329.972722455,618707.6386091983 5611323.331628181,618720.6406269551 5611321.281329069)
6311;Streckenachse;6,1 + 86;6,7 + 35;100610086;100670035;6,1;86;6,7;35;549;Eisenach - Lichtenfels;Förthaer Tunnel;Thüringen;Landkreis Wartburgkreis;LINESTRING (3589336.496249438 5647147.298179857,3589361.6953509324 5646934.7187452335,3589374.9933437207 5646835.563276098,3589384.964837547 5646736.072307174,3589388.3233349696 5646686.210322798,3589388.339833444 5646636.244338559,3589384.917866333 5646601.485268681);LINESTRING (10.270316614844848 50.95265070039885,10.270623006924788 50.950736398096325,10.27078788002431 50.94984325205558,10.27090534084101 50.94894760597113,10.270940891480167 50.94849898798304,10.270928872431906 50.94804995307423,10.27087166734847 50.94773811170701);LINESTRING (589227.5661810576 5645327.973042316,589252.7533968551 5645115.478268695,589266.0452292049 5645016.362275613,589276.0118878474 5644916.910945285,589279.3686163712 5644867.068840703,589279.384679368 5644817.122806476,589275.963780138 5644782.377644391)
6340;Streckenachse;199,3 + 45;200,3 + 28;119930045;120030028;199,3;45;200,3;28;983;Halle - Baunat. Guntershausen;Hönebach Tunnel;Hessen;Landkreis Hersfeld-Rotenburg;LINESTRING (3565888.379516611 5644862.414099168,3565834.6706906618 5644875.875089215,3565738.6377216075 5644903.91208317,3564941.0133359055 5645125.566678386);LINESTRING (9.936263521367424 50.93526861993994,9.935502003514737 50.93539572935564,9.93414109158662 50.93565865915802,9.922835121247873 50.93774109171308);LINESTRING (565788.791104956 5643044.20151058,565735.1038343313 5643057.657583257,565639.1094405444 5643085.684200532,564841.8053540512 5643307.25708577)
6340;Streckenachse;232,1 + 73;232,4 + 12;123210073;123240012;232,1;73;232,4;12;239;Halle - Baunat. Guntershausen;Beiseförther Tunnel;Hessen;Landkreis Schwalm-Eder-Kreis;LINESTRING (3539413.2012890014 5660407.82626231,3539386.9448953727 5660412.096483369,3539338.425910805 5660424.207980963,3539290.655426071 5660438.757477772,3539244.2884410154 5660457.371473277,3539188.5445165583 5660484.533629993);LINESTRING (9.561342282435808 51.07741200629362,9.56096810513565 51.07745218876414,9.560277122712213 51.077564374744725,9.559597081618477 51.077698419135956,9.55893750332922 51.077868896996364,9.558145047871825 51.078116844781086);LINESTRING (539324.3122147031 5658583.632803936,539298.0663359445 5658587.901542537,539249.5668173782 5658600.008616202,539201.8155205149 5658614.552709716,539155.4671975329 5658633.159667865,539099.7457496449 5658660.311454759)
6340;Streckenachse;250,3 + 63;250,7 + 97;125030063;125070097;250,3;63;250,7;97;434;Halle - Baunat. Guntershausen;Guxhagener Tunnel;Hessen;Landkreis Schwalm-Eder-Kreis;LINESTRING (3534523.12038216 5673872.716584558,3534184.1503311074 5674143.763166836);LINESTRING (9.492855356086666 51.19875414568547,9.48803174183303 51.201210731117946);LINESTRING (534436.2966415723 5672043.190821544,534097.464146299 5672314.132109168)
6343;Streckenachse;47,1 + 89;48,0 + 64;104710089;104800064;47,1;89;48;64;875;Halle (S) Hbf - Hann Münden;Blankenheimer Tunnel  km 47,189-48,064;Sachsen-Anhalt;Landkreis Mansfeld-Südharz;LINESTRING (3669423.224403179 5711151.347926338,3668800.266002324 5710536.3102295315);LINESTRING (11.439447596907948 51.50948446888675,11.430188642776345 51.50414770624444);LINESTRING (669282.8833371182 5709305.763937477,668660.1680990872 5708690.9774096)
6356;Streckenachse;17,9 + 86;18,0 + 70;101790086;101800070;17,9;86;18;70;84;;;Sachsen-Anhalt;Kreisfreie Stadt Halle (Saale);LINESTRING (3702921.2582423594 5709287.774008864,3702914.587129642 5709337.606329451,3702908.677921786 5709370.773692258);LINESTRING (11.920288193459198 51.481732778060056,11.92022088999633 51.48218248572176,11.920154973724157 51.48248232827562);LINESTRING (702767.5251739061 5707442.630346552,702760.8571799484 5707492.442827663,702754.95063451 5707525.596999137)
6377;Streckenachse;0,1 + 72;0,4 + 97;100010072;100040097;0,1;72;0,4;97;325;Leipzig Bayer Bf - M-Gaschwitz;City-Tunnel Leipzig;Sachsen;Kreisfreie Stadt Leipzig;LINESTRING (3735762.517090892 5693642.954860827,3735807.646418487 5693523.134479402,3735875.443037104 5693338.111464921);LINESTRING (12.381872471705757 51.32864099164483,12.382439608462837 51.32754719252423,12.38328823572455 51.325858959401835);LINESTRING (735595.5239065553 5691803.759167499,735640.6341041407 5691683.986238142,735708.4019380603 5691499.036515236)
6382;Richtungsgleis;8,8 + 2;9,1 + 50;100880002;100910050;8,8;2;9,1;50;348;Leipzig-Wahren - Leipzig Hbf;City-Tunnel Leipzig;Sachsen;Kreisfreie Stadt Leipzig;LINESTRING (3735855.146094816 5696004.369696195,3735838.8860150524 5695974.287188767,3735817.688520341 5695939.162701011,3735670.2160127205 5695709.685529116);LINESTRING (12.384761381603624 51.349790779494064,12.384508485528436 51.34952760071641,12.38418151010286 51.349221227964726,12.381916686114584 51.3472233135527);LINESTRING (735688.1376374504 5694164.229798414,735671.883776076 5694134.1594580505,735650.6944256633 5694099.049196975,735503.2787157323 5693869.665054234)
6382;Gegenrichtungsgleis;8,8 + 2;9,1 + 50;100880002;100910050;8,8;2;9,1;50;348;;;Sachsen;Kreisfreie Stadt Leipzig;LINESTRING (3735860.119957474 5696001.752564076,3735789.4325255896 5695850.996730635,3735768.535530575 5695811.12274439,3735752.6995345587 5695785.624253294,3735734.7600392285 5695760.323262229,3735719.6340432656 5695741.294269023,3735684.8372412757 5695700.307367462);LINESTRING (12.384830917258121 51.34976523499293,12.38371830202979 51.34844185740418,12.383392502766274 51.348092742086635,12.38314873338397 51.34787051500991,12.38287495831462 51.34765093097839,12.382645646305633 51.347486457127026,12.382119973067581 51.34713311037411);LINESTRING (735693.1094891431 5694161.613666015,735622.4489066027 5694010.918707373,735601.5598921566 5693971.0608423855,735585.7299873474 5693945.572683217,735567.7974253172 5693920.281964536,735552.6772964956 5693901.260712268,735517.8940173241 5693860.290504453)
6383;Streckenachse;113,6 + 57;113,7 + 74;111360057;111370074;113,6;57;113,7;74;117;Leipzig-Leutzsch - Probstzella;Harrasmühlentunnel;Thüringen;Landkreis Saale-Orla-Kreis;LINESTRING (3690688.3844970185 5623604.647631526,3690643.1422287514 5623594.094354134,3690593.686244497 5623586.905858231,3690573.2120491997 5623584.870417459);LINESTRING (11.69918353733168 50.716670954978845,11.698538199165673 50.71659101968054,11.697835002118149 50.71654267465621,11.697544372452873 50.71653110432008);LINESTRING (690538.7674948282 5621793.842389004,690493.543211175 5621783.293729422,690444.1069250682 5621776.108544051,690423.6408929017 5621774.074097967)
6396;Richtungsgleis;1,7 + 26;4,3 + 95;100170026;100430095;1,7;26;4,3;95;2669;;;Sachsen;Kreisfreie Stadt Leipzig;LINESTRING (3735697.8546957774 5693829.196470947,3735678.3949748236 5693862.529875763,3735656.915483123 5693894.457366423,3735633.3884920175 5693924.906857648,3735607.9150014683 5693953.748349474,3735574.688513576 5693986.325340442,3735419.6365694636 5694124.248302823,3735401.7330759885 5694141.841297943,3735384.331082415 5694160.853792581,3735362.798590507 5694187.632284906,3735343.279598016 5694215.911776654,3735325.878104902 5694245.541267876,3735310.687111129 5694276.362758616,3735300.7936153463 5694300.16225139,3735292.219119161 5694324.46824394,3735284.9896225617 5694349.20723629,3735278.9846256142 5694374.99822825,3735255.789139226 5694516.534683694,3735242.5026467964 5694592.37815986,3735203.772167883 5694790.857597656,3735199.2426707735 5694823.851087228,3735196.936673033 5694858.765076091,3735197.1786744758 5694893.754064816,3735199.966675095 5694928.632553466,3735204.4841749575 5694958.915043516,3735210.9211741877 5694988.848533598,3735217.947673027 5695014.135525148,3735227.8761710916 5695043.09901539,3735239.62916854 5695071.371005774,3735251.2561658365 5695095.23449758,3735264.8206625404 5695119.78448908,3735282.1741581634 5695147.524979389,3735301.117653229 5695174.205469968,3735324.630646928 5695203.282459576,3735342.778641961 5695223.31045233,3735419.030620888 5695302.812923386,3735443.1406143648 5695331.171913199,3735465.7946083616 5695360.706402697,3735484.010603641 5695386.901393462,3735501.1350993062 5695413.889884026,3735645.5945632244 5695652.644800816,3735673.4715561317 5695695.718785721,3735705.4950478827 5695742.866769138,3735756.517034542 5695813.427744178,3735965.837321789 5696086.796274718);LINESTRING (12.381069440620209 51.33033885226445,12.380812753381699 51.33064599852876,12.380526205225639 51.330941365484705,12.380209350998545 51.331224317598,12.379863551110473 51.33149364637966,12.379409168345271 51.33179969994881,12.377279397232956 51.333101383555814,12.377034570249785 51.33326664424985,12.376797861712133 51.333444433876444,12.376507113166713 51.33369361301712,12.376246192907104 51.3339554271249,12.376016491277653 51.334228478517396,12.375819236546771 51.334511311235055,12.3756932272665 51.334728947383255,12.375586444466538 51.33495058289567,12.375499212331762 51.33517554757735,12.375430213503423 51.335409445394816,12.37519134063065 51.336689001745754,12.37505105746962 51.33737501656056,12.37462719228208 51.33917192659213,12.374584073050789 51.339469840323815,12.374574073321721 51.339784067314234,12.374600624842056 51.3400979142771,12.374663577315403 51.340409717558735,12.374748274782002 51.34067956734522,12.374860241650437 51.340945492247904,12.374977588948685 51.341169481584444,12.375138937844039 51.34142525953058,12.375325970295814 51.341674078413064,12.375508290123163 51.34188339279166,12.375718821917513 51.3420980656553,12.375985744251874 51.342339799049256,12.376274748659585 51.342571363275546,12.376630803117257 51.34282254026987,12.376904024463391 51.34299474081954,12.378048963602227 51.34367655324109,12.378413115154515 51.343921035065286,12.378757187299932 51.34417666554798,12.379035473723105 51.34440416721916,12.379298649339713 51.34463923971946,12.381526194450114 51.34672170384304,12.381954093518859 51.34709664632403,12.382444104959218 51.34750642396824,12.383221826419073 51.34811840407881,12.386402015642402 51.35048446312608);LINESTRING (735530.8890553091 5691989.926970686,735511.4374145545 5692023.247238128,735489.9667969556 5692055.162171645,735466.4494842668 5692085.599715006,735440.9864349053 5692114.429919253,735407.773519643 5692146.994201656,735252.784782645 5692284.863491409,735234.8886028777 5692302.449622996,735217.4937357334 5692321.45468242,735195.9700916898 5692348.222675102,735176.4591565392 5692376.491049063,735159.0648873078 5692406.108863725,735143.8802453576 5692436.918181392,735133.9909206256 5692460.708257575,735125.4200732529 5692485.004619064,735118.1936921659 5692509.7337950105,735112.1913312606 5692535.514539051,735089.0064126743 5692676.994666003,735075.7259254436 5692752.807965997,735037.0127439226 5692951.2084704675,735032.4853597188 5692984.188821314,735030.1806043426 5693019.088883795,735030.4228310061 5693054.063892745,735033.2100387949 5693088.928422352,735037.7260126742 5693119.198773483,735044.1607159405 5693149.12024641,735051.1846405861 5693174.397071588,735061.1094390395 5693203.348900062,735072.8580016951 5693231.609488139,735084.480573975 5693255.463339923,735098.0398780192 5693280.003399334,735115.386696771 5693307.7326481445,735134.3228700692 5693334.402306054,735157.8267387039 5693363.46746359,735175.9676685408 5693383.4872885505,735252.1899190636 5693462.957298225,735276.2905424135 5693491.304737292,735298.9357587257 5693520.827219842,735317.1447184167 5693547.011578562,735334.2626218151 5693573.989130128,735478.6665766293 5693812.647339268,735506.532830126 5693855.703860355,735538.5439636 5693902.832714301,735589.5462182895 5693973.365031963,735798.7854061427 5694246.622430266)
6605;Streckenachse;5,3 + 12;5,5 + 10;100530012;100550010;5,3;12;5,5;10;198;Heidenau - Altenberg (Erzgeb);Köttewitzer Tunnel;Sachsen;Landkreis Sächsische Schweiz-Osterzgebirge;LINESTRING (3841830.816998368 5656340.521082219,3841826.912573488 5656302.696082472,3841824.691071831 5656252.750599179,3841827.404568536 5656202.8071156265,3841833.7480640505 5656153.143131782,3841835.864422461 5656143.409422901);LINESTRING (13.863502437705101 50.94082230796402,13.863411654687033 50.9404858373879,13.863333376190536 50.94003981288516,13.863325058262049 50.93959088539942,13.863368459763361 50.93914231281664,13.863389342485092 50.9390538797467);LINESTRING (841621.0818115899 5654515.246567569,841617.178590585 5654477.436731914,841614.9575052317 5654427.511244131,841617.6694447256 5654377.587708692,841624.009934013 5654327.943526916,841626.1253540756 5654318.213690824)
6605;Streckenachse;5,9 + 70;6,2 + 10;100590070;100620010;5,9;70;6,2;10;240;Heidenau - Altenberg (Erzgeb);Weesensteiner Tunnel;Sachsen;Landkreis Sächsische Schweiz-Osterzgebirge;LINESTRING (3841712.969488418 5655737.281774162,3841690.818590588 5655716.946784315,3841575.7766241385 5655620.217822589,3841531.5974812377 5655580.015147575);LINESTRING (13.861266987923067 50.93548908739127,13.860933974531482 50.935320058582874,13.85921280026521 50.934521733786006,13.8585489800625 50.93418777553563);LINESTRING (841503.2757284383 5653912.249624171,841481.1334967767 5653891.922975995,841366.1366225493 5653795.233785012,841321.9747673869 5653755.047605255)
6605;Streckenachse;18,0 + 8;18,3 + 0;101800008;101830000;18;8;18,3;0;292;Heidenau - Altenberg (Erzgeb);Pilztunnel;Sachsen;Landkreis Sächsische Schweiz-Osterzgebirge;LINESTRING (3837558.2123179315 5646537.868152328,3837532.589034183 5646503.973065158,3837497.3425442413 5646468.881078653,3837455.7995567317 5646441.007590082,3837409.664571148 5646421.676098901,3837360.967086845 5646411.479604821,3837310.914561961 5646408.534358358);LINESTRING (13.79388225848293 50.85552864919286,13.793488445010718 50.855239962136416,13.79295735220929 50.85494615903755,13.792343805001853 50.85472068178379,13.791673140606367 50.854574391707004,13.790974621830536 50.854511417838,13.790263599359466 50.85451418275254);LINESTRING (837350.0933777139 5644716.554332417,837324.4800225241 5644682.673042328,837289.2472984687 5644647.595422051,837247.7206628992 5644619.733471865,837201.6039460795 5644600.410145883,837152.9258412854 5644590.218187565,837102.893306034 5644587.274589479)
6605;Streckenachse;20,5 + 13;21,0 + 52;102050013;102100052;20,5;13;21;52;539;Heidenau - Altenberg (Erzgeb);Gleisbergtunnel;Sachsen;Landkreis Sächsische Schweiz-Osterzgebirge;LINESTRING (3836187.7822617237 5644956.824545391,3836084.184020725 5644427.877894584);LINESTRING (13.773038866144727 50.84216288331596,13.77108874810616 50.83748471866127);LINESTRING (835980.1965271005 5643136.15593502,835876.6347471842 5642607.421808366)
6605;Streckenachse;32,1 + 71;32,4 + 6;103210071;103240006;32,1;71;32,4;6;235;Heidenau - Altenberg (Erzgeb);Geising-Tunnel;Sachsen;Landkreis Sächsische Schweiz-Osterzgebirge;LINESTRING (3837868.378705335 5636231.718981621,3837889.4349353644 5636212.099972359,3837928.7639207924 5636180.134480996,3837961.1374083236 5636143.614491509,3837979.789899944 5636096.7420061715,3837976.134398846 5636046.765523012,3837974.1099740514 5636040.755989148);LINESTRING (13.788799703823804 50.763028861645275,13.789079112849958 50.76284087720353,13.7896052788559 50.762531670643824,13.79002902578794 50.762185708348596,13.790249487032035 50.76175498855351,13.79015203690774 50.761309436131626,13.790117935568956 50.761256781272365);LINESTRING (837660.0389123536 5634414.524342865,837681.086536707 5634394.912983568,837720.3994922584 5634362.959909339,837752.7596891334 5634326.4542238815,837771.4042808998 5634279.600311963,837767.749773216 5634229.643852792,837765.7261017631 5634223.6367416065)
6607;Streckenachse;2,5 + 2;2,9 + 2;100250002;100290002;2,5;2;2,9;2;400;;;Sachsen;Kreisfreie Stadt Dresden;LINESTRING (3834093.55289343 5676712.666898051,3834048.608634005 5676694.753745476,3833963.724160255 5676658.812761902,3833936.1421687095 5676645.590767747,3833912.4831758407 5676631.773273577,3833889.0366827752 5676615.36728025,3833861.454690748 5676592.26278936,3833836.625197701 5676566.907799064,3833804.915206278 5676528.271313523,3833774.4492427907 5676486.802139655);LINESTRING (13.772559833173215 51.1278383022523,13.771903469692996 51.12770401772758,13.77066188027394 51.12743149712026,13.770257018899054 51.12732911677348,13.769907452358739 51.12721911751266,13.769558518416739 51.12708580703582,13.769144523429283 51.126894900303974,13.768767632300825 51.126682231531284,13.768280522409098 51.12635459565075,13.76780850906229 51.12600085997078);LINESTRING (833887.1044635635 5674879.319181163,833842.1780035234 5674861.41361694,833757.327126771 5674825.487808453,833729.7560374443 5674812.271362355,833706.106372677 5674798.459617152,833682.6690981961 5674782.0604057405,833655.0979146363 5674758.965414244,833630.2781082245 5674733.620797067,833598.5804283624 5674695.0000602435,833568.1262521942 5674653.5477559)
6623;Streckenachse;1,8 + 5;1,8 + 99;100180005;100180099;1,8;5;1,8;99;94;Bärenstein - Annaberg-Buchholz;Tunnel;Sachsen;Landkreis Erzgebirgskreis;LINESTRING (3786372.0475287647 5605191.774389306,3786397.169180676 5605229.192160018,3786412.0560947224 5605275.759745539);LINESTRING (13.036917054725192 50.51236860016647,13.037299015968207 50.51269186366577,13.03754405948918 50.51310217543961);LINESTRING (786184.0159647316 5603387.470221474,786209.1279113587 5603424.872798752,786224.0092965212 5603471.421624819)
6623;Streckenachse;18,2 + 5;18,2 + 34;101820005;101820034;18,2;5;18,2;34;29;Bärenstein - Annaberg-Buchholz;Tunnel;Sachsen;Landkreis Erzgebirgskreis;LINESTRING (3783169.693590286 5611714.457804188,3783165.5085926875 5611742.944397993);LINESTRING (12.996830202425572 50.57241786160352,12.996792925936054 50.57267534519982);LINESTRING (782983.0021232103 5609907.574311691,782978.81905905 5609936.049551885)
6626;Streckenachse;16,4 + 7;16,6 + 40;101640007;101660040;16,4;7;16,6;40;233;Johanngeorgenst - Schwarzenbg;Schwarzenberger Tunnel;Sachsen;Landkreis Erzgebirgskreis;LINESTRING (3768847.521849154 5607187.930575606,3768877.7665566076 5607347.490185529,3768888.073055501 5607405.133166075,3768889.421817502 5607417.205924648);LINESTRING (12.791845843496425 50.53857470309568,12.792386501859744 50.539992046276126,12.792573106232162 50.54050436364479,12.792600790293806 50.54061203532325);LINESTRING (768666.516166274 5605382.987398125,768696.7502268596 5605542.482930336,768707.0531272851 5605600.102767608,768708.401459437 5605612.170686389)
6653;Streckenachse;34,2 + 81;34,3 + 60;103420081;103430060;34,2;81;34,3;60;79;Werdau West - Mehltheuer;Osterburg-Tunnel;Thüringen;Landkreis Greiz;LINESTRING (3715557.087605843 5630763.33579436,3715553.244917118 5630745.157116648,3715544.4540276076 5630685.361739597);LINESTRING (12.055015978492643 50.77225065827317,12.054950939644712 50.77208890469768,12.054791494136166 50.77155541771369);LINESTRING (715397.5966973589 5628949.448268906,715393.7553814305 5628931.2768906765,715384.9674693526 5628871.505489442)
6653;Streckenachse;35,8 + 67;35,9 + 38;103580067;103590038;35,8;67;35,9;38;71;Werdau West - Mehltheuer;Vipsburg-Tunnel;Thüringen;Landkreis Greiz;LINESTRING (3716145.2521158927 5629482.00495136,3716159.148171517 5629453.712013344,3716182.739851139 5629422.030392495);LINESTRING (12.062590049453712 50.76053036026032,12.062770112471807 50.760271222418034,12.063085399323148 50.759978058980934);LINESTRING (715985.5146815705 5627668.624243021,715999.4049304578 5627640.342487939,716022.9868982947 5627608.673317506)
6683;Streckenachse;59,0 + 11;59,2 + 32;105900011;105920032;59;11;59,2;32;221;Triptis - Marxgrün;Tunnel;Thüringen;Landkreis Saale-Orla-Kreis;LINESTRING (3690603.5213988572 5591199.62091016,3690615.0046172994 5591187.927380788,3690627.680112667 5591172.888385263,3690652.3971034233 5591137.269896042,3690663.891598943 5591115.276902823,3690673.8785948595 5591090.465910572,3690682.843591056 5591064.066918874,3690688.8860880486 5591033.062928777,3690691.7000864204 5591011.7939356165,3690692.113469147 5591003.248471853);LINESTRING (11.681398645359113 50.42571419943933,11.681554129602901 50.42560547039774,11.6817246747514 50.425466312765714,11.6820540374306 50.42513844944339,11.682204448080526 50.42493722813088,11.682332236361228 50.42471119025307,11.682444851370779 50.42447122366151,11.682514047043371 50.42419085250411,11.682542803380448 50.42399894727211,11.682544275400858 50.423922076117684);LINESTRING (690453.6526703129 5589401.767303542,690465.1311964802 5589390.078347465,690477.801493688 5589375.045251993,690502.5082929246 5589339.440783029,690513.9980013156 5589317.456479802,690523.9807879144 5589292.655317146,690532.9419693453 5589266.266798747,690538.9817792712 5589235.275148243,690541.7944663604 5589214.014631821,690542.2076089068 5589205.472580137)
6698;Streckenachse;3,1 + 1;3,2 + 19;100310001;100320019;3,1;1;3,2;19;118;Zella-Mehlis - Wernshausen;Mehliser Tunnel;Thüringen;Landkreis Schmalkalden-Meiningen;LINESTRING (3616295.0633874717 5615057.902713102,3616246.0598567794 5615060.421546168,3616196.2238725433 5615055.707049174,3616178.17946348 5615050.308691001);LINESTRING (10.643664422228518 50.659507891269286,10.642972478207216 50.65954029958633,10.642266496787785 50.65950787297129,10.642009720693952 50.65946296150466);LINESTRING (616175.0920851675 5613251.16116648,616126.1081492273 5613253.67941457,616076.2920300672 5613248.967229049,616058.2547819408 5613243.5711822845)
6698;Streckenachse;5,9 + 16;6,0 + 50;100590016;100600050;5,9;16;6;50;136;Zella-Mehlis - Wernshausen;Rote Wand-Tunnel;Thüringen;Landkreis Schmalkalden-Meiningen;LINESTRING (3613664.599259413 5614529.827764228,3613633.357174638 5614531.291793504,3613606.860183219 5614535.556292933,3613582.253191247 5614541.502291774,3613554.3232004363 5614550.790789646,3613534.9887202187 5614559.175482589);LINESTRING (10.606316565852788 50.65528154423923,10.6058753951461 50.65530079030172,10.60550215640898 50.655344274787076,10.605156148284333 50.6554024996513,10.60476419129322 50.65549140614913,10.604493457815215 50.65557051592159);LINESTRING (613545.6740806464 5612723.319746712,613514.4444870795 5612724.783459403,613487.9581156357 5612729.046482896,613463.3610031747 5612734.990317918,613435.442247831 5612744.275345377,613416.1155621235 5612752.656855132)
6698;Streckenachse;6,4 + 76;6,7 + 49;100640076;100670049;6,4;76;6,7;49;273;Zella-Mehlis - Wernshausen;Rote Bügel-Tunnel;Thüringen;Landkreis Schmalkalden-Meiningen;LINESTRING (3613229.252958365 5614852.833203989,3613088.3368625543 5615000.816659962,3613073.717367627 5615014.527656025,3613057.8803730616 5615027.324652414,3613034.3602995477 5615042.782878026);LINESTRING (10.600261449578701 50.658268763775936,10.598314575500288 50.65962588772046,10.598112087473352 50.65975192992302,10.597892107860572 50.65986999479266,10.597564324280421 50.66001346283957);LINESTRING (613110.5044372306 5613046.199903342,612969.645895871 5613194.125459095,612955.0323578927 5613207.831104,612939.2017987143 5613220.623124766,612915.6912521655 5613236.075377718)
6698;Streckenachse;16,5 + 93;16,6 + 79;101650093;101660079;16,5;93;16,6;79;86;Zella-Mehlis - Wernshausen;Hirschergtunnel;Thüringen;Landkreis Schmalkalden-Meiningen;LINESTRING (3607797.79837094 5618695.131718526,3607777.126665691 5618703.356138145,3607761.962170733 5618710.535136308,3607746.3921759445 5618719.068134056,3607722.1729344847 5618735.453665936);LINESTRING (10.524597237079316 50.69382623922943,10.524307180317118 50.693903972588096,10.524094731681734 50.693971291533806,10.523876940096455 50.69405085244464,10.52353906887268 50.69420257777967);LINESTRING (607681.2521582106 5616887.010317143,607660.5887795718 5616895.231629125,607645.4304027325 5616902.407889973,607629.8666996267 5616910.937613083,607605.657271617 5616927.316808118)
6702;Streckenachse;8,9 + 69;9,2 + 49;100890069;100920049;8,9;69;9,2;49;280;Fröttstädt - Friedrichroda;Friedrichrodaer Tunnel;Thüringen;Landkreis Gotha;LINESTRING (3610265.8414294696 5637527.336698976,3610523.722403973 5637418.433877272);LINESTRING (10.565155994404606 50.86258839848364,10.568784590999861 50.86156063561067);LINESTRING (610148.4715981317 5635711.672809216,610406.2486517652 5635602.811252952)
